<?xml version="1.0" encoding="UTF-8"?>
<gpx creator="Garmin Connect" version="1.1"
  xsi:schemaLocation="http://www.topografix.com/GPX/1/1 http://www.topografix.com/GPX/11.xsd"
  xmlns:ns3="http://www.garmin.com/xmlschemas/TrackPointExtension/v1"
  xmlns="http://www.topografix.com/GPX/1/1"
  xmlns:xsi="http://www.w3.org/2001/XMLSchema-instance" xmlns:ns2="http://www.garmin.com/xmlschemas/GpxExtensions/v3">
  <metadata>
    <link href="connect.garmin.com">
      <text>Garmin Connect</text>
    </link>
    <time>2025-08-18T11:43:57.000Z</time>
  </metadata>
  <trk>
    <name>Fréhel Marche à pied</name>
    <type>walking</type>
    <trkseg>
      <trkpt lat="48.65035730414092540740966796875" lon="-2.36710201017558574676513671875">
        <ele>57.799999237060546875</ele>
        <time>2025-08-18T11:43:57.000Z</time>
        <extensions>
          <ns3:TrackPointExtension>
            <ns3:atemp>30.0</ns3:atemp>
            <ns3:hr>81</ns3:hr>
          </ns3:TrackPointExtension>
        </extensions>
      </trkpt>
      <trkpt lat="48.65035730414092540740966796875" lon="-2.367102093994617462158203125">
        <ele>57.799999237060546875</ele>
        <time>2025-08-18T11:43:58.000Z</time>
        <extensions>
          <ns3:TrackPointExtension>
            <ns3:atemp>30.0</ns3:atemp>
            <ns3:hr>81</ns3:hr>
          </ns3:TrackPointExtension>
        </extensions>
      </trkpt>
      <trkpt lat="48.65036434493958950042724609375" lon="-2.3671901039779186248779296875">
        <ele>57.799999237060546875</ele>
        <time>2025-08-18T11:44:07.000Z</time>
        <extensions>
          <ns3:TrackPointExtension>
            <ns3:atemp>30.0</ns3:atemp>
            <ns3:hr>80</ns3:hr>
          </ns3:TrackPointExtension>
        </extensions>
      </trkpt>
      <trkpt lat="48.6503662727773189544677734375" lon="-2.36741951666772365570068359375">
        <ele>57.799999237060546875</ele>
        <time>2025-08-18T11:44:17.000Z</time>
        <extensions>
          <ns3:TrackPointExtension>
            <ns3:atemp>30.0</ns3:atemp>
            <ns3:hr>81</ns3:hr>
          </ns3:TrackPointExtension>
        </extensions>
      </trkpt>
      <trkpt lat="48.65036434493958950042724609375" lon="-2.3676145635545253753662109375">
        <ele>58</ele>
        <time>2025-08-18T11:44:29.000Z</time>
        <extensions>
          <ns3:TrackPointExtension>
            <ns3:atemp>30.0</ns3:atemp>
            <ns3:hr>83</ns3:hr>
          </ns3:TrackPointExtension>
        </extensions>
      </trkpt>
      <trkpt lat="48.6503699608147144317626953125" lon="-2.36772579140961170196533203125">
        <ele>57.799999237060546875</ele>
        <time>2025-08-18T11:44:36.000Z</time>
        <extensions>
          <ns3:TrackPointExtension>
            <ns3:atemp>30.0</ns3:atemp>
            <ns3:hr>86</ns3:hr>
          </ns3:TrackPointExtension>
        </extensions>
      </trkpt>
      <trkpt lat="48.65037423558533191680908203125" lon="-2.367745153605937957763671875">
        <ele>57.799999237060546875</ele>
        <time>2025-08-18T11:44:37.000Z</time>
        <extensions>
          <ns3:TrackPointExtension>
            <ns3:atemp>30.0</ns3:atemp>
            <ns3:hr>83</ns3:hr>
          </ns3:TrackPointExtension>
        </extensions>
      </trkpt>
      <trkpt lat="48.650380857288837432861328125" lon="-2.36776015721261501312255859375">
        <ele>58</ele>
        <time>2025-08-18T11:44:38.000Z</time>
        <extensions>
          <ns3:TrackPointExtension>
            <ns3:atemp>30.0</ns3:atemp>
            <ns3:hr>83</ns3:hr>
          </ns3:TrackPointExtension>
        </extensions>
      </trkpt>
      <trkpt lat="48.65039938129484653472900390625" lon="-2.367804832756519317626953125">
        <ele>58</ele>
        <time>2025-08-18T11:44:41.000Z</time>
        <extensions>
          <ns3:TrackPointExtension>
            <ns3:atemp>30.0</ns3:atemp>
            <ns3:hr>83</ns3:hr>
          </ns3:TrackPointExtension>
        </extensions>
      </trkpt>
      <trkpt lat="48.65042067132890224456787109375" lon="-2.367839030921459197998046875">
        <ele>58</ele>
        <time>2025-08-18T11:44:44.000Z</time>
        <extensions>
          <ns3:TrackPointExtension>
            <ns3:atemp>30.0</ns3:atemp>
            <ns3:hr>84</ns3:hr>
          </ns3:TrackPointExtension>
        </extensions>
      </trkpt>
      <trkpt lat="48.6504232697188854217529296875" lon="-2.3678381927311420440673828125">
        <ele>58</ele>
        <time>2025-08-18T11:44:45.000Z</time>
        <extensions>
          <ns3:TrackPointExtension>
            <ns3:atemp>30.0</ns3:atemp>
            <ns3:hr>85</ns3:hr>
          </ns3:TrackPointExtension>
        </extensions>
      </trkpt>
      <trkpt lat="48.65041731856763362884521484375" lon="-2.367821596562862396240234375">
        <ele>58</ele>
        <time>2025-08-18T11:44:49.000Z</time>
        <extensions>
          <ns3:TrackPointExtension>
            <ns3:atemp>30.0</ns3:atemp>
            <ns3:hr>81</ns3:hr>
          </ns3:TrackPointExtension>
        </extensions>
      </trkpt>
      <trkpt lat="48.65041430108249187469482421875" lon="-2.36781413666903972625732421875">
        <ele>57.799999237060546875</ele>
        <time>2025-08-18T11:44:50.000Z</time>
        <extensions>
          <ns3:TrackPointExtension>
            <ns3:atemp>30.0</ns3:atemp>
            <ns3:hr>84</ns3:hr>
          </ns3:TrackPointExtension>
        </extensions>
      </trkpt>
      <trkpt lat="48.65040558390319347381591796875" lon="-2.36779418773949146270751953125">
        <ele>57.799999237060546875</ele>
        <time>2025-08-18T11:44:52.000Z</time>
        <extensions>
          <ns3:TrackPointExtension>
            <ns3:atemp>30.0</ns3:atemp>
            <ns3:hr>84</ns3:hr>
          </ns3:TrackPointExtension>
        </extensions>
      </trkpt>
      <trkpt lat="48.65036937408149242401123046875" lon="-2.36771288327872753143310546875">
        <ele>57.799999237060546875</ele>
        <time>2025-08-18T11:45:00.000Z</time>
        <extensions>
          <ns3:TrackPointExtension>
            <ns3:atemp>30.0</ns3:atemp>
            <ns3:hr>83</ns3:hr>
          </ns3:TrackPointExtension>
        </extensions>
      </trkpt>
      <trkpt lat="48.65037071518599987030029296875" lon="-2.367711625993251800537109375">
        <ele>57.799999237060546875</ele>
        <time>2025-08-18T11:45:01.000Z</time>
        <extensions>
          <ns3:TrackPointExtension>
            <ns3:atemp>30.0</ns3:atemp>
            <ns3:hr>80</ns3:hr>
          </ns3:TrackPointExtension>
        </extensions>
      </trkpt>
      <trkpt lat="48.65037071518599987030029296875" lon="-2.367711625993251800537109375">
        <ele>58</ele>
        <time>2025-08-18T11:45:03.000Z</time>
        <extensions>
          <ns3:TrackPointExtension>
            <ns3:atemp>30.0</ns3:atemp>
            <ns3:hr>83</ns3:hr>
          </ns3:TrackPointExtension>
        </extensions>
      </trkpt>
      <trkpt lat="48.6503709666430950164794921875" lon="-2.367711625993251800537109375">
        <ele>58</ele>
        <time>2025-08-18T11:45:10.000Z</time>
        <extensions>
          <ns3:TrackPointExtension>
            <ns3:atemp>30.0</ns3:atemp>
            <ns3:hr>86</ns3:hr>
          </ns3:TrackPointExtension>
        </extensions>
      </trkpt>
      <trkpt lat="48.65037473849952220916748046875" lon="-2.36770751886069774627685546875">
        <ele>58</ele>
        <time>2025-08-18T11:45:19.000Z</time>
        <extensions>
          <ns3:TrackPointExtension>
            <ns3:atemp>30.0</ns3:atemp>
            <ns3:hr>89</ns3:hr>
          </ns3:TrackPointExtension>
        </extensions>
      </trkpt>
      <trkpt lat="48.65037440322339534759521484375" lon="-2.36770584248006343841552734375">
        <ele>57.799999237060546875</ele>
        <time>2025-08-18T11:45:33.000Z</time>
        <extensions>
          <ns3:TrackPointExtension>
            <ns3:atemp>30.0</ns3:atemp>
            <ns3:hr>86</ns3:hr>
          </ns3:TrackPointExtension>
        </extensions>
      </trkpt>
      <trkpt lat="48.650422431528568267822265625" lon="-2.36775127239525318145751953125">
        <ele>58</ele>
        <time>2025-08-18T11:45:40.000Z</time>
        <extensions>
          <ns3:TrackPointExtension>
            <ns3:atemp>30.0</ns3:atemp>
            <ns3:hr>84</ns3:hr>
          </ns3:TrackPointExtension>
        </extensions>
      </trkpt>
      <trkpt lat="48.65049652755260467529296875" lon="-2.36780122853815555572509765625">
        <ele>57.799999237060546875</ele>
        <time>2025-08-18T11:45:45.000Z</time>
        <extensions>
          <ns3:TrackPointExtension>
            <ns3:atemp>30.0</ns3:atemp>
            <ns3:hr>83</ns3:hr>
          </ns3:TrackPointExtension>
        </extensions>
      </trkpt>
      <trkpt lat="48.65056903101503849029541015625" lon="-2.36783844418823719024658203125">
        <ele>57.59999847412109375</ele>
        <time>2025-08-18T11:45:51.000Z</time>
        <extensions>
          <ns3:TrackPointExtension>
            <ns3:atemp>30.0</ns3:atemp>
            <ns3:hr>80</ns3:hr>
          </ns3:TrackPointExtension>
        </extensions>
      </trkpt>
      <trkpt lat="48.6505939252674579620361328125" lon="-2.3678522743284702301025390625">
        <ele>57.200000762939453125</ele>
        <time>2025-08-18T11:45:53.000Z</time>
        <extensions>
          <ns3:TrackPointExtension>
            <ns3:atemp>30.0</ns3:atemp>
            <ns3:hr>80</ns3:hr>
          </ns3:TrackPointExtension>
        </extensions>
      </trkpt>
      <trkpt lat="48.6507072485983371734619140625" lon="-2.36789099872112274169921875">
        <ele>57</ele>
        <time>2025-08-18T11:46:02.000Z</time>
        <extensions>
          <ns3:TrackPointExtension>
            <ns3:atemp>30.0</ns3:atemp>
            <ns3:hr>79</ns3:hr>
          </ns3:TrackPointExtension>
        </extensions>
      </trkpt>
      <trkpt lat="48.65075058303773403167724609375" lon="-2.36789208836853504180908203125">
        <ele>56.59999847412109375</ele>
        <time>2025-08-18T11:46:05.000Z</time>
        <extensions>
          <ns3:TrackPointExtension>
            <ns3:atemp>30.0</ns3:atemp>
            <ns3:hr>80</ns3:hr>
          </ns3:TrackPointExtension>
        </extensions>
      </trkpt>
      <trkpt lat="48.6508209072053432464599609375" lon="-2.3678894899785518646240234375">
        <ele>56.40000152587890625</ele>
        <time>2025-08-18T11:46:10.000Z</time>
        <extensions>
          <ns3:TrackPointExtension>
            <ns3:atemp>30.0</ns3:atemp>
            <ns3:hr>83</ns3:hr>
          </ns3:TrackPointExtension>
        </extensions>
      </trkpt>
      <trkpt lat="48.6508333124220371246337890625" lon="-2.3678938485682010650634765625">
        <ele>56.200000762939453125</ele>
        <time>2025-08-18T11:46:11.000Z</time>
        <extensions>
          <ns3:TrackPointExtension>
            <ns3:atemp>30.0</ns3:atemp>
            <ns3:hr>83</ns3:hr>
          </ns3:TrackPointExtension>
        </extensions>
      </trkpt>
      <trkpt lat="48.65087832324206829071044921875" lon="-2.3679116182029247283935546875">
        <ele>55.799999237060546875</ele>
        <time>2025-08-18T11:46:15.000Z</time>
        <extensions>
          <ns3:TrackPointExtension>
            <ns3:atemp>30.0</ns3:atemp>
            <ns3:hr>86</ns3:hr>
          </ns3:TrackPointExtension>
        </extensions>
      </trkpt>
      <trkpt lat="48.6509117670357227325439453125" lon="-2.36791002564132213592529296875">
        <ele>55.799999237060546875</ele>
        <time>2025-08-18T11:46:18.000Z</time>
        <extensions>
          <ns3:TrackPointExtension>
            <ns3:atemp>30.0</ns3:atemp>
            <ns3:hr>89</ns3:hr>
          </ns3:TrackPointExtension>
        </extensions>
      </trkpt>
      <trkpt lat="48.65092459134757518768310546875" lon="-2.3679109476506710052490234375">
        <ele>55.799999237060546875</ele>
        <time>2025-08-18T11:46:19.000Z</time>
        <extensions>
          <ns3:TrackPointExtension>
            <ns3:atemp>30.0</ns3:atemp>
            <ns3:hr>89</ns3:hr>
          </ns3:TrackPointExtension>
        </extensions>
      </trkpt>
      <trkpt lat="48.65095392800867557525634765625" lon="-2.36790667288005352020263671875">
        <ele>55.59999847412109375</ele>
        <time>2025-08-18T11:46:21.000Z</time>
        <extensions>
          <ns3:TrackPointExtension>
            <ns3:atemp>30.0</ns3:atemp>
            <ns3:hr>89</ns3:hr>
          </ns3:TrackPointExtension>
        </extensions>
      </trkpt>
      <trkpt lat="48.65104814060032367706298828125" lon="-2.3679099418222904205322265625">
        <ele>55.200000762939453125</ele>
        <time>2025-08-18T11:46:29.000Z</time>
        <extensions>
          <ns3:TrackPointExtension>
            <ns3:atemp>30.0</ns3:atemp>
            <ns3:hr>88</ns3:hr>
          </ns3:TrackPointExtension>
        </extensions>
      </trkpt>
      <trkpt lat="48.651100695133209228515625" lon="-2.36791706643998622894287109375">
        <ele>54.799999237060546875</ele>
        <time>2025-08-18T11:46:34.000Z</time>
        <extensions>
          <ns3:TrackPointExtension>
            <ns3:atemp>30.0</ns3:atemp>
            <ns3:hr>88</ns3:hr>
          </ns3:TrackPointExtension>
        </extensions>
      </trkpt>
      <trkpt lat="48.651111759245395660400390625" lon="-2.3679106123745441436767578125">
        <ele>54.59999847412109375</ele>
        <time>2025-08-18T11:46:35.000Z</time>
        <extensions>
          <ns3:TrackPointExtension>
            <ns3:atemp>30.0</ns3:atemp>
            <ns3:hr>88</ns3:hr>
          </ns3:TrackPointExtension>
        </extensions>
      </trkpt>
      <trkpt lat="48.6511702649295330047607421875" lon="-2.3679253645241260528564453125">
        <ele>54.40000152587890625</ele>
        <time>2025-08-18T11:46:40.000Z</time>
        <extensions>
          <ns3:TrackPointExtension>
            <ns3:atemp>30.0</ns3:atemp>
            <ns3:hr>87</ns3:hr>
          </ns3:TrackPointExtension>
        </extensions>
      </trkpt>
      <trkpt lat="48.65117839537560939788818359375" lon="-2.367940954864025115966796875">
        <ele>54.40000152587890625</ele>
        <time>2025-08-18T11:46:41.000Z</time>
        <extensions>
          <ns3:TrackPointExtension>
            <ns3:atemp>30.0</ns3:atemp>
            <ns3:hr>87</ns3:hr>
          </ns3:TrackPointExtension>
        </extensions>
      </trkpt>
      <trkpt lat="48.65120203234255313873291015625" lon="-2.36802401952445507049560546875">
        <ele>54</ele>
        <time>2025-08-18T11:46:46.000Z</time>
        <extensions>
          <ns3:TrackPointExtension>
            <ns3:atemp>30.0</ns3:atemp>
            <ns3:hr>86</ns3:hr>
          </ns3:TrackPointExtension>
        </extensions>
      </trkpt>
      <trkpt lat="48.65120354108512401580810546875" lon="-2.36803625710308551788330078125">
        <ele>53.799999237060546875</ele>
        <time>2025-08-18T11:46:47.000Z</time>
        <extensions>
          <ns3:TrackPointExtension>
            <ns3:atemp>30.0</ns3:atemp>
            <ns3:hr>86</ns3:hr>
          </ns3:TrackPointExtension>
        </extensions>
      </trkpt>
      <trkpt lat="48.6512024514377117156982421875" lon="-2.3681158013641834259033203125">
        <ele>53.59999847412109375</ele>
        <time>2025-08-18T11:46:51.000Z</time>
        <extensions>
          <ns3:TrackPointExtension>
            <ns3:atemp>30.0</ns3:atemp>
            <ns3:hr>86</ns3:hr>
          </ns3:TrackPointExtension>
        </extensions>
      </trkpt>
      <trkpt lat="48.651206977665424346923828125" lon="-2.3681312240660190582275390625">
        <ele>53.59999847412109375</ele>
        <time>2025-08-18T11:46:52.000Z</time>
        <extensions>
          <ns3:TrackPointExtension>
            <ns3:atemp>30.0</ns3:atemp>
            <ns3:hr>86</ns3:hr>
          </ns3:TrackPointExtension>
        </extensions>
      </trkpt>
      <trkpt lat="48.65121192298829555511474609375" lon="-2.368146479129791259765625">
        <ele>53.59999847412109375</ele>
        <time>2025-08-18T11:46:53.000Z</time>
        <extensions>
          <ns3:TrackPointExtension>
            <ns3:atemp>30.0</ns3:atemp>
            <ns3:hr>86</ns3:hr>
          </ns3:TrackPointExtension>
        </extensions>
      </trkpt>
      <trkpt lat="48.65122918970882892608642578125" lon="-2.36824530176818370819091796875">
        <ele>53.59999847412109375</ele>
        <time>2025-08-18T11:46:58.000Z</time>
        <extensions>
          <ns3:TrackPointExtension>
            <ns3:atemp>30.0</ns3:atemp>
            <ns3:hr>83</ns3:hr>
          </ns3:TrackPointExtension>
        </extensions>
      </trkpt>
      <trkpt lat="48.6512329615652561187744140625" lon="-2.36826382577419281005859375">
        <ele>53.59999847412109375</ele>
        <time>2025-08-18T11:46:59.000Z</time>
        <extensions>
          <ns3:TrackPointExtension>
            <ns3:atemp>30.0</ns3:atemp>
            <ns3:hr>87</ns3:hr>
          </ns3:TrackPointExtension>
        </extensions>
      </trkpt>
      <trkpt lat="48.6512379907071590423583984375" lon="-2.36834337003529071807861328125">
        <ele>53.59999847412109375</ele>
        <time>2025-08-18T11:47:03.000Z</time>
        <extensions>
          <ns3:TrackPointExtension>
            <ns3:atemp>30.0</ns3:atemp>
            <ns3:hr>87</ns3:hr>
          </ns3:TrackPointExtension>
        </extensions>
      </trkpt>
      <trkpt lat="48.651248551905155181884765625" lon="-2.3684899695217609405517578125">
        <ele>53.799999237060546875</ele>
        <time>2025-08-18T11:47:11.000Z</time>
        <extensions>
          <ns3:TrackPointExtension>
            <ns3:atemp>30.0</ns3:atemp>
            <ns3:hr>88</ns3:hr>
          </ns3:TrackPointExtension>
        </extensions>
      </trkpt>
      <trkpt lat="48.6512708477675914764404296875" lon="-2.3686696775257587432861328125">
        <ele>53.59999847412109375</ele>
        <time>2025-08-18T11:47:20.000Z</time>
        <extensions>
          <ns3:TrackPointExtension>
            <ns3:atemp>30.0</ns3:atemp>
            <ns3:hr>89</ns3:hr>
          </ns3:TrackPointExtension>
        </extensions>
      </trkpt>
      <trkpt lat="48.651335053145885467529296875" lon="-2.36881099641323089599609375">
        <ele>53</ele>
        <time>2025-08-18T11:47:28.000Z</time>
        <extensions>
          <ns3:TrackPointExtension>
            <ns3:atemp>30.0</ns3:atemp>
            <ns3:hr>88</ns3:hr>
          </ns3:TrackPointExtension>
        </extensions>
      </trkpt>
      <trkpt lat="48.65141174755990505218505859375" lon="-2.3689563386142253875732421875">
        <ele>52.59999847412109375</ele>
        <time>2025-08-18T11:47:37.000Z</time>
        <extensions>
          <ns3:TrackPointExtension>
            <ns3:atemp>30.0</ns3:atemp>
            <ns3:hr>87</ns3:hr>
          </ns3:TrackPointExtension>
        </extensions>
      </trkpt>
      <trkpt lat="48.651420883834362030029296875" lon="-2.36896924674510955810546875">
        <ele>52.40000152587890625</ele>
        <time>2025-08-18T11:47:38.000Z</time>
        <extensions>
          <ns3:TrackPointExtension>
            <ns3:atemp>30.0</ns3:atemp>
            <ns3:hr>87</ns3:hr>
          </ns3:TrackPointExtension>
        </extensions>
      </trkpt>
      <trkpt lat="48.65145231597125530242919921875" lon="-2.36904032528400421142578125">
        <ele>52</ele>
        <time>2025-08-18T11:47:42.000Z</time>
        <extensions>
          <ns3:TrackPointExtension>
            <ns3:atemp>30.0</ns3:atemp>
            <ns3:hr>86</ns3:hr>
          </ns3:TrackPointExtension>
        </extensions>
      </trkpt>
      <trkpt lat="48.65147880278527736663818359375" lon="-2.3690931312739849090576171875">
        <ele>51.59999847412109375</ele>
        <time>2025-08-18T11:47:46.000Z</time>
        <extensions>
          <ns3:TrackPointExtension>
            <ns3:atemp>30.0</ns3:atemp>
            <ns3:hr>85</ns3:hr>
          </ns3:TrackPointExtension>
        </extensions>
      </trkpt>
      <trkpt lat="48.651493303477764129638671875" lon="-2.36911986954510211944580078125">
        <ele>51.40000152587890625</ele>
        <time>2025-08-18T11:47:48.000Z</time>
        <extensions>
          <ns3:TrackPointExtension>
            <ns3:atemp>30.0</ns3:atemp>
            <ns3:hr>85</ns3:hr>
          </ns3:TrackPointExtension>
        </extensions>
      </trkpt>
      <trkpt lat="48.6515472829341888427734375" lon="-2.36927677877247333526611328125">
        <ele>50.59999847412109375</ele>
        <time>2025-08-18T11:47:57.000Z</time>
        <extensions>
          <ns3:TrackPointExtension>
            <ns3:atemp>30.0</ns3:atemp>
            <ns3:hr>84</ns3:hr>
          </ns3:TrackPointExtension>
        </extensions>
      </trkpt>
      <trkpt lat="48.65155859850347042083740234375" lon="-2.36931181512773036956787109375">
        <ele>50.40000152587890625</ele>
        <time>2025-08-18T11:47:59.000Z</time>
        <extensions>
          <ns3:TrackPointExtension>
            <ns3:atemp>30.0</ns3:atemp>
            <ns3:hr>84</ns3:hr>
          </ns3:TrackPointExtension>
        </extensions>
      </trkpt>
      <trkpt lat="48.6515890248119831085205078125" lon="-2.36941692419350147247314453125">
        <ele>49.59999847412109375</ele>
        <time>2025-08-18T11:48:05.000Z</time>
        <extensions>
          <ns3:TrackPointExtension>
            <ns3:atemp>30.0</ns3:atemp>
            <ns3:hr>87</ns3:hr>
          </ns3:TrackPointExtension>
        </extensions>
      </trkpt>
      <trkpt lat="48.65161257795989513397216796875" lon="-2.36949236132204532623291015625">
        <ele>49.40000152587890625</ele>
        <time>2025-08-18T11:48:09.000Z</time>
        <extensions>
          <ns3:TrackPointExtension>
            <ns3:atemp>30.0</ns3:atemp>
            <ns3:hr>85</ns3:hr>
          </ns3:TrackPointExtension>
        </extensions>
      </trkpt>
      <trkpt lat="48.65164317190647125244140625" lon="-2.36961473710834980010986328125">
        <ele>48.59999847412109375</ele>
        <time>2025-08-18T11:48:16.000Z</time>
        <extensions>
          <ns3:TrackPointExtension>
            <ns3:atemp>30.0</ns3:atemp>
            <ns3:hr>88</ns3:hr>
          </ns3:TrackPointExtension>
        </extensions>
      </trkpt>
      <trkpt lat="48.65165314637124538421630859375" lon="-2.36966301687061786651611328125">
        <ele>48.40000152587890625</ele>
        <time>2025-08-18T11:48:19.000Z</time>
        <extensions>
          <ns3:TrackPointExtension>
            <ns3:atemp>30.0</ns3:atemp>
            <ns3:hr>89</ns3:hr>
          </ns3:TrackPointExtension>
        </extensions>
      </trkpt>
      <trkpt lat="48.651656918227672576904296875" lon="-2.369675673544406890869140625">
        <ele>48.40000152587890625</ele>
        <time>2025-08-18T11:48:20.000Z</time>
        <extensions>
          <ns3:TrackPointExtension>
            <ns3:atemp>30.0</ns3:atemp>
            <ns3:hr>89</ns3:hr>
          </ns3:TrackPointExtension>
        </extensions>
      </trkpt>
      <trkpt lat="48.65168784745037555694580078125" lon="-2.36985244788229465484619140625">
        <ele>47.200000762939453125</ele>
        <time>2025-08-18T11:48:30.000Z</time>
        <extensions>
          <ns3:TrackPointExtension>
            <ns3:atemp>30.0</ns3:atemp>
            <ns3:hr>91</ns3:hr>
          </ns3:TrackPointExtension>
        </extensions>
      </trkpt>
      <trkpt lat="48.65170343779027462005615234375" lon="-2.36989804543554782867431640625">
        <ele>47</ele>
        <time>2025-08-18T11:48:33.000Z</time>
        <extensions>
          <ns3:TrackPointExtension>
            <ns3:atemp>30.0</ns3:atemp>
            <ns3:hr>91</ns3:hr>
          </ns3:TrackPointExtension>
        </extensions>
      </trkpt>
      <trkpt lat="48.65171492099761962890625" lon="-2.3699611611664295196533203125">
        <ele>46.59999847412109375</ele>
        <time>2025-08-18T11:48:37.000Z</time>
        <extensions>
          <ns3:TrackPointExtension>
            <ns3:atemp>30.0</ns3:atemp>
            <ns3:hr>89</ns3:hr>
          </ns3:TrackPointExtension>
        </extensions>
      </trkpt>
      <trkpt lat="48.65174517966806888580322265625" lon="-2.37006895244121551513671875">
        <ele>46</ele>
        <time>2025-08-18T11:48:44.000Z</time>
        <extensions>
          <ns3:TrackPointExtension>
            <ns3:atemp>30.0</ns3:atemp>
            <ns3:hr>89</ns3:hr>
          </ns3:TrackPointExtension>
        </extensions>
      </trkpt>
      <trkpt lat="48.65176579914987087249755859375" lon="-2.3701925016939640045166015625">
        <ele>45</ele>
        <time>2025-08-18T11:48:53.000Z</time>
        <extensions>
          <ns3:TrackPointExtension>
            <ns3:atemp>30.0</ns3:atemp>
            <ns3:hr>89</ns3:hr>
          </ns3:TrackPointExtension>
        </extensions>
      </trkpt>
      <trkpt lat="48.65177954547107219696044921875" lon="-2.37029065378010272979736328125">
        <ele>44.40000152587890625</ele>
        <time>2025-08-18T11:48:59.000Z</time>
        <extensions>
          <ns3:TrackPointExtension>
            <ns3:atemp>30.0</ns3:atemp>
            <ns3:hr>86</ns3:hr>
          </ns3:TrackPointExtension>
        </extensions>
      </trkpt>
      <trkpt lat="48.65178222768008708953857421875" lon="-2.370305322110652923583984375">
        <ele>44.40000152587890625</ele>
        <time>2025-08-18T11:49:00.000Z</time>
        <extensions>
          <ns3:TrackPointExtension>
            <ns3:atemp>30.0</ns3:atemp>
            <ns3:hr>88</ns3:hr>
          </ns3:TrackPointExtension>
        </extensions>
      </trkpt>
      <trkpt lat="48.65178524516522884368896484375" lon="-2.37033993937075138092041015625">
        <ele>44.200000762939453125</ele>
        <time>2025-08-18T11:49:02.000Z</time>
        <extensions>
          <ns3:TrackPointExtension>
            <ns3:atemp>30.0</ns3:atemp>
            <ns3:hr>87</ns3:hr>
          </ns3:TrackPointExtension>
        </extensions>
      </trkpt>
      <trkpt lat="48.6517985723912715911865234375" lon="-2.3704169690608978271484375">
        <ele>43.799999237060546875</ele>
        <time>2025-08-18T11:49:06.000Z</time>
        <extensions>
          <ns3:TrackPointExtension>
            <ns3:atemp>30.0</ns3:atemp>
            <ns3:hr>88</ns3:hr>
          </ns3:TrackPointExtension>
        </extensions>
      </trkpt>
      <trkpt lat="48.651807121932506561279296875" lon="-2.3704674281179904937744140625">
        <ele>43.40000152587890625</ele>
        <time>2025-08-18T11:49:09.000Z</time>
        <extensions>
          <ns3:TrackPointExtension>
            <ns3:atemp>30.0</ns3:atemp>
            <ns3:hr>87</ns3:hr>
          </ns3:TrackPointExtension>
        </extensions>
      </trkpt>
      <trkpt lat="48.651826567947864532470703125" lon="-2.37062928266823291778564453125">
        <ele>42.799999237060546875</ele>
        <time>2025-08-18T11:49:17.000Z</time>
        <extensions>
          <ns3:TrackPointExtension>
            <ns3:atemp>30.0</ns3:atemp>
            <ns3:hr>84</ns3:hr>
          </ns3:TrackPointExtension>
        </extensions>
      </trkpt>
      <trkpt lat="48.6518290825188159942626953125" lon="-2.370645292103290557861328125">
        <ele>42.799999237060546875</ele>
        <time>2025-08-18T11:49:18.000Z</time>
        <extensions>
          <ns3:TrackPointExtension>
            <ns3:atemp>30.0</ns3:atemp>
            <ns3:hr>85</ns3:hr>
          </ns3:TrackPointExtension>
        </extensions>
      </trkpt>
      <trkpt lat="48.65183654241263866424560546875" lon="-2.3707012832164764404296875">
        <ele>42.200000762939453125</ele>
        <time>2025-08-18T11:49:21.000Z</time>
        <extensions>
          <ns3:TrackPointExtension>
            <ns3:atemp>30.0</ns3:atemp>
            <ns3:hr>85</ns3:hr>
          </ns3:TrackPointExtension>
        </extensions>
      </trkpt>
      <trkpt lat="48.65185967646539211273193359375" lon="-2.3708067275583744049072265625">
        <ele>41</ele>
        <time>2025-08-18T11:49:27.000Z</time>
        <extensions>
          <ns3:TrackPointExtension>
            <ns3:atemp>30.0</ns3:atemp>
            <ns3:hr>84</ns3:hr>
          </ns3:TrackPointExtension>
        </extensions>
      </trkpt>
      <trkpt lat="48.65187375806272029876708984375" lon="-2.37087487243115901947021484375">
        <ele>40.200000762939453125</ele>
        <time>2025-08-18T11:49:31.000Z</time>
        <extensions>
          <ns3:TrackPointExtension>
            <ns3:atemp>30.0</ns3:atemp>
            <ns3:hr>83</ns3:hr>
          </ns3:TrackPointExtension>
        </extensions>
      </trkpt>
      <trkpt lat="48.65187593735754489898681640625" lon="-2.370914518833160400390625">
        <ele>39.799999237060546875</ele>
        <time>2025-08-18T11:49:33.000Z</time>
        <extensions>
          <ns3:TrackPointExtension>
            <ns3:atemp>30.0</ns3:atemp>
            <ns3:hr>85</ns3:hr>
          </ns3:TrackPointExtension>
        </extensions>
      </trkpt>
      <trkpt lat="48.65188566036522388458251953125" lon="-2.37104100175201892852783203125">
        <ele>38.799999237060546875</ele>
        <time>2025-08-18T11:49:39.000Z</time>
        <extensions>
          <ns3:TrackPointExtension>
            <ns3:atemp>30.0</ns3:atemp>
            <ns3:hr>86</ns3:hr>
          </ns3:TrackPointExtension>
        </extensions>
      </trkpt>
      <trkpt lat="48.65188918076455593109130859375" lon="-2.37105910666286945343017578125">
        <ele>38.59999847412109375</ele>
        <time>2025-08-18T11:49:40.000Z</time>
        <extensions>
          <ns3:TrackPointExtension>
            <ns3:atemp>30.0</ns3:atemp>
            <ns3:hr>87</ns3:hr>
          </ns3:TrackPointExtension>
        </extensions>
      </trkpt>
      <trkpt lat="48.651899993419647216796875" lon="-2.37113974057137966156005859375">
        <ele>37.59999847412109375</ele>
        <time>2025-08-18T11:49:44.000Z</time>
        <extensions>
          <ns3:TrackPointExtension>
            <ns3:atemp>30.0</ns3:atemp>
            <ns3:hr>90</ns3:hr>
          </ns3:TrackPointExtension>
        </extensions>
      </trkpt>
      <trkpt lat="48.65192371420562267303466796875" lon="-2.37126010470092296600341796875">
        <ele>36.59999847412109375</ele>
        <time>2025-08-18T11:49:50.000Z</time>
        <extensions>
          <ns3:TrackPointExtension>
            <ns3:atemp>30.0</ns3:atemp>
            <ns3:hr>93</ns3:hr>
          </ns3:TrackPointExtension>
        </extensions>
      </trkpt>
      <trkpt lat="48.651926815509796142578125" lon="-2.37128206528723239898681640625">
        <ele>36.200000762939453125</ele>
        <time>2025-08-18T11:49:51.000Z</time>
        <extensions>
          <ns3:TrackPointExtension>
            <ns3:atemp>30.0</ns3:atemp>
            <ns3:hr>93</ns3:hr>
          </ns3:TrackPointExtension>
        </extensions>
      </trkpt>
      <trkpt lat="48.65193377248942852020263671875" lon="-2.37137024290859699249267578125">
        <ele>35.40000152587890625</ele>
        <time>2025-08-18T11:49:55.000Z</time>
        <extensions>
          <ns3:TrackPointExtension>
            <ns3:atemp>30.0</ns3:atemp>
            <ns3:hr>94</ns3:hr>
          </ns3:TrackPointExtension>
        </extensions>
      </trkpt>
      <trkpt lat="48.651951961219310760498046875" lon="-2.37150250934064388275146484375">
        <ele>34.40000152587890625</ele>
        <time>2025-08-18T11:50:01.000Z</time>
        <extensions>
          <ns3:TrackPointExtension>
            <ns3:atemp>30.0</ns3:atemp>
            <ns3:hr>95</ns3:hr>
          </ns3:TrackPointExtension>
        </extensions>
      </trkpt>
      <trkpt lat="48.6519719101488590240478515625" lon="-2.37156000919640064239501953125">
        <ele>33.799999237060546875</ele>
        <time>2025-08-18T11:50:05.000Z</time>
        <extensions>
          <ns3:TrackPointExtension>
            <ns3:atemp>30.0</ns3:atemp>
            <ns3:hr>96</ns3:hr>
          </ns3:TrackPointExtension>
        </extensions>
      </trkpt>
      <trkpt lat="48.65197584964334964752197265625" lon="-2.371557913720607757568359375">
        <ele>33.40000152587890625</ele>
        <time>2025-08-18T11:50:07.000Z</time>
        <extensions>
          <ns3:TrackPointExtension>
            <ns3:atemp>30.0</ns3:atemp>
            <ns3:hr>96</ns3:hr>
          </ns3:TrackPointExtension>
        </extensions>
      </trkpt>
      <trkpt lat="48.65198037587106227874755859375" lon="-2.371559254825115203857421875">
        <ele>32.59999847412109375</ele>
        <time>2025-08-18T11:50:14.000Z</time>
        <extensions>
          <ns3:TrackPointExtension>
            <ns3:atemp>30.0</ns3:atemp>
            <ns3:hr>93</ns3:hr>
          </ns3:TrackPointExtension>
        </extensions>
      </trkpt>
      <trkpt lat="48.6519853211939334869384765625" lon="-2.37157627008855342864990234375">
        <ele>32.59999847412109375</ele>
        <time>2025-08-18T11:50:16.000Z</time>
        <extensions>
          <ns3:TrackPointExtension>
            <ns3:atemp>30.0</ns3:atemp>
            <ns3:hr>94</ns3:hr>
          </ns3:TrackPointExtension>
        </extensions>
      </trkpt>
      <trkpt lat="48.65200929343700408935546875" lon="-2.371628992259502410888671875">
        <ele>32.40000152587890625</ele>
        <time>2025-08-18T11:50:20.000Z</time>
        <extensions>
          <ns3:TrackPointExtension>
            <ns3:atemp>30.0</ns3:atemp>
            <ns3:hr>97</ns3:hr>
          </ns3:TrackPointExtension>
        </extensions>
      </trkpt>
      <trkpt lat="48.65202161483466625213623046875" lon="-2.37166277132928371429443359375">
        <ele>32.200000762939453125</ele>
        <time>2025-08-18T11:50:22.000Z</time>
        <extensions>
          <ns3:TrackPointExtension>
            <ns3:atemp>30.0</ns3:atemp>
            <ns3:hr>98</ns3:hr>
          </ns3:TrackPointExtension>
        </extensions>
      </trkpt>
      <trkpt lat="48.6520768515765666961669921875" lon="-2.37175346352159976959228515625">
        <ele>31.200000762939453125</ele>
        <time>2025-08-18T11:50:28.000Z</time>
        <extensions>
          <ns3:TrackPointExtension>
            <ns3:atemp>30.0</ns3:atemp>
            <ns3:hr>97</ns3:hr>
          </ns3:TrackPointExtension>
        </extensions>
      </trkpt>
      <trkpt lat="48.6521395482122898101806640625" lon="-2.37182739190757274627685546875">
        <ele>30.200000762939453125</ele>
        <time>2025-08-18T11:50:34.000Z</time>
        <extensions>
          <ns3:TrackPointExtension>
            <ns3:atemp>30.0</ns3:atemp>
            <ns3:hr>98</ns3:hr>
          </ns3:TrackPointExtension>
        </extensions>
      </trkpt>
      <trkpt lat="48.65215237252414226531982421875" lon="-2.37184164114296436309814453125">
        <ele>30.200000762939453125</ele>
        <time>2025-08-18T11:50:35.000Z</time>
        <extensions>
          <ns3:TrackPointExtension>
            <ns3:atemp>30.0</ns3:atemp>
            <ns3:hr>99</ns3:hr>
          </ns3:TrackPointExtension>
        </extensions>
      </trkpt>
      <trkpt lat="48.6521992273628711700439453125" lon="-2.37188137136399745941162109375">
        <ele>29.6000003814697265625</ele>
        <time>2025-08-18T11:50:39.000Z</time>
        <extensions>
          <ns3:TrackPointExtension>
            <ns3:atemp>30.0</ns3:atemp>
            <ns3:hr>98</ns3:hr>
          </ns3:TrackPointExtension>
        </extensions>
      </trkpt>
      <trkpt lat="48.6522203497588634490966796875" lon="-2.37190358340740203857421875">
        <ele>29</ele>
        <time>2025-08-18T11:50:41.000Z</time>
        <extensions>
          <ns3:TrackPointExtension>
            <ns3:atemp>30.0</ns3:atemp>
            <ns3:hr>98</ns3:hr>
          </ns3:TrackPointExtension>
        </extensions>
      </trkpt>
      <trkpt lat="48.65228346548974514007568359375" lon="-2.37197843380272388458251953125">
        <ele>28</ele>
        <time>2025-08-18T11:50:47.000Z</time>
        <extensions>
          <ns3:TrackPointExtension>
            <ns3:atemp>30.0</ns3:atemp>
            <ns3:hr>97</ns3:hr>
          </ns3:TrackPointExtension>
        </extensions>
      </trkpt>
      <trkpt lat="48.6522941105067729949951171875" lon="-2.37199167720973491668701171875">
        <ele>28</ele>
        <time>2025-08-18T11:50:48.000Z</time>
        <extensions>
          <ns3:TrackPointExtension>
            <ns3:atemp>30.0</ns3:atemp>
            <ns3:hr>97</ns3:hr>
          </ns3:TrackPointExtension>
        </extensions>
      </trkpt>
      <trkpt lat="48.65230500698089599609375" lon="-2.37200207076966762542724609375">
        <ele>27.799999237060546875</ele>
        <time>2025-08-18T11:50:49.000Z</time>
        <extensions>
          <ns3:TrackPointExtension>
            <ns3:atemp>30.0</ns3:atemp>
            <ns3:hr>96</ns3:hr>
          </ns3:TrackPointExtension>
        </extensions>
      </trkpt>
      <trkpt lat="48.6523658595979213714599609375" lon="-2.372051775455474853515625">
        <ele>27</ele>
        <time>2025-08-18T11:50:54.000Z</time>
        <extensions>
          <ns3:TrackPointExtension>
            <ns3:atemp>30.0</ns3:atemp>
            <ns3:hr>95</ns3:hr>
          </ns3:TrackPointExtension>
        </extensions>
      </trkpt>
      <trkpt lat="48.65240014158189296722412109375" lon="-2.37208136357367038726806640625">
        <ele>26.200000762939453125</ele>
        <time>2025-08-18T11:50:57.000Z</time>
        <extensions>
          <ns3:TrackPointExtension>
            <ns3:atemp>30.0</ns3:atemp>
            <ns3:hr>94</ns3:hr>
          </ns3:TrackPointExtension>
        </extensions>
      </trkpt>
      <trkpt lat="48.65243216045200824737548828125" lon="-2.3721223510801792144775390625">
        <ele>25.799999237060546875</ele>
        <time>2025-08-18T11:51:00.000Z</time>
        <extensions>
          <ns3:TrackPointExtension>
            <ns3:atemp>30.0</ns3:atemp>
            <ns3:hr>96</ns3:hr>
          </ns3:TrackPointExtension>
        </extensions>
      </trkpt>
      <trkpt lat="48.6524781771004199981689453125" lon="-2.37216669134795665740966796875">
        <ele>24.799999237060546875</ele>
        <time>2025-08-18T11:51:04.000Z</time>
        <extensions>
          <ns3:TrackPointExtension>
            <ns3:atemp>30.0</ns3:atemp>
            <ns3:hr>94</ns3:hr>
          </ns3:TrackPointExtension>
        </extensions>
      </trkpt>
      <trkpt lat="48.65250072441995143890380859375" lon="-2.37219535745680332183837890625">
        <ele>24.3999996185302734375</ele>
        <time>2025-08-18T11:51:06.000Z</time>
        <extensions>
          <ns3:TrackPointExtension>
            <ns3:atemp>30.0</ns3:atemp>
            <ns3:hr>93</ns3:hr>
          </ns3:TrackPointExtension>
        </extensions>
      </trkpt>
      <trkpt lat="48.6525405384600162506103515625" lon="-2.37223844043910503387451171875">
        <ele>23.799999237060546875</ele>
        <time>2025-08-18T11:51:09.000Z</time>
        <extensions>
          <ns3:TrackPointExtension>
            <ns3:atemp>30.0</ns3:atemp>
            <ns3:hr>93</ns3:hr>
          </ns3:TrackPointExtension>
        </extensions>
      </trkpt>
      <trkpt lat="48.6525960266590118408203125" lon="-2.37231186591088771820068359375">
        <ele>22.6000003814697265625</ele>
        <time>2025-08-18T11:51:14.000Z</time>
        <extensions>
          <ns3:TrackPointExtension>
            <ns3:atemp>30.0</ns3:atemp>
            <ns3:hr>93</ns3:hr>
          </ns3:TrackPointExtension>
        </extensions>
      </trkpt>
      <trkpt lat="48.65262108854949474334716796875" lon="-2.3723322339355945587158203125">
        <ele>22</ele>
        <time>2025-08-18T11:51:17.000Z</time>
        <extensions>
          <ns3:TrackPointExtension>
            <ns3:atemp>30.0</ns3:atemp>
            <ns3:hr>95</ns3:hr>
          </ns3:TrackPointExtension>
        </extensions>
      </trkpt>
      <trkpt lat="48.65263533778488636016845703125" lon="-2.37235553562641143798828125">
        <ele>21.6000003814697265625</ele>
        <time>2025-08-18T11:51:19.000Z</time>
        <extensions>
          <ns3:TrackPointExtension>
            <ns3:atemp>30.0</ns3:atemp>
            <ns3:hr>97</ns3:hr>
          </ns3:TrackPointExtension>
        </extensions>
      </trkpt>
      <trkpt lat="48.65264640189707279205322265625" lon="-2.37237431108951568603515625">
        <ele>21.200000762939453125</ele>
        <time>2025-08-18T11:51:21.000Z</time>
        <extensions>
          <ns3:TrackPointExtension>
            <ns3:atemp>30.0</ns3:atemp>
            <ns3:hr>97</ns3:hr>
          </ns3:TrackPointExtension>
        </extensions>
      </trkpt>
      <trkpt lat="48.652669452130794525146484375" lon="-2.3723945952951908111572265625">
        <ele>20.6000003814697265625</ele>
        <time>2025-08-18T11:51:26.000Z</time>
        <extensions>
          <ns3:TrackPointExtension>
            <ns3:atemp>30.0</ns3:atemp>
            <ns3:hr>97</ns3:hr>
          </ns3:TrackPointExtension>
        </extensions>
      </trkpt>
      <trkpt lat="48.65267959423363208770751953125" lon="-2.37241714261472225189208984375">
        <ele>20.6000003814697265625</ele>
        <time>2025-08-18T11:51:28.000Z</time>
        <extensions>
          <ns3:TrackPointExtension>
            <ns3:atemp>30.0</ns3:atemp>
            <ns3:hr>97</ns3:hr>
          </ns3:TrackPointExtension>
        </extensions>
      </trkpt>
      <trkpt lat="48.65268629975616931915283203125" lon="-2.37243189476430416107177734375">
        <ele>20.200000762939453125</ele>
        <time>2025-08-18T11:51:35.000Z</time>
        <extensions>
          <ns3:TrackPointExtension>
            <ns3:atemp>30.0</ns3:atemp>
            <ns3:hr>96</ns3:hr>
          </ns3:TrackPointExtension>
        </extensions>
      </trkpt>
      <trkpt lat="48.65269099362194538116455078125" lon="-2.37242803908884525299072265625">
        <ele>19.799999237060546875</ele>
        <time>2025-08-18T11:51:51.000Z</time>
        <extensions>
          <ns3:TrackPointExtension>
            <ns3:atemp>30.0</ns3:atemp>
            <ns3:hr>93</ns3:hr>
          </ns3:TrackPointExtension>
        </extensions>
      </trkpt>
      <trkpt lat="48.652713708579540252685546875" lon="-2.372465170919895172119140625">
        <ele>19.6000003814697265625</ele>
        <time>2025-08-18T11:51:53.000Z</time>
        <extensions>
          <ns3:TrackPointExtension>
            <ns3:atemp>30.0</ns3:atemp>
            <ns3:hr>92</ns3:hr>
          </ns3:TrackPointExtension>
        </extensions>
      </trkpt>
      <trkpt lat="48.6527903191745281219482421875" lon="-2.37255209125578403472900390625">
        <ele>18.6000003814697265625</ele>
        <time>2025-08-18T11:51:59.000Z</time>
        <extensions>
          <ns3:TrackPointExtension>
            <ns3:atemp>30.0</ns3:atemp>
            <ns3:hr>90</ns3:hr>
          </ns3:TrackPointExtension>
        </extensions>
      </trkpt>
      <trkpt lat="48.65280146710574626922607421875" lon="-2.3725675977766513824462890625">
        <ele>18.3999996185302734375</ele>
        <time>2025-08-18T11:52:00.000Z</time>
        <extensions>
          <ns3:TrackPointExtension>
            <ns3:atemp>30.0</ns3:atemp>
            <ns3:hr>90</ns3:hr>
          </ns3:TrackPointExtension>
        </extensions>
      </trkpt>
      <trkpt lat="48.65282929502427577972412109375" lon="-2.3726584576070308685302734375">
        <ele>17.3999996185302734375</ele>
        <time>2025-08-18T11:52:07.000Z</time>
        <extensions>
          <ns3:TrackPointExtension>
            <ns3:atemp>30.0</ns3:atemp>
            <ns3:hr>89</ns3:hr>
          </ns3:TrackPointExtension>
        </extensions>
      </trkpt>
      <trkpt lat="48.65282929502427577972412109375" lon="-2.3726581223309040069580078125">
        <ele>17.200000762939453125</ele>
        <time>2025-08-18T11:52:08.000Z</time>
        <extensions>
          <ns3:TrackPointExtension>
            <ns3:atemp>30.0</ns3:atemp>
            <ns3:hr>89</ns3:hr>
          </ns3:TrackPointExtension>
        </extensions>
      </trkpt>
      <trkpt lat="48.65283063612878322601318359375" lon="-2.3726520873606204986572265625">
        <ele>17</ele>
        <time>2025-08-18T11:52:11.000Z</time>
        <extensions>
          <ns3:TrackPointExtension>
            <ns3:atemp>30.0</ns3:atemp>
            <ns3:hr>89</ns3:hr>
          </ns3:TrackPointExtension>
        </extensions>
      </trkpt>
      <trkpt lat="48.65283549763262271881103515625" lon="-2.37267178483307361602783203125">
        <ele>17</ele>
        <time>2025-08-18T11:52:18.000Z</time>
        <extensions>
          <ns3:TrackPointExtension>
            <ns3:atemp>30.0</ns3:atemp>
            <ns3:hr>87</ns3:hr>
          </ns3:TrackPointExtension>
        </extensions>
      </trkpt>
      <trkpt lat="48.65283063612878322601318359375" lon="-2.37265887670218944549560546875">
        <ele>17</ele>
        <time>2025-08-18T11:52:25.000Z</time>
        <extensions>
          <ns3:TrackPointExtension>
            <ns3:atemp>30.0</ns3:atemp>
            <ns3:hr>85</ns3:hr>
          </ns3:TrackPointExtension>
        </extensions>
      </trkpt>
      <trkpt lat="48.65283901803195476531982421875" lon="-2.37273381091654300689697265625">
        <ele>16.6000003814697265625</ele>
        <time>2025-08-18T11:52:30.000Z</time>
        <extensions>
          <ns3:TrackPointExtension>
            <ns3:atemp>30.0</ns3:atemp>
            <ns3:hr>86</ns3:hr>
          </ns3:TrackPointExtension>
        </extensions>
      </trkpt>
      <trkpt lat="48.65285284817218780517578125" lon="-2.37288971431553363800048828125">
        <ele>16.3999996185302734375</ele>
        <time>2025-08-18T11:52:39.000Z</time>
        <extensions>
          <ns3:TrackPointExtension>
            <ns3:atemp>30.0</ns3:atemp>
            <ns3:hr>86</ns3:hr>
          </ns3:TrackPointExtension>
        </extensions>
      </trkpt>
      <trkpt lat="48.65279425866901874542236328125" lon="-2.37295308150351047515869140625">
        <ele>16</ele>
        <time>2025-08-18T11:52:45.000Z</time>
        <extensions>
          <ns3:TrackPointExtension>
            <ns3:atemp>30.0</ns3:atemp>
            <ns3:hr>88</ns3:hr>
          </ns3:TrackPointExtension>
        </extensions>
      </trkpt>
      <trkpt lat="48.65273508243262767791748046875" lon="-2.37304712645709514617919921875">
        <ele>15.6000003814697265625</ele>
        <time>2025-08-18T11:52:51.000Z</time>
        <extensions>
          <ns3:TrackPointExtension>
            <ns3:atemp>30.0</ns3:atemp>
            <ns3:hr>91</ns3:hr>
          </ns3:TrackPointExtension>
        </extensions>
      </trkpt>
      <trkpt lat="48.6527031473815441131591796875" lon="-2.37310613505542278289794921875">
        <ele>15.3999996185302734375</ele>
        <time>2025-08-18T11:52:55.000Z</time>
        <extensions>
          <ns3:TrackPointExtension>
            <ns3:atemp>30.0</ns3:atemp>
            <ns3:hr>93</ns3:hr>
          </ns3:TrackPointExtension>
        </extensions>
      </trkpt>
      <trkpt lat="48.6526702903211116790771484375" lon="-2.3731627129018306732177734375">
        <ele>15</ele>
        <time>2025-08-18T11:52:59.000Z</time>
        <extensions>
          <ns3:TrackPointExtension>
            <ns3:atemp>30.0</ns3:atemp>
            <ns3:hr>95</ns3:hr>
          </ns3:TrackPointExtension>
        </extensions>
      </trkpt>
      <trkpt lat="48.652624189853668212890625" lon="-2.37324628047645092010498046875">
        <ele>14.6000003814697265625</ele>
        <time>2025-08-18T11:53:05.000Z</time>
        <extensions>
          <ns3:TrackPointExtension>
            <ns3:atemp>30.0</ns3:atemp>
            <ns3:hr>97</ns3:hr>
          </ns3:TrackPointExtension>
        </extensions>
      </trkpt>
      <trkpt lat="48.65250105969607830047607421875" lon="-2.3734014295041561126708984375">
        <ele>14.6000003814697265625</ele>
        <time>2025-08-18T11:53:17.000Z</time>
        <extensions>
          <ns3:TrackPointExtension>
            <ns3:atemp>30.0</ns3:atemp>
            <ns3:hr>97</ns3:hr>
          </ns3:TrackPointExtension>
        </extensions>
      </trkpt>
      <trkpt lat="48.65239393897354602813720703125" lon="-2.3735149204730987548828125">
        <ele>15.19999980926513671875</ele>
        <time>2025-08-18T11:53:27.000Z</time>
        <extensions>
          <ns3:TrackPointExtension>
            <ns3:atemp>30.0</ns3:atemp>
            <ns3:hr>96</ns3:hr>
          </ns3:TrackPointExtension>
        </extensions>
      </trkpt>
      <trkpt lat="48.6523444019258022308349609375" lon="-2.373559176921844482421875">
        <ele>15.3999996185302734375</ele>
        <time>2025-08-18T11:53:31.000Z</time>
        <extensions>
          <ns3:TrackPointExtension>
            <ns3:atemp>30.0</ns3:atemp>
            <ns3:hr>99</ns3:hr>
          </ns3:TrackPointExtension>
        </extensions>
      </trkpt>
      <trkpt lat="48.6523331701755523681640625" lon="-2.3735658824443817138671875">
        <ele>15.3999996185302734375</ele>
        <time>2025-08-18T11:53:32.000Z</time>
        <extensions>
          <ns3:TrackPointExtension>
            <ns3:atemp>30.0</ns3:atemp>
            <ns3:hr>103</ns3:hr>
          </ns3:TrackPointExtension>
        </extensions>
      </trkpt>
      <trkpt lat="48.65226988680660724639892578125" lon="-2.37360678613185882568359375">
        <ele>15.80000019073486328125</ele>
        <time>2025-08-18T11:53:37.000Z</time>
        <extensions>
          <ns3:TrackPointExtension>
            <ns3:atemp>30.0</ns3:atemp>
            <ns3:hr>106</ns3:hr>
          </ns3:TrackPointExtension>
        </extensions>
      </trkpt>
      <trkpt lat="48.65221858955919742584228515625" lon="-2.37363000400364398956298828125">
        <ele>16</ele>
        <time>2025-08-18T11:53:41.000Z</time>
        <extensions>
          <ns3:TrackPointExtension>
            <ns3:atemp>30.0</ns3:atemp>
            <ns3:hr>109</ns3:hr>
          </ns3:TrackPointExtension>
        </extensions>
      </trkpt>
      <trkpt lat="48.6522062681615352630615234375" lon="-2.37363687716424465179443359375">
        <ele>16</ele>
        <time>2025-08-18T11:53:42.000Z</time>
        <extensions>
          <ns3:TrackPointExtension>
            <ns3:atemp>30.0</ns3:atemp>
            <ns3:hr>110</ns3:hr>
          </ns3:TrackPointExtension>
        </extensions>
      </trkpt>
      <trkpt lat="48.6521821282804012298583984375" lon="-2.37364794127643108367919921875">
        <ele>16.3999996185302734375</ele>
        <time>2025-08-18T11:53:44.000Z</time>
        <extensions>
          <ns3:TrackPointExtension>
            <ns3:atemp>30.0</ns3:atemp>
            <ns3:hr>113</ns3:hr>
          </ns3:TrackPointExtension>
        </extensions>
      </trkpt>
      <trkpt lat="48.652124293148517608642578125" lon="-2.373667471110820770263671875">
        <ele>16.799999237060546875</ele>
        <time>2025-08-18T11:53:49.000Z</time>
        <extensions>
          <ns3:TrackPointExtension>
            <ns3:atemp>30.0</ns3:atemp>
            <ns3:hr>116</ns3:hr>
          </ns3:TrackPointExtension>
        </extensions>
      </trkpt>
      <trkpt lat="48.6521036736667156219482421875" lon="-2.3736716620624065399169921875">
        <ele>17</ele>
        <time>2025-08-18T11:53:51.000Z</time>
        <extensions>
          <ns3:TrackPointExtension>
            <ns3:atemp>30.0</ns3:atemp>
            <ns3:hr>117</ns3:hr>
          </ns3:TrackPointExtension>
        </extensions>
      </trkpt>
      <trkpt lat="48.65207903087139129638671875" lon="-2.37367375753819942474365234375">
        <ele>17.200000762939453125</ele>
        <time>2025-08-18T11:53:53.000Z</time>
        <extensions>
          <ns3:TrackPointExtension>
            <ns3:atemp>30.0</ns3:atemp>
            <ns3:hr>118</ns3:hr>
          </ns3:TrackPointExtension>
        </extensions>
      </trkpt>
      <trkpt lat="48.65199009887874126434326171875" lon="-2.37368884496390819549560546875">
        <ele>18</ele>
        <time>2025-08-18T11:54:01.000Z</time>
        <extensions>
          <ns3:TrackPointExtension>
            <ns3:atemp>30.0</ns3:atemp>
            <ns3:hr>119</ns3:hr>
          </ns3:TrackPointExtension>
        </extensions>
      </trkpt>
      <trkpt lat="48.65197082050144672393798828125" lon="-2.3736857436597347259521484375">
        <ele>18.200000762939453125</ele>
        <time>2025-08-18T11:54:03.000Z</time>
        <extensions>
          <ns3:TrackPointExtension>
            <ns3:atemp>30.0</ns3:atemp>
            <ns3:hr>120</ns3:hr>
          </ns3:TrackPointExtension>
        </extensions>
      </trkpt>
      <trkpt lat="48.65187912248075008392333984375" lon="-2.3736797086894512176513671875">
        <ele>19</ele>
        <time>2025-08-18T11:54:11.000Z</time>
        <extensions>
          <ns3:TrackPointExtension>
            <ns3:atemp>30.0</ns3:atemp>
            <ns3:hr>122</ns3:hr>
          </ns3:TrackPointExtension>
        </extensions>
      </trkpt>
      <trkpt lat="48.6518691480159759521484375" lon="-2.3736797086894512176513671875">
        <ele>19.200000762939453125</ele>
        <time>2025-08-18T11:54:12.000Z</time>
        <extensions>
          <ns3:TrackPointExtension>
            <ns3:atemp>30.0</ns3:atemp>
            <ns3:hr>122</ns3:hr>
          </ns3:TrackPointExtension>
        </extensions>
      </trkpt>
      <trkpt lat="48.65179471671581268310546875" lon="-2.3736602626740932464599609375">
        <ele>20.200000762939453125</ele>
        <time>2025-08-18T11:54:19.000Z</time>
        <extensions>
          <ns3:TrackPointExtension>
            <ns3:atemp>30.0</ns3:atemp>
            <ns3:hr>125</ns3:hr>
          </ns3:TrackPointExtension>
        </extensions>
      </trkpt>
      <trkpt lat="48.65178088657557964324951171875" lon="-2.37365774810314178466796875">
        <ele>20.200000762939453125</ele>
        <time>2025-08-18T11:54:20.000Z</time>
        <extensions>
          <ns3:TrackPointExtension>
            <ns3:atemp>30.0</ns3:atemp>
            <ns3:hr>125</ns3:hr>
          </ns3:TrackPointExtension>
        </extensions>
      </trkpt>
      <trkpt lat="48.6517563275992870330810546875" lon="-2.3736502043902873992919921875">
        <ele>20.3999996185302734375</ele>
        <time>2025-08-18T11:54:22.000Z</time>
        <extensions>
          <ns3:TrackPointExtension>
            <ns3:atemp>30.0</ns3:atemp>
            <ns3:hr>127</ns3:hr>
          </ns3:TrackPointExtension>
        </extensions>
      </trkpt>
      <trkpt lat="48.6517117358744144439697265625" lon="-2.3736374638974666595458984375">
        <ele>21</ele>
        <time>2025-08-18T11:54:26.000Z</time>
        <extensions>
          <ns3:TrackPointExtension>
            <ns3:atemp>30.0</ns3:atemp>
            <ns3:hr>130</ns3:hr>
          </ns3:TrackPointExtension>
        </extensions>
      </trkpt>
      <trkpt lat="48.65170419216156005859375" lon="-2.37363620661199092864990234375">
        <ele>21.200000762939453125</ele>
        <time>2025-08-18T11:54:27.000Z</time>
        <extensions>
          <ns3:TrackPointExtension>
            <ns3:atemp>30.0</ns3:atemp>
            <ns3:hr>130</ns3:hr>
          </ns3:TrackPointExtension>
        </extensions>
      </trkpt>
      <trkpt lat="48.651674687862396240234375" lon="-2.3736247234046459197998046875">
        <ele>21.6000003814697265625</ele>
        <time>2025-08-18T11:54:30.000Z</time>
        <extensions>
          <ns3:TrackPointExtension>
            <ns3:atemp>30.0</ns3:atemp>
            <ns3:hr>131</ns3:hr>
          </ns3:TrackPointExtension>
        </extensions>
      </trkpt>
      <trkpt lat="48.65160805173218250274658203125" lon="-2.37359580583870410919189453125">
        <ele>22.3999996185302734375</ele>
        <time>2025-08-18T11:54:36.000Z</time>
        <extensions>
          <ns3:TrackPointExtension>
            <ns3:atemp>30.0</ns3:atemp>
            <ns3:hr>131</ns3:hr>
          </ns3:TrackPointExtension>
        </extensions>
      </trkpt>
      <trkpt lat="48.6515930481255054473876953125" lon="-2.37359614111483097076416015625">
        <ele>22.3999996185302734375</ele>
        <time>2025-08-18T11:54:37.000Z</time>
        <extensions>
          <ns3:TrackPointExtension>
            <ns3:atemp>30.0</ns3:atemp>
            <ns3:hr>131</ns3:hr>
          </ns3:TrackPointExtension>
        </extensions>
      </trkpt>
      <trkpt lat="48.65156731568276882171630859375" lon="-2.37359513528645038604736328125">
        <ele>22.799999237060546875</ele>
        <time>2025-08-18T11:54:39.000Z</time>
        <extensions>
          <ns3:TrackPointExtension>
            <ns3:atemp>30.0</ns3:atemp>
            <ns3:hr>131</ns3:hr>
          </ns3:TrackPointExtension>
        </extensions>
      </trkpt>
      <trkpt lat="48.6515085585415363311767578125" lon="-2.37354065291583538055419921875">
        <ele>23.3999996185302734375</ele>
        <time>2025-08-18T11:54:45.000Z</time>
        <extensions>
          <ns3:TrackPointExtension>
            <ns3:atemp>30.0</ns3:atemp>
            <ns3:hr>132</ns3:hr>
          </ns3:TrackPointExtension>
        </extensions>
      </trkpt>
      <trkpt lat="48.6515005119144916534423828125" lon="-2.37354065291583538055419921875">
        <ele>23.3999996185302734375</ele>
        <time>2025-08-18T11:54:46.000Z</time>
        <extensions>
          <ns3:TrackPointExtension>
            <ns3:atemp>30.0</ns3:atemp>
            <ns3:hr>132</ns3:hr>
          </ns3:TrackPointExtension>
        </extensions>
      </trkpt>
      <trkpt lat="48.6514917947351932525634765625" lon="-2.3735496215522289276123046875">
        <ele>23.3999996185302734375</ele>
        <time>2025-08-18T11:54:47.000Z</time>
        <extensions>
          <ns3:TrackPointExtension>
            <ns3:atemp>30.0</ns3:atemp>
            <ns3:hr>132</ns3:hr>
          </ns3:TrackPointExtension>
        </extensions>
      </trkpt>
      <trkpt lat="48.65148215554654598236083984375" lon="-2.37356898374855518341064453125">
        <ele>23.799999237060546875</ele>
        <time>2025-08-18T11:54:49.000Z</time>
        <extensions>
          <ns3:TrackPointExtension>
            <ns3:atemp>30.0</ns3:atemp>
            <ns3:hr>133</ns3:hr>
          </ns3:TrackPointExtension>
        </extensions>
      </trkpt>
      <trkpt lat="48.65147897042334079742431640625" lon="-2.37359027378261089324951171875">
        <ele>24.200000762939453125</ele>
        <time>2025-08-18T11:54:51.000Z</time>
        <extensions>
          <ns3:TrackPointExtension>
            <ns3:atemp>30.0</ns3:atemp>
            <ns3:hr>134</ns3:hr>
          </ns3:TrackPointExtension>
        </extensions>
      </trkpt>
      <trkpt lat="48.651482574641704559326171875" lon="-2.37360904924571514129638671875">
        <ele>24.6000003814697265625</ele>
        <time>2025-08-18T11:54:53.000Z</time>
        <extensions>
          <ns3:TrackPointExtension>
            <ns3:atemp>30.0</ns3:atemp>
            <ns3:hr>135</ns3:hr>
          </ns3:TrackPointExtension>
        </extensions>
      </trkpt>
      <trkpt lat="48.65150026045739650726318359375" lon="-2.37364442087709903717041015625">
        <ele>25.200000762939453125</ele>
        <time>2025-08-18T11:54:57.000Z</time>
        <extensions>
          <ns3:TrackPointExtension>
            <ns3:atemp>30.0</ns3:atemp>
            <ns3:hr>137</ns3:hr>
          </ns3:TrackPointExtension>
        </extensions>
      </trkpt>
      <trkpt lat="48.6515082232654094696044921875" lon="-2.3737186007201671600341796875">
        <ele>25.200000762939453125</ele>
        <time>2025-08-18T11:55:03.000Z</time>
        <extensions>
          <ns3:TrackPointExtension>
            <ns3:atemp>30.0</ns3:atemp>
            <ns3:hr>140</ns3:hr>
          </ns3:TrackPointExtension>
        </extensions>
      </trkpt>
      <trkpt lat="48.6515058763325214385986328125" lon="-2.37372572533786296844482421875">
        <ele>25.200000762939453125</ele>
        <time>2025-08-18T11:55:04.000Z</time>
        <extensions>
          <ns3:TrackPointExtension>
            <ns3:atemp>30.0</ns3:atemp>
            <ns3:hr>141</ns3:hr>
          </ns3:TrackPointExtension>
        </extensions>
      </trkpt>
      <trkpt lat="48.651485927402973175048828125" lon="-2.373766712844371795654296875">
        <ele>25.3999996185302734375</ele>
        <time>2025-08-18T11:55:11.000Z</time>
        <extensions>
          <ns3:TrackPointExtension>
            <ns3:atemp>30.0</ns3:atemp>
            <ns3:hr>140</ns3:hr>
          </ns3:TrackPointExtension>
        </extensions>
      </trkpt>
      <trkpt lat="48.65150143392384052276611328125" lon="-2.37375942058861255645751953125">
        <ele>25.200000762939453125</ele>
        <time>2025-08-18T11:55:16.000Z</time>
        <extensions>
          <ns3:TrackPointExtension>
            <ns3:atemp>30.0</ns3:atemp>
            <ns3:hr>137</ns3:hr>
          </ns3:TrackPointExtension>
        </extensions>
      </trkpt>
      <trkpt lat="48.65150143392384052276611328125" lon="-2.37376042641699314117431640625">
        <ele>25.3999996185302734375</ele>
        <time>2025-08-18T11:55:18.000Z</time>
        <extensions>
          <ns3:TrackPointExtension>
            <ns3:atemp>30.0</ns3:atemp>
            <ns3:hr>135</ns3:hr>
          </ns3:TrackPointExtension>
        </extensions>
      </trkpt>
      <trkpt lat="48.65149657242000102996826171875" lon="-2.37383049912750720977783203125">
        <ele>25</ele>
        <time>2025-08-18T11:55:24.000Z</time>
        <extensions>
          <ns3:TrackPointExtension>
            <ns3:atemp>30.0</ns3:atemp>
            <ns3:hr>135</ns3:hr>
          </ns3:TrackPointExtension>
        </extensions>
      </trkpt>
      <trkpt lat="48.6515008471906185150146484375" lon="-2.37388665787875652313232421875">
        <ele>25.200000762939453125</ele>
        <time>2025-08-18T11:55:29.000Z</time>
        <extensions>
          <ns3:TrackPointExtension>
            <ns3:atemp>30.0</ns3:atemp>
            <ns3:hr>134</ns3:hr>
          </ns3:TrackPointExtension>
        </extensions>
      </trkpt>
      <trkpt lat="48.65151735953986644744873046875" lon="-2.37390610389411449432373046875">
        <ele>25.6000003814697265625</ele>
        <time>2025-08-18T11:55:35.000Z</time>
        <extensions>
          <ns3:TrackPointExtension>
            <ns3:atemp>30.0</ns3:atemp>
            <ns3:hr>136</ns3:hr>
          </ns3:TrackPointExtension>
        </extensions>
      </trkpt>
      <trkpt lat="48.65151970647275447845458984375" lon="-2.37390945665538311004638671875">
        <ele>25.3999996185302734375</ele>
        <time>2025-08-18T11:55:36.000Z</time>
        <extensions>
          <ns3:TrackPointExtension>
            <ns3:atemp>30.0</ns3:atemp>
            <ns3:hr>133</ns3:hr>
          </ns3:TrackPointExtension>
        </extensions>
      </trkpt>
      <trkpt lat="48.65153378807008266448974609375" lon="-2.37393711693584918975830078125">
        <ele>24.799999237060546875</ele>
        <time>2025-08-18T11:55:40.000Z</time>
        <extensions>
          <ns3:TrackPointExtension>
            <ns3:atemp>30.0</ns3:atemp>
            <ns3:hr>132</ns3:hr>
          </ns3:TrackPointExtension>
        </extensions>
      </trkpt>
      <trkpt lat="48.6515380628407001495361328125" lon="-2.3739911802113056182861328125">
        <ele>24.200000762939453125</ele>
        <time>2025-08-18T11:55:43.000Z</time>
        <extensions>
          <ns3:TrackPointExtension>
            <ns3:atemp>30.0</ns3:atemp>
            <ns3:hr>129</ns3:hr>
          </ns3:TrackPointExtension>
        </extensions>
      </trkpt>
      <trkpt lat="48.6515338718891143798828125" lon="-2.3740411363542079925537109375">
        <ele>23.799999237060546875</ele>
        <time>2025-08-18T11:55:46.000Z</time>
        <extensions>
          <ns3:TrackPointExtension>
            <ns3:atemp>30.0</ns3:atemp>
            <ns3:hr>128</ns3:hr>
          </ns3:TrackPointExtension>
        </extensions>
      </trkpt>
      <trkpt lat="48.65151635371148586273193359375" lon="-2.37410173751413822174072265625">
        <ele>23.6000003814697265625</ele>
        <time>2025-08-18T11:55:50.000Z</time>
        <extensions>
          <ns3:TrackPointExtension>
            <ns3:atemp>30.0</ns3:atemp>
            <ns3:hr>125</ns3:hr>
          </ns3:TrackPointExtension>
        </extensions>
      </trkpt>
      <trkpt lat="48.6515233106911182403564453125" lon="-2.3741323314607143402099609375">
        <ele>23.799999237060546875</ele>
        <time>2025-08-18T11:55:52.000Z</time>
        <extensions>
          <ns3:TrackPointExtension>
            <ns3:atemp>30.0</ns3:atemp>
            <ns3:hr>122</ns3:hr>
          </ns3:TrackPointExtension>
        </extensions>
      </trkpt>
      <trkpt lat="48.65153043530881404876708984375" lon="-2.374142892658710479736328125">
        <ele>23.799999237060546875</ele>
        <time>2025-08-18T11:55:53.000Z</time>
        <extensions>
          <ns3:TrackPointExtension>
            <ns3:atemp>30.0</ns3:atemp>
            <ns3:hr>121</ns3:hr>
          </ns3:TrackPointExtension>
        </extensions>
      </trkpt>
      <trkpt lat="48.6515236459672451019287109375" lon="-2.37418949604034423828125">
        <ele>24.3999996185302734375</ele>
        <time>2025-08-18T11:55:59.000Z</time>
        <extensions>
          <ns3:TrackPointExtension>
            <ns3:atemp>30.0</ns3:atemp>
            <ns3:hr>120</ns3:hr>
          </ns3:TrackPointExtension>
        </extensions>
      </trkpt>
      <trkpt lat="48.6514882743358612060546875" lon="-2.374242134392261505126953125">
        <ele>24.6000003814697265625</ele>
        <time>2025-08-18T11:56:03.000Z</time>
        <extensions>
          <ns3:TrackPointExtension>
            <ns3:atemp>30.0</ns3:atemp>
            <ns3:hr>121</ns3:hr>
          </ns3:TrackPointExtension>
        </extensions>
      </trkpt>
      <trkpt lat="48.65144913084805011749267578125" lon="-2.374297119677066802978515625">
        <ele>25.6000003814697265625</ele>
        <time>2025-08-18T11:56:08.000Z</time>
        <extensions>
          <ns3:TrackPointExtension>
            <ns3:atemp>30.0</ns3:atemp>
            <ns3:hr>120</ns3:hr>
          </ns3:TrackPointExtension>
        </extensions>
      </trkpt>
      <trkpt lat="48.65142566151916980743408203125" lon="-2.37432234920561313629150390625">
        <ele>26.6000003814697265625</ele>
        <time>2025-08-18T11:56:11.000Z</time>
        <extensions>
          <ns3:TrackPointExtension>
            <ns3:atemp>30.0</ns3:atemp>
            <ns3:hr>120</ns3:hr>
          </ns3:TrackPointExtension>
        </extensions>
      </trkpt>
      <trkpt lat="48.65141786634922027587890625" lon="-2.3743284679949283599853515625">
        <ele>27</ele>
        <time>2025-08-18T11:56:13.000Z</time>
        <extensions>
          <ns3:TrackPointExtension>
            <ns3:atemp>30.0</ns3:atemp>
            <ns3:hr>122</ns3:hr>
          </ns3:TrackPointExtension>
        </extensions>
      </trkpt>
      <trkpt lat="48.65138257853686809539794921875" lon="-2.374352104961872100830078125">
        <ele>28</ele>
        <time>2025-08-18T11:56:18.000Z</time>
        <extensions>
          <ns3:TrackPointExtension>
            <ns3:atemp>30.0</ns3:atemp>
            <ns3:hr>123</ns3:hr>
          </ns3:TrackPointExtension>
        </extensions>
      </trkpt>
      <trkpt lat="48.65138341672718524932861328125" lon="-2.374374568462371826171875">
        <ele>29</ele>
        <time>2025-08-18T11:56:22.000Z</time>
        <extensions>
          <ns3:TrackPointExtension>
            <ns3:atemp>30.0</ns3:atemp>
            <ns3:hr>126</ns3:hr>
          </ns3:TrackPointExtension>
        </extensions>
      </trkpt>
      <trkpt lat="48.6513774655759334564208984375" lon="-2.374370880424976348876953125">
        <ele>29</ele>
        <time>2025-08-18T11:56:24.000Z</time>
        <extensions>
          <ns3:TrackPointExtension>
            <ns3:atemp>30.0</ns3:atemp>
            <ns3:hr>128</ns3:hr>
          </ns3:TrackPointExtension>
        </extensions>
      </trkpt>
      <trkpt lat="48.65137469954788684844970703125" lon="-2.3743727244436740875244140625">
        <ele>29.799999237060546875</ele>
        <time>2025-08-18T11:56:27.000Z</time>
        <extensions>
          <ns3:TrackPointExtension>
            <ns3:atemp>30.0</ns3:atemp>
            <ns3:hr>131</ns3:hr>
          </ns3:TrackPointExtension>
        </extensions>
      </trkpt>
      <trkpt lat="48.65135625936090946197509765625" lon="-2.374399043619632720947265625">
        <ele>30.200000762939453125</ele>
        <time>2025-08-18T11:56:29.000Z</time>
        <extensions>
          <ns3:TrackPointExtension>
            <ns3:atemp>30.0</ns3:atemp>
            <ns3:hr>132</ns3:hr>
          </ns3:TrackPointExtension>
        </extensions>
      </trkpt>
      <trkpt lat="48.65131300874054431915283203125" lon="-2.37445629201829433441162109375">
        <ele>30.6000003814697265625</ele>
        <time>2025-08-18T11:56:32.000Z</time>
        <extensions>
          <ns3:TrackPointExtension>
            <ns3:atemp>30.0</ns3:atemp>
            <ns3:hr>134</ns3:hr>
          </ns3:TrackPointExtension>
        </extensions>
      </trkpt>
      <trkpt lat="48.65130026824772357940673828125" lon="-2.37447691150009632110595703125">
        <ele>30.799999237060546875</ele>
        <time>2025-08-18T11:56:34.000Z</time>
        <extensions>
          <ns3:TrackPointExtension>
            <ns3:atemp>30.0</ns3:atemp>
            <ns3:hr>137</ns3:hr>
          </ns3:TrackPointExtension>
        </extensions>
      </trkpt>
      <trkpt lat="48.6512736976146697998046875" lon="-2.37449451349675655364990234375">
        <ele>31</ele>
        <time>2025-08-18T11:56:36.000Z</time>
        <extensions>
          <ns3:TrackPointExtension>
            <ns3:atemp>30.0</ns3:atemp>
            <ns3:hr>140</ns3:hr>
          </ns3:TrackPointExtension>
        </extensions>
      </trkpt>
      <trkpt lat="48.65125802345573902130126953125" lon="-2.37450339831411838531494140625">
        <ele>31.200000762939453125</ele>
        <time>2025-08-18T11:56:37.000Z</time>
        <extensions>
          <ns3:TrackPointExtension>
            <ns3:atemp>30.0</ns3:atemp>
            <ns3:hr>141</ns3:hr>
          </ns3:TrackPointExtension>
        </extensions>
      </trkpt>
      <trkpt lat="48.65122969262301921844482421875" lon="-2.374543212354183197021484375">
        <ele>31.6000003814697265625</ele>
        <time>2025-08-18T11:56:40.000Z</time>
        <extensions>
          <ns3:TrackPointExtension>
            <ns3:atemp>30.0</ns3:atemp>
            <ns3:hr>144</ns3:hr>
          </ns3:TrackPointExtension>
        </extensions>
      </trkpt>
      <trkpt lat="48.65121946670114994049072265625" lon="-2.37455268390476703643798828125">
        <ele>32</ele>
        <time>2025-08-18T11:56:42.000Z</time>
        <extensions>
          <ns3:TrackPointExtension>
            <ns3:atemp>30.0</ns3:atemp>
            <ns3:hr>145</ns3:hr>
          </ns3:TrackPointExtension>
        </extensions>
      </trkpt>
      <trkpt lat="48.65120521746575832366943359375" lon="-2.37456190399825572967529296875">
        <ele>32.200000762939453125</ele>
        <time>2025-08-18T11:56:43.000Z</time>
        <extensions>
          <ns3:TrackPointExtension>
            <ns3:atemp>30.0</ns3:atemp>
            <ns3:hr>146</ns3:hr>
          </ns3:TrackPointExtension>
        </extensions>
      </trkpt>
      <trkpt lat="48.65116029046475887298583984375" lon="-2.3745638318359851837158203125">
        <ele>33</ele>
        <time>2025-08-18T11:56:48.000Z</time>
        <extensions>
          <ns3:TrackPointExtension>
            <ns3:atemp>29.0</ns3:atemp>
            <ns3:hr>146</ns3:hr>
          </ns3:TrackPointExtension>
        </extensions>
      </trkpt>
      <trkpt lat="48.6511595360934734344482421875" lon="-2.37453944049775600433349609375">
        <ele>33.40000152587890625</ele>
        <time>2025-08-18T11:56:50.000Z</time>
        <extensions>
          <ns3:TrackPointExtension>
            <ns3:atemp>29.0</ns3:atemp>
            <ns3:hr>146</ns3:hr>
          </ns3:TrackPointExtension>
        </extensions>
      </trkpt>
      <trkpt lat="48.65113397128880023956298828125" lon="-2.3745041526854038238525390625">
        <ele>34.40000152587890625</ele>
        <time>2025-08-18T11:56:54.000Z</time>
        <extensions>
          <ns3:TrackPointExtension>
            <ns3:atemp>29.0</ns3:atemp>
            <ns3:hr>146</ns3:hr>
          </ns3:TrackPointExtension>
        </extensions>
      </trkpt>
      <trkpt lat="48.6511213146150112152099609375" lon="-2.3745068348944187164306640625">
        <ele>34.799999237060546875</ele>
        <time>2025-08-18T11:56:55.000Z</time>
        <extensions>
          <ns3:TrackPointExtension>
            <ns3:atemp>29.0</ns3:atemp>
            <ns3:hr>146</ns3:hr>
          </ns3:TrackPointExtension>
        </extensions>
      </trkpt>
      <trkpt lat="48.65104948170483112335205078125" lon="-2.37456928007304668426513671875">
        <ele>35.40000152587890625</ele>
        <time>2025-08-18T11:57:00.000Z</time>
        <extensions>
          <ns3:TrackPointExtension>
            <ns3:atemp>29.0</ns3:atemp>
            <ns3:hr>149</ns3:hr>
          </ns3:TrackPointExtension>
        </extensions>
      </trkpt>
      <trkpt lat="48.6510435305535793304443359375" lon="-2.3745819367468357086181640625">
        <ele>35.59999847412109375</ele>
        <time>2025-08-18T11:57:01.000Z</time>
        <extensions>
          <ns3:TrackPointExtension>
            <ns3:atemp>29.0</ns3:atemp>
            <ns3:hr>150</ns3:hr>
          </ns3:TrackPointExtension>
        </extensions>
      </trkpt>
      <trkpt lat="48.65100690163671970367431640625" lon="-2.37468126229941844940185546875">
        <ele>36.59999847412109375</ele>
        <time>2025-08-18T11:57:09.000Z</time>
        <extensions>
          <ns3:TrackPointExtension>
            <ns3:atemp>29.0</ns3:atemp>
            <ns3:hr>151</ns3:hr>
          </ns3:TrackPointExtension>
        </extensions>
      </trkpt>
      <trkpt lat="48.651015199720859527587890625" lon="-2.3747318051755428314208984375">
        <ele>37</ele>
        <time>2025-08-18T11:57:15.000Z</time>
        <extensions>
          <ns3:TrackPointExtension>
            <ns3:atemp>29.0</ns3:atemp>
            <ns3:hr>150</ns3:hr>
          </ns3:TrackPointExtension>
        </extensions>
      </trkpt>
      <trkpt lat="48.65102894604206085205078125" lon="-2.3747314698994159698486328125">
        <ele>37</ele>
        <time>2025-08-18T11:57:17.000Z</time>
        <extensions>
          <ns3:TrackPointExtension>
            <ns3:atemp>29.0</ns3:atemp>
            <ns3:hr>149</ns3:hr>
          </ns3:TrackPointExtension>
        </extensions>
      </trkpt>
      <trkpt lat="48.65103355608880519866943359375" lon="-2.37477212212979793548583984375">
        <ele>36.59999847412109375</ele>
        <time>2025-08-18T11:57:20.000Z</time>
        <extensions>
          <ns3:TrackPointExtension>
            <ns3:atemp>29.0</ns3:atemp>
            <ns3:hr>147</ns3:hr>
          </ns3:TrackPointExtension>
        </extensions>
      </trkpt>
      <trkpt lat="48.65101176314055919647216796875" lon="-2.37483716569840908050537109375">
        <ele>37</ele>
        <time>2025-08-18T11:57:27.000Z</time>
        <extensions>
          <ns3:TrackPointExtension>
            <ns3:atemp>29.0</ns3:atemp>
            <ns3:hr>145</ns3:hr>
          </ns3:TrackPointExtension>
        </extensions>
      </trkpt>
      <trkpt lat="48.6509841866791248321533203125" lon="-2.37488242797553539276123046875">
        <ele>37.40000152587890625</ele>
        <time>2025-08-18T11:57:31.000Z</time>
        <extensions>
          <ns3:TrackPointExtension>
            <ns3:atemp>29.0</ns3:atemp>
            <ns3:hr>142</ns3:hr>
          </ns3:TrackPointExtension>
        </extensions>
      </trkpt>
      <trkpt lat="48.65096968598663806915283203125" lon="-2.37488544546067714691162109375">
        <ele>37.59999847412109375</ele>
        <time>2025-08-18T11:57:32.000Z</time>
        <extensions>
          <ns3:TrackPointExtension>
            <ns3:atemp>29.0</ns3:atemp>
            <ns3:hr>141</ns3:hr>
          </ns3:TrackPointExtension>
        </extensions>
      </trkpt>
      <trkpt lat="48.650958202779293060302734375" lon="-2.37489567138254642486572265625">
        <ele>37.799999237060546875</ele>
        <time>2025-08-18T11:57:33.000Z</time>
        <extensions>
          <ns3:TrackPointExtension>
            <ns3:atemp>29.0</ns3:atemp>
            <ns3:hr>141</ns3:hr>
          </ns3:TrackPointExtension>
        </extensions>
      </trkpt>
      <trkpt lat="48.65094923414289951324462890625" lon="-2.37490723840892314910888671875">
        <ele>38</ele>
        <time>2025-08-18T11:57:34.000Z</time>
        <extensions>
          <ns3:TrackPointExtension>
            <ns3:atemp>29.0</ns3:atemp>
            <ns3:hr>140</ns3:hr>
          </ns3:TrackPointExtension>
        </extensions>
      </trkpt>
      <trkpt lat="48.6508933268487453460693359375" lon="-2.37492584623396396636962890625">
        <ele>38.40000152587890625</ele>
        <time>2025-08-18T11:57:39.000Z</time>
        <extensions>
          <ns3:TrackPointExtension>
            <ns3:atemp>29.0</ns3:atemp>
            <ns3:hr>140</ns3:hr>
          </ns3:TrackPointExtension>
        </extensions>
      </trkpt>
      <trkpt lat="48.65086960606276988983154296875" lon="-2.37492098473012447357177734375">
        <ele>39</ele>
        <time>2025-08-18T11:57:42.000Z</time>
        <extensions>
          <ns3:TrackPointExtension>
            <ns3:atemp>29.0</ns3:atemp>
            <ns3:hr>139</ns3:hr>
          </ns3:TrackPointExtension>
        </extensions>
      </trkpt>
      <trkpt lat="48.65084781311452388763427734375" lon="-2.37489885650575160980224609375">
        <ele>39.59999847412109375</ele>
        <time>2025-08-18T11:57:45.000Z</time>
        <extensions>
          <ns3:TrackPointExtension>
            <ns3:atemp>29.0</ns3:atemp>
            <ns3:hr>139</ns3:hr>
          </ns3:TrackPointExtension>
        </extensions>
      </trkpt>
      <trkpt lat="48.65081964991986751556396484375" lon="-2.37486382015049457550048828125">
        <ele>40</ele>
        <time>2025-08-18T11:57:49.000Z</time>
        <extensions>
          <ns3:TrackPointExtension>
            <ns3:atemp>29.0</ns3:atemp>
            <ns3:hr>138</ns3:hr>
          </ns3:TrackPointExtension>
        </extensions>
      </trkpt>
      <trkpt lat="48.65079559385776519775390625" lon="-2.3748632334172725677490234375">
        <ele>40.40000152587890625</ele>
        <time>2025-08-18T11:57:52.000Z</time>
        <extensions>
          <ns3:TrackPointExtension>
            <ns3:atemp>29.0</ns3:atemp>
            <ns3:hr>138</ns3:hr>
          </ns3:TrackPointExtension>
        </extensions>
      </trkpt>
      <trkpt lat="48.6507256887853145599365234375" lon="-2.37482492811977863311767578125">
        <ele>40.59999847412109375</ele>
        <time>2025-08-18T11:58:01.000Z</time>
        <extensions>
          <ns3:TrackPointExtension>
            <ns3:atemp>29.0</ns3:atemp>
            <ns3:hr>140</ns3:hr>
          </ns3:TrackPointExtension>
        </extensions>
      </trkpt>
      <trkpt lat="48.6507028900086879730224609375" lon="-2.37481839023530483245849609375">
        <ele>40.200000762939453125</ele>
        <time>2025-08-18T11:58:03.000Z</time>
        <extensions>
          <ns3:TrackPointExtension>
            <ns3:atemp>29.0</ns3:atemp>
            <ns3:hr>140</ns3:hr>
          </ns3:TrackPointExtension>
        </extensions>
      </trkpt>
      <trkpt lat="48.65066282451152801513671875" lon="-2.37480799667537212371826171875">
        <ele>40.200000762939453125</ele>
        <time>2025-08-18T11:58:07.000Z</time>
        <extensions>
          <ns3:TrackPointExtension>
            <ns3:atemp>29.0</ns3:atemp>
            <ns3:hr>139</ns3:hr>
          </ns3:TrackPointExtension>
        </extensions>
      </trkpt>
      <trkpt lat="48.65063466131687164306640625" lon="-2.3747941665351390838623046875">
        <ele>40.40000152587890625</ele>
        <time>2025-08-18T11:58:10.000Z</time>
        <extensions>
          <ns3:TrackPointExtension>
            <ns3:atemp>29.0</ns3:atemp>
            <ns3:hr>137</ns3:hr>
          </ns3:TrackPointExtension>
        </extensions>
      </trkpt>
      <trkpt lat="48.65059032104909420013427734375" lon="-2.3747623153030872344970703125">
        <ele>40.40000152587890625</ele>
        <time>2025-08-18T11:58:15.000Z</time>
        <extensions>
          <ns3:TrackPointExtension>
            <ns3:atemp>29.0</ns3:atemp>
            <ns3:hr>135</ns3:hr>
          </ns3:TrackPointExtension>
        </extensions>
      </trkpt>
      <trkpt lat="48.6505124531686305999755859375" lon="-2.374761812388896942138671875">
        <ele>41.200000762939453125</ele>
        <time>2025-08-18T11:58:23.000Z</time>
        <extensions>
          <ns3:TrackPointExtension>
            <ns3:atemp>29.0</ns3:atemp>
            <ns3:hr>133</ns3:hr>
          </ns3:TrackPointExtension>
        </extensions>
      </trkpt>
      <trkpt lat="48.650488816201686859130859375" lon="-2.374809421598911285400390625">
        <ele>41.40000152587890625</ele>
        <time>2025-08-18T11:58:27.000Z</time>
        <extensions>
          <ns3:TrackPointExtension>
            <ns3:atemp>29.0</ns3:atemp>
            <ns3:hr>130</ns3:hr>
          </ns3:TrackPointExtension>
        </extensions>
      </trkpt>
      <trkpt lat="48.6504725553095340728759765625" lon="-2.3748471401631832122802734375">
        <ele>41.799999237060546875</ele>
        <time>2025-08-18T11:58:30.000Z</time>
        <extensions>
          <ns3:TrackPointExtension>
            <ns3:atemp>29.0</ns3:atemp>
            <ns3:hr>129</ns3:hr>
          </ns3:TrackPointExtension>
        </extensions>
      </trkpt>
      <trkpt lat="48.650468029081821441650390625" lon="-2.37491109408438205718994140625">
        <ele>42.200000762939453125</ele>
        <time>2025-08-18T11:58:36.000Z</time>
        <extensions>
          <ns3:TrackPointExtension>
            <ns3:atemp>29.0</ns3:atemp>
            <ns3:hr>127</ns3:hr>
          </ns3:TrackPointExtension>
        </extensions>
      </trkpt>
      <trkpt lat="48.65046861581504344940185546875" lon="-2.37492450512945652008056640625">
        <ele>42.59999847412109375</ele>
        <time>2025-08-18T11:58:38.000Z</time>
        <extensions>
          <ns3:TrackPointExtension>
            <ns3:atemp>29.0</ns3:atemp>
            <ns3:hr>128</ns3:hr>
          </ns3:TrackPointExtension>
        </extensions>
      </trkpt>
      <trkpt lat="48.6504376865923404693603515625" lon="-2.3750087432563304901123046875">
        <ele>43</ele>
        <time>2025-08-18T11:58:45.000Z</time>
        <extensions>
          <ns3:TrackPointExtension>
            <ns3:atemp>29.0</ns3:atemp>
            <ns3:hr>128</ns3:hr>
          </ns3:TrackPointExtension>
        </extensions>
      </trkpt>
      <trkpt lat="48.65040843375027179718017578125" lon="-2.3750942386686801910400390625">
        <ele>43.200000762939453125</ele>
        <time>2025-08-18T11:58:52.000Z</time>
        <extensions>
          <ns3:TrackPointExtension>
            <ns3:atemp>29.0</ns3:atemp>
            <ns3:hr>128</ns3:hr>
          </ns3:TrackPointExtension>
        </extensions>
      </trkpt>
      <trkpt lat="48.6503401212394237518310546875" lon="-2.37519524060189723968505859375">
        <ele>43</ele>
        <time>2025-08-18T11:59:01.000Z</time>
        <extensions>
          <ns3:TrackPointExtension>
            <ns3:atemp>29.0</ns3:atemp>
            <ns3:hr>125</ns3:hr>
          </ns3:TrackPointExtension>
        </extensions>
      </trkpt>
      <trkpt lat="48.65028069354593753814697265625" lon="-2.375333122909069061279296875">
        <ele>42.799999237060546875</ele>
        <time>2025-08-18T11:59:10.000Z</time>
        <extensions>
          <ns3:TrackPointExtension>
            <ns3:atemp>29.0</ns3:atemp>
            <ns3:hr>122</ns3:hr>
          </ns3:TrackPointExtension>
        </extensions>
      </trkpt>
      <trkpt lat="48.650263510644435882568359375" lon="-2.3753775469958782196044921875">
        <ele>42.59999847412109375</ele>
        <time>2025-08-18T11:59:13.000Z</time>
        <extensions>
          <ns3:TrackPointExtension>
            <ns3:atemp>29.0</ns3:atemp>
            <ns3:hr>120</ns3:hr>
          </ns3:TrackPointExtension>
        </extensions>
      </trkpt>
      <trkpt lat="48.65022202022373676300048828125" lon="-2.375440411269664764404296875">
        <ele>42.40000152587890625</ele>
        <time>2025-08-18T11:59:18.000Z</time>
        <extensions>
          <ns3:TrackPointExtension>
            <ns3:atemp>29.0</ns3:atemp>
            <ns3:hr>117</ns3:hr>
          </ns3:TrackPointExtension>
        </extensions>
      </trkpt>
      <trkpt lat="48.65019972436130046844482421875" lon="-2.375492043793201446533203125">
        <ele>42.40000152587890625</ele>
        <time>2025-08-18T11:59:22.000Z</time>
        <extensions>
          <ns3:TrackPointExtension>
            <ns3:atemp>29.0</ns3:atemp>
            <ns3:hr>116</ns3:hr>
          </ns3:TrackPointExtension>
        </extensions>
      </trkpt>
      <trkpt lat="48.65018983371555805206298828125" lon="-2.37553101964294910430908203125">
        <ele>42.40000152587890625</ele>
        <time>2025-08-18T11:59:25.000Z</time>
        <extensions>
          <ns3:TrackPointExtension>
            <ns3:atemp>29.0</ns3:atemp>
            <ns3:hr>111</ns3:hr>
          </ns3:TrackPointExtension>
        </extensions>
      </trkpt>
      <trkpt lat="48.6501647718250751495361328125" lon="-2.37564124166965484619140625">
        <ele>42.40000152587890625</ele>
        <time>2025-08-18T11:59:32.000Z</time>
        <extensions>
          <ns3:TrackPointExtension>
            <ns3:atemp>29.0</ns3:atemp>
            <ns3:hr>109</ns3:hr>
          </ns3:TrackPointExtension>
        </extensions>
      </trkpt>
      <trkpt lat="48.65009847097098827362060546875" lon="-2.37578415311872959136962890625">
        <ele>42.59999847412109375</ele>
        <time>2025-08-18T11:59:42.000Z</time>
        <extensions>
          <ns3:TrackPointExtension>
            <ns3:atemp>29.0</ns3:atemp>
            <ns3:hr>109</ns3:hr>
          </ns3:TrackPointExtension>
        </extensions>
      </trkpt>
      <trkpt lat="48.65006511099636554718017578125" lon="-2.3758135735988616943359375">
        <ele>42.59999847412109375</ele>
        <time>2025-08-18T11:59:46.000Z</time>
        <extensions>
          <ns3:TrackPointExtension>
            <ns3:atemp>29.0</ns3:atemp>
            <ns3:hr>112</ns3:hr>
          </ns3:TrackPointExtension>
        </extensions>
      </trkpt>
      <trkpt lat="48.65002806298434734344482421875" lon="-2.37587618641555309295654296875">
        <ele>42.59999847412109375</ele>
        <time>2025-08-18T11:59:51.000Z</time>
        <extensions>
          <ns3:TrackPointExtension>
            <ns3:atemp>29.0</ns3:atemp>
            <ns3:hr>113</ns3:hr>
          </ns3:TrackPointExtension>
        </extensions>
      </trkpt>
      <trkpt lat="48.65001599304378032684326171875" lon="-2.37596352584660053253173828125">
        <ele>42.799999237060546875</ele>
        <time>2025-08-18T11:59:57.000Z</time>
        <extensions>
          <ns3:TrackPointExtension>
            <ns3:atemp>29.0</ns3:atemp>
            <ns3:hr>116</ns3:hr>
          </ns3:TrackPointExtension>
        </extensions>
      </trkpt>
      <trkpt lat="48.65001616068184375762939453125" lon="-2.37598054111003875732421875">
        <ele>42.799999237060546875</ele>
        <time>2025-08-18T11:59:58.000Z</time>
        <extensions>
          <ns3:TrackPointExtension>
            <ns3:atemp>29.0</ns3:atemp>
            <ns3:hr>117</ns3:hr>
          </ns3:TrackPointExtension>
        </extensions>
      </trkpt>
      <trkpt lat="48.65001649595797061920166015625" lon="-2.376107275485992431640625">
        <ele>43</ele>
        <time>2025-08-18T12:00:06.000Z</time>
        <extensions>
          <ns3:TrackPointExtension>
            <ns3:atemp>29.0</ns3:atemp>
            <ns3:hr>118</ns3:hr>
          </ns3:TrackPointExtension>
        </extensions>
      </trkpt>
      <trkpt lat="48.6500206030905246734619140625" lon="-2.3761175014078617095947265625">
        <ele>43</ele>
        <time>2025-08-18T12:00:07.000Z</time>
        <extensions>
          <ns3:TrackPointExtension>
            <ns3:atemp>29.0</ns3:atemp>
            <ns3:hr>118</ns3:hr>
          </ns3:TrackPointExtension>
        </extensions>
      </trkpt>
      <trkpt lat="48.65001180209219455718994140625" lon="-2.3761805333197116851806640625">
        <ele>43.200000762939453125</ele>
        <time>2025-08-18T12:00:11.000Z</time>
        <extensions>
          <ns3:TrackPointExtension>
            <ns3:atemp>29.0</ns3:atemp>
            <ns3:hr>118</ns3:hr>
          </ns3:TrackPointExtension>
        </extensions>
      </trkpt>
      <trkpt lat="48.6500108800828456878662109375" lon="-2.3761949501931667327880859375">
        <ele>43.200000762939453125</ele>
        <time>2025-08-18T12:00:12.000Z</time>
        <extensions>
          <ns3:TrackPointExtension>
            <ns3:atemp>29.0</ns3:atemp>
            <ns3:hr>118</ns3:hr>
          </ns3:TrackPointExtension>
        </extensions>
      </trkpt>
      <trkpt lat="48.65001238882541656494140625" lon="-2.3762207664549350738525390625">
        <ele>43.200000762939453125</ele>
        <time>2025-08-18T12:00:14.000Z</time>
        <extensions>
          <ns3:TrackPointExtension>
            <ns3:atemp>29.0</ns3:atemp>
            <ns3:hr>118</ns3:hr>
          </ns3:TrackPointExtension>
        </extensions>
      </trkpt>
      <trkpt lat="48.65001079626381397247314453125" lon="-2.37623543478548526763916015625">
        <ele>43.200000762939453125</ele>
        <time>2025-08-18T12:00:15.000Z</time>
        <extensions>
          <ns3:TrackPointExtension>
            <ns3:atemp>29.0</ns3:atemp>
            <ns3:hr>117</ns3:hr>
          </ns3:TrackPointExtension>
        </extensions>
      </trkpt>
      <trkpt lat="48.650006018579006195068359375" lon="-2.3762680403888225555419921875">
        <ele>43.40000152587890625</ele>
        <time>2025-08-18T12:00:17.000Z</time>
        <extensions>
          <ns3:TrackPointExtension>
            <ns3:atemp>29.0</ns3:atemp>
            <ns3:hr>117</ns3:hr>
          </ns3:TrackPointExtension>
        </extensions>
      </trkpt>
      <trkpt lat="48.64998246543109416961669921875" lon="-2.3763602413237094879150390625">
        <ele>43.59999847412109375</ele>
        <time>2025-08-18T12:00:24.000Z</time>
        <extensions>
          <ns3:TrackPointExtension>
            <ns3:atemp>29.0</ns3:atemp>
            <ns3:hr>117</ns3:hr>
          </ns3:TrackPointExtension>
        </extensions>
      </trkpt>
      <trkpt lat="48.64995229057967662811279296875" lon="-2.37645017914474010467529296875">
        <ele>44.40000152587890625</ele>
        <time>2025-08-18T12:00:30.000Z</time>
        <extensions>
          <ns3:TrackPointExtension>
            <ns3:atemp>29.0</ns3:atemp>
            <ns3:hr>118</ns3:hr>
          </ns3:TrackPointExtension>
        </extensions>
      </trkpt>
      <trkpt lat="48.64994860254228115081787109375" lon="-2.37646928988397121429443359375">
        <ele>44.40000152587890625</ele>
        <time>2025-08-18T12:00:32.000Z</time>
        <extensions>
          <ns3:TrackPointExtension>
            <ns3:atemp>29.0</ns3:atemp>
            <ns3:hr>118</ns3:hr>
          </ns3:TrackPointExtension>
        </extensions>
      </trkpt>
      <trkpt lat="48.64991172216832637786865234375" lon="-2.3765671066939830780029296875">
        <ele>44.40000152587890625</ele>
        <time>2025-08-18T12:00:39.000Z</time>
        <extensions>
          <ns3:TrackPointExtension>
            <ns3:atemp>29.0</ns3:atemp>
            <ns3:hr>121</ns3:hr>
          </ns3:TrackPointExtension>
        </extensions>
      </trkpt>
      <trkpt lat="48.64990451373159885406494140625" lon="-2.3765855468809604644775390625">
        <ele>44.40000152587890625</ele>
        <time>2025-08-18T12:00:40.000Z</time>
        <extensions>
          <ns3:TrackPointExtension>
            <ns3:atemp>29.0</ns3:atemp>
            <ns3:hr>121</ns3:hr>
          </ns3:TrackPointExtension>
        </extensions>
      </trkpt>
      <trkpt lat="48.64989127032458782196044921875" lon="-2.3766348324716091156005859375">
        <ele>44.200000762939453125</ele>
        <time>2025-08-18T12:00:43.000Z</time>
        <extensions>
          <ns3:TrackPointExtension>
            <ns3:atemp>29.0</ns3:atemp>
            <ns3:hr>124</ns3:hr>
          </ns3:TrackPointExtension>
        </extensions>
      </trkpt>
      <trkpt lat="48.6498623527586460113525390625" lon="-2.37672979943454265594482421875">
        <ele>44.200000762939453125</ele>
        <time>2025-08-18T12:00:48.000Z</time>
        <extensions>
          <ns3:TrackPointExtension>
            <ns3:atemp>29.0</ns3:atemp>
            <ns3:hr>121</ns3:hr>
          </ns3:TrackPointExtension>
        </extensions>
      </trkpt>
      <trkpt lat="48.64981390535831451416015625" lon="-2.37682585604488849639892578125">
        <ele>44.40000152587890625</ele>
        <time>2025-08-18T12:00:53.000Z</time>
        <extensions>
          <ns3:TrackPointExtension>
            <ns3:atemp>29.0</ns3:atemp>
            <ns3:hr>120</ns3:hr>
          </ns3:TrackPointExtension>
        </extensions>
      </trkpt>
      <trkpt lat="48.6497852392494678497314453125" lon="-2.37686893902719020843505859375">
        <ele>44.59999847412109375</ele>
        <time>2025-08-18T12:00:56.000Z</time>
        <extensions>
          <ns3:TrackPointExtension>
            <ns3:atemp>29.0</ns3:atemp>
            <ns3:hr>120</ns3:hr>
          </ns3:TrackPointExtension>
        </extensions>
      </trkpt>
      <trkpt lat="48.64972044713795185089111328125" lon="-2.3769422806799411773681640625">
        <ele>45</ele>
        <time>2025-08-18T12:01:03.000Z</time>
        <extensions>
          <ns3:TrackPointExtension>
            <ns3:atemp>29.0</ns3:atemp>
            <ns3:hr>117</ns3:hr>
          </ns3:TrackPointExtension>
        </extensions>
      </trkpt>
      <trkpt lat="48.64965925924479961395263671875" lon="-2.37703221850097179412841796875">
        <ele>45.40000152587890625</ele>
        <time>2025-08-18T12:01:10.000Z</time>
        <extensions>
          <ns3:TrackPointExtension>
            <ns3:atemp>29.0</ns3:atemp>
            <ns3:hr>119</ns3:hr>
          </ns3:TrackPointExtension>
        </extensions>
      </trkpt>
      <trkpt lat="48.64964425563812255859375" lon="-2.37704747356474399566650390625">
        <ele>45.59999847412109375</ele>
        <time>2025-08-18T12:01:12.000Z</time>
        <extensions>
          <ns3:TrackPointExtension>
            <ns3:atemp>29.0</ns3:atemp>
            <ns3:hr>120</ns3:hr>
          </ns3:TrackPointExtension>
        </extensions>
      </trkpt>
      <trkpt lat="48.64958725869655609130859375" lon="-2.3770837672054767608642578125">
        <ele>45.799999237060546875</ele>
        <time>2025-08-18T12:01:19.000Z</time>
        <extensions>
          <ns3:TrackPointExtension>
            <ns3:atemp>29.0</ns3:atemp>
            <ns3:hr>119</ns3:hr>
          </ns3:TrackPointExtension>
        </extensions>
      </trkpt>
      <trkpt lat="48.649499416351318359375" lon="-2.37713389098644256591796875">
        <ele>46.200000762939453125</ele>
        <time>2025-08-18T12:01:28.000Z</time>
        <extensions>
          <ns3:TrackPointExtension>
            <ns3:atemp>29.0</ns3:atemp>
            <ns3:hr>119</ns3:hr>
          </ns3:TrackPointExtension>
        </extensions>
      </trkpt>
      <trkpt lat="48.64947686903178691864013671875" lon="-2.37712173722684383392333984375">
        <ele>46.200000762939453125</ele>
        <time>2025-08-18T12:01:30.000Z</time>
        <extensions>
          <ns3:TrackPointExtension>
            <ns3:atemp>29.0</ns3:atemp>
            <ns3:hr>119</ns3:hr>
          </ns3:TrackPointExtension>
        </extensions>
      </trkpt>
      <trkpt lat="48.64943973720073699951171875" lon="-2.3771618865430355072021484375">
        <ele>46.40000152587890625</ele>
        <time>2025-08-18T12:01:34.000Z</time>
        <extensions>
          <ns3:TrackPointExtension>
            <ns3:atemp>29.0</ns3:atemp>
            <ns3:hr>118</ns3:hr>
          </ns3:TrackPointExtension>
        </extensions>
      </trkpt>
      <trkpt lat="48.6494217999279499053955078125" lon="-2.37718359567224979400634765625">
        <ele>46.40000152587890625</ele>
        <time>2025-08-18T12:01:36.000Z</time>
        <extensions>
          <ns3:TrackPointExtension>
            <ns3:atemp>29.0</ns3:atemp>
            <ns3:hr>118</ns3:hr>
          </ns3:TrackPointExtension>
        </extensions>
      </trkpt>
      <trkpt lat="48.649380393326282501220703125" lon="-2.3773312009871006011962890625">
        <ele>46</ele>
        <time>2025-08-18T12:01:45.000Z</time>
        <extensions>
          <ns3:TrackPointExtension>
            <ns3:atemp>29.0</ns3:atemp>
            <ns3:hr>116</ns3:hr>
          </ns3:TrackPointExtension>
        </extensions>
      </trkpt>
      <trkpt lat="48.649326078593730926513671875" lon="-2.37748048268258571624755859375">
        <ele>45.799999237060546875</ele>
        <time>2025-08-18T12:01:54.000Z</time>
        <extensions>
          <ns3:TrackPointExtension>
            <ns3:atemp>29.0</ns3:atemp>
            <ns3:hr>115</ns3:hr>
          </ns3:TrackPointExtension>
        </extensions>
      </trkpt>
      <trkpt lat="48.64927947521209716796875" lon="-2.3776151798665523529052734375">
        <ele>45.40000152587890625</ele>
        <time>2025-08-18T12:02:03.000Z</time>
        <extensions>
          <ns3:TrackPointExtension>
            <ns3:atemp>29.0</ns3:atemp>
            <ns3:hr>113</ns3:hr>
          </ns3:TrackPointExtension>
        </extensions>
      </trkpt>
      <trkpt lat="48.64924653433263301849365234375" lon="-2.3777233064174652099609375">
        <ele>45.200000762939453125</ele>
        <time>2025-08-18T12:02:10.000Z</time>
        <extensions>
          <ns3:TrackPointExtension>
            <ns3:atemp>29.0</ns3:atemp>
            <ns3:hr>110</ns3:hr>
          </ns3:TrackPointExtension>
        </extensions>
      </trkpt>
      <trkpt lat="48.64922323264181613922119140625" lon="-2.3777727596461772918701171875">
        <ele>45.200000762939453125</ele>
        <time>2025-08-18T12:02:14.000Z</time>
        <extensions>
          <ns3:TrackPointExtension>
            <ns3:atemp>29.0</ns3:atemp>
            <ns3:hr>111</ns3:hr>
          </ns3:TrackPointExtension>
        </extensions>
      </trkpt>
      <trkpt lat="48.64914326928555965423583984375" lon="-2.37795104272663593292236328125">
        <ele>45</ele>
        <time>2025-08-18T12:02:26.000Z</time>
        <extensions>
          <ns3:TrackPointExtension>
            <ns3:atemp>29.0</ns3:atemp>
            <ns3:hr>109</ns3:hr>
          </ns3:TrackPointExtension>
        </extensions>
      </trkpt>
      <trkpt lat="48.64912348799407482147216796875" lon="-2.3781001567840576171875">
        <ele>45</ele>
        <time>2025-08-18T12:02:34.000Z</time>
        <extensions>
          <ns3:TrackPointExtension>
            <ns3:atemp>29.0</ns3:atemp>
            <ns3:hr>109</ns3:hr>
          </ns3:TrackPointExtension>
        </extensions>
      </trkpt>
      <trkpt lat="48.6490818299353122711181640625" lon="-2.378240637481212615966796875">
        <ele>44.799999237060546875</ele>
        <time>2025-08-18T12:02:43.000Z</time>
        <extensions>
          <ns3:TrackPointExtension>
            <ns3:atemp>29.0</ns3:atemp>
            <ns3:hr>110</ns3:hr>
          </ns3:TrackPointExtension>
        </extensions>
      </trkpt>
      <trkpt lat="48.64905894733965396881103515625" lon="-2.3783923499286174774169921875">
        <ele>44.799999237060546875</ele>
        <time>2025-08-18T12:02:52.000Z</time>
        <extensions>
          <ns3:TrackPointExtension>
            <ns3:atemp>30.0</ns3:atemp>
            <ns3:hr>109</ns3:hr>
          </ns3:TrackPointExtension>
        </extensions>
      </trkpt>
      <trkpt lat="48.64904687739908695220947265625" lon="-2.37841732800006866455078125">
        <ele>44.799999237060546875</ele>
        <time>2025-08-18T12:02:55.000Z</time>
        <extensions>
          <ns3:TrackPointExtension>
            <ns3:atemp>30.0</ns3:atemp>
            <ns3:hr>107</ns3:hr>
          </ns3:TrackPointExtension>
        </extensions>
      </trkpt>
      <trkpt lat="48.64902961067855358123779296875" lon="-2.37842294387519359588623046875">
        <ele>44.799999237060546875</ele>
        <time>2025-08-18T12:02:57.000Z</time>
        <extensions>
          <ns3:TrackPointExtension>
            <ns3:atemp>30.0</ns3:atemp>
            <ns3:hr>107</ns3:hr>
          </ns3:TrackPointExtension>
        </extensions>
      </trkpt>
      <trkpt lat="48.649004884064197540283203125" lon="-2.37843451090157032012939453125">
        <ele>44.799999237060546875</ele>
        <time>2025-08-18T12:02:59.000Z</time>
        <extensions>
          <ns3:TrackPointExtension>
            <ns3:atemp>30.0</ns3:atemp>
            <ns3:hr>108</ns3:hr>
          </ns3:TrackPointExtension>
        </extensions>
      </trkpt>
      <trkpt lat="48.64893950521945953369140625" lon="-2.37853928469121456146240234375">
        <ele>45</ele>
        <time>2025-08-18T12:03:07.000Z</time>
        <extensions>
          <ns3:TrackPointExtension>
            <ns3:atemp>30.0</ns3:atemp>
            <ns3:hr>110</ns3:hr>
          </ns3:TrackPointExtension>
        </extensions>
      </trkpt>
      <trkpt lat="48.64892835728824138641357421875" lon="-2.37877867184579372406005859375">
        <ele>44.799999237060546875</ele>
        <time>2025-08-18T12:03:21.000Z</time>
        <extensions>
          <ns3:TrackPointExtension>
            <ns3:atemp>30.0</ns3:atemp>
            <ns3:hr>112</ns3:hr>
          </ns3:TrackPointExtension>
        </extensions>
      </trkpt>
      <trkpt lat="48.64888451993465423583984375" lon="-2.37894832156598567962646484375">
        <ele>44.59999847412109375</ele>
        <time>2025-08-18T12:03:31.000Z</time>
        <extensions>
          <ns3:TrackPointExtension>
            <ns3:atemp>30.0</ns3:atemp>
            <ns3:hr>111</ns3:hr>
          </ns3:TrackPointExtension>
        </extensions>
      </trkpt>
      <trkpt lat="48.64887379109859466552734375" lon="-2.37910372205078601837158203125">
        <ele>44.59999847412109375</ele>
        <time>2025-08-18T12:03:41.000Z</time>
        <extensions>
          <ns3:TrackPointExtension>
            <ns3:atemp>30.0</ns3:atemp>
            <ns3:hr>110</ns3:hr>
          </ns3:TrackPointExtension>
        </extensions>
      </trkpt>
      <trkpt lat="48.64887052215635776519775390625" lon="-2.3792218230664730072021484375">
        <ele>44.200000762939453125</ele>
        <time>2025-08-18T12:03:49.000Z</time>
        <extensions>
          <ns3:TrackPointExtension>
            <ns3:atemp>30.0</ns3:atemp>
            <ns3:hr>108</ns3:hr>
          </ns3:TrackPointExtension>
        </extensions>
      </trkpt>
      <trkpt lat="48.64886113442480564117431640625" lon="-2.3792333900928497314453125">
        <ele>44.200000762939453125</ele>
        <time>2025-08-18T12:03:50.000Z</time>
        <extensions>
          <ns3:TrackPointExtension>
            <ns3:atemp>30.0</ns3:atemp>
            <ns3:hr>108</ns3:hr>
          </ns3:TrackPointExtension>
        </extensions>
      </trkpt>
      <trkpt lat="48.64884520880877971649169921875" lon="-2.3792526684701442718505859375">
        <ele>44</ele>
        <time>2025-08-18T12:03:52.000Z</time>
        <extensions>
          <ns3:TrackPointExtension>
            <ns3:atemp>30.0</ns3:atemp>
            <ns3:hr>108</ns3:hr>
          </ns3:TrackPointExtension>
        </extensions>
      </trkpt>
      <trkpt lat="48.64881067536771297454833984375" lon="-2.3792895488440990447998046875">
        <ele>44.200000762939453125</ele>
        <time>2025-08-18T12:03:56.000Z</time>
        <extensions>
          <ns3:TrackPointExtension>
            <ns3:atemp>30.0</ns3:atemp>
            <ns3:hr>107</ns3:hr>
          </ns3:TrackPointExtension>
        </extensions>
      </trkpt>
      <trkpt lat="48.6487797461450099945068359375" lon="-2.37930187024176120758056640625">
        <ele>44.799999237060546875</ele>
        <time>2025-08-18T12:04:02.000Z</time>
        <extensions>
          <ns3:TrackPointExtension>
            <ns3:atemp>30.0</ns3:atemp>
            <ns3:hr>108</ns3:hr>
          </ns3:TrackPointExtension>
        </extensions>
      </trkpt>
      <trkpt lat="48.6487348191440105438232421875" lon="-2.379306145012378692626953125">
        <ele>45.200000762939453125</ele>
        <time>2025-08-18T12:04:07.000Z</time>
        <extensions>
          <ns3:TrackPointExtension>
            <ns3:atemp>30.0</ns3:atemp>
            <ns3:hr>109</ns3:hr>
          </ns3:TrackPointExtension>
        </extensions>
      </trkpt>
      <trkpt lat="48.64871294237673282623291015625" lon="-2.3793073184788227081298828125">
        <ele>45.200000762939453125</ele>
        <time>2025-08-18T12:04:09.000Z</time>
        <extensions>
          <ns3:TrackPointExtension>
            <ns3:atemp>30.0</ns3:atemp>
            <ns3:hr>109</ns3:hr>
          </ns3:TrackPointExtension>
        </extensions>
      </trkpt>
      <trkpt lat="48.6486687697470188140869140625" lon="-2.37931008450686931610107421875">
        <ele>45.59999847412109375</ele>
        <time>2025-08-18T12:04:14.000Z</time>
        <extensions>
          <ns3:TrackPointExtension>
            <ns3:atemp>30.0</ns3:atemp>
            <ns3:hr>110</ns3:hr>
          </ns3:TrackPointExtension>
        </extensions>
      </trkpt>
      <trkpt lat="48.64863079972565174102783203125" lon="-2.3793192207813262939453125">
        <ele>45.59999847412109375</ele>
        <time>2025-08-18T12:04:18.000Z</time>
        <extensions>
          <ns3:TrackPointExtension>
            <ns3:atemp>30.0</ns3:atemp>
            <ns3:hr>113</ns3:hr>
          </ns3:TrackPointExtension>
        </extensions>
      </trkpt>
      <trkpt lat="48.6485906504094600677490234375" lon="-2.37931142561137676239013671875">
        <ele>46</ele>
        <time>2025-08-18T12:04:22.000Z</time>
        <extensions>
          <ns3:TrackPointExtension>
            <ns3:atemp>30.0</ns3:atemp>
            <ns3:hr>116</ns3:hr>
          </ns3:TrackPointExtension>
        </extensions>
      </trkpt>
      <trkpt lat="48.648555614054203033447265625" lon="-2.37931377254426479339599609375">
        <ele>46.200000762939453125</ele>
        <time>2025-08-18T12:04:25.000Z</time>
        <extensions>
          <ns3:TrackPointExtension>
            <ns3:atemp>30.0</ns3:atemp>
            <ns3:hr>116</ns3:hr>
          </ns3:TrackPointExtension>
        </extensions>
      </trkpt>
      <trkpt lat="48.6484927497804164886474609375" lon="-2.379311509430408477783203125">
        <ele>46.40000152587890625</ele>
        <time>2025-08-18T12:04:29.000Z</time>
        <extensions>
          <ns3:TrackPointExtension>
            <ns3:atemp>30.0</ns3:atemp>
            <ns3:hr>117</ns3:hr>
          </ns3:TrackPointExtension>
        </extensions>
      </trkpt>
      <trkpt lat="48.64846475422382354736328125" lon="-2.37937621772289276123046875">
        <ele>46.799999237060546875</ele>
        <time>2025-08-18T12:04:36.000Z</time>
        <extensions>
          <ns3:TrackPointExtension>
            <ns3:atemp>30.0</ns3:atemp>
            <ns3:hr>119</ns3:hr>
          </ns3:TrackPointExtension>
        </extensions>
      </trkpt>
      <trkpt lat="48.64846785552799701690673828125" lon="-2.37943413667380809783935546875">
        <ele>46.799999237060546875</ele>
        <time>2025-08-18T12:04:40.000Z</time>
        <extensions>
          <ns3:TrackPointExtension>
            <ns3:atemp>30.0</ns3:atemp>
            <ns3:hr>116</ns3:hr>
          </ns3:TrackPointExtension>
        </extensions>
      </trkpt>
      <trkpt lat="48.648448996245861053466796875" lon="-2.37954896874725818634033203125">
        <ele>46.799999237060546875</ele>
        <time>2025-08-18T12:04:47.000Z</time>
        <extensions>
          <ns3:TrackPointExtension>
            <ns3:atemp>30.0</ns3:atemp>
            <ns3:hr>113</ns3:hr>
          </ns3:TrackPointExtension>
        </extensions>
      </trkpt>
      <trkpt lat="48.6484391056001186370849609375" lon="-2.3796710930764675140380859375">
        <ele>46.799999237060546875</ele>
        <time>2025-08-18T12:04:54.000Z</time>
        <extensions>
          <ns3:TrackPointExtension>
            <ns3:atemp>30.0</ns3:atemp>
            <ns3:hr>114</ns3:hr>
          </ns3:TrackPointExtension>
        </extensions>
      </trkpt>
      <trkpt lat="48.6485002934932708740234375" lon="-2.3797344602644443511962890625">
        <ele>46.799999237060546875</ele>
        <time>2025-08-18T12:05:00.000Z</time>
        <extensions>
          <ns3:TrackPointExtension>
            <ns3:atemp>30.0</ns3:atemp>
            <ns3:hr>113</ns3:hr>
          </ns3:TrackPointExtension>
        </extensions>
      </trkpt>
      <trkpt lat="48.64851529709994792938232421875" lon="-2.37976270727813243865966796875">
        <ele>46.59999847412109375</ele>
        <time>2025-08-18T12:05:03.000Z</time>
        <extensions>
          <ns3:TrackPointExtension>
            <ns3:atemp>30.0</ns3:atemp>
            <ns3:hr>112</ns3:hr>
          </ns3:TrackPointExtension>
        </extensions>
      </trkpt>
      <trkpt lat="48.6485378444194793701171875" lon="-2.3797874338924884796142578125">
        <ele>46.40000152587890625</ele>
        <time>2025-08-18T12:05:05.000Z</time>
        <extensions>
          <ns3:TrackPointExtension>
            <ns3:atemp>30.0</ns3:atemp>
            <ns3:hr>111</ns3:hr>
          </ns3:TrackPointExtension>
        </extensions>
      </trkpt>
      <trkpt lat="48.64854631014168262481689453125" lon="-2.37984828650951385498046875">
        <ele>46.40000152587890625</ele>
        <time>2025-08-18T12:05:09.000Z</time>
        <extensions>
          <ns3:TrackPointExtension>
            <ns3:atemp>30.0</ns3:atemp>
            <ns3:hr>109</ns3:hr>
          </ns3:TrackPointExtension>
        </extensions>
      </trkpt>
      <trkpt lat="48.64853105507791042327880859375" lon="-2.3799037747085094451904296875">
        <ele>46.40000152587890625</ele>
        <time>2025-08-18T12:05:13.000Z</time>
        <extensions>
          <ns3:TrackPointExtension>
            <ns3:atemp>30.0</ns3:atemp>
            <ns3:hr>108</ns3:hr>
          </ns3:TrackPointExtension>
        </extensions>
      </trkpt>
      <trkpt lat="48.64848612807691097259521484375" lon="-2.3799832351505756378173828125">
        <ele>46.799999237060546875</ele>
        <time>2025-08-18T12:05:18.000Z</time>
        <extensions>
          <ns3:TrackPointExtension>
            <ns3:atemp>30.0</ns3:atemp>
            <ns3:hr>108</ns3:hr>
          </ns3:TrackPointExtension>
        </extensions>
      </trkpt>
      <trkpt lat="48.64848478697240352630615234375" lon="-2.3799929581582546234130859375">
        <ele>46.799999237060546875</ele>
        <time>2025-08-18T12:05:19.000Z</time>
        <extensions>
          <ns3:TrackPointExtension>
            <ns3:atemp>30.0</ns3:atemp>
            <ns3:hr>108</ns3:hr>
          </ns3:TrackPointExtension>
        </extensions>
      </trkpt>
      <trkpt lat="48.6484853737056255340576171875" lon="-2.3801421560347080230712890625">
        <ele>46.59999847412109375</ele>
        <time>2025-08-18T12:05:26.000Z</time>
        <extensions>
          <ns3:TrackPointExtension>
            <ns3:atemp>30.0</ns3:atemp>
            <ns3:hr>108</ns3:hr>
          </ns3:TrackPointExtension>
        </extensions>
      </trkpt>
      <trkpt lat="48.64848554134368896484375" lon="-2.38017459399998188018798828125">
        <ele>46.59999847412109375</ele>
        <time>2025-08-18T12:05:27.000Z</time>
        <extensions>
          <ns3:TrackPointExtension>
            <ns3:atemp>30.0</ns3:atemp>
            <ns3:hr>108</ns3:hr>
          </ns3:TrackPointExtension>
        </extensions>
      </trkpt>
      <trkpt lat="48.64848394878208637237548828125" lon="-2.3802450858056545257568359375">
        <ele>46.59999847412109375</ele>
        <time>2025-08-18T12:05:31.000Z</time>
        <extensions>
          <ns3:TrackPointExtension>
            <ns3:atemp>30.0</ns3:atemp>
            <ns3:hr>109</ns3:hr>
          </ns3:TrackPointExtension>
        </extensions>
      </trkpt>
      <trkpt lat="48.6484853737056255340576171875" lon="-2.38025355152785778045654296875">
        <ele>46.59999847412109375</ele>
        <time>2025-08-18T12:05:32.000Z</time>
        <extensions>
          <ns3:TrackPointExtension>
            <ns3:atemp>30.0</ns3:atemp>
            <ns3:hr>109</ns3:hr>
          </ns3:TrackPointExtension>
        </extensions>
      </trkpt>
      <trkpt lat="48.6484823562204837799072265625" lon="-2.3802712373435497283935546875">
        <ele>46.59999847412109375</ele>
        <time>2025-08-18T12:05:33.000Z</time>
        <extensions>
          <ns3:TrackPointExtension>
            <ns3:atemp>30.0</ns3:atemp>
            <ns3:hr>110</ns3:hr>
          </ns3:TrackPointExtension>
        </extensions>
      </trkpt>
      <trkpt lat="48.6484625749289989471435546875" lon="-2.38031021319329738616943359375">
        <ele>46.59999847412109375</ele>
        <time>2025-08-18T12:05:36.000Z</time>
        <extensions>
          <ns3:TrackPointExtension>
            <ns3:atemp>30.0</ns3:atemp>
            <ns3:hr>111</ns3:hr>
          </ns3:TrackPointExtension>
        </extensions>
      </trkpt>
      <trkpt lat="48.64845628850162029266357421875" lon="-2.38037039525806903839111328125">
        <ele>46.59999847412109375</ele>
        <time>2025-08-18T12:05:42.000Z</time>
        <extensions>
          <ns3:TrackPointExtension>
            <ns3:atemp>30.0</ns3:atemp>
            <ns3:hr>110</ns3:hr>
          </ns3:TrackPointExtension>
        </extensions>
      </trkpt>
      <trkpt lat="48.64842343144118785858154296875" lon="-2.3804402165114879608154296875">
        <ele>46.59999847412109375</ele>
        <time>2025-08-18T12:05:48.000Z</time>
        <extensions>
          <ns3:TrackPointExtension>
            <ns3:atemp>30.0</ns3:atemp>
            <ns3:hr>110</ns3:hr>
          </ns3:TrackPointExtension>
        </extensions>
      </trkpt>
      <trkpt lat="48.64839610643684864044189453125" lon="-2.38052562810480594635009765625">
        <ele>46.799999237060546875</ele>
        <time>2025-08-18T12:05:55.000Z</time>
        <extensions>
          <ns3:TrackPointExtension>
            <ns3:atemp>30.0</ns3:atemp>
            <ns3:hr>109</ns3:hr>
          </ns3:TrackPointExtension>
        </extensions>
      </trkpt>
      <trkpt lat="48.64835788495838642120361328125" lon="-2.38062688149511814117431640625">
        <ele>47.200000762939453125</ele>
        <time>2025-08-18T12:06:00.000Z</time>
        <extensions>
          <ns3:TrackPointExtension>
            <ns3:atemp>30.0</ns3:atemp>
            <ns3:hr>109</ns3:hr>
          </ns3:TrackPointExtension>
        </extensions>
      </trkpt>
      <trkpt lat="48.6483539454638957977294921875" lon="-2.38062939606606960296630859375">
        <ele>47.40000152587890625</ele>
        <time>2025-08-18T12:06:01.000Z</time>
        <extensions>
          <ns3:TrackPointExtension>
            <ns3:atemp>30.0</ns3:atemp>
            <ns3:hr>109</ns3:hr>
          </ns3:TrackPointExtension>
        </extensions>
      </trkpt>
      <trkpt lat="48.64832234568893909454345703125" lon="-2.38069117069244384765625">
        <ele>47.40000152587890625</ele>
        <time>2025-08-18T12:06:06.000Z</time>
        <extensions>
          <ns3:TrackPointExtension>
            <ns3:atemp>30.0</ns3:atemp>
            <ns3:hr>109</ns3:hr>
          </ns3:TrackPointExtension>
        </extensions>
      </trkpt>
      <trkpt lat="48.64826752804219722747802734375" lon="-2.38077524118125438690185546875">
        <ele>47.799999237060546875</ele>
        <time>2025-08-18T12:06:13.000Z</time>
        <extensions>
          <ns3:TrackPointExtension>
            <ns3:atemp>30.0</ns3:atemp>
            <ns3:hr>110</ns3:hr>
          </ns3:TrackPointExtension>
        </extensions>
      </trkpt>
      <trkpt lat="48.6482372693717479705810546875" lon="-2.3808375187218189239501953125">
        <ele>47.799999237060546875</ele>
        <time>2025-08-18T12:06:19.000Z</time>
        <extensions>
          <ns3:TrackPointExtension>
            <ns3:atemp>30.0</ns3:atemp>
            <ns3:hr>110</ns3:hr>
          </ns3:TrackPointExtension>
        </extensions>
      </trkpt>
      <trkpt lat="48.64818404428660869598388671875" lon="-2.38093181513249874114990234375">
        <ele>48</ele>
        <time>2025-08-18T12:06:26.000Z</time>
        <extensions>
          <ns3:TrackPointExtension>
            <ns3:atemp>30.0</ns3:atemp>
            <ns3:hr>110</ns3:hr>
          </ns3:TrackPointExtension>
        </extensions>
      </trkpt>
      <trkpt lat="48.64813693799078464508056640625" lon="-2.38101211376488208770751953125">
        <ele>48</ele>
        <time>2025-08-18T12:06:32.000Z</time>
        <extensions>
          <ns3:TrackPointExtension>
            <ns3:atemp>30.0</ns3:atemp>
            <ns3:hr>108</ns3:hr>
          </ns3:TrackPointExtension>
        </extensions>
      </trkpt>
      <trkpt lat="48.6481122113764286041259765625" lon="-2.38104882650077342987060546875">
        <ele>48.200000762939453125</ele>
        <time>2025-08-18T12:06:36.000Z</time>
        <extensions>
          <ns3:TrackPointExtension>
            <ns3:atemp>30.0</ns3:atemp>
            <ns3:hr>111</ns3:hr>
          </ns3:TrackPointExtension>
        </extensions>
      </trkpt>
      <trkpt lat="48.6481125466525554656982421875" lon="-2.38106609322130680084228515625">
        <ele>48.40000152587890625</ele>
        <time>2025-08-18T12:06:37.000Z</time>
        <extensions>
          <ns3:TrackPointExtension>
            <ns3:atemp>30.0</ns3:atemp>
            <ns3:hr>111</ns3:hr>
          </ns3:TrackPointExtension>
        </extensions>
      </trkpt>
      <trkpt lat="48.64813392050564289093017578125" lon="-2.38109258003532886505126953125">
        <ele>48.40000152587890625</ele>
        <time>2025-08-18T12:06:40.000Z</time>
        <extensions>
          <ns3:TrackPointExtension>
            <ns3:atemp>30.0</ns3:atemp>
            <ns3:hr>111</ns3:hr>
          </ns3:TrackPointExtension>
        </extensions>
      </trkpt>
      <trkpt lat="48.64814682863652706146240234375" lon="-2.38110733218491077423095703125">
        <ele>48.40000152587890625</ele>
        <time>2025-08-18T12:06:42.000Z</time>
        <extensions>
          <ns3:TrackPointExtension>
            <ns3:atemp>30.0</ns3:atemp>
            <ns3:hr>111</ns3:hr>
          </ns3:TrackPointExtension>
        </extensions>
      </trkpt>
      <trkpt lat="48.64816191606223583221435546875" lon="-2.38115594722330570220947265625">
        <ele>48.200000762939453125</ele>
        <time>2025-08-18T12:06:45.000Z</time>
        <extensions>
          <ns3:TrackPointExtension>
            <ns3:atemp>30.0</ns3:atemp>
            <ns3:hr>109</ns3:hr>
          </ns3:TrackPointExtension>
        </extensions>
      </trkpt>
      <trkpt lat="48.648179434239864349365234375" lon="-2.3811833560466766357421875">
        <ele>48.200000762939453125</ele>
        <time>2025-08-18T12:06:47.000Z</time>
        <extensions>
          <ns3:TrackPointExtension>
            <ns3:atemp>30.0</ns3:atemp>
            <ns3:hr>109</ns3:hr>
          </ns3:TrackPointExtension>
        </extensions>
      </trkpt>
      <trkpt lat="48.648190163075923919677734375" lon="-2.381192408502101898193359375">
        <ele>48.200000762939453125</ele>
        <time>2025-08-18T12:06:48.000Z</time>
        <extensions>
          <ns3:TrackPointExtension>
            <ns3:atemp>30.0</ns3:atemp>
            <ns3:hr>109</ns3:hr>
          </ns3:TrackPointExtension>
        </extensions>
      </trkpt>
      <trkpt lat="48.6482151411473751068115234375" lon="-2.38122249953448772430419921875">
        <ele>48.200000762939453125</ele>
        <time>2025-08-18T12:06:51.000Z</time>
        <extensions>
          <ns3:TrackPointExtension>
            <ns3:atemp>30.0</ns3:atemp>
            <ns3:hr>109</ns3:hr>
          </ns3:TrackPointExtension>
        </extensions>
      </trkpt>
      <trkpt lat="48.64822603762149810791015625" lon="-2.38123205490410327911376953125">
        <ele>48</ele>
        <time>2025-08-18T12:06:52.000Z</time>
        <extensions>
          <ns3:TrackPointExtension>
            <ns3:atemp>30.0</ns3:atemp>
            <ns3:hr>108</ns3:hr>
          </ns3:TrackPointExtension>
        </extensions>
      </trkpt>
      <trkpt lat="48.6482587270438671112060546875" lon="-2.38127245567739009857177734375">
        <ele>47.799999237060546875</ele>
        <time>2025-08-18T12:06:55.000Z</time>
        <extensions>
          <ns3:TrackPointExtension>
            <ns3:atemp>30.0</ns3:atemp>
            <ns3:hr>108</ns3:hr>
          </ns3:TrackPointExtension>
        </extensions>
      </trkpt>
      <trkpt lat="48.64827071316540241241455078125" lon="-2.38129978068172931671142578125">
        <ele>47.799999237060546875</ele>
        <time>2025-08-18T12:06:57.000Z</time>
        <extensions>
          <ns3:TrackPointExtension>
            <ns3:atemp>30.0</ns3:atemp>
            <ns3:hr>108</ns3:hr>
          </ns3:TrackPointExtension>
        </extensions>
      </trkpt>
      <trkpt lat="48.64827892743051052093505859375" lon="-2.381310760974884033203125">
        <ele>47.799999237060546875</ele>
        <time>2025-08-18T12:06:58.000Z</time>
        <extensions>
          <ns3:TrackPointExtension>
            <ns3:atemp>30.0</ns3:atemp>
            <ns3:hr>108</ns3:hr>
          </ns3:TrackPointExtension>
        </extensions>
      </trkpt>
      <trkpt lat="48.64829502068459987640380859375" lon="-2.38130983896553516387939453125">
        <ele>47.59999847412109375</ele>
        <time>2025-08-18T12:06:59.000Z</time>
        <extensions>
          <ns3:TrackPointExtension>
            <ns3:atemp>30.0</ns3:atemp>
            <ns3:hr>107</ns3:hr>
          </ns3:TrackPointExtension>
        </extensions>
      </trkpt>
      <trkpt lat="48.64834346808493137359619140625" lon="-2.38138024695217609405517578125">
        <ele>47.59999847412109375</ele>
        <time>2025-08-18T12:07:04.000Z</time>
        <extensions>
          <ns3:TrackPointExtension>
            <ns3:atemp>30.0</ns3:atemp>
            <ns3:hr>107</ns3:hr>
          </ns3:TrackPointExtension>
        </extensions>
      </trkpt>
      <trkpt lat="48.64836551249027252197265625" lon="-2.3814135231077671051025390625">
        <ele>47.59999847412109375</ele>
        <time>2025-08-18T12:07:06.000Z</time>
        <extensions>
          <ns3:TrackPointExtension>
            <ns3:atemp>30.0</ns3:atemp>
            <ns3:hr>107</ns3:hr>
          </ns3:TrackPointExtension>
        </extensions>
      </trkpt>
      <trkpt lat="48.64839761517941951751708984375" lon="-2.38146842457354068756103515625">
        <ele>47.40000152587890625</ele>
        <time>2025-08-18T12:07:10.000Z</time>
        <extensions>
          <ns3:TrackPointExtension>
            <ns3:atemp>30.0</ns3:atemp>
            <ns3:hr>106</ns3:hr>
          </ns3:TrackPointExtension>
        </extensions>
      </trkpt>
      <trkpt lat="48.64839912392199039459228515625" lon="-2.38148787058889865875244140625">
        <ele>47.200000762939453125</ele>
        <time>2025-08-18T12:07:11.000Z</time>
        <extensions>
          <ns3:TrackPointExtension>
            <ns3:atemp>30.0</ns3:atemp>
            <ns3:hr>106</ns3:hr>
          </ns3:TrackPointExtension>
        </extensions>
      </trkpt>
      <trkpt lat="48.6484079249203205108642578125" lon="-2.3815124295651912689208984375">
        <ele>47.200000762939453125</ele>
        <time>2025-08-18T12:07:13.000Z</time>
        <extensions>
          <ns3:TrackPointExtension>
            <ns3:atemp>30.0</ns3:atemp>
            <ns3:hr>106</ns3:hr>
          </ns3:TrackPointExtension>
        </extensions>
      </trkpt>
      <trkpt lat="48.6484163068234920501708984375" lon="-2.38154503516852855682373046875">
        <ele>47.200000762939453125</ele>
        <time>2025-08-18T12:07:16.000Z</time>
        <extensions>
          <ns3:TrackPointExtension>
            <ns3:atemp>30.0</ns3:atemp>
            <ns3:hr>107</ns3:hr>
          </ns3:TrackPointExtension>
        </extensions>
      </trkpt>
      <trkpt lat="48.64840549416840076446533203125" lon="-2.38158166408538818359375">
        <ele>47.200000762939453125</ele>
        <time>2025-08-18T12:07:21.000Z</time>
        <extensions>
          <ns3:TrackPointExtension>
            <ns3:atemp>30.0</ns3:atemp>
            <ns3:hr>107</ns3:hr>
          </ns3:TrackPointExtension>
        </extensions>
      </trkpt>
      <trkpt lat="48.64837666042149066925048828125" lon="-2.381648384034633636474609375">
        <ele>47.40000152587890625</ele>
        <time>2025-08-18T12:07:28.000Z</time>
        <extensions>
          <ns3:TrackPointExtension>
            <ns3:atemp>30.0</ns3:atemp>
            <ns3:hr>106</ns3:hr>
          </ns3:TrackPointExtension>
        </extensions>
      </trkpt>
      <trkpt lat="48.64834296517074108123779296875" lon="-2.3817439377307891845703125">
        <ele>47.40000152587890625</ele>
        <time>2025-08-18T12:07:33.000Z</time>
        <extensions>
          <ns3:TrackPointExtension>
            <ns3:atemp>30.0</ns3:atemp>
            <ns3:hr>108</ns3:hr>
          </ns3:TrackPointExtension>
        </extensions>
      </trkpt>
      <trkpt lat="48.6483368463814258575439453125" lon="-2.3817685805261135101318359375">
        <ele>47.40000152587890625</ele>
        <time>2025-08-18T12:07:37.000Z</time>
        <extensions>
          <ns3:TrackPointExtension>
            <ns3:atemp>30.0</ns3:atemp>
            <ns3:hr>106</ns3:hr>
          </ns3:TrackPointExtension>
        </extensions>
      </trkpt>
      <trkpt lat="48.6483247764408588409423828125" lon="-2.38180856220424175262451171875">
        <ele>48</ele>
        <time>2025-08-18T12:07:42.000Z</time>
        <extensions>
          <ns3:TrackPointExtension>
            <ns3:atemp>30.0</ns3:atemp>
            <ns3:hr>106</ns3:hr>
          </ns3:TrackPointExtension>
        </extensions>
      </trkpt>
      <trkpt lat="48.6482892371714115142822265625" lon="-2.3818815685808658599853515625">
        <ele>48.200000762939453125</ele>
        <time>2025-08-18T12:07:49.000Z</time>
        <extensions>
          <ns3:TrackPointExtension>
            <ns3:atemp>30.0</ns3:atemp>
            <ns3:hr>109</ns3:hr>
          </ns3:TrackPointExtension>
        </extensions>
      </trkpt>
      <trkpt lat="48.6482828669250011444091796875" lon="-2.3818886093795299530029296875">
        <ele>48.200000762939453125</ele>
        <time>2025-08-18T12:07:52.000Z</time>
        <extensions>
          <ns3:TrackPointExtension>
            <ns3:atemp>30.0</ns3:atemp>
            <ns3:hr>110</ns3:hr>
          </ns3:TrackPointExtension>
        </extensions>
      </trkpt>
      <trkpt lat="48.648278005421161651611328125" lon="-2.3818966560065746307373046875">
        <ele>48.40000152587890625</ele>
        <time>2025-08-18T12:07:53.000Z</time>
        <extensions>
          <ns3:TrackPointExtension>
            <ns3:atemp>30.0</ns3:atemp>
            <ns3:hr>110</ns3:hr>
          </ns3:TrackPointExtension>
        </extensions>
      </trkpt>
      <trkpt lat="48.64827096462249755859375" lon="-2.38190813921391963958740234375">
        <ele>48.40000152587890625</ele>
        <time>2025-08-18T12:07:54.000Z</time>
        <extensions>
          <ns3:TrackPointExtension>
            <ns3:atemp>30.0</ns3:atemp>
            <ns3:hr>110</ns3:hr>
          </ns3:TrackPointExtension>
        </extensions>
      </trkpt>
      <trkpt lat="48.64821002818644046783447265625" lon="-2.38197921775281429290771484375">
        <ele>48.59999847412109375</ele>
        <time>2025-08-18T12:08:00.000Z</time>
        <extensions>
          <ns3:TrackPointExtension>
            <ns3:atemp>30.0</ns3:atemp>
            <ns3:hr>112</ns3:hr>
          </ns3:TrackPointExtension>
        </extensions>
      </trkpt>
      <trkpt lat="48.6481661908328533172607421875" lon="-2.38203051500022411346435546875">
        <ele>49</ele>
        <time>2025-08-18T12:08:05.000Z</time>
        <extensions>
          <ns3:TrackPointExtension>
            <ns3:atemp>30.0</ns3:atemp>
            <ns3:hr>112</ns3:hr>
          </ns3:TrackPointExtension>
        </extensions>
      </trkpt>
      <trkpt lat="48.64810458384454250335693359375" lon="-2.38215364515781402587890625">
        <ele>49.40000152587890625</ele>
        <time>2025-08-18T12:08:11.000Z</time>
        <extensions>
          <ns3:TrackPointExtension>
            <ns3:atemp>30.0</ns3:atemp>
            <ns3:hr>112</ns3:hr>
          </ns3:TrackPointExtension>
        </extensions>
      </trkpt>
      <trkpt lat="48.64809821359813213348388671875" lon="-2.382165379822254180908203125">
        <ele>49.40000152587890625</ele>
        <time>2025-08-18T12:08:12.000Z</time>
        <extensions>
          <ns3:TrackPointExtension>
            <ns3:atemp>30.0</ns3:atemp>
            <ns3:hr>112</ns3:hr>
          </ns3:TrackPointExtension>
        </extensions>
      </trkpt>
      <trkpt lat="48.64808782003819942474365234375" lon="-2.38219387829303741455078125">
        <ele>49.40000152587890625</ele>
        <time>2025-08-18T12:08:14.000Z</time>
        <extensions>
          <ns3:TrackPointExtension>
            <ns3:atemp>30.0</ns3:atemp>
            <ns3:hr>115</ns3:hr>
          </ns3:TrackPointExtension>
        </extensions>
      </trkpt>
      <trkpt lat="48.64806502126157283782958984375" lon="-2.3822436667978763580322265625">
        <ele>49.59999847412109375</ele>
        <time>2025-08-18T12:08:18.000Z</time>
        <extensions>
          <ns3:TrackPointExtension>
            <ns3:atemp>30.0</ns3:atemp>
            <ns3:hr>116</ns3:hr>
          </ns3:TrackPointExtension>
        </extensions>
      </trkpt>
      <trkpt lat="48.64802629686892032623291015625" lon="-2.3823241330683231353759765625">
        <ele>49.799999237060546875</ele>
        <time>2025-08-18T12:08:23.000Z</time>
        <extensions>
          <ns3:TrackPointExtension>
            <ns3:atemp>30.0</ns3:atemp>
            <ns3:hr>115</ns3:hr>
          </ns3:TrackPointExtension>
        </extensions>
      </trkpt>
      <trkpt lat="48.64801841787993907928466796875" lon="-2.3823368735611438751220703125">
        <ele>50</ele>
        <time>2025-08-18T12:08:24.000Z</time>
        <extensions>
          <ns3:TrackPointExtension>
            <ns3:atemp>30.0</ns3:atemp>
            <ns3:hr>115</ns3:hr>
          </ns3:TrackPointExtension>
        </extensions>
      </trkpt>
      <trkpt lat="48.64797550253570079803466796875" lon="-2.382410801947116851806640625">
        <ele>50.40000152587890625</ele>
        <time>2025-08-18T12:08:30.000Z</time>
        <extensions>
          <ns3:TrackPointExtension>
            <ns3:atemp>30.0</ns3:atemp>
            <ns3:hr>117</ns3:hr>
          </ns3:TrackPointExtension>
        </extensions>
      </trkpt>
      <trkpt lat="48.6479737423360347747802734375" lon="-2.38241809420287609100341796875">
        <ele>50.40000152587890625</ele>
        <time>2025-08-18T12:08:31.000Z</time>
        <extensions>
          <ns3:TrackPointExtension>
            <ns3:atemp>30.0</ns3:atemp>
            <ns3:hr>116</ns3:hr>
          </ns3:TrackPointExtension>
        </extensions>
      </trkpt>
      <trkpt lat="48.64788883365690708160400390625" lon="-2.3825474269688129425048828125">
        <ele>50.59999847412109375</ele>
        <time>2025-08-18T12:08:39.000Z</time>
        <extensions>
          <ns3:TrackPointExtension>
            <ns3:atemp>30.0</ns3:atemp>
            <ns3:hr>116</ns3:hr>
          </ns3:TrackPointExtension>
        </extensions>
      </trkpt>
      <trkpt lat="48.647818677127361297607421875" lon="-2.38265731371939182281494140625">
        <ele>51</ele>
        <time>2025-08-18T12:08:46.000Z</time>
        <extensions>
          <ns3:TrackPointExtension>
            <ns3:atemp>30.0</ns3:atemp>
            <ns3:hr>115</ns3:hr>
          </ns3:TrackPointExtension>
        </extensions>
      </trkpt>
      <trkpt lat="48.6477678827941417694091796875" lon="-2.38275571726262569427490234375">
        <ele>51.40000152587890625</ele>
        <time>2025-08-18T12:08:55.000Z</time>
        <extensions>
          <ns3:TrackPointExtension>
            <ns3:atemp>30.0</ns3:atemp>
            <ns3:hr>114</ns3:hr>
          </ns3:TrackPointExtension>
        </extensions>
      </trkpt>
      <trkpt lat="48.64775958471000194549560546875" lon="-2.3827837966382503509521484375">
        <ele>51.40000152587890625</ele>
        <time>2025-08-18T12:08:56.000Z</time>
        <extensions>
          <ns3:TrackPointExtension>
            <ns3:atemp>30.0</ns3:atemp>
            <ns3:hr>114</ns3:hr>
          </ns3:TrackPointExtension>
        </extensions>
      </trkpt>
      <trkpt lat="48.6477278172969818115234375" lon="-2.38286032341420650482177734375">
        <ele>51.59999847412109375</ele>
        <time>2025-08-18T12:09:01.000Z</time>
        <extensions>
          <ns3:TrackPointExtension>
            <ns3:atemp>30.0</ns3:atemp>
            <ns3:hr>114</ns3:hr>
          </ns3:TrackPointExtension>
        </extensions>
      </trkpt>
      <trkpt lat="48.64770862273871898651123046875" lon="-2.38294933922588825225830078125">
        <ele>51.59999847412109375</ele>
        <time>2025-08-18T12:09:08.000Z</time>
        <extensions>
          <ns3:TrackPointExtension>
            <ns3:atemp>30.0</ns3:atemp>
            <ns3:hr>114</ns3:hr>
          </ns3:TrackPointExtension>
        </extensions>
      </trkpt>
      <trkpt lat="48.64770862273871898651123046875" lon="-2.38296174444258213043212890625">
        <ele>51.799999237060546875</ele>
        <time>2025-08-18T12:09:09.000Z</time>
        <extensions>
          <ns3:TrackPointExtension>
            <ns3:atemp>30.0</ns3:atemp>
            <ns3:hr>114</ns3:hr>
          </ns3:TrackPointExtension>
        </extensions>
      </trkpt>
      <trkpt lat="48.64769303239881992340087890625" lon="-2.38299678079783916473388671875">
        <ele>51.799999237060546875</ele>
        <time>2025-08-18T12:09:12.000Z</time>
        <extensions>
          <ns3:TrackPointExtension>
            <ns3:atemp>30.0</ns3:atemp>
            <ns3:hr>115</ns3:hr>
          </ns3:TrackPointExtension>
        </extensions>
      </trkpt>
      <trkpt lat="48.64768481813371181488037109375" lon="-2.38301086239516735076904296875">
        <ele>51.799999237060546875</ele>
        <time>2025-08-18T12:09:13.000Z</time>
        <extensions>
          <ns3:TrackPointExtension>
            <ns3:atemp>30.0</ns3:atemp>
            <ns3:hr>116</ns3:hr>
          </ns3:TrackPointExtension>
        </extensions>
      </trkpt>
      <trkpt lat="48.64768423140048980712890625" lon="-2.38301924429833889007568359375">
        <ele>52</ele>
        <time>2025-08-18T12:09:14.000Z</time>
        <extensions>
          <ns3:TrackPointExtension>
            <ns3:atemp>30.0</ns3:atemp>
            <ns3:hr>116</ns3:hr>
          </ns3:TrackPointExtension>
        </extensions>
      </trkpt>
      <trkpt lat="48.64768180064857006072998046875" lon="-2.38302779383957386016845703125">
        <ele>52</ele>
        <time>2025-08-18T12:09:17.000Z</time>
        <extensions>
          <ns3:TrackPointExtension>
            <ns3:atemp>30.0</ns3:atemp>
            <ns3:hr>115</ns3:hr>
          </ns3:TrackPointExtension>
        </extensions>
      </trkpt>
      <trkpt lat="48.6476686410605907440185546875" lon="-2.3830493353307247161865234375">
        <ele>52.200000762939453125</ele>
        <time>2025-08-18T12:09:19.000Z</time>
        <extensions>
          <ns3:TrackPointExtension>
            <ns3:atemp>30.0</ns3:atemp>
            <ns3:hr>113</ns3:hr>
          </ns3:TrackPointExtension>
        </extensions>
      </trkpt>
      <trkpt lat="48.647670485079288482666015625" lon="-2.38305645994842052459716796875">
        <ele>52.200000762939453125</ele>
        <time>2025-08-18T12:09:20.000Z</time>
        <extensions>
          <ns3:TrackPointExtension>
            <ns3:atemp>30.0</ns3:atemp>
            <ns3:hr>113</ns3:hr>
          </ns3:TrackPointExtension>
        </extensions>
      </trkpt>
      <trkpt lat="48.64766336046159267425537109375" lon="-2.383084036409854888916015625">
        <ele>52.200000762939453125</ele>
        <time>2025-08-18T12:09:22.000Z</time>
        <extensions>
          <ns3:TrackPointExtension>
            <ns3:atemp>30.0</ns3:atemp>
            <ns3:hr>113</ns3:hr>
          </ns3:TrackPointExtension>
        </extensions>
      </trkpt>
      <trkpt lat="48.647655732929706573486328125" lon="-2.3831013031303882598876953125">
        <ele>52.200000762939453125</ele>
        <time>2025-08-18T12:09:23.000Z</time>
        <extensions>
          <ns3:TrackPointExtension>
            <ns3:atemp>30.0</ns3:atemp>
            <ns3:hr>113</ns3:hr>
          </ns3:TrackPointExtension>
        </extensions>
      </trkpt>
      <trkpt lat="48.6476339399814605712890625" lon="-2.3831425420939922332763671875">
        <ele>52.200000762939453125</ele>
        <time>2025-08-18T12:09:25.000Z</time>
        <extensions>
          <ns3:TrackPointExtension>
            <ns3:atemp>30.0</ns3:atemp>
            <ns3:hr>112</ns3:hr>
          </ns3:TrackPointExtension>
        </extensions>
      </trkpt>
      <trkpt lat="48.64762279205024242401123046875" lon="-2.38316760398447513580322265625">
        <ele>52.200000762939453125</ele>
        <time>2025-08-18T12:09:27.000Z</time>
        <extensions>
          <ns3:TrackPointExtension>
            <ns3:atemp>30.0</ns3:atemp>
            <ns3:hr>111</ns3:hr>
          </ns3:TrackPointExtension>
        </extensions>
      </trkpt>
      <trkpt lat="48.647582642734050750732421875" lon="-2.38322460092604160308837890625">
        <ele>52.40000152587890625</ele>
        <time>2025-08-18T12:09:32.000Z</time>
        <extensions>
          <ns3:TrackPointExtension>
            <ns3:atemp>30.0</ns3:atemp>
            <ns3:hr>109</ns3:hr>
          </ns3:TrackPointExtension>
        </extensions>
      </trkpt>
      <trkpt lat="48.64751365967094898223876953125" lon="-2.38333046436309814453125">
        <ele>52.200000762939453125</ele>
        <time>2025-08-18T12:09:38.000Z</time>
        <extensions>
          <ns3:TrackPointExtension>
            <ns3:atemp>30.0</ns3:atemp>
            <ns3:hr>108</ns3:hr>
          </ns3:TrackPointExtension>
        </extensions>
      </trkpt>
      <trkpt lat="48.6474959738552570343017578125" lon="-2.38334731198847293853759765625">
        <ele>52.40000152587890625</ele>
        <time>2025-08-18T12:09:39.000Z</time>
        <extensions>
          <ns3:TrackPointExtension>
            <ns3:atemp>30.0</ns3:atemp>
            <ns3:hr>108</ns3:hr>
          </ns3:TrackPointExtension>
        </extensions>
      </trkpt>
      <trkpt lat="48.64747242070734500885009765625" lon="-2.38341872580349445343017578125">
        <ele>52.40000152587890625</ele>
        <time>2025-08-18T12:09:44.000Z</time>
        <extensions>
          <ns3:TrackPointExtension>
            <ns3:atemp>30.0</ns3:atemp>
            <ns3:hr>110</ns3:hr>
          </ns3:TrackPointExtension>
        </extensions>
      </trkpt>
      <trkpt lat="48.6474755220115184783935546875" lon="-2.38343297503888607025146484375">
        <ele>52.40000152587890625</ele>
        <time>2025-08-18T12:09:45.000Z</time>
        <extensions>
          <ns3:TrackPointExtension>
            <ns3:atemp>30.0</ns3:atemp>
            <ns3:hr>111</ns3:hr>
          </ns3:TrackPointExtension>
        </extensions>
      </trkpt>
      <trkpt lat="48.6474634520709514617919921875" lon="-2.3834721185266971588134765625">
        <ele>52.59999847412109375</ele>
        <time>2025-08-18T12:09:51.000Z</time>
        <extensions>
          <ns3:TrackPointExtension>
            <ns3:atemp>30.0</ns3:atemp>
            <ns3:hr>111</ns3:hr>
          </ns3:TrackPointExtension>
        </extensions>
      </trkpt>
      <trkpt lat="48.6474527232348918914794921875" lon="-2.38350790925323963165283203125">
        <ele>52.799999237060546875</ele>
        <time>2025-08-18T12:09:55.000Z</time>
        <extensions>
          <ns3:TrackPointExtension>
            <ns3:atemp>30.0</ns3:atemp>
            <ns3:hr>111</ns3:hr>
          </ns3:TrackPointExtension>
        </extensions>
      </trkpt>
      <trkpt lat="48.6474346183240413665771484375" lon="-2.38354747183620929718017578125">
        <ele>53</ele>
        <time>2025-08-18T12:10:01.000Z</time>
        <extensions>
          <ns3:TrackPointExtension>
            <ns3:atemp>30.0</ns3:atemp>
            <ns3:hr>111</ns3:hr>
          </ns3:TrackPointExtension>
        </extensions>
      </trkpt>
      <trkpt lat="48.6474155075848102569580078125" lon="-2.38360011018812656402587890625">
        <ele>53.200000762939453125</ele>
        <time>2025-08-18T12:10:07.000Z</time>
        <extensions>
          <ns3:TrackPointExtension>
            <ns3:atemp>30.0</ns3:atemp>
            <ns3:hr>114</ns3:hr>
          </ns3:TrackPointExtension>
        </extensions>
      </trkpt>
      <trkpt lat="48.64739849232137203216552734375" lon="-2.38367957063019275665283203125">
        <ele>53.200000762939453125</ele>
        <time>2025-08-18T12:10:12.000Z</time>
        <extensions>
          <ns3:TrackPointExtension>
            <ns3:atemp>30.0</ns3:atemp>
            <ns3:hr>113</ns3:hr>
          </ns3:TrackPointExtension>
        </extensions>
      </trkpt>
      <trkpt lat="48.64737569354474544525146484375" lon="-2.383730448782444000244140625">
        <ele>53.200000762939453125</ele>
        <time>2025-08-18T12:10:16.000Z</time>
        <extensions>
          <ns3:TrackPointExtension>
            <ns3:atemp>30.0</ns3:atemp>
            <ns3:hr>110</ns3:hr>
          </ns3:TrackPointExtension>
        </extensions>
      </trkpt>
      <trkpt lat="48.647355325520038604736328125" lon="-2.38377772271633148193359375">
        <ele>53.40000152587890625</ele>
        <time>2025-08-18T12:10:19.000Z</time>
        <extensions>
          <ns3:TrackPointExtension>
            <ns3:atemp>30.0</ns3:atemp>
            <ns3:hr>107</ns3:hr>
          </ns3:TrackPointExtension>
        </extensions>
      </trkpt>
      <trkpt lat="48.6473088897764682769775390625" lon="-2.383880652487277984619140625">
        <ele>53.40000152587890625</ele>
        <time>2025-08-18T12:10:27.000Z</time>
        <extensions>
          <ns3:TrackPointExtension>
            <ns3:atemp>30.0</ns3:atemp>
            <ns3:hr>106</ns3:hr>
          </ns3:TrackPointExtension>
        </extensions>
      </trkpt>
      <trkpt lat="48.6472887732088565826416015625" lon="-2.38391493447124958038330078125">
        <ele>53.40000152587890625</ele>
        <time>2025-08-18T12:10:30.000Z</time>
        <extensions>
          <ns3:TrackPointExtension>
            <ns3:atemp>30.0</ns3:atemp>
            <ns3:hr>109</ns3:hr>
          </ns3:TrackPointExtension>
        </extensions>
      </trkpt>
      <trkpt lat="48.64726337604224681854248046875" lon="-2.383948378264904022216796875">
        <ele>53.59999847412109375</ele>
        <time>2025-08-18T12:10:34.000Z</time>
        <extensions>
          <ns3:TrackPointExtension>
            <ns3:atemp>30.0</ns3:atemp>
            <ns3:hr>109</ns3:hr>
          </ns3:TrackPointExtension>
        </extensions>
      </trkpt>
      <trkpt lat="48.6472401581704616546630859375" lon="-2.38399640657007694244384765625">
        <ele>54.200000762939453125</ele>
        <time>2025-08-18T12:10:41.000Z</time>
        <extensions>
          <ns3:TrackPointExtension>
            <ns3:atemp>30.0</ns3:atemp>
            <ns3:hr>108</ns3:hr>
          </ns3:TrackPointExtension>
        </extensions>
      </trkpt>
      <trkpt lat="48.64720369689166545867919921875" lon="-2.38406815566122531890869140625">
        <ele>54.200000762939453125</ele>
        <time>2025-08-18T12:10:48.000Z</time>
        <extensions>
          <ns3:TrackPointExtension>
            <ns3:atemp>30.0</ns3:atemp>
            <ns3:hr>109</ns3:hr>
          </ns3:TrackPointExtension>
        </extensions>
      </trkpt>
      <trkpt lat="48.64720118232071399688720703125" lon="-2.38414007239043712615966796875">
        <ele>54.200000762939453125</ele>
        <time>2025-08-18T12:10:53.000Z</time>
        <extensions>
          <ns3:TrackPointExtension>
            <ns3:atemp>30.0</ns3:atemp>
            <ns3:hr>108</ns3:hr>
          </ns3:TrackPointExtension>
        </extensions>
      </trkpt>
      <trkpt lat="48.64722414873540401458740234375" lon="-2.38417678512632846832275390625">
        <ele>54</ele>
        <time>2025-08-18T12:10:56.000Z</time>
        <extensions>
          <ns3:TrackPointExtension>
            <ns3:atemp>30.0</ns3:atemp>
            <ns3:hr>110</ns3:hr>
          </ns3:TrackPointExtension>
        </extensions>
      </trkpt>
      <trkpt lat="48.6472344584763050079345703125" lon="-2.38418851979076862335205078125">
        <ele>54</ele>
        <time>2025-08-18T12:10:57.000Z</time>
        <extensions>
          <ns3:TrackPointExtension>
            <ns3:atemp>30.0</ns3:atemp>
            <ns3:hr>110</ns3:hr>
          </ns3:TrackPointExtension>
        </extensions>
      </trkpt>
      <trkpt lat="48.6472691595554351806640625" lon="-2.38425649702548980712890625">
        <ele>54</ele>
        <time>2025-08-18T12:11:02.000Z</time>
        <extensions>
          <ns3:TrackPointExtension>
            <ns3:atemp>30.0</ns3:atemp>
            <ns3:hr>109</ns3:hr>
          </ns3:TrackPointExtension>
        </extensions>
      </trkpt>
      <trkpt lat="48.64732020534574985504150390625" lon="-2.38428709097206592559814453125">
        <ele>53.799999237060546875</ele>
        <time>2025-08-18T12:11:07.000Z</time>
        <extensions>
          <ns3:TrackPointExtension>
            <ns3:atemp>30.0</ns3:atemp>
            <ns3:hr>106</ns3:hr>
          </ns3:TrackPointExtension>
        </extensions>
      </trkpt>
      <trkpt lat="48.647345602512359619140625" lon="-2.3843287490308284759521484375">
        <ele>53.799999237060546875</ele>
        <time>2025-08-18T12:11:10.000Z</time>
        <extensions>
          <ns3:TrackPointExtension>
            <ns3:atemp>30.0</ns3:atemp>
            <ns3:hr>106</ns3:hr>
          </ns3:TrackPointExtension>
        </extensions>
      </trkpt>
      <trkpt lat="48.64737032912671566009521484375" lon="-2.3844797909259796142578125">
        <ele>53.40000152587890625</ele>
        <time>2025-08-18T12:11:18.000Z</time>
        <extensions>
          <ns3:TrackPointExtension>
            <ns3:atemp>30.0</ns3:atemp>
            <ns3:hr>105</ns3:hr>
          </ns3:TrackPointExtension>
        </extensions>
      </trkpt>
      <trkpt lat="48.64737954922020435333251953125" lon="-2.38449521362781524658203125">
        <ele>53.40000152587890625</ele>
        <time>2025-08-18T12:11:19.000Z</time>
        <extensions>
          <ns3:TrackPointExtension>
            <ns3:atemp>30.0</ns3:atemp>
            <ns3:hr>106</ns3:hr>
          </ns3:TrackPointExtension>
        </extensions>
      </trkpt>
      <trkpt lat="48.64739966578781604766845703125" lon="-2.38455380313098430633544921875">
        <ele>53.200000762939453125</ele>
        <time>2025-08-18T12:11:22.000Z</time>
        <extensions>
          <ns3:TrackPointExtension>
            <ns3:atemp>30.0</ns3:atemp>
            <ns3:hr>108</ns3:hr>
          </ns3:TrackPointExtension>
        </extensions>
      </trkpt>
      <trkpt lat="48.64744023419916629791259765625" lon="-2.3846378736197948455810546875">
        <ele>53</ele>
        <time>2025-08-18T12:11:27.000Z</time>
        <extensions>
          <ns3:TrackPointExtension>
            <ns3:atemp>30.0</ns3:atemp>
            <ns3:hr>107</ns3:hr>
          </ns3:TrackPointExtension>
        </extensions>
      </trkpt>
      <trkpt lat="48.6474775336682796478271484375" lon="-2.38471917808055877685546875">
        <ele>53</ele>
        <time>2025-08-18T12:11:36.000Z</time>
        <extensions>
          <ns3:TrackPointExtension>
            <ns3:atemp>30.0</ns3:atemp>
            <ns3:hr>105</ns3:hr>
          </ns3:TrackPointExtension>
        </extensions>
      </trkpt>
      <trkpt lat="48.64748985506594181060791015625" lon="-2.38479000516235828399658203125">
        <ele>53</ele>
        <time>2025-08-18T12:11:42.000Z</time>
        <extensions>
          <ns3:TrackPointExtension>
            <ns3:atemp>30.0</ns3:atemp>
            <ns3:hr>104</ns3:hr>
          </ns3:TrackPointExtension>
        </extensions>
      </trkpt>
      <trkpt lat="48.6474497057497501373291015625" lon="-2.38486141897737979888916015625">
        <ele>53</ele>
        <time>2025-08-18T12:11:49.000Z</time>
        <extensions>
          <ns3:TrackPointExtension>
            <ns3:atemp>30.0</ns3:atemp>
            <ns3:hr>103</ns3:hr>
          </ns3:TrackPointExtension>
        </extensions>
      </trkpt>
      <trkpt lat="48.6474155075848102569580078125" lon="-2.38495387136936187744140625">
        <ele>53</ele>
        <time>2025-08-18T12:11:56.000Z</time>
        <extensions>
          <ns3:TrackPointExtension>
            <ns3:atemp>30.0</ns3:atemp>
            <ns3:hr>103</ns3:hr>
          </ns3:TrackPointExtension>
        </extensions>
      </trkpt>
      <trkpt lat="48.6473970673978328704833984375" lon="-2.38499653525650501251220703125">
        <ele>53</ele>
        <time>2025-08-18T12:11:59.000Z</time>
        <extensions>
          <ns3:TrackPointExtension>
            <ns3:atemp>30.0</ns3:atemp>
            <ns3:hr>105</ns3:hr>
          </ns3:TrackPointExtension>
        </extensions>
      </trkpt>
      <trkpt lat="48.64738650619983673095703125" lon="-2.38502436317503452301025390625">
        <ele>53.200000762939453125</ele>
        <time>2025-08-18T12:12:02.000Z</time>
        <extensions>
          <ns3:TrackPointExtension>
            <ns3:atemp>30.0</ns3:atemp>
            <ns3:hr>104</ns3:hr>
          </ns3:TrackPointExtension>
        </extensions>
      </trkpt>
      <trkpt lat="48.647371418774127960205078125" lon="-2.38512712530791759490966796875">
        <ele>53.200000762939453125</ele>
        <time>2025-08-18T12:12:07.000Z</time>
        <extensions>
          <ns3:TrackPointExtension>
            <ns3:atemp>30.0</ns3:atemp>
            <ns3:hr>104</ns3:hr>
          </ns3:TrackPointExtension>
        </extensions>
      </trkpt>
      <trkpt lat="48.6473407410085201263427734375" lon="-2.3852790892124176025390625">
        <ele>53.40000152587890625</ele>
        <time>2025-08-18T12:12:14.000Z</time>
        <extensions>
          <ns3:TrackPointExtension>
            <ns3:atemp>30.0</ns3:atemp>
            <ns3:hr>106</ns3:hr>
          </ns3:TrackPointExtension>
        </extensions>
      </trkpt>
      <trkpt lat="48.64732171408832073211669921875" lon="-2.3853691108524799346923828125">
        <ele>53.40000152587890625</ele>
        <time>2025-08-18T12:12:21.000Z</time>
        <extensions>
          <ns3:TrackPointExtension>
            <ns3:atemp>30.0</ns3:atemp>
            <ns3:hr>107</ns3:hr>
          </ns3:TrackPointExtension>
        </extensions>
      </trkpt>
      <trkpt lat="48.64730344153940677642822265625" lon="-2.3854334838688373565673828125">
        <ele>53.40000152587890625</ele>
        <time>2025-08-18T12:12:26.000Z</time>
        <extensions>
          <ns3:TrackPointExtension>
            <ns3:atemp>30.0</ns3:atemp>
            <ns3:hr>106</ns3:hr>
          </ns3:TrackPointExtension>
        </extensions>
      </trkpt>
      <trkpt lat="48.647295646369457244873046875" lon="-2.3854485712945461273193359375">
        <ele>53.59999847412109375</ele>
        <time>2025-08-18T12:12:27.000Z</time>
        <extensions>
          <ns3:TrackPointExtension>
            <ns3:atemp>30.0</ns3:atemp>
            <ns3:hr>106</ns3:hr>
          </ns3:TrackPointExtension>
        </extensions>
      </trkpt>
      <trkpt lat="48.6472897790372371673583984375" lon="-2.3854941688477993011474609375">
        <ele>53.59999847412109375</ele>
        <time>2025-08-18T12:12:31.000Z</time>
        <extensions>
          <ns3:TrackPointExtension>
            <ns3:atemp>30.0</ns3:atemp>
            <ns3:hr>103</ns3:hr>
          </ns3:TrackPointExtension>
        </extensions>
      </trkpt>
      <trkpt lat="48.64727946929633617401123046875" lon="-2.38552073948085308074951171875">
        <ele>53.40000152587890625</ele>
        <time>2025-08-18T12:12:34.000Z</time>
        <extensions>
          <ns3:TrackPointExtension>
            <ns3:atemp>30.0</ns3:atemp>
            <ns3:hr>101</ns3:hr>
          </ns3:TrackPointExtension>
        </extensions>
      </trkpt>
      <trkpt lat="48.6472606100142002105712890625" lon="-2.38566306419670581817626953125">
        <ele>53.40000152587890625</ele>
        <time>2025-08-18T12:12:42.000Z</time>
        <extensions>
          <ns3:TrackPointExtension>
            <ns3:atemp>30.0</ns3:atemp>
            <ns3:hr>100</ns3:hr>
          </ns3:TrackPointExtension>
        </extensions>
      </trkpt>
      <trkpt lat="48.64725566469132900238037109375" lon="-2.38573732785880565643310546875">
        <ele>53.40000152587890625</ele>
        <time>2025-08-18T12:12:47.000Z</time>
        <extensions>
          <ns3:TrackPointExtension>
            <ns3:atemp>30.0</ns3:atemp>
            <ns3:hr>101</ns3:hr>
          </ns3:TrackPointExtension>
        </extensions>
      </trkpt>
      <trkpt lat="48.64724971354007720947265625" lon="-2.3857583664357662200927734375">
        <ele>53.40000152587890625</ele>
        <time>2025-08-18T12:12:48.000Z</time>
        <extensions>
          <ns3:TrackPointExtension>
            <ns3:atemp>30.0</ns3:atemp>
            <ns3:hr>101</ns3:hr>
          </ns3:TrackPointExtension>
        </extensions>
      </trkpt>
      <trkpt lat="48.64721174351871013641357421875" lon="-2.385859787464141845703125">
        <ele>53.59999847412109375</ele>
        <time>2025-08-18T12:12:53.000Z</time>
        <extensions>
          <ns3:TrackPointExtension>
            <ns3:atemp>30.0</ns3:atemp>
            <ns3:hr>100</ns3:hr>
          </ns3:TrackPointExtension>
        </extensions>
      </trkpt>
      <trkpt lat="48.64720604382455348968505859375" lon="-2.3858810774981975555419921875">
        <ele>53.799999237060546875</ele>
        <time>2025-08-18T12:12:54.000Z</time>
        <extensions>
          <ns3:TrackPointExtension>
            <ns3:atemp>30.0</ns3:atemp>
            <ns3:hr>100</ns3:hr>
          </ns3:TrackPointExtension>
        </extensions>
      </trkpt>
      <trkpt lat="48.6472056247293949127197265625" lon="-2.38594586960971355438232421875">
        <ele>54.200000762939453125</ele>
        <time>2025-08-18T12:13:00.000Z</time>
        <extensions>
          <ns3:TrackPointExtension>
            <ns3:atemp>30.0</ns3:atemp>
            <ns3:hr>99</ns3:hr>
          </ns3:TrackPointExtension>
        </extensions>
      </trkpt>
      <trkpt lat="48.6471922136843204498291015625" lon="-2.38600932061672210693359375">
        <ele>54.200000762939453125</ele>
        <time>2025-08-18T12:13:06.000Z</time>
        <extensions>
          <ns3:TrackPointExtension>
            <ns3:atemp>30.0</ns3:atemp>
            <ns3:hr>103</ns3:hr>
          </ns3:TrackPointExtension>
        </extensions>
      </trkpt>
      <trkpt lat="48.64718441851437091827392578125" lon="-2.38607998006045818328857421875">
        <ele>54.40000152587890625</ele>
        <time>2025-08-18T12:13:09.000Z</time>
        <extensions>
          <ns3:TrackPointExtension>
            <ns3:atemp>30.0</ns3:atemp>
            <ns3:hr>106</ns3:hr>
          </ns3:TrackPointExtension>
        </extensions>
      </trkpt>
      <trkpt lat="48.6471724323928356170654296875" lon="-2.38610588014125823974609375">
        <ele>54.40000152587890625</ele>
        <time>2025-08-18T12:13:12.000Z</time>
        <extensions>
          <ns3:TrackPointExtension>
            <ns3:atemp>30.0</ns3:atemp>
            <ns3:hr>106</ns3:hr>
          </ns3:TrackPointExtension>
        </extensions>
      </trkpt>
      <trkpt lat="48.6471449397504329681396484375" lon="-2.38620855845510959625244140625">
        <ele>54.59999847412109375</ele>
        <time>2025-08-18T12:13:19.000Z</time>
        <extensions>
          <ns3:TrackPointExtension>
            <ns3:atemp>30.0</ns3:atemp>
            <ns3:hr>109</ns3:hr>
          </ns3:TrackPointExtension>
        </extensions>
      </trkpt>
      <trkpt lat="48.64713530056178569793701171875" lon="-2.386240996420383453369140625">
        <ele>54.59999847412109375</ele>
        <time>2025-08-18T12:13:21.000Z</time>
        <extensions>
          <ns3:TrackPointExtension>
            <ns3:atemp>30.0</ns3:atemp>
            <ns3:hr>110</ns3:hr>
          </ns3:TrackPointExtension>
        </extensions>
      </trkpt>
      <trkpt lat="48.6471023596823215484619140625" lon="-2.386350966989994049072265625">
        <ele>54.59999847412109375</ele>
        <time>2025-08-18T12:13:27.000Z</time>
        <extensions>
          <ns3:TrackPointExtension>
            <ns3:atemp>30.0</ns3:atemp>
            <ns3:hr>112</ns3:hr>
          </ns3:TrackPointExtension>
        </extensions>
      </trkpt>
      <trkpt lat="48.6470438539981842041015625" lon="-2.3864765278995037078857421875">
        <ele>54.799999237060546875</ele>
        <time>2025-08-18T12:13:33.000Z</time>
        <extensions>
          <ns3:TrackPointExtension>
            <ns3:atemp>30.0</ns3:atemp>
            <ns3:hr>110</ns3:hr>
          </ns3:TrackPointExtension>
        </extensions>
      </trkpt>
      <trkpt lat="48.6470145173370838165283203125" lon="-2.386567555367946624755859375">
        <ele>55</ele>
        <time>2025-08-18T12:13:38.000Z</time>
        <extensions>
          <ns3:TrackPointExtension>
            <ns3:atemp>30.0</ns3:atemp>
            <ns3:hr>110</ns3:hr>
          </ns3:TrackPointExtension>
        </extensions>
      </trkpt>
      <trkpt lat="48.6470170319080352783203125" lon="-2.386654727160930633544921875">
        <ele>55</ele>
        <time>2025-08-18T12:13:42.000Z</time>
        <extensions>
          <ns3:TrackPointExtension>
            <ns3:atemp>30.0</ns3:atemp>
            <ns3:hr>109</ns3:hr>
          </ns3:TrackPointExtension>
        </extensions>
      </trkpt>
      <trkpt lat="48.6470332928001880645751953125" lon="-2.3866900987923145294189453125">
        <ele>55.200000762939453125</ele>
        <time>2025-08-18T12:13:45.000Z</time>
        <extensions>
          <ns3:TrackPointExtension>
            <ns3:atemp>30.0</ns3:atemp>
            <ns3:hr>108</ns3:hr>
          </ns3:TrackPointExtension>
        </extensions>
      </trkpt>
      <trkpt lat="48.647058270871639251708984375" lon="-2.386761009693145751953125">
        <ele>55.200000762939453125</ele>
        <time>2025-08-18T12:13:49.000Z</time>
        <extensions>
          <ns3:TrackPointExtension>
            <ns3:atemp>30.0</ns3:atemp>
            <ns3:hr>110</ns3:hr>
          </ns3:TrackPointExtension>
        </extensions>
      </trkpt>
      <trkpt lat="48.64707000553607940673828125" lon="-2.386779449880123138427734375">
        <ele>55.200000762939453125</ele>
        <time>2025-08-18T12:13:51.000Z</time>
        <extensions>
          <ns3:TrackPointExtension>
            <ns3:atemp>30.0</ns3:atemp>
            <ns3:hr>110</ns3:hr>
          </ns3:TrackPointExtension>
        </extensions>
      </trkpt>
      <trkpt lat="48.647075034677982330322265625" lon="-2.38688883371651172637939453125">
        <ele>55.40000152587890625</ele>
        <time>2025-08-18T12:13:57.000Z</time>
        <extensions>
          <ns3:TrackPointExtension>
            <ns3:atemp>30.0</ns3:atemp>
            <ns3:hr>110</ns3:hr>
          </ns3:TrackPointExtension>
        </extensions>
      </trkpt>
      <trkpt lat="48.64707511849701404571533203125" lon="-2.38695773296058177947998046875">
        <ele>55.59999847412109375</ele>
        <time>2025-08-18T12:14:01.000Z</time>
        <extensions>
          <ns3:TrackPointExtension>
            <ns3:atemp>31.0</ns3:atemp>
            <ns3:hr>111</ns3:hr>
          </ns3:TrackPointExtension>
        </extensions>
      </trkpt>
      <trkpt lat="48.6470577679574489593505859375" lon="-2.3870050907135009765625">
        <ele>55.59999847412109375</ele>
        <time>2025-08-18T12:14:04.000Z</time>
        <extensions>
          <ns3:TrackPointExtension>
            <ns3:atemp>31.0</ns3:atemp>
            <ns3:hr>111</ns3:hr>
          </ns3:TrackPointExtension>
        </extensions>
      </trkpt>
      <trkpt lat="48.64707143045961856842041015625" lon="-2.38707558251917362213134765625">
        <ele>55.59999847412109375</ele>
        <time>2025-08-18T12:14:09.000Z</time>
        <extensions>
          <ns3:TrackPointExtension>
            <ns3:atemp>31.0</ns3:atemp>
            <ns3:hr>110</ns3:hr>
          </ns3:TrackPointExtension>
        </extensions>
      </trkpt>
      <trkpt lat="48.64707268774509429931640625" lon="-2.38710634410381317138671875">
        <ele>55.59999847412109375</ele>
        <time>2025-08-18T12:14:11.000Z</time>
        <extensions>
          <ns3:TrackPointExtension>
            <ns3:atemp>31.0</ns3:atemp>
            <ns3:hr>109</ns3:hr>
          </ns3:TrackPointExtension>
        </extensions>
      </trkpt>
      <trkpt lat="48.64707930944859981536865234375" lon="-2.38710911013185977935791015625">
        <ele>55.59999847412109375</ele>
        <time>2025-08-18T12:14:12.000Z</time>
        <extensions>
          <ns3:TrackPointExtension>
            <ns3:atemp>31.0</ns3:atemp>
            <ns3:hr>109</ns3:hr>
          </ns3:TrackPointExtension>
        </extensions>
      </trkpt>
      <trkpt lat="48.6470832489430904388427734375" lon="-2.3871158994734287261962890625">
        <ele>55.59999847412109375</ele>
        <time>2025-08-18T12:14:13.000Z</time>
        <extensions>
          <ns3:TrackPointExtension>
            <ns3:atemp>31.0</ns3:atemp>
            <ns3:hr>109</ns3:hr>
          </ns3:TrackPointExtension>
        </extensions>
      </trkpt>
      <trkpt lat="48.6470966599881649017333984375" lon="-2.38715353421866893768310546875">
        <ele>55.799999237060546875</ele>
        <time>2025-08-18T12:14:16.000Z</time>
        <extensions>
          <ns3:TrackPointExtension>
            <ns3:atemp>31.0</ns3:atemp>
            <ns3:hr>108</ns3:hr>
          </ns3:TrackPointExtension>
        </extensions>
      </trkpt>
      <trkpt lat="48.6470974981784820556640625" lon="-2.38718949258327484130859375">
        <ele>55.799999237060546875</ele>
        <time>2025-08-18T12:14:18.000Z</time>
        <extensions>
          <ns3:TrackPointExtension>
            <ns3:atemp>31.0</ns3:atemp>
            <ns3:hr>108</ns3:hr>
          </ns3:TrackPointExtension>
        </extensions>
      </trkpt>
      <trkpt lat="48.647091798484325408935546875" lon="-2.38731362856924533843994140625">
        <ele>56.200000762939453125</ele>
        <time>2025-08-18T12:14:24.000Z</time>
        <extensions>
          <ns3:TrackPointExtension>
            <ns3:atemp>31.0</ns3:atemp>
            <ns3:hr>109</ns3:hr>
          </ns3:TrackPointExtension>
        </extensions>
      </trkpt>
      <trkpt lat="48.64708333276212215423583984375" lon="-2.3873385228216648101806640625">
        <ele>56.200000762939453125</ele>
        <time>2025-08-18T12:14:25.000Z</time>
        <extensions>
          <ns3:TrackPointExtension>
            <ns3:atemp>31.0</ns3:atemp>
            <ns3:hr>109</ns3:hr>
          </ns3:TrackPointExtension>
        </extensions>
      </trkpt>
      <trkpt lat="48.64707813598215579986572265625" lon="-2.3874246887862682342529296875">
        <ele>56.40000152587890625</ele>
        <time>2025-08-18T12:14:30.000Z</time>
        <extensions>
          <ns3:TrackPointExtension>
            <ns3:atemp>31.0</ns3:atemp>
            <ns3:hr>109</ns3:hr>
          </ns3:TrackPointExtension>
        </extensions>
      </trkpt>
      <trkpt lat="48.64707796834409236907958984375" lon="-2.38743382506072521209716796875">
        <ele>56.40000152587890625</ele>
        <time>2025-08-18T12:14:31.000Z</time>
        <extensions>
          <ns3:TrackPointExtension>
            <ns3:atemp>31.0</ns3:atemp>
            <ns3:hr>109</ns3:hr>
          </ns3:TrackPointExtension>
        </extensions>
      </trkpt>
      <trkpt lat="48.647081069648265838623046875" lon="-2.38748160190880298614501953125">
        <ele>56.59999847412109375</ele>
        <time>2025-08-18T12:14:34.000Z</time>
        <extensions>
          <ns3:TrackPointExtension>
            <ns3:atemp>31.0</ns3:atemp>
            <ns3:hr>109</ns3:hr>
          </ns3:TrackPointExtension>
        </extensions>
      </trkpt>
      <trkpt lat="48.64706975407898426055908203125" lon="-2.3875376768410205841064453125">
        <ele>56.799999237060546875</ele>
        <time>2025-08-18T12:14:38.000Z</time>
        <extensions>
          <ns3:TrackPointExtension>
            <ns3:atemp>31.0</ns3:atemp>
            <ns3:hr>109</ns3:hr>
          </ns3:TrackPointExtension>
        </extensions>
      </trkpt>
      <trkpt lat="48.6470651440322399139404296875" lon="-2.38755502738058567047119140625">
        <ele>57</ele>
        <time>2025-08-18T12:14:39.000Z</time>
        <extensions>
          <ns3:TrackPointExtension>
            <ns3:atemp>31.0</ns3:atemp>
            <ns3:hr>109</ns3:hr>
          </ns3:TrackPointExtension>
        </extensions>
      </trkpt>
      <trkpt lat="48.64706003107130527496337890625" lon="-2.38756827078759670257568359375">
        <ele>57</ele>
        <time>2025-08-18T12:14:40.000Z</time>
        <extensions>
          <ns3:TrackPointExtension>
            <ns3:atemp>31.0</ns3:atemp>
            <ns3:hr>109</ns3:hr>
          </ns3:TrackPointExtension>
        </extensions>
      </trkpt>
      <trkpt lat="48.6470259167253971099853515625" lon="-2.38759911619126796722412109375">
        <ele>57</ele>
        <time>2025-08-18T12:14:42.000Z</time>
        <extensions>
          <ns3:TrackPointExtension>
            <ns3:atemp>31.0</ns3:atemp>
            <ns3:hr>112</ns3:hr>
          </ns3:TrackPointExtension>
        </extensions>
      </trkpt>
      <trkpt lat="48.6470145173370838165283203125" lon="-2.38758939318358898162841796875">
        <ele>57</ele>
        <time>2025-08-18T12:14:44.000Z</time>
        <extensions>
          <ns3:TrackPointExtension>
            <ns3:atemp>31.0</ns3:atemp>
            <ns3:hr>113</ns3:hr>
          </ns3:TrackPointExtension>
        </extensions>
      </trkpt>
      <trkpt lat="48.646998591721057891845703125" lon="-2.3875899799168109893798828125">
        <ele>57</ele>
        <time>2025-08-18T12:14:46.000Z</time>
        <extensions>
          <ns3:TrackPointExtension>
            <ns3:atemp>31.0</ns3:atemp>
            <ns3:hr>114</ns3:hr>
          </ns3:TrackPointExtension>
        </extensions>
      </trkpt>
      <trkpt lat="48.64697051234543323516845703125" lon="-2.387621663510799407958984375">
        <ele>57.200000762939453125</ele>
        <time>2025-08-18T12:14:49.000Z</time>
        <extensions>
          <ns3:TrackPointExtension>
            <ns3:atemp>31.0</ns3:atemp>
            <ns3:hr>115</ns3:hr>
          </ns3:TrackPointExtension>
        </extensions>
      </trkpt>
      <trkpt lat="48.64693597890436649322509765625" lon="-2.38765225745737552642822265625">
        <ele>57.200000762939453125</ele>
        <time>2025-08-18T12:14:53.000Z</time>
        <extensions>
          <ns3:TrackPointExtension>
            <ns3:atemp>31.0</ns3:atemp>
            <ns3:hr>114</ns3:hr>
          </ns3:TrackPointExtension>
        </extensions>
      </trkpt>
      <trkpt lat="48.6468954943120479583740234375" lon="-2.38766181282699108123779296875">
        <ele>57.40000152587890625</ele>
        <time>2025-08-18T12:14:57.000Z</time>
        <extensions>
          <ns3:TrackPointExtension>
            <ns3:atemp>31.0</ns3:atemp>
            <ns3:hr>115</ns3:hr>
          </ns3:TrackPointExtension>
        </extensions>
      </trkpt>
      <trkpt lat="48.6468549259006977081298828125" lon="-2.3876644112169742584228515625">
        <ele>57.59999847412109375</ele>
        <time>2025-08-18T12:14:59.000Z</time>
        <extensions>
          <ns3:TrackPointExtension>
            <ns3:atemp>31.0</ns3:atemp>
            <ns3:hr>115</ns3:hr>
          </ns3:TrackPointExtension>
        </extensions>
      </trkpt>
      <trkpt lat="48.6468146927654743194580078125" lon="-2.38767371512949466705322265625">
        <ele>57.799999237060546875</ele>
        <time>2025-08-18T12:15:03.000Z</time>
        <extensions>
          <ns3:TrackPointExtension>
            <ns3:atemp>31.0</ns3:atemp>
            <ns3:hr>112</ns3:hr>
          </ns3:TrackPointExtension>
        </extensions>
      </trkpt>
      <trkpt lat="48.64677169360220432281494140625" lon="-2.38767354749143123626708984375">
        <ele>58</ele>
        <time>2025-08-18T12:15:09.000Z</time>
        <extensions>
          <ns3:TrackPointExtension>
            <ns3:atemp>31.0</ns3:atemp>
            <ns3:hr>113</ns3:hr>
          </ns3:TrackPointExtension>
        </extensions>
      </trkpt>
      <trkpt lat="48.64670866169035434722900390625" lon="-2.3877576179802417755126953125">
        <ele>58.200000762939453125</ele>
        <time>2025-08-18T12:15:15.000Z</time>
        <extensions>
          <ns3:TrackPointExtension>
            <ns3:atemp>31.0</ns3:atemp>
            <ns3:hr>114</ns3:hr>
          </ns3:TrackPointExtension>
        </extensions>
      </trkpt>
      <trkpt lat="48.6466396786272525787353515625" lon="-2.38785023801028728485107421875">
        <ele>58.40000152587890625</ele>
        <time>2025-08-18T12:15:22.000Z</time>
        <extensions>
          <ns3:TrackPointExtension>
            <ns3:atemp>31.0</ns3:atemp>
            <ns3:hr>113</ns3:hr>
          </ns3:TrackPointExtension>
        </extensions>
      </trkpt>
      <trkpt lat="48.646627105772495269775390625" lon="-2.38786180503666400909423828125">
        <ele>58.40000152587890625</ele>
        <time>2025-08-18T12:15:23.000Z</time>
        <extensions>
          <ns3:TrackPointExtension>
            <ns3:atemp>31.0</ns3:atemp>
            <ns3:hr>113</ns3:hr>
          </ns3:TrackPointExtension>
        </extensions>
      </trkpt>
      <trkpt lat="48.64660464227199554443359375" lon="-2.38787873648107051849365234375">
        <ele>58.59999847412109375</ele>
        <time>2025-08-18T12:15:26.000Z</time>
        <extensions>
          <ns3:TrackPointExtension>
            <ns3:atemp>31.0</ns3:atemp>
            <ns3:hr>113</ns3:hr>
          </ns3:TrackPointExtension>
        </extensions>
      </trkpt>
      <trkpt lat="48.64656432531774044036865234375" lon="-2.38790941424667835235595703125">
        <ele>58.799999237060546875</ele>
        <time>2025-08-18T12:15:30.000Z</time>
        <extensions>
          <ns3:TrackPointExtension>
            <ns3:atemp>31.0</ns3:atemp>
            <ns3:hr>113</ns3:hr>
          </ns3:TrackPointExtension>
        </extensions>
      </trkpt>
      <trkpt lat="48.646533228456974029541015625" lon="-2.38793355412781238555908203125">
        <ele>59</ele>
        <time>2025-08-18T12:15:34.000Z</time>
        <extensions>
          <ns3:TrackPointExtension>
            <ns3:atemp>31.0</ns3:atemp>
            <ns3:hr>114</ns3:hr>
          </ns3:TrackPointExtension>
        </extensions>
      </trkpt>
      <trkpt lat="48.64651001058518886566162109375" lon="-2.387946881353855133056640625">
        <ele>59.200000762939453125</ele>
        <time>2025-08-18T12:15:36.000Z</time>
        <extensions>
          <ns3:TrackPointExtension>
            <ns3:atemp>31.0</ns3:atemp>
            <ns3:hr>115</ns3:hr>
          </ns3:TrackPointExtension>
        </extensions>
      </trkpt>
      <trkpt lat="48.64643038250505924224853515625" lon="-2.3879996873438358306884765625">
        <ele>59.59999847412109375</ele>
        <time>2025-08-18T12:15:43.000Z</time>
        <extensions>
          <ns3:TrackPointExtension>
            <ns3:atemp>31.0</ns3:atemp>
            <ns3:hr>115</ns3:hr>
          </ns3:TrackPointExtension>
        </extensions>
      </trkpt>
      <trkpt lat="48.646397106349468231201171875" lon="-2.38802525214850902557373046875">
        <ele>59.59999847412109375</ele>
        <time>2025-08-18T12:15:46.000Z</time>
        <extensions>
          <ns3:TrackPointExtension>
            <ns3:atemp>31.0</ns3:atemp>
            <ns3:hr>115</ns3:hr>
          </ns3:TrackPointExtension>
        </extensions>
      </trkpt>
      <trkpt lat="48.6463714577257633209228515625" lon="-2.38804972730576992034912109375">
        <ele>59.59999847412109375</ele>
        <time>2025-08-18T12:15:49.000Z</time>
        <extensions>
          <ns3:TrackPointExtension>
            <ns3:atemp>31.0</ns3:atemp>
            <ns3:hr>115</ns3:hr>
          </ns3:TrackPointExtension>
        </extensions>
      </trkpt>
      <trkpt lat="48.64636349491775035858154296875" lon="-2.38806112669408321380615234375">
        <ele>59.799999237060546875</ele>
        <time>2025-08-18T12:15:50.000Z</time>
        <extensions>
          <ns3:TrackPointExtension>
            <ns3:atemp>31.0</ns3:atemp>
            <ns3:hr>114</ns3:hr>
          </ns3:TrackPointExtension>
        </extensions>
      </trkpt>
      <trkpt lat="48.6463033966720104217529296875" lon="-2.3881800659000873565673828125">
        <ele>60</ele>
        <time>2025-08-18T12:15:57.000Z</time>
        <extensions>
          <ns3:TrackPointExtension>
            <ns3:atemp>31.0</ns3:atemp>
            <ns3:hr>113</ns3:hr>
          </ns3:TrackPointExtension>
        </extensions>
      </trkpt>
      <trkpt lat="48.646276406943798065185546875" lon="-2.3882766254246234893798828125">
        <ele>60.40000152587890625</ele>
        <time>2025-08-18T12:16:04.000Z</time>
        <extensions>
          <ns3:TrackPointExtension>
            <ns3:atemp>31.0</ns3:atemp>
            <ns3:hr>114</ns3:hr>
          </ns3:TrackPointExtension>
        </extensions>
      </trkpt>
      <trkpt lat="48.64624028094112873077392578125" lon="-2.38828844390809535980224609375">
        <ele>60.799999237060546875</ele>
        <time>2025-08-18T12:16:10.000Z</time>
        <extensions>
          <ns3:TrackPointExtension>
            <ns3:atemp>31.0</ns3:atemp>
            <ns3:hr>114</ns3:hr>
          </ns3:TrackPointExtension>
        </extensions>
      </trkpt>
      <trkpt lat="48.64624246023595333099365234375" lon="-2.38827603869140148162841796875">
        <ele>60.799999237060546875</ele>
        <time>2025-08-18T12:16:11.000Z</time>
        <extensions>
          <ns3:TrackPointExtension>
            <ns3:atemp>31.0</ns3:atemp>
            <ns3:hr>114</ns3:hr>
          </ns3:TrackPointExtension>
        </extensions>
      </trkpt>
      <trkpt lat="48.646234162151813507080078125" lon="-2.3883275873959064483642578125">
        <ele>60.799999237060546875</ele>
        <time>2025-08-18T12:16:14.000Z</time>
        <extensions>
          <ns3:TrackPointExtension>
            <ns3:atemp>31.0</ns3:atemp>
            <ns3:hr>116</ns3:hr>
          </ns3:TrackPointExtension>
        </extensions>
      </trkpt>
      <trkpt lat="48.6462276242673397064208984375" lon="-2.38834694959223270416259765625">
        <ele>60.799999237060546875</ele>
        <time>2025-08-18T12:16:15.000Z</time>
        <extensions>
          <ns3:TrackPointExtension>
            <ns3:atemp>31.0</ns3:atemp>
            <ns3:hr>117</ns3:hr>
          </ns3:TrackPointExtension>
        </extensions>
      </trkpt>
      <trkpt lat="48.64618957042694091796875" lon="-2.38843076862394809722900390625">
        <ele>61.200000762939453125</ele>
        <time>2025-08-18T12:16:20.000Z</time>
        <extensions>
          <ns3:TrackPointExtension>
            <ns3:atemp>31.0</ns3:atemp>
            <ns3:hr>119</ns3:hr>
          </ns3:TrackPointExtension>
        </extensions>
      </trkpt>
      <trkpt lat="48.6461753211915493011474609375" lon="-2.38845742307603359222412109375">
        <ele>61.200000762939453125</ele>
        <time>2025-08-18T12:16:22.000Z</time>
        <extensions>
          <ns3:TrackPointExtension>
            <ns3:atemp>31.0</ns3:atemp>
            <ns3:hr>120</ns3:hr>
          </ns3:TrackPointExtension>
        </extensions>
      </trkpt>
      <trkpt lat="48.6461210064589977264404296875" lon="-2.3885438404977321624755859375">
        <ele>61.59999847412109375</ele>
        <time>2025-08-18T12:16:28.000Z</time>
        <extensions>
          <ns3:TrackPointExtension>
            <ns3:atemp>31.0</ns3:atemp>
            <ns3:hr>117</ns3:hr>
          </ns3:TrackPointExtension>
        </extensions>
      </trkpt>
      <trkpt lat="48.64611052908003330230712890625" lon="-2.3885609395802021026611328125">
        <ele>61.59999847412109375</ele>
        <time>2025-08-18T12:16:29.000Z</time>
        <extensions>
          <ns3:TrackPointExtension>
            <ns3:atemp>31.0</ns3:atemp>
            <ns3:hr>116</ns3:hr>
          </ns3:TrackPointExtension>
        </extensions>
      </trkpt>
      <trkpt lat="48.64607566036283969879150390625" lon="-2.38863059319555759429931640625">
        <ele>61.59999847412109375</ele>
        <time>2025-08-18T12:16:34.000Z</time>
        <extensions>
          <ns3:TrackPointExtension>
            <ns3:atemp>31.0</ns3:atemp>
            <ns3:hr>116</ns3:hr>
          </ns3:TrackPointExtension>
        </extensions>
      </trkpt>
      <trkpt lat="48.646077923476696014404296875" lon="-2.38863059319555759429931640625">
        <ele>61.799999237060546875</ele>
        <time>2025-08-18T12:16:36.000Z</time>
        <extensions>
          <ns3:TrackPointExtension>
            <ns3:atemp>31.0</ns3:atemp>
            <ns3:hr>115</ns3:hr>
          </ns3:TrackPointExtension>
        </extensions>
      </trkpt>
      <trkpt lat="48.6460487544536590576171875" lon="-2.38871055655181407928466796875">
        <ele>62.200000762939453125</ele>
        <time>2025-08-18T12:16:41.000Z</time>
        <extensions>
          <ns3:TrackPointExtension>
            <ns3:atemp>31.0</ns3:atemp>
            <ns3:hr>113</ns3:hr>
          </ns3:TrackPointExtension>
        </extensions>
      </trkpt>
      <trkpt lat="48.64602654241025447845458984375" lon="-2.3887560702860355377197265625">
        <ele>62.59999847412109375</ele>
        <time>2025-08-18T12:16:45.000Z</time>
        <extensions>
          <ns3:TrackPointExtension>
            <ns3:atemp>31.0</ns3:atemp>
            <ns3:hr>116</ns3:hr>
          </ns3:TrackPointExtension>
        </extensions>
      </trkpt>
      <trkpt lat="48.646008186042308807373046875" lon="-2.38878280855715274810791015625">
        <ele>62.59999847412109375</ele>
        <time>2025-08-18T12:16:47.000Z</time>
        <extensions>
          <ns3:TrackPointExtension>
            <ns3:atemp>31.0</ns3:atemp>
            <ns3:hr>119</ns3:hr>
          </ns3:TrackPointExtension>
        </extensions>
      </trkpt>
      <trkpt lat="48.64599720574915409088134765625" lon="-2.3887875862419605255126953125">
        <ele>62.799999237060546875</ele>
        <time>2025-08-18T12:16:48.000Z</time>
        <extensions>
          <ns3:TrackPointExtension>
            <ns3:atemp>31.0</ns3:atemp>
            <ns3:hr>119</ns3:hr>
          </ns3:TrackPointExtension>
        </extensions>
      </trkpt>
      <trkpt lat="48.645983375608921051025390625" lon="-2.38880225457251071929931640625">
        <ele>62.799999237060546875</ele>
        <time>2025-08-18T12:16:50.000Z</time>
        <extensions>
          <ns3:TrackPointExtension>
            <ns3:atemp>31.0</ns3:atemp>
            <ns3:hr>119</ns3:hr>
          </ns3:TrackPointExtension>
        </extensions>
      </trkpt>
      <trkpt lat="48.64594372920691967010498046875" lon="-2.3888412304222583770751953125">
        <ele>63</ele>
        <time>2025-08-18T12:16:53.000Z</time>
        <extensions>
          <ns3:TrackPointExtension>
            <ns3:atemp>31.0</ns3:atemp>
            <ns3:hr>120</ns3:hr>
          </ns3:TrackPointExtension>
        </extensions>
      </trkpt>
      <trkpt lat="48.6458824574947357177734375" lon="-2.388875596225261688232421875">
        <ele>63</ele>
        <time>2025-08-18T12:16:56.000Z</time>
        <extensions>
          <ns3:TrackPointExtension>
            <ns3:atemp>31.0</ns3:atemp>
            <ns3:hr>120</ns3:hr>
          </ns3:TrackPointExtension>
        </extensions>
      </trkpt>
      <trkpt lat="48.64585035480558872222900390625" lon="-2.3889161646366119384765625">
        <ele>63.200000762939453125</ele>
        <time>2025-08-18T12:16:58.000Z</time>
        <extensions>
          <ns3:TrackPointExtension>
            <ns3:atemp>31.0</ns3:atemp>
            <ns3:hr>120</ns3:hr>
          </ns3:TrackPointExtension>
        </extensions>
      </trkpt>
      <trkpt lat="48.645782880485057830810546875" lon="-2.3889993131160736083984375">
        <ele>63.40000152587890625</ele>
        <time>2025-08-18T12:17:04.000Z</time>
        <extensions>
          <ns3:TrackPointExtension>
            <ns3:atemp>31.0</ns3:atemp>
            <ns3:hr>119</ns3:hr>
          </ns3:TrackPointExtension>
        </extensions>
      </trkpt>
      <trkpt lat="48.645753376185894012451171875" lon="-2.38906972110271453857421875">
        <ele>63.799999237060546875</ele>
        <time>2025-08-18T12:17:10.000Z</time>
        <extensions>
          <ns3:TrackPointExtension>
            <ns3:atemp>31.0</ns3:atemp>
            <ns3:hr>118</ns3:hr>
          </ns3:TrackPointExtension>
        </extensions>
      </trkpt>
      <trkpt lat="48.64574633538722991943359375" lon="-2.38908581435680389404296875">
        <ele>63.799999237060546875</ele>
        <time>2025-08-18T12:17:11.000Z</time>
        <extensions>
          <ns3:TrackPointExtension>
            <ns3:atemp>31.0</ns3:atemp>
            <ns3:hr>118</ns3:hr>
          </ns3:TrackPointExtension>
        </extensions>
      </trkpt>
      <trkpt lat="48.645707778632640838623046875" lon="-2.3891852237284183502197265625">
        <ele>64</ele>
        <time>2025-08-18T12:17:17.000Z</time>
        <extensions>
          <ns3:TrackPointExtension>
            <ns3:atemp>31.0</ns3:atemp>
            <ns3:hr>116</ns3:hr>
          </ns3:TrackPointExtension>
        </extensions>
      </trkpt>
      <trkpt lat="48.64570744335651397705078125" lon="-2.3892593197524547576904296875">
        <ele>64.1999969482421875</ele>
        <time>2025-08-18T12:17:22.000Z</time>
        <extensions>
          <ns3:TrackPointExtension>
            <ns3:atemp>31.0</ns3:atemp>
            <ns3:hr>116</ns3:hr>
          </ns3:TrackPointExtension>
        </extensions>
      </trkpt>
      <trkpt lat="48.64566008560359477996826171875" lon="-2.38939317874610424041748046875">
        <ele>64.59999847412109375</ele>
        <time>2025-08-18T12:17:30.000Z</time>
        <extensions>
          <ns3:TrackPointExtension>
            <ns3:atemp>31.0</ns3:atemp>
            <ns3:hr>115</ns3:hr>
          </ns3:TrackPointExtension>
        </extensions>
      </trkpt>
      <trkpt lat="48.645631335675716400146484375" lon="-2.3894534446299076080322265625">
        <ele>64.59999847412109375</ele>
        <time>2025-08-18T12:17:36.000Z</time>
        <extensions>
          <ns3:TrackPointExtension>
            <ns3:atemp>31.0</ns3:atemp>
            <ns3:hr>116</ns3:hr>
          </ns3:TrackPointExtension>
        </extensions>
      </trkpt>
      <trkpt lat="48.64560795016586780548095703125" lon="-2.3894752375781536102294921875">
        <ele>64.8000030517578125</ele>
        <time>2025-08-18T12:17:39.000Z</time>
        <extensions>
          <ns3:TrackPointExtension>
            <ns3:atemp>31.0</ns3:atemp>
            <ns3:hr>116</ns3:hr>
          </ns3:TrackPointExtension>
        </extensions>
      </trkpt>
      <trkpt lat="48.6455661244690418243408203125" lon="-2.3895231820642948150634765625">
        <ele>65</ele>
        <time>2025-08-18T12:17:43.000Z</time>
        <extensions>
          <ns3:TrackPointExtension>
            <ns3:atemp>31.0</ns3:atemp>
            <ns3:hr>115</ns3:hr>
          </ns3:TrackPointExtension>
        </extensions>
      </trkpt>
      <trkpt lat="48.64549093879759311676025390625" lon="-2.3895603977143764495849609375">
        <ele>65.1999969482421875</ele>
        <time>2025-08-18T12:17:51.000Z</time>
        <extensions>
          <ns3:TrackPointExtension>
            <ns3:atemp>31.0</ns3:atemp>
            <ns3:hr>114</ns3:hr>
          </ns3:TrackPointExtension>
        </extensions>
      </trkpt>
      <trkpt lat="48.64545322023332118988037109375" lon="-2.38962166942656040191650390625">
        <ele>65.40000152587890625</ele>
        <time>2025-08-18T12:17:56.000Z</time>
        <extensions>
          <ns3:TrackPointExtension>
            <ns3:atemp>31.0</ns3:atemp>
            <ns3:hr>115</ns3:hr>
          </ns3:TrackPointExtension>
        </extensions>
      </trkpt>
      <trkpt lat="48.6454457603394985198974609375" lon="-2.38963893614709377288818359375">
        <ele>65.40000152587890625</ele>
        <time>2025-08-18T12:17:58.000Z</time>
        <extensions>
          <ns3:TrackPointExtension>
            <ns3:atemp>31.0</ns3:atemp>
            <ns3:hr>116</ns3:hr>
          </ns3:TrackPointExtension>
        </extensions>
      </trkpt>
      <trkpt lat="48.64540745504200458526611328125" lon="-2.3897059075534343719482421875">
        <ele>65.8000030517578125</ele>
        <time>2025-08-18T12:18:05.000Z</time>
        <extensions>
          <ns3:TrackPointExtension>
            <ns3:atemp>31.0</ns3:atemp>
            <ns3:hr>114</ns3:hr>
          </ns3:TrackPointExtension>
        </extensions>
      </trkpt>
      <trkpt lat="48.64537325687706470489501953125" lon="-2.3897494934499263763427734375">
        <ele>65.8000030517578125</ele>
        <time>2025-08-18T12:18:08.000Z</time>
        <extensions>
          <ns3:TrackPointExtension>
            <ns3:atemp>31.0</ns3:atemp>
            <ns3:hr>114</ns3:hr>
          </ns3:TrackPointExtension>
        </extensions>
      </trkpt>
      <trkpt lat="48.64534668624401092529296875" lon="-2.38977287895977497100830078125">
        <ele>66</ele>
        <time>2025-08-18T12:18:11.000Z</time>
        <extensions>
          <ns3:TrackPointExtension>
            <ns3:atemp>31.0</ns3:atemp>
            <ns3:hr>116</ns3:hr>
          </ns3:TrackPointExtension>
        </extensions>
      </trkpt>
      <trkpt lat="48.64528893493115901947021484375" lon="-2.38983809016644954681396484375">
        <ele>66</ele>
        <time>2025-08-18T12:18:18.000Z</time>
        <extensions>
          <ns3:TrackPointExtension>
            <ns3:atemp>31.0</ns3:atemp>
            <ns3:hr>118</ns3:hr>
          </ns3:TrackPointExtension>
        </extensions>
      </trkpt>
      <trkpt lat="48.64525071345269680023193359375" lon="-2.3899342305958271026611328125">
        <ele>66</ele>
        <time>2025-08-18T12:18:24.000Z</time>
        <extensions>
          <ns3:TrackPointExtension>
            <ns3:atemp>31.0</ns3:atemp>
            <ns3:hr>119</ns3:hr>
          </ns3:TrackPointExtension>
        </extensions>
      </trkpt>
      <trkpt lat="48.64520763047039508819580078125" lon="-2.3900254257023334503173828125">
        <ele>66.1999969482421875</ele>
        <time>2025-08-18T12:18:29.000Z</time>
        <extensions>
          <ns3:TrackPointExtension>
            <ns3:atemp>31.0</ns3:atemp>
            <ns3:hr>116</ns3:hr>
          </ns3:TrackPointExtension>
        </extensions>
      </trkpt>
      <trkpt lat="48.6451963149011135101318359375" lon="-2.39006876014173030853271484375">
        <ele>66.1999969482421875</ele>
        <time>2025-08-18T12:18:31.000Z</time>
        <extensions>
          <ns3:TrackPointExtension>
            <ns3:atemp>31.0</ns3:atemp>
            <ns3:hr>116</ns3:hr>
          </ns3:TrackPointExtension>
        </extensions>
      </trkpt>
      <trkpt lat="48.64516722969710826873779296875" lon="-2.39013263024389743804931640625">
        <ele>66</ele>
        <time>2025-08-18T12:18:36.000Z</time>
        <extensions>
          <ns3:TrackPointExtension>
            <ns3:atemp>31.0</ns3:atemp>
            <ns3:hr>115</ns3:hr>
          </ns3:TrackPointExtension>
        </extensions>
      </trkpt>
      <trkpt lat="48.6450984142720699310302734375" lon="-2.39021711982786655426025390625">
        <ele>66</ele>
        <time>2025-08-18T12:18:42.000Z</time>
        <extensions>
          <ns3:TrackPointExtension>
            <ns3:atemp>31.0</ns3:atemp>
            <ns3:hr>113</ns3:hr>
          </ns3:TrackPointExtension>
        </extensions>
      </trkpt>
      <trkpt lat="48.6450937204062938690185546875" lon="-2.3902262561023235321044921875">
        <ele>66</ele>
        <time>2025-08-18T12:18:43.000Z</time>
        <extensions>
          <ns3:TrackPointExtension>
            <ns3:atemp>31.0</ns3:atemp>
            <ns3:hr>113</ns3:hr>
          </ns3:TrackPointExtension>
        </extensions>
      </trkpt>
      <trkpt lat="48.64503546617925167083740234375" lon="-2.39029574207961559295654296875">
        <ele>66.1999969482421875</ele>
        <time>2025-08-18T12:18:50.000Z</time>
        <extensions>
          <ns3:TrackPointExtension>
            <ns3:atemp>31.0</ns3:atemp>
            <ns3:hr>112</ns3:hr>
          </ns3:TrackPointExtension>
        </extensions>
      </trkpt>
      <trkpt lat="48.64502725191414356231689453125" lon="-2.39030496217310428619384765625">
        <ele>66.1999969482421875</ele>
        <time>2025-08-18T12:18:51.000Z</time>
        <extensions>
          <ns3:TrackPointExtension>
            <ns3:atemp>31.0</ns3:atemp>
            <ns3:hr>112</ns3:hr>
          </ns3:TrackPointExtension>
        </extensions>
      </trkpt>
      <trkpt lat="48.64496405236423015594482421875" lon="-2.39034871570765972137451171875">
        <ele>66.1999969482421875</ele>
        <time>2025-08-18T12:18:57.000Z</time>
        <extensions>
          <ns3:TrackPointExtension>
            <ns3:atemp>31.0</ns3:atemp>
            <ns3:hr>111</ns3:hr>
          </ns3:TrackPointExtension>
        </extensions>
      </trkpt>
      <trkpt lat="48.6449234001338481903076171875" lon="-2.3903419263660907745361328125">
        <ele>66</ele>
        <time>2025-08-18T12:19:00.000Z</time>
        <extensions>
          <ns3:TrackPointExtension>
            <ns3:atemp>31.0</ns3:atemp>
            <ns3:hr>111</ns3:hr>
          </ns3:TrackPointExtension>
        </extensions>
      </trkpt>
      <trkpt lat="48.64487403072416782379150390625" lon="-2.3903699219226837158203125">
        <ele>65.59999847412109375</ele>
        <time>2025-08-18T12:19:05.000Z</time>
        <extensions>
          <ns3:TrackPointExtension>
            <ns3:atemp>31.0</ns3:atemp>
            <ns3:hr>110</ns3:hr>
          </ns3:TrackPointExtension>
        </extensions>
      </trkpt>
      <trkpt lat="48.64485307596623897552490234375" lon="-2.3903928883373737335205078125">
        <ele>65.40000152587890625</ele>
        <time>2025-08-18T12:19:08.000Z</time>
        <extensions>
          <ns3:TrackPointExtension>
            <ns3:atemp>31.0</ns3:atemp>
            <ns3:hr>109</ns3:hr>
          </ns3:TrackPointExtension>
        </extensions>
      </trkpt>
      <trkpt lat="48.6448137648403644561767578125" lon="-2.39042499102652072906494140625">
        <ele>65.1999969482421875</ele>
        <time>2025-08-18T12:19:15.000Z</time>
        <extensions>
          <ns3:TrackPointExtension>
            <ns3:atemp>31.0</ns3:atemp>
            <ns3:hr>107</ns3:hr>
          </ns3:TrackPointExtension>
        </extensions>
      </trkpt>
      <trkpt lat="48.6448301933705806732177734375" lon="-2.39044628106057643890380859375">
        <ele>65</ele>
        <time>2025-08-18T12:19:22.000Z</time>
        <extensions>
          <ns3:TrackPointExtension>
            <ns3:atemp>31.0</ns3:atemp>
            <ns3:hr>106</ns3:hr>
          </ns3:TrackPointExtension>
        </extensions>
      </trkpt>
      <trkpt lat="48.6448325403034687042236328125" lon="-2.39051769487559795379638671875">
        <ele>64.8000030517578125</ele>
        <time>2025-08-18T12:19:26.000Z</time>
        <extensions>
          <ns3:TrackPointExtension>
            <ns3:atemp>31.0</ns3:atemp>
            <ns3:hr>106</ns3:hr>
          </ns3:TrackPointExtension>
        </extensions>
      </trkpt>
      <trkpt lat="48.64484184421598911285400390625" lon="-2.390531860291957855224609375">
        <ele>64.8000030517578125</ele>
        <time>2025-08-18T12:19:27.000Z</time>
        <extensions>
          <ns3:TrackPointExtension>
            <ns3:atemp>31.0</ns3:atemp>
            <ns3:hr>106</ns3:hr>
          </ns3:TrackPointExtension>
        </extensions>
      </trkpt>
      <trkpt lat="48.64485642872750759124755859375" lon="-2.39060754887759685516357421875">
        <ele>64.40000152587890625</ele>
        <time>2025-08-18T12:19:30.000Z</time>
        <extensions>
          <ns3:TrackPointExtension>
            <ns3:atemp>31.0</ns3:atemp>
            <ns3:hr>105</ns3:hr>
          </ns3:TrackPointExtension>
        </extensions>
      </trkpt>
      <trkpt lat="48.64485743455588817596435546875" lon="-2.39063219167292118072509765625">
        <ele>64.1999969482421875</ele>
        <time>2025-08-18T12:19:31.000Z</time>
        <extensions>
          <ns3:TrackPointExtension>
            <ns3:atemp>31.0</ns3:atemp>
            <ns3:hr>107</ns3:hr>
          </ns3:TrackPointExtension>
        </extensions>
      </trkpt>
      <trkpt lat="48.64485190249979496002197265625" lon="-2.39068767987191677093505859375">
        <ele>63.799999237060546875</ele>
        <time>2025-08-18T12:19:35.000Z</time>
        <extensions>
          <ns3:TrackPointExtension>
            <ns3:atemp>31.0</ns3:atemp>
            <ns3:hr>108</ns3:hr>
          </ns3:TrackPointExtension>
        </extensions>
      </trkpt>
      <trkpt lat="48.64484301768243312835693359375" lon="-2.39069673232734203338623046875">
        <ele>63.799999237060546875</ele>
        <time>2025-08-18T12:19:36.000Z</time>
        <extensions>
          <ns3:TrackPointExtension>
            <ns3:atemp>31.0</ns3:atemp>
            <ns3:hr>107</ns3:hr>
          </ns3:TrackPointExtension>
        </extensions>
      </trkpt>
      <trkpt lat="48.64476506598293781280517578125" lon="-2.39081257022917270660400390625">
        <ele>63.799999237060546875</ele>
        <time>2025-08-18T12:19:44.000Z</time>
        <extensions>
          <ns3:TrackPointExtension>
            <ns3:atemp>31.0</ns3:atemp>
            <ns3:hr>104</ns3:hr>
          </ns3:TrackPointExtension>
        </extensions>
      </trkpt>
      <trkpt lat="48.64473782479763031005859375" lon="-2.39084207452833652496337890625">
        <ele>63.59999847412109375</ele>
        <time>2025-08-18T12:19:49.000Z</time>
        <extensions>
          <ns3:TrackPointExtension>
            <ns3:atemp>31.0</ns3:atemp>
            <ns3:hr>105</ns3:hr>
          </ns3:TrackPointExtension>
        </extensions>
      </trkpt>
      <trkpt lat="48.6447027884423732757568359375" lon="-2.39084375090897083282470703125">
        <ele>63.40000152587890625</ele>
        <time>2025-08-18T12:19:53.000Z</time>
        <extensions>
          <ns3:TrackPointExtension>
            <ns3:atemp>31.0</ns3:atemp>
            <ns3:hr>105</ns3:hr>
          </ns3:TrackPointExtension>
        </extensions>
      </trkpt>
      <trkpt lat="48.644693233072757720947265625" lon="-2.390848696231842041015625">
        <ele>63.200000762939453125</ele>
        <time>2025-08-18T12:19:54.000Z</time>
        <extensions>
          <ns3:TrackPointExtension>
            <ns3:atemp>31.0</ns3:atemp>
            <ns3:hr>104</ns3:hr>
          </ns3:TrackPointExtension>
        </extensions>
      </trkpt>
      <trkpt lat="48.6446538381278514862060546875" lon="-2.39086604677140712738037109375">
        <ele>62.799999237060546875</ele>
        <time>2025-08-18T12:19:58.000Z</time>
        <extensions>
          <ns3:TrackPointExtension>
            <ns3:atemp>31.0</ns3:atemp>
            <ns3:hr>105</ns3:hr>
          </ns3:TrackPointExtension>
        </extensions>
      </trkpt>
      <trkpt lat="48.64463062025606632232666015625" lon="-2.39088264293968677520751953125">
        <ele>62.59999847412109375</ele>
        <time>2025-08-18T12:20:00.000Z</time>
        <extensions>
          <ns3:TrackPointExtension>
            <ns3:atemp>31.0</ns3:atemp>
            <ns3:hr>105</ns3:hr>
          </ns3:TrackPointExtension>
        </extensions>
      </trkpt>
      <trkpt lat="48.6445566080510616302490234375" lon="-2.39090125076472759246826171875">
        <ele>62.59999847412109375</ele>
        <time>2025-08-18T12:20:07.000Z</time>
        <extensions>
          <ns3:TrackPointExtension>
            <ns3:atemp>31.0</ns3:atemp>
            <ns3:hr>105</ns3:hr>
          </ns3:TrackPointExtension>
        </extensions>
      </trkpt>
      <trkpt lat="48.644483350217342376708984375" lon="-2.3909346945583820343017578125">
        <ele>61.799999237060546875</ele>
        <time>2025-08-18T12:20:13.000Z</time>
        <extensions>
          <ns3:TrackPointExtension>
            <ns3:atemp>31.0</ns3:atemp>
            <ns3:hr>103</ns3:hr>
          </ns3:TrackPointExtension>
        </extensions>
      </trkpt>
      <trkpt lat="48.6444483138620853424072265625" lon="-2.3909454233944416046142578125">
        <ele>61.200000762939453125</ele>
        <time>2025-08-18T12:20:16.000Z</time>
        <extensions>
          <ns3:TrackPointExtension>
            <ns3:atemp>31.0</ns3:atemp>
            <ns3:hr>101</ns3:hr>
          </ns3:TrackPointExtension>
        </extensions>
      </trkpt>
      <trkpt lat="48.6444107629358768463134765625" lon="-2.390956319868564605712890625">
        <ele>60.59999847412109375</ele>
        <time>2025-08-18T12:20:19.000Z</time>
        <extensions>
          <ns3:TrackPointExtension>
            <ns3:atemp>31.0</ns3:atemp>
            <ns3:hr>101</ns3:hr>
          </ns3:TrackPointExtension>
        </extensions>
      </trkpt>
      <trkpt lat="48.64434362389147281646728515625" lon="-2.39098456688225269317626953125">
        <ele>59.40000152587890625</ele>
        <time>2025-08-18T12:20:25.000Z</time>
        <extensions>
          <ns3:TrackPointExtension>
            <ns3:atemp>31.0</ns3:atemp>
            <ns3:hr>101</ns3:hr>
          </ns3:TrackPointExtension>
        </extensions>
      </trkpt>
      <trkpt lat="48.64433272741734981536865234375" lon="-2.3909886740148067474365234375">
        <ele>59.200000762939453125</ele>
        <time>2025-08-18T12:20:26.000Z</time>
        <extensions>
          <ns3:TrackPointExtension>
            <ns3:atemp>31.0</ns3:atemp>
            <ns3:hr>101</ns3:hr>
          </ns3:TrackPointExtension>
        </extensions>
      </trkpt>
      <trkpt lat="48.64423650316894054412841796875" lon="-2.3910270631313323974609375">
        <ele>58.40000152587890625</ele>
        <time>2025-08-18T12:20:35.000Z</time>
        <extensions>
          <ns3:TrackPointExtension>
            <ns3:atemp>31.0</ns3:atemp>
            <ns3:hr>101</ns3:hr>
          </ns3:TrackPointExtension>
        </extensions>
      </trkpt>
      <trkpt lat="48.6442240141332149505615234375" lon="-2.3910325951874256134033203125">
        <ele>58.200000762939453125</ele>
        <time>2025-08-18T12:20:36.000Z</time>
        <extensions>
          <ns3:TrackPointExtension>
            <ns3:atemp>31.0</ns3:atemp>
            <ns3:hr>100</ns3:hr>
          </ns3:TrackPointExtension>
        </extensions>
      </trkpt>
      <trkpt lat="48.6441455595195293426513671875" lon="-2.3910456709563732147216796875">
        <ele>57.40000152587890625</ele>
        <time>2025-08-18T12:20:44.000Z</time>
        <extensions>
          <ns3:TrackPointExtension>
            <ns3:atemp>31.0</ns3:atemp>
            <ns3:hr>100</ns3:hr>
          </ns3:TrackPointExtension>
        </extensions>
      </trkpt>
      <trkpt lat="48.64411152899265289306640625" lon="-2.391058914363384246826171875">
        <ele>57.200000762939453125</ele>
        <time>2025-08-18T12:20:47.000Z</time>
        <extensions>
          <ns3:TrackPointExtension>
            <ns3:atemp>31.0</ns3:atemp>
            <ns3:hr>101</ns3:hr>
          </ns3:TrackPointExtension>
        </extensions>
      </trkpt>
      <trkpt lat="48.64409183152019977569580078125" lon="-2.391066960990428924560546875">
        <ele>57.200000762939453125</ele>
        <time>2025-08-18T12:20:52.000Z</time>
        <extensions>
          <ns3:TrackPointExtension>
            <ns3:atemp>31.0</ns3:atemp>
            <ns3:hr>102</ns3:hr>
          </ns3:TrackPointExtension>
        </extensions>
      </trkpt>
      <trkpt lat="48.6440344154834747314453125" lon="-2.3910815455019474029541015625">
        <ele>56.40000152587890625</ele>
        <time>2025-08-18T12:20:57.000Z</time>
        <extensions>
          <ns3:TrackPointExtension>
            <ns3:atemp>31.0</ns3:atemp>
            <ns3:hr>103</ns3:hr>
          </ns3:TrackPointExtension>
        </extensions>
      </trkpt>
      <trkpt lat="48.64400516264140605926513671875" lon="-2.391099818050861358642578125">
        <ele>56.40000152587890625</ele>
        <time>2025-08-18T12:21:00.000Z</time>
        <extensions>
          <ns3:TrackPointExtension>
            <ns3:atemp>31.0</ns3:atemp>
            <ns3:hr>104</ns3:hr>
          </ns3:TrackPointExtension>
        </extensions>
      </trkpt>
      <trkpt lat="48.64398186095058917999267578125" lon="-2.39112035371363162994384765625">
        <ele>56.40000152587890625</ele>
        <time>2025-08-18T12:21:02.000Z</time>
        <extensions>
          <ns3:TrackPointExtension>
            <ns3:atemp>31.0</ns3:atemp>
            <ns3:hr>103</ns3:hr>
          </ns3:TrackPointExtension>
        </extensions>
      </trkpt>
      <trkpt lat="48.64397331140935420989990234375" lon="-2.39112655632197856903076171875">
        <ele>56.40000152587890625</ele>
        <time>2025-08-18T12:21:03.000Z</time>
        <extensions>
          <ns3:TrackPointExtension>
            <ns3:atemp>31.0</ns3:atemp>
            <ns3:hr>103</ns3:hr>
          </ns3:TrackPointExtension>
        </extensions>
      </trkpt>
      <trkpt lat="48.64396861754357814788818359375" lon="-2.391131334006786346435546875">
        <ele>56</ele>
        <time>2025-08-18T12:21:04.000Z</time>
        <extensions>
          <ns3:TrackPointExtension>
            <ns3:atemp>31.0</ns3:atemp>
            <ns3:hr>102</ns3:hr>
          </ns3:TrackPointExtension>
        </extensions>
      </trkpt>
      <trkpt lat="48.6439145542681217193603515625" lon="-2.39113443531095981597900390625">
        <ele>54.799999237060546875</ele>
        <time>2025-08-18T12:21:10.000Z</time>
        <extensions>
          <ns3:TrackPointExtension>
            <ns3:atemp>31.0</ns3:atemp>
            <ns3:hr>100</ns3:hr>
          </ns3:TrackPointExtension>
        </extensions>
      </trkpt>
      <trkpt lat="48.6438562162220478057861328125" lon="-2.39114264957606792449951171875">
        <ele>53.799999237060546875</ele>
        <time>2025-08-18T12:21:16.000Z</time>
        <extensions>
          <ns3:TrackPointExtension>
            <ns3:atemp>31.0</ns3:atemp>
            <ns3:hr>98</ns3:hr>
          </ns3:TrackPointExtension>
        </extensions>
      </trkpt>
      <trkpt lat="48.6437469162046909332275390625" lon="-2.39119243808090686798095703125">
        <ele>53.40000152587890625</ele>
        <time>2025-08-18T12:21:25.000Z</time>
        <extensions>
          <ns3:TrackPointExtension>
            <ns3:atemp>31.0</ns3:atemp>
            <ns3:hr>98</ns3:hr>
          </ns3:TrackPointExtension>
        </extensions>
      </trkpt>
      <trkpt lat="48.6436736583709716796875" lon="-2.39120903424918651580810546875">
        <ele>52.59999847412109375</ele>
        <time>2025-08-18T12:21:31.000Z</time>
        <extensions>
          <ns3:TrackPointExtension>
            <ns3:atemp>31.0</ns3:atemp>
            <ns3:hr>97</ns3:hr>
          </ns3:TrackPointExtension>
        </extensions>
      </trkpt>
      <trkpt lat="48.64363183267414569854736328125" lon="-2.39122294820845127105712890625">
        <ele>52.40000152587890625</ele>
        <time>2025-08-18T12:21:34.000Z</time>
        <extensions>
          <ns3:TrackPointExtension>
            <ns3:atemp>31.0</ns3:atemp>
            <ns3:hr>97</ns3:hr>
          </ns3:TrackPointExtension>
        </extensions>
      </trkpt>
      <trkpt lat="48.6435782723128795623779296875" lon="-2.3912414722144603729248046875">
        <ele>51.59999847412109375</ele>
        <time>2025-08-18T12:21:39.000Z</time>
        <extensions>
          <ns3:TrackPointExtension>
            <ns3:atemp>31.0</ns3:atemp>
            <ns3:hr>96</ns3:hr>
          </ns3:TrackPointExtension>
        </extensions>
      </trkpt>
      <trkpt lat="48.64354533143341541290283203125" lon="-2.391259409487247467041015625">
        <ele>51</ele>
        <time>2025-08-18T12:21:42.000Z</time>
        <extensions>
          <ns3:TrackPointExtension>
            <ns3:atemp>31.0</ns3:atemp>
            <ns3:hr>96</ns3:hr>
          </ns3:TrackPointExtension>
        </extensions>
      </trkpt>
      <trkpt lat="48.6435221135616302490234375" lon="-2.391267120838165283203125">
        <ele>50.40000152587890625</ele>
        <time>2025-08-18T12:21:44.000Z</time>
        <extensions>
          <ns3:TrackPointExtension>
            <ns3:atemp>31.0</ns3:atemp>
            <ns3:hr>96</ns3:hr>
          </ns3:TrackPointExtension>
        </extensions>
      </trkpt>
      <trkpt lat="48.64341683685779571533203125" lon="-2.3913048394024372100830078125">
        <ele>49.799999237060546875</ele>
        <time>2025-08-18T12:21:53.000Z</time>
        <extensions>
          <ns3:TrackPointExtension>
            <ns3:atemp>31.0</ns3:atemp>
            <ns3:hr>98</ns3:hr>
          </ns3:TrackPointExtension>
        </extensions>
      </trkpt>
      <trkpt lat="48.64339403808116912841796875" lon="-2.3913169093430042266845703125">
        <ele>49.200000762939453125</ele>
        <time>2025-08-18T12:21:55.000Z</time>
        <extensions>
          <ns3:TrackPointExtension>
            <ns3:atemp>31.0</ns3:atemp>
            <ns3:hr>99</ns3:hr>
          </ns3:TrackPointExtension>
        </extensions>
      </trkpt>
      <trkpt lat="48.6433154158294200897216796875" lon="-2.391339875757694244384765625">
        <ele>48.200000762939453125</ele>
        <time>2025-08-18T12:22:02.000Z</time>
        <extensions>
          <ns3:TrackPointExtension>
            <ns3:atemp>31.0</ns3:atemp>
            <ns3:hr>100</ns3:hr>
          </ns3:TrackPointExtension>
        </extensions>
      </trkpt>
      <trkpt lat="48.6432056128978729248046875" lon="-2.39138136617839336395263671875">
        <ele>48.40000152587890625</ele>
        <time>2025-08-18T12:22:12.000Z</time>
        <extensions>
          <ns3:TrackPointExtension>
            <ns3:atemp>31.0</ns3:atemp>
            <ns3:hr>100</ns3:hr>
          </ns3:TrackPointExtension>
        </extensions>
      </trkpt>
      <trkpt lat="48.643199913203716278076171875" lon="-2.39138312637805938720703125">
        <ele>48.40000152587890625</ele>
        <time>2025-08-18T12:22:20.000Z</time>
        <extensions>
          <ns3:TrackPointExtension>
            <ns3:atemp>31.0</ns3:atemp>
            <ns3:hr>99</ns3:hr>
          </ns3:TrackPointExtension>
        </extensions>
      </trkpt>
      <trkpt lat="48.6431390605866909027099609375" lon="-2.3914034105837345123291015625">
        <ele>48</ele>
        <time>2025-08-18T12:22:26.000Z</time>
        <extensions>
          <ns3:TrackPointExtension>
            <ns3:atemp>31.0</ns3:atemp>
            <ns3:hr>102</ns3:hr>
          </ns3:TrackPointExtension>
        </extensions>
      </trkpt>
      <trkpt lat="48.6430542357265949249267578125" lon="-2.3914329148828983306884765625">
        <ele>46.799999237060546875</ele>
        <time>2025-08-18T12:22:33.000Z</time>
        <extensions>
          <ns3:TrackPointExtension>
            <ns3:atemp>31.0</ns3:atemp>
            <ns3:hr>101</ns3:hr>
          </ns3:TrackPointExtension>
        </extensions>
      </trkpt>
      <trkpt lat="48.6430176906287670135498046875" lon="-2.39144540391862392425537109375">
        <ele>46.59999847412109375</ele>
        <time>2025-08-18T12:22:36.000Z</time>
        <extensions>
          <ns3:TrackPointExtension>
            <ns3:atemp>31.0</ns3:atemp>
            <ns3:hr>100</ns3:hr>
          </ns3:TrackPointExtension>
        </extensions>
      </trkpt>
      <trkpt lat="48.642966561019420623779296875" lon="-2.39146225154399871826171875">
        <ele>46</ele>
        <time>2025-08-18T12:22:41.000Z</time>
        <extensions>
          <ns3:TrackPointExtension>
            <ns3:atemp>31.0</ns3:atemp>
            <ns3:hr>97</ns3:hr>
          </ns3:TrackPointExtension>
        </extensions>
      </trkpt>
      <trkpt lat="48.642920292913913726806640625" lon="-2.3914803564548492431640625">
        <ele>45.799999237060546875</ele>
        <time>2025-08-18T12:22:45.000Z</time>
        <extensions>
          <ns3:TrackPointExtension>
            <ns3:atemp>31.0</ns3:atemp>
            <ns3:hr>95</ns3:hr>
          </ns3:TrackPointExtension>
        </extensions>
      </trkpt>
      <trkpt lat="48.64288575947284698486328125" lon="-2.3914935998618602752685546875">
        <ele>45.59999847412109375</ele>
        <time>2025-08-18T12:22:48.000Z</time>
        <extensions>
          <ns3:TrackPointExtension>
            <ns3:atemp>31.0</ns3:atemp>
            <ns3:hr>95</ns3:hr>
          </ns3:TrackPointExtension>
        </extensions>
      </trkpt>
      <trkpt lat="48.64287427626550197601318359375" lon="-2.3914999701082706451416015625">
        <ele>45.40000152587890625</ele>
        <time>2025-08-18T12:22:49.000Z</time>
        <extensions>
          <ns3:TrackPointExtension>
            <ns3:atemp>31.0</ns3:atemp>
            <ns3:hr>95</ns3:hr>
          </ns3:TrackPointExtension>
        </extensions>
      </trkpt>
      <trkpt lat="48.64284862764179706573486328125" lon="-2.3915093578398227691650390625">
        <ele>44.799999237060546875</ele>
        <time>2025-08-18T12:22:51.000Z</time>
        <extensions>
          <ns3:TrackPointExtension>
            <ns3:atemp>31.0</ns3:atemp>
            <ns3:hr>95</ns3:hr>
          </ns3:TrackPointExtension>
        </extensions>
      </trkpt>
      <trkpt lat="48.642791546881198883056640625" lon="-2.39153291098773479461669921875">
        <ele>43.799999237060546875</ele>
        <time>2025-08-18T12:22:56.000Z</time>
        <extensions>
          <ns3:TrackPointExtension>
            <ns3:atemp>31.0</ns3:atemp>
            <ns3:hr>98</ns3:hr>
          </ns3:TrackPointExtension>
        </extensions>
      </trkpt>
      <trkpt lat="48.64272692240774631500244140625" lon="-2.39156526513397693634033203125">
        <ele>43.59999847412109375</ele>
        <time>2025-08-18T12:23:01.000Z</time>
        <extensions>
          <ns3:TrackPointExtension>
            <ns3:atemp>30.0</ns3:atemp>
            <ns3:hr>100</ns3:hr>
          </ns3:TrackPointExtension>
        </extensions>
      </trkpt>
      <trkpt lat="48.6426220647990703582763671875" lon="-2.39162527956068515777587890625">
        <ele>44.59999847412109375</ele>
        <time>2025-08-18T12:23:11.000Z</time>
        <extensions>
          <ns3:TrackPointExtension>
            <ns3:atemp>30.0</ns3:atemp>
            <ns3:hr>100</ns3:hr>
          </ns3:TrackPointExtension>
        </extensions>
      </trkpt>
      <trkpt lat="48.64250488579273223876953125" lon="-2.39169694483280181884765625">
        <ele>44.799999237060546875</ele>
        <time>2025-08-18T12:23:21.000Z</time>
        <extensions>
          <ns3:TrackPointExtension>
            <ns3:atemp>31.0</ns3:atemp>
            <ns3:hr>103</ns3:hr>
          </ns3:TrackPointExtension>
        </extensions>
      </trkpt>
      <trkpt lat="48.642501197755336761474609375" lon="-2.3916997946798801422119140625">
        <ele>44.799999237060546875</ele>
        <time>2025-08-18T12:23:22.000Z</time>
        <extensions>
          <ns3:TrackPointExtension>
            <ns3:atemp>31.0</ns3:atemp>
            <ns3:hr>101</ns3:hr>
          </ns3:TrackPointExtension>
        </extensions>
      </trkpt>
      <trkpt lat="48.64241410978138446807861328125" lon="-2.3917700350284576416015625">
        <ele>44</ele>
        <time>2025-08-18T12:23:30.000Z</time>
        <extensions>
          <ns3:TrackPointExtension>
            <ns3:atemp>31.0</ns3:atemp>
            <ns3:hr>104</ns3:hr>
          </ns3:TrackPointExtension>
        </extensions>
      </trkpt>
      <trkpt lat="48.64238276146352291107177734375" lon="-2.39179576747119426727294921875">
        <ele>43.799999237060546875</ele>
        <time>2025-08-18T12:23:33.000Z</time>
        <extensions>
          <ns3:TrackPointExtension>
            <ns3:atemp>31.0</ns3:atemp>
            <ns3:hr>102</ns3:hr>
          </ns3:TrackPointExtension>
        </extensions>
      </trkpt>
      <trkpt lat="48.64236013032495975494384765625" lon="-2.39181152544915676116943359375">
        <ele>43.799999237060546875</ele>
        <time>2025-08-18T12:23:35.000Z</time>
        <extensions>
          <ns3:TrackPointExtension>
            <ns3:atemp>31.0</ns3:atemp>
            <ns3:hr>101</ns3:hr>
          </ns3:TrackPointExtension>
        </extensions>
      </trkpt>
      <trkpt lat="48.6423219926655292510986328125" lon="-2.39185385406017303466796875">
        <ele>43.799999237060546875</ele>
        <time>2025-08-18T12:23:39.000Z</time>
        <extensions>
          <ns3:TrackPointExtension>
            <ns3:atemp>31.0</ns3:atemp>
            <ns3:hr>98</ns3:hr>
          </ns3:TrackPointExtension>
        </extensions>
      </trkpt>
      <trkpt lat="48.64231386221945285797119140625" lon="-2.391867600381374359130859375">
        <ele>43.799999237060546875</ele>
        <time>2025-08-18T12:23:40.000Z</time>
        <extensions>
          <ns3:TrackPointExtension>
            <ns3:atemp>31.0</ns3:atemp>
            <ns3:hr>102</ns3:hr>
          </ns3:TrackPointExtension>
        </extensions>
      </trkpt>
      <trkpt lat="48.6422784067690372467041015625" lon="-2.391905486583709716796875">
        <ele>43.59999847412109375</ele>
        <time>2025-08-18T12:23:44.000Z</time>
        <extensions>
          <ns3:TrackPointExtension>
            <ns3:atemp>31.0</ns3:atemp>
            <ns3:hr>102</ns3:hr>
          </ns3:TrackPointExtension>
        </extensions>
      </trkpt>
      <trkpt lat="48.6422267742455005645751953125" lon="-2.3919606395065784454345703125">
        <ele>43.200000762939453125</ele>
        <time>2025-08-18T12:23:49.000Z</time>
        <extensions>
          <ns3:TrackPointExtension>
            <ns3:atemp>31.0</ns3:atemp>
            <ns3:hr>105</ns3:hr>
          </ns3:TrackPointExtension>
        </extensions>
      </trkpt>
      <trkpt lat="48.64219131879508495330810546875" lon="-2.391989640891551971435546875">
        <ele>43</ele>
        <time>2025-08-18T12:23:52.000Z</time>
        <extensions>
          <ns3:TrackPointExtension>
            <ns3:atemp>31.0</ns3:atemp>
            <ns3:hr>102</ns3:hr>
          </ns3:TrackPointExtension>
        </extensions>
      </trkpt>
      <trkpt lat="48.64215753972530364990234375" lon="-2.39202694036066532135009765625">
        <ele>43</ele>
        <time>2025-08-18T12:23:55.000Z</time>
        <extensions>
          <ns3:TrackPointExtension>
            <ns3:atemp>31.0</ns3:atemp>
            <ns3:hr>103</ns3:hr>
          </ns3:TrackPointExtension>
        </extensions>
      </trkpt>
      <trkpt lat="48.64204480312764644622802734375" lon="-2.39216976799070835113525390625">
        <ele>42.799999237060546875</ele>
        <time>2025-08-18T12:24:06.000Z</time>
        <extensions>
          <ns3:TrackPointExtension>
            <ns3:atemp>31.0</ns3:atemp>
            <ns3:hr>101</ns3:hr>
          </ns3:TrackPointExtension>
        </extensions>
      </trkpt>
      <trkpt lat="48.642033822834491729736328125" lon="-2.39219206385314464569091796875">
        <ele>42.40000152587890625</ele>
        <time>2025-08-18T12:24:08.000Z</time>
        <extensions>
          <ns3:TrackPointExtension>
            <ns3:atemp>31.0</ns3:atemp>
            <ns3:hr>101</ns3:hr>
          </ns3:TrackPointExtension>
        </extensions>
      </trkpt>
      <trkpt lat="48.641979508101940155029296875" lon="-2.392272613942623138427734375">
        <ele>41.40000152587890625</ele>
        <time>2025-08-18T12:24:13.000Z</time>
        <extensions>
          <ns3:TrackPointExtension>
            <ns3:atemp>31.0</ns3:atemp>
            <ns3:hr>100</ns3:hr>
          </ns3:TrackPointExtension>
        </extensions>
      </trkpt>
      <trkpt lat="48.64194556139409542083740234375" lon="-2.39232986234128475189208984375">
        <ele>41</ele>
        <time>2025-08-18T12:24:17.000Z</time>
        <extensions>
          <ns3:TrackPointExtension>
            <ns3:atemp>31.0</ns3:atemp>
            <ns3:hr>100</ns3:hr>
          </ns3:TrackPointExtension>
        </extensions>
      </trkpt>
      <trkpt lat="48.64184782840311527252197265625" lon="-2.39249615930020809173583984375">
        <ele>41.200000762939453125</ele>
        <time>2025-08-18T12:24:28.000Z</time>
        <extensions>
          <ns3:TrackPointExtension>
            <ns3:atemp>31.0</ns3:atemp>
            <ns3:hr>101</ns3:hr>
          </ns3:TrackPointExtension>
        </extensions>
      </trkpt>
      <trkpt lat="48.64179871045053005218505859375" lon="-2.392601855099201202392578125">
        <ele>40.40000152587890625</ele>
        <time>2025-08-18T12:24:36.000Z</time>
        <extensions>
          <ns3:TrackPointExtension>
            <ns3:atemp>31.0</ns3:atemp>
            <ns3:hr>98</ns3:hr>
          </ns3:TrackPointExtension>
        </extensions>
      </trkpt>
      <trkpt lat="48.64179586060345172882080078125" lon="-2.392612583935260772705078125">
        <ele>40.40000152587890625</ele>
        <time>2025-08-18T12:24:37.000Z</time>
        <extensions>
          <ns3:TrackPointExtension>
            <ns3:atemp>31.0</ns3:atemp>
            <ns3:hr>100</ns3:hr>
          </ns3:TrackPointExtension>
        </extensions>
      </trkpt>
      <trkpt lat="48.6417604051530361175537109375" lon="-2.3926995880901813507080078125">
        <ele>40.40000152587890625</ele>
        <time>2025-08-18T12:24:43.000Z</time>
        <extensions>
          <ns3:TrackPointExtension>
            <ns3:atemp>31.0</ns3:atemp>
            <ns3:hr>102</ns3:hr>
          </ns3:TrackPointExtension>
        </extensions>
      </trkpt>
      <trkpt lat="48.64172511734068393707275390625" lon="-2.39278282038867473602294921875">
        <ele>40</ele>
        <time>2025-08-18T12:24:48.000Z</time>
        <extensions>
          <ns3:TrackPointExtension>
            <ns3:atemp>31.0</ns3:atemp>
            <ns3:hr>102</ns3:hr>
          </ns3:TrackPointExtension>
        </extensions>
      </trkpt>
      <trkpt lat="48.64168186672031879425048828125" lon="-2.392910979688167572021484375">
        <ele>39.40000152587890625</ele>
        <time>2025-08-18T12:24:56.000Z</time>
        <extensions>
          <ns3:TrackPointExtension>
            <ns3:atemp>32.0</ns3:atemp>
            <ns3:hr>102</ns3:hr>
          </ns3:TrackPointExtension>
        </extensions>
      </trkpt>
      <trkpt lat="48.64166133105754852294921875" lon="-2.39296638406813144683837890625">
        <ele>39.200000762939453125</ele>
        <time>2025-08-18T12:24:59.000Z</time>
        <extensions>
          <ns3:TrackPointExtension>
            <ns3:atemp>32.0</ns3:atemp>
            <ns3:hr>101</ns3:hr>
          </ns3:TrackPointExtension>
        </extensions>
      </trkpt>
      <trkpt lat="48.64160760305821895599365234375" lon="-2.39312144927680492401123046875">
        <ele>39</ele>
        <time>2025-08-18T12:25:08.000Z</time>
        <extensions>
          <ns3:TrackPointExtension>
            <ns3:atemp>32.0</ns3:atemp>
            <ns3:hr>99</ns3:hr>
          </ns3:TrackPointExtension>
        </extensions>
      </trkpt>
      <trkpt lat="48.64156502299010753631591796875" lon="-2.393281795084476470947265625">
        <ele>38.799999237060546875</ele>
        <time>2025-08-18T12:25:17.000Z</time>
        <extensions>
          <ns3:TrackPointExtension>
            <ns3:atemp>32.0</ns3:atemp>
            <ns3:hr>97</ns3:hr>
          </ns3:TrackPointExtension>
        </extensions>
      </trkpt>
      <trkpt lat="48.64155144430696964263916015625" lon="-2.393350191414356231689453125">
        <ele>38.40000152587890625</ele>
        <time>2025-08-18T12:25:21.000Z</time>
        <extensions>
          <ns3:TrackPointExtension>
            <ns3:atemp>32.0</ns3:atemp>
            <ns3:hr>99</ns3:hr>
          </ns3:TrackPointExtension>
        </extensions>
      </trkpt>
      <trkpt lat="48.64153568632900714874267578125" lon="-2.39344012923538684844970703125">
        <ele>38</ele>
        <time>2025-08-18T12:25:26.000Z</time>
        <extensions>
          <ns3:TrackPointExtension>
            <ns3:atemp>32.0</ns3:atemp>
            <ns3:hr>101</ns3:hr>
          </ns3:TrackPointExtension>
        </extensions>
      </trkpt>
      <trkpt lat="48.6414975486695766448974609375" lon="-2.39365973509848117828369140625">
        <ele>37.40000152587890625</ele>
        <time>2025-08-18T12:25:38.000Z</time>
        <extensions>
          <ns3:TrackPointExtension>
            <ns3:atemp>32.0</ns3:atemp>
            <ns3:hr>100</ns3:hr>
          </ns3:TrackPointExtension>
        </extensions>
      </trkpt>
      <trkpt lat="48.6414915136992931365966796875" lon="-2.39369250833988189697265625">
        <ele>37</ele>
        <time>2025-08-18T12:25:40.000Z</time>
        <extensions>
          <ns3:TrackPointExtension>
            <ns3:atemp>32.0</ns3:atemp>
            <ns3:hr>99</ns3:hr>
          </ns3:TrackPointExtension>
        </extensions>
      </trkpt>
      <trkpt lat="48.64148757420480251312255859375" lon="-2.39374606870114803314208984375">
        <ele>36.799999237060546875</ele>
        <time>2025-08-18T12:25:44.000Z</time>
        <extensions>
          <ns3:TrackPointExtension>
            <ns3:atemp>32.0</ns3:atemp>
            <ns3:hr>100</ns3:hr>
          </ns3:TrackPointExtension>
        </extensions>
      </trkpt>
      <trkpt lat="48.64148908294737339019775390625" lon="-2.393752522766590118408203125">
        <ele>36.799999237060546875</ele>
        <time>2025-08-18T12:25:46.000Z</time>
        <extensions>
          <ns3:TrackPointExtension>
            <ns3:atemp>32.0</ns3:atemp>
            <ns3:hr>100</ns3:hr>
          </ns3:TrackPointExtension>
        </extensions>
      </trkpt>
      <trkpt lat="48.641487322747707366943359375" lon="-2.393754534423351287841796875">
        <ele>36.40000152587890625</ele>
        <time>2025-08-18T12:25:51.000Z</time>
        <extensions>
          <ns3:TrackPointExtension>
            <ns3:atemp>32.0</ns3:atemp>
            <ns3:hr>100</ns3:hr>
          </ns3:TrackPointExtension>
        </extensions>
      </trkpt>
      <trkpt lat="48.64148807711899280548095703125" lon="-2.39376668818295001983642578125">
        <ele>37.200000762939453125</ele>
        <time>2025-08-18T12:26:01.000Z</time>
        <extensions>
          <ns3:TrackPointExtension>
            <ns3:atemp>32.0</ns3:atemp>
            <ns3:hr>102</ns3:hr>
          </ns3:TrackPointExtension>
        </extensions>
      </trkpt>
      <trkpt lat="48.64161615259945392608642578125" lon="-2.39383223466575145721435546875">
        <ele>36</ele>
        <time>2025-08-18T12:26:10.000Z</time>
        <extensions>
          <ns3:TrackPointExtension>
            <ns3:atemp>32.0</ns3:atemp>
            <ns3:hr>104</ns3:hr>
          </ns3:TrackPointExtension>
        </extensions>
      </trkpt>
      <trkpt lat="48.64162939600646495819091796875" lon="-2.393854446709156036376953125">
        <ele>35.200000762939453125</ele>
        <time>2025-08-18T12:26:13.000Z</time>
        <extensions>
          <ns3:TrackPointExtension>
            <ns3:atemp>32.0</ns3:atemp>
            <ns3:hr>106</ns3:hr>
          </ns3:TrackPointExtension>
        </extensions>
      </trkpt>
      <trkpt lat="48.6416303180158138275146484375" lon="-2.393875904381275177001953125">
        <ele>34.799999237060546875</ele>
        <time>2025-08-18T12:26:15.000Z</time>
        <extensions>
          <ns3:TrackPointExtension>
            <ns3:atemp>32.0</ns3:atemp>
            <ns3:hr>106</ns3:hr>
          </ns3:TrackPointExtension>
        </extensions>
      </trkpt>
      <trkpt lat="48.64162537269294261932373046875" lon="-2.39388520829379558563232421875">
        <ele>34.799999237060546875</ele>
        <time>2025-08-18T12:26:16.000Z</time>
        <extensions>
          <ns3:TrackPointExtension>
            <ns3:atemp>32.0</ns3:atemp>
            <ns3:hr>106</ns3:hr>
          </ns3:TrackPointExtension>
        </extensions>
      </trkpt>
      <trkpt lat="48.64162000827491283416748046875" lon="-2.393890321254730224609375">
        <ele>34.59999847412109375</ele>
        <time>2025-08-18T12:26:17.000Z</time>
        <extensions>
          <ns3:TrackPointExtension>
            <ns3:atemp>32.0</ns3:atemp>
            <ns3:hr>106</ns3:hr>
          </ns3:TrackPointExtension>
        </extensions>
      </trkpt>
      <trkpt lat="48.64161766134202480316162109375" lon="-2.3939173109829425811767578125">
        <ele>33.799999237060546875</ele>
        <time>2025-08-18T12:26:21.000Z</time>
        <extensions>
          <ns3:TrackPointExtension>
            <ns3:atemp>32.0</ns3:atemp>
            <ns3:hr>106</ns3:hr>
          </ns3:TrackPointExtension>
        </extensions>
      </trkpt>
      <trkpt lat="48.641628138720989227294921875" lon="-2.39393063820898532867431640625">
        <ele>33.59999847412109375</ele>
        <time>2025-08-18T12:26:22.000Z</time>
        <extensions>
          <ns3:TrackPointExtension>
            <ns3:atemp>32.0</ns3:atemp>
            <ns3:hr>106</ns3:hr>
          </ns3:TrackPointExtension>
        </extensions>
      </trkpt>
      <trkpt lat="48.64166736602783203125" lon="-2.39394723437726497650146484375">
        <ele>33.200000762939453125</ele>
        <time>2025-08-18T12:26:25.000Z</time>
        <extensions>
          <ns3:TrackPointExtension>
            <ns3:atemp>32.0</ns3:atemp>
            <ns3:hr>106</ns3:hr>
          </ns3:TrackPointExtension>
        </extensions>
      </trkpt>
      <trkpt lat="48.6416802741587162017822265625" lon="-2.39397238008677959442138671875">
        <ele>33</ele>
        <time>2025-08-18T12:26:27.000Z</time>
        <extensions>
          <ns3:TrackPointExtension>
            <ns3:atemp>32.0</ns3:atemp>
            <ns3:hr>108</ns3:hr>
          </ns3:TrackPointExtension>
        </extensions>
      </trkpt>
      <trkpt lat="48.641697205603122711181640625" lon="-2.3939796723425388336181640625">
        <ele>33</ele>
        <time>2025-08-18T12:26:28.000Z</time>
        <extensions>
          <ns3:TrackPointExtension>
            <ns3:atemp>32.0</ns3:atemp>
            <ns3:hr>105</ns3:hr>
          </ns3:TrackPointExtension>
        </extensions>
      </trkpt>
      <trkpt lat="48.64173802547156810760498046875" lon="-2.39399735815823078155517578125">
        <ele>32.799999237060546875</ele>
        <time>2025-08-18T12:26:31.000Z</time>
        <extensions>
          <ns3:TrackPointExtension>
            <ns3:atemp>32.0</ns3:atemp>
            <ns3:hr>102</ns3:hr>
          </ns3:TrackPointExtension>
        </extensions>
      </trkpt>
      <trkpt lat="48.641787059605121612548828125" lon="-2.394009344279766082763671875">
        <ele>32.200000762939453125</ele>
        <time>2025-08-18T12:26:35.000Z</time>
        <extensions>
          <ns3:TrackPointExtension>
            <ns3:atemp>32.0</ns3:atemp>
            <ns3:hr>101</ns3:hr>
          </ns3:TrackPointExtension>
        </extensions>
      </trkpt>
      <trkpt lat="48.6417925916612148284912109375" lon="-2.39402233622968196868896484375">
        <ele>32</ele>
        <time>2025-08-18T12:26:36.000Z</time>
        <extensions>
          <ns3:TrackPointExtension>
            <ns3:atemp>32.0</ns3:atemp>
            <ns3:hr>100</ns3:hr>
          </ns3:TrackPointExtension>
        </extensions>
      </trkpt>
      <trkpt lat="48.64180541597306728363037109375" lon="-2.3940316401422023773193359375">
        <ele>31.799999237060546875</ele>
        <time>2025-08-18T12:26:38.000Z</time>
        <extensions>
          <ns3:TrackPointExtension>
            <ns3:atemp>32.0</ns3:atemp>
            <ns3:hr>98</ns3:hr>
          </ns3:TrackPointExtension>
        </extensions>
      </trkpt>
      <trkpt lat="48.6418214254081249237060546875" lon="-2.394024096429347991943359375">
        <ele>31.3999996185302734375</ele>
        <time>2025-08-18T12:26:40.000Z</time>
        <extensions>
          <ns3:TrackPointExtension>
            <ns3:atemp>32.0</ns3:atemp>
            <ns3:hr>97</ns3:hr>
          </ns3:TrackPointExtension>
        </extensions>
      </trkpt>
      <trkpt lat="48.64183458499610424041748046875" lon="-2.39403122104704380035400390625">
        <ele>31.3999996185302734375</ele>
        <time>2025-08-18T12:26:41.000Z</time>
        <extensions>
          <ns3:TrackPointExtension>
            <ns3:atemp>32.0</ns3:atemp>
            <ns3:hr>97</ns3:hr>
          </ns3:TrackPointExtension>
        </extensions>
      </trkpt>
      <trkpt lat="48.64186191000044345855712890625" lon="-2.39408117718994617462158203125">
        <ele>30.799999237060546875</ele>
        <time>2025-08-18T12:26:45.000Z</time>
        <extensions>
          <ns3:TrackPointExtension>
            <ns3:atemp>32.0</ns3:atemp>
            <ns3:hr>97</ns3:hr>
          </ns3:TrackPointExtension>
        </extensions>
      </trkpt>
      <trkpt lat="48.6418686993420124053955078125" lon="-2.39409123547375202178955078125">
        <ele>30.6000003814697265625</ele>
        <time>2025-08-18T12:26:46.000Z</time>
        <extensions>
          <ns3:TrackPointExtension>
            <ns3:atemp>32.0</ns3:atemp>
            <ns3:hr>97</ns3:hr>
          </ns3:TrackPointExtension>
        </extensions>
      </trkpt>
      <trkpt lat="48.6419129557907581329345703125" lon="-2.39412744529545307159423828125">
        <ele>29.799999237060546875</ele>
        <time>2025-08-18T12:26:51.000Z</time>
        <extensions>
          <ns3:TrackPointExtension>
            <ns3:atemp>32.0</ns3:atemp>
            <ns3:hr>99</ns3:hr>
          </ns3:TrackPointExtension>
        </extensions>
      </trkpt>
      <trkpt lat="48.641909770667552947998046875" lon="-2.39414471201598644256591796875">
        <ele>29.799999237060546875</ele>
        <time>2025-08-18T12:26:52.000Z</time>
        <extensions>
          <ns3:TrackPointExtension>
            <ns3:atemp>32.0</ns3:atemp>
            <ns3:hr>100</ns3:hr>
          </ns3:TrackPointExtension>
        </extensions>
      </trkpt>
      <trkpt lat="48.64193684421479701995849609375" lon="-2.3941650800406932830810546875">
        <ele>29.6000003814697265625</ele>
        <time>2025-08-18T12:26:54.000Z</time>
        <extensions>
          <ns3:TrackPointExtension>
            <ns3:atemp>32.0</ns3:atemp>
            <ns3:hr>101</ns3:hr>
          </ns3:TrackPointExtension>
        </extensions>
      </trkpt>
      <trkpt lat="48.641945309937000274658203125" lon="-2.39417639560997486114501953125">
        <ele>29.6000003814697265625</ele>
        <time>2025-08-18T12:26:55.000Z</time>
        <extensions>
          <ns3:TrackPointExtension>
            <ns3:atemp>32.0</ns3:atemp>
            <ns3:hr>101</ns3:hr>
          </ns3:TrackPointExtension>
        </extensions>
      </trkpt>
      <trkpt lat="48.6419763229787349700927734375" lon="-2.39419265650212764739990234375">
        <ele>29.200000762939453125</ele>
        <time>2025-08-18T12:26:58.000Z</time>
        <extensions>
          <ns3:TrackPointExtension>
            <ns3:atemp>32.0</ns3:atemp>
            <ns3:hr>102</ns3:hr>
          </ns3:TrackPointExtension>
        </extensions>
      </trkpt>
      <trkpt lat="48.64198378287255764007568359375" lon="-2.39418067038059234619140625">
        <ele>29</ele>
        <time>2025-08-18T12:27:00.000Z</time>
        <extensions>
          <ns3:TrackPointExtension>
            <ns3:atemp>32.0</ns3:atemp>
            <ns3:hr>103</ns3:hr>
          </ns3:TrackPointExtension>
        </extensions>
      </trkpt>
      <trkpt lat="48.6419914104044437408447265625" lon="-2.39418896846473217010498046875">
        <ele>28.6000003814697265625</ele>
        <time>2025-08-18T12:27:04.000Z</time>
        <extensions>
          <ns3:TrackPointExtension>
            <ns3:atemp>32.0</ns3:atemp>
            <ns3:hr>101</ns3:hr>
          </ns3:TrackPointExtension>
        </extensions>
      </trkpt>
      <trkpt lat="48.64200574345886707305908203125" lon="-2.3942210711538791656494140625">
        <ele>28.6000003814697265625</ele>
        <time>2025-08-18T12:27:06.000Z</time>
        <extensions>
          <ns3:TrackPointExtension>
            <ns3:atemp>32.0</ns3:atemp>
            <ns3:hr>100</ns3:hr>
          </ns3:TrackPointExtension>
        </extensions>
      </trkpt>
      <trkpt lat="48.64207497797906398773193359375" lon="-2.39423473365604877471923828125">
        <ele>28.3999996185302734375</ele>
        <time>2025-08-18T12:27:09.000Z</time>
        <extensions>
          <ns3:TrackPointExtension>
            <ns3:atemp>32.0</ns3:atemp>
            <ns3:hr>100</ns3:hr>
          </ns3:TrackPointExtension>
        </extensions>
      </trkpt>
      <trkpt lat="48.642100878059864044189453125" lon="-2.39425241947174072265625">
        <ele>27.799999237060546875</ele>
        <time>2025-08-18T12:27:13.000Z</time>
        <extensions>
          <ns3:TrackPointExtension>
            <ns3:atemp>32.0</ns3:atemp>
            <ns3:hr>98</ns3:hr>
          </ns3:TrackPointExtension>
        </extensions>
      </trkpt>
      <trkpt lat="48.6421157978475093841552734375" lon="-2.39426742307841777801513671875">
        <ele>27.3999996185302734375</ele>
        <time>2025-08-18T12:27:16.000Z</time>
        <extensions>
          <ns3:TrackPointExtension>
            <ns3:atemp>32.0</ns3:atemp>
            <ns3:hr>98</ns3:hr>
          </ns3:TrackPointExtension>
        </extensions>
      </trkpt>
      <trkpt lat="48.64212803542613983154296875" lon="-2.39425384439527988433837890625">
        <ele>27</ele>
        <time>2025-08-18T12:27:19.000Z</time>
        <extensions>
          <ns3:TrackPointExtension>
            <ns3:atemp>32.0</ns3:atemp>
            <ns3:hr>97</ns3:hr>
          </ns3:TrackPointExtension>
        </extensions>
      </trkpt>
      <trkpt lat="48.6420983634889125823974609375" lon="-2.39430346526205539703369140625">
        <ele>26.3999996185302734375</ele>
        <time>2025-08-18T12:27:23.000Z</time>
        <extensions>
          <ns3:TrackPointExtension>
            <ns3:atemp>32.0</ns3:atemp>
            <ns3:hr>95</ns3:hr>
          </ns3:TrackPointExtension>
        </extensions>
      </trkpt>
      <trkpt lat="48.64211822859942913055419921875" lon="-2.39433196373283863067626953125">
        <ele>25.6000003814697265625</ele>
        <time>2025-08-18T12:27:28.000Z</time>
        <extensions>
          <ns3:TrackPointExtension>
            <ns3:atemp>32.0</ns3:atemp>
            <ns3:hr>93</ns3:hr>
          </ns3:TrackPointExtension>
        </extensions>
      </trkpt>
      <trkpt lat="48.6421087570488452911376953125" lon="-2.3943494819104671478271484375">
        <ele>25.200000762939453125</ele>
        <time>2025-08-18T12:27:31.000Z</time>
        <extensions>
          <ns3:TrackPointExtension>
            <ns3:atemp>32.0</ns3:atemp>
            <ns3:hr>92</ns3:hr>
          </ns3:TrackPointExtension>
        </extensions>
      </trkpt>
      <trkpt lat="48.6421107687056064605712890625" lon="-2.3943709395825862884521484375">
        <ele>24.799999237060546875</ele>
        <time>2025-08-18T12:27:33.000Z</time>
        <extensions>
          <ns3:TrackPointExtension>
            <ns3:atemp>32.0</ns3:atemp>
            <ns3:hr>91</ns3:hr>
          </ns3:TrackPointExtension>
        </extensions>
      </trkpt>
      <trkpt lat="48.64213817752897739410400390625" lon="-2.3944629728794097900390625">
        <ele>24.200000762939453125</ele>
        <time>2025-08-18T12:27:37.000Z</time>
        <extensions>
          <ns3:TrackPointExtension>
            <ns3:atemp>32.0</ns3:atemp>
            <ns3:hr>91</ns3:hr>
          </ns3:TrackPointExtension>
        </extensions>
      </trkpt>
      <trkpt lat="48.64215510897338390350341796875" lon="-2.39447445608675479888916015625">
        <ele>24</ele>
        <time>2025-08-18T12:27:38.000Z</time>
        <extensions>
          <ns3:TrackPointExtension>
            <ns3:atemp>32.0</ns3:atemp>
            <ns3:hr>91</ns3:hr>
          </ns3:TrackPointExtension>
        </extensions>
      </trkpt>
      <trkpt lat="48.6422160454094409942626953125" lon="-2.3945191316306591033935546875">
        <ele>23.200000762939453125</ele>
        <time>2025-08-18T12:27:44.000Z</time>
        <extensions>
          <ns3:TrackPointExtension>
            <ns3:atemp>32.0</ns3:atemp>
            <ns3:hr>91</ns3:hr>
          </ns3:TrackPointExtension>
        </extensions>
      </trkpt>
      <trkpt lat="48.64221780560910701751708984375" lon="-2.3945214785635471343994140625">
        <ele>22.799999237060546875</ele>
        <time>2025-08-18T12:27:45.000Z</time>
        <extensions>
          <ns3:TrackPointExtension>
            <ns3:atemp>32.0</ns3:atemp>
            <ns3:hr>90</ns3:hr>
          </ns3:TrackPointExtension>
        </extensions>
      </trkpt>
      <trkpt lat="48.6422163806855678558349609375" lon="-2.3945362307131290435791015625">
        <ele>22.799999237060546875</ele>
        <time>2025-08-18T12:27:46.000Z</time>
        <extensions>
          <ns3:TrackPointExtension>
            <ns3:atemp>32.0</ns3:atemp>
            <ns3:hr>90</ns3:hr>
          </ns3:TrackPointExtension>
        </extensions>
      </trkpt>
      <trkpt lat="48.642249405384063720703125" lon="-2.3945801518857479095458984375">
        <ele>22.3999996185302734375</ele>
        <time>2025-08-18T12:27:49.000Z</time>
        <extensions>
          <ns3:TrackPointExtension>
            <ns3:atemp>32.0</ns3:atemp>
            <ns3:hr>93</ns3:hr>
          </ns3:TrackPointExtension>
        </extensions>
      </trkpt>
      <trkpt lat="48.64228938706219196319580078125" lon="-2.39460571669042110443115234375">
        <ele>22</ele>
        <time>2025-08-18T12:27:51.000Z</time>
        <extensions>
          <ns3:TrackPointExtension>
            <ns3:atemp>32.0</ns3:atemp>
            <ns3:hr>92</ns3:hr>
          </ns3:TrackPointExtension>
        </extensions>
      </trkpt>
      <trkpt lat="48.64235510118305683135986328125" lon="-2.39466824568808078765869140625">
        <ele>21.200000762939453125</ele>
        <time>2025-08-18T12:27:55.000Z</time>
        <extensions>
          <ns3:TrackPointExtension>
            <ns3:atemp>32.0</ns3:atemp>
            <ns3:hr>94</ns3:hr>
          </ns3:TrackPointExtension>
        </extensions>
      </trkpt>
      <trkpt lat="48.642370440065860748291015625" lon="-2.39468752406537532806396484375">
        <ele>21</ele>
        <time>2025-08-18T12:27:56.000Z</time>
        <extensions>
          <ns3:TrackPointExtension>
            <ns3:atemp>31.0</ns3:atemp>
            <ns3:hr>95</ns3:hr>
          </ns3:TrackPointExtension>
        </extensions>
      </trkpt>
      <trkpt lat="48.64238276146352291107177734375" lon="-2.394701354205608367919921875">
        <ele>20.6000003814697265625</ele>
        <time>2025-08-18T12:27:57.000Z</time>
        <extensions>
          <ns3:TrackPointExtension>
            <ns3:atemp>31.0</ns3:atemp>
            <ns3:hr>92</ns3:hr>
          </ns3:TrackPointExtension>
        </extensions>
      </trkpt>
      <trkpt lat="48.64241863600909709930419921875" lon="-2.394746281206607818603515625">
        <ele>19.799999237060546875</ele>
        <time>2025-08-18T12:28:01.000Z</time>
        <extensions>
          <ns3:TrackPointExtension>
            <ns3:atemp>31.0</ns3:atemp>
            <ns3:hr>92</ns3:hr>
          </ns3:TrackPointExtension>
        </extensions>
      </trkpt>
      <trkpt lat="48.64244998432695865631103515625" lon="-2.3947687447071075439453125">
        <ele>19.3999996185302734375</ele>
        <time>2025-08-18T12:28:03.000Z</time>
        <extensions>
          <ns3:TrackPointExtension>
            <ns3:atemp>31.0</ns3:atemp>
            <ns3:hr>93</ns3:hr>
          </ns3:TrackPointExtension>
        </extensions>
      </trkpt>
      <trkpt lat="48.642513267695903778076171875" lon="-2.39482683129608631134033203125">
        <ele>18.799999237060546875</ele>
        <time>2025-08-18T12:28:07.000Z</time>
        <extensions>
          <ns3:TrackPointExtension>
            <ns3:atemp>31.0</ns3:atemp>
            <ns3:hr>96</ns3:hr>
          </ns3:TrackPointExtension>
        </extensions>
      </trkpt>
      <trkpt lat="48.642522655427455902099609375" lon="-2.39483957178890705108642578125">
        <ele>18.6000003814697265625</ele>
        <time>2025-08-18T12:28:08.000Z</time>
        <extensions>
          <ns3:TrackPointExtension>
            <ns3:atemp>31.0</ns3:atemp>
            <ns3:hr>98</ns3:hr>
          </ns3:TrackPointExtension>
        </extensions>
      </trkpt>
      <trkpt lat="48.64259742200374603271484375" lon="-2.394883073866367340087890625">
        <ele>17.6000003814697265625</ele>
        <time>2025-08-18T12:28:14.000Z</time>
        <extensions>
          <ns3:TrackPointExtension>
            <ns3:atemp>31.0</ns3:atemp>
            <ns3:hr>99</ns3:hr>
          </ns3:TrackPointExtension>
        </extensions>
      </trkpt>
      <trkpt lat="48.64261619746685028076171875" lon="-2.39488919265568256378173828125">
        <ele>17.3999996185302734375</ele>
        <time>2025-08-18T12:28:16.000Z</time>
        <extensions>
          <ns3:TrackPointExtension>
            <ns3:atemp>31.0</ns3:atemp>
            <ns3:hr>99</ns3:hr>
          </ns3:TrackPointExtension>
        </extensions>
      </trkpt>
      <trkpt lat="48.6426274292171001434326171875" lon="-2.3948983289301395416259765625">
        <ele>17.200000762939453125</ele>
        <time>2025-08-18T12:28:18.000Z</time>
        <extensions>
          <ns3:TrackPointExtension>
            <ns3:atemp>31.0</ns3:atemp>
            <ns3:hr>99</ns3:hr>
          </ns3:TrackPointExtension>
        </extensions>
      </trkpt>
      <trkpt lat="48.64265240728855133056640625" lon="-2.39490729756653308868408203125">
        <ele>17</ele>
        <time>2025-08-18T12:28:21.000Z</time>
        <extensions>
          <ns3:TrackPointExtension>
            <ns3:atemp>31.0</ns3:atemp>
            <ns3:hr>100</ns3:hr>
          </ns3:TrackPointExtension>
        </extensions>
      </trkpt>
      <trkpt lat="48.6427233181893825531005859375" lon="-2.3949291743338108062744140625">
        <ele>16.6000003814697265625</ele>
        <time>2025-08-18T12:28:26.000Z</time>
        <extensions>
          <ns3:TrackPointExtension>
            <ns3:atemp>31.0</ns3:atemp>
            <ns3:hr>103</ns3:hr>
          </ns3:TrackPointExtension>
        </extensions>
      </trkpt>
      <trkpt lat="48.64274787716567516326904296875" lon="-2.39493579603731632232666015625">
        <ele>16.3999996185302734375</ele>
        <time>2025-08-18T12:28:28.000Z</time>
        <extensions>
          <ns3:TrackPointExtension>
            <ns3:atemp>31.0</ns3:atemp>
            <ns3:hr>103</ns3:hr>
          </ns3:TrackPointExtension>
        </extensions>
      </trkpt>
      <trkpt lat="48.642749972641468048095703125" lon="-2.3949405737221240997314453125">
        <ele>16.3999996185302734375</ele>
        <time>2025-08-18T12:28:29.000Z</time>
        <extensions>
          <ns3:TrackPointExtension>
            <ns3:atemp>31.0</ns3:atemp>
            <ns3:hr>103</ns3:hr>
          </ns3:TrackPointExtension>
        </extensions>
      </trkpt>
      <trkpt lat="48.64275843836367130279541015625" lon="-2.39493839442729949951171875">
        <ele>16</ele>
        <time>2025-08-18T12:28:33.000Z</time>
        <extensions>
          <ns3:TrackPointExtension>
            <ns3:atemp>31.0</ns3:atemp>
            <ns3:hr>103</ns3:hr>
          </ns3:TrackPointExtension>
        </extensions>
      </trkpt>
      <trkpt lat="48.642772100865840911865234375" lon="-2.39494015462696552276611328125">
        <ele>16</ele>
        <time>2025-08-18T12:28:40.000Z</time>
        <extensions>
          <ns3:TrackPointExtension>
            <ns3:atemp>31.0</ns3:atemp>
            <ns3:hr>101</ns3:hr>
          </ns3:TrackPointExtension>
        </extensions>
      </trkpt>
      <trkpt lat="48.64278358407318592071533203125" lon="-2.39494333975017070770263671875">
        <ele>16</ele>
        <time>2025-08-18T12:28:42.000Z</time>
        <extensions>
          <ns3:TrackPointExtension>
            <ns3:atemp>31.0</ns3:atemp>
            <ns3:hr>101</ns3:hr>
          </ns3:TrackPointExtension>
        </extensions>
      </trkpt>
      <trkpt lat="48.64278643392026424407958984375" lon="-2.3949694074690341949462890625">
        <ele>15.80000019073486328125</ele>
        <time>2025-08-18T12:28:46.000Z</time>
        <extensions>
          <ns3:TrackPointExtension>
            <ns3:atemp>31.0</ns3:atemp>
            <ns3:hr>100</ns3:hr>
          </ns3:TrackPointExtension>
        </extensions>
      </trkpt>
      <trkpt lat="48.64276782609522342681884765625" lon="-2.39509840495884418487548828125">
        <ele>15.80000019073486328125</ele>
        <time>2025-08-18T12:28:54.000Z</time>
        <extensions>
          <ns3:TrackPointExtension>
            <ns3:atemp>31.0</ns3:atemp>
            <ns3:hr>101</ns3:hr>
          </ns3:TrackPointExtension>
        </extensions>
      </trkpt>
      <trkpt lat="48.64272273145616054534912109375" lon="-2.395219020545482635498046875">
        <ele>16.200000762939453125</ele>
        <time>2025-08-18T12:29:02.000Z</time>
        <extensions>
          <ns3:TrackPointExtension>
            <ns3:atemp>31.0</ns3:atemp>
            <ns3:hr>103</ns3:hr>
          </ns3:TrackPointExtension>
        </extensions>
      </trkpt>
      <trkpt lat="48.64269104786217212677001953125" lon="-2.39529353566467761993408203125">
        <ele>16.3999996185302734375</ele>
        <time>2025-08-18T12:29:08.000Z</time>
        <extensions>
          <ns3:TrackPointExtension>
            <ns3:atemp>31.0</ns3:atemp>
            <ns3:hr>103</ns3:hr>
          </ns3:TrackPointExtension>
        </extensions>
      </trkpt>
      <trkpt lat="48.6426857672631740570068359375" lon="-2.3953025043010711669921875">
        <ele>16.799999237060546875</ele>
        <time>2025-08-18T12:29:10.000Z</time>
        <extensions>
          <ns3:TrackPointExtension>
            <ns3:atemp>31.0</ns3:atemp>
            <ns3:hr>104</ns3:hr>
          </ns3:TrackPointExtension>
        </extensions>
      </trkpt>
      <trkpt lat="48.64268719218671321868896484375" lon="-2.39531666971743106842041015625">
        <ele>16.799999237060546875</ele>
        <time>2025-08-18T12:29:11.000Z</time>
        <extensions>
          <ns3:TrackPointExtension>
            <ns3:atemp>31.0</ns3:atemp>
            <ns3:hr>104</ns3:hr>
          </ns3:TrackPointExtension>
        </extensions>
      </trkpt>
      <trkpt lat="48.6426825821399688720703125" lon="-2.3953469283878803253173828125">
        <ele>17</ele>
        <time>2025-08-18T12:29:13.000Z</time>
        <extensions>
          <ns3:TrackPointExtension>
            <ns3:atemp>31.0</ns3:atemp>
            <ns3:hr>105</ns3:hr>
          </ns3:TrackPointExtension>
        </extensions>
      </trkpt>
      <trkpt lat="48.6426723562180995941162109375" lon="-2.39537970162928104400634765625">
        <ele>17</ele>
        <time>2025-08-18T12:29:15.000Z</time>
        <extensions>
          <ns3:TrackPointExtension>
            <ns3:atemp>31.0</ns3:atemp>
            <ns3:hr>106</ns3:hr>
          </ns3:TrackPointExtension>
        </extensions>
      </trkpt>
      <trkpt lat="48.6426435224711894989013671875" lon="-2.39542177878320217132568359375">
        <ele>17</ele>
        <time>2025-08-18T12:29:19.000Z</time>
        <extensions>
          <ns3:TrackPointExtension>
            <ns3:atemp>31.0</ns3:atemp>
            <ns3:hr>109</ns3:hr>
          </ns3:TrackPointExtension>
        </extensions>
      </trkpt>
      <trkpt lat="48.64262097515165805816650390625" lon="-2.3954739980399608612060546875">
        <ele>17.200000762939453125</ele>
        <time>2025-08-18T12:29:23.000Z</time>
        <extensions>
          <ns3:TrackPointExtension>
            <ns3:atemp>31.0</ns3:atemp>
            <ns3:hr>108</ns3:hr>
          </ns3:TrackPointExtension>
        </extensions>
      </trkpt>
      <trkpt lat="48.64261544309556484222412109375" lon="-2.39549118094146251678466796875">
        <ele>17.200000762939453125</ele>
        <time>2025-08-18T12:29:24.000Z</time>
        <extensions>
          <ns3:TrackPointExtension>
            <ns3:atemp>31.0</ns3:atemp>
            <ns3:hr>108</ns3:hr>
          </ns3:TrackPointExtension>
        </extensions>
      </trkpt>
      <trkpt lat="48.64256749860942363739013671875" lon="-2.39562235772609710693359375">
        <ele>17.3999996185302734375</ele>
        <time>2025-08-18T12:29:33.000Z</time>
        <extensions>
          <ns3:TrackPointExtension>
            <ns3:atemp>31.0</ns3:atemp>
            <ns3:hr>107</ns3:hr>
          </ns3:TrackPointExtension>
        </extensions>
      </trkpt>
      <trkpt lat="48.642563559114933013916015625" lon="-2.395634092390537261962890625">
        <ele>17.6000003814697265625</ele>
        <time>2025-08-18T12:29:34.000Z</time>
        <extensions>
          <ns3:TrackPointExtension>
            <ns3:atemp>31.0</ns3:atemp>
            <ns3:hr>108</ns3:hr>
          </ns3:TrackPointExtension>
        </extensions>
      </trkpt>
      <trkpt lat="48.64252424798905849456787109375" lon="-2.39573945291340351104736328125">
        <ele>18.200000762939453125</ele>
        <time>2025-08-18T12:29:42.000Z</time>
        <extensions>
          <ns3:TrackPointExtension>
            <ns3:atemp>31.0</ns3:atemp>
            <ns3:hr>111</ns3:hr>
          </ns3:TrackPointExtension>
        </extensions>
      </trkpt>
      <trkpt lat="48.64251620136201381683349609375" lon="-2.395761497318744659423828125">
        <ele>18.200000762939453125</ele>
        <time>2025-08-18T12:29:44.000Z</time>
        <extensions>
          <ns3:TrackPointExtension>
            <ns3:atemp>31.0</ns3:atemp>
            <ns3:hr>112</ns3:hr>
          </ns3:TrackPointExtension>
        </extensions>
      </trkpt>
      <trkpt lat="48.6424685083329677581787109375" lon="-2.395894266664981842041015625">
        <ele>18.200000762939453125</ele>
        <time>2025-08-18T12:29:52.000Z</time>
        <extensions>
          <ns3:TrackPointExtension>
            <ns3:atemp>31.0</ns3:atemp>
            <ns3:hr>115</ns3:hr>
          </ns3:TrackPointExtension>
        </extensions>
      </trkpt>
      <trkpt lat="48.64246607758104801177978515625" lon="-2.3959028162062168121337890625">
        <ele>18.200000762939453125</ele>
        <time>2025-08-18T12:29:53.000Z</time>
        <extensions>
          <ns3:TrackPointExtension>
            <ns3:atemp>31.0</ns3:atemp>
            <ns3:hr>116</ns3:hr>
          </ns3:TrackPointExtension>
        </extensions>
      </trkpt>
      <trkpt lat="48.64244948141276836395263671875" lon="-2.39595235325396060943603515625">
        <ele>18</ele>
        <time>2025-08-18T12:29:56.000Z</time>
        <extensions>
          <ns3:TrackPointExtension>
            <ns3:atemp>31.0</ns3:atemp>
            <ns3:hr>119</ns3:hr>
          </ns3:TrackPointExtension>
        </extensions>
      </trkpt>
      <trkpt lat="48.64241905510425567626953125" lon="-2.39603851921856403350830078125">
        <ele>18.200000762939453125</ele>
        <time>2025-08-18T12:30:01.000Z</time>
        <extensions>
          <ns3:TrackPointExtension>
            <ns3:atemp>31.0</ns3:atemp>
            <ns3:hr>120</ns3:hr>
          </ns3:TrackPointExtension>
        </extensions>
      </trkpt>
      <trkpt lat="48.6423679254949092864990234375" lon="-2.396176569163799285888671875">
        <ele>18.6000003814697265625</ele>
        <time>2025-08-18T12:30:08.000Z</time>
        <extensions>
          <ns3:TrackPointExtension>
            <ns3:atemp>31.0</ns3:atemp>
            <ns3:hr>119</ns3:hr>
          </ns3:TrackPointExtension>
        </extensions>
      </trkpt>
      <trkpt lat="48.64236247725784778594970703125" lon="-2.3962407745420932769775390625">
        <ele>19</ele>
        <time>2025-08-18T12:30:12.000Z</time>
        <extensions>
          <ns3:TrackPointExtension>
            <ns3:atemp>31.0</ns3:atemp>
            <ns3:hr>118</ns3:hr>
          </ns3:TrackPointExtension>
        </extensions>
      </trkpt>
      <trkpt lat="48.64233867265284061431884765625" lon="-2.39634445868432521820068359375">
        <ele>18.6000003814697265625</ele>
        <time>2025-08-18T12:30:19.000Z</time>
        <extensions>
          <ns3:TrackPointExtension>
            <ns3:atemp>31.0</ns3:atemp>
            <ns3:hr>119</ns3:hr>
          </ns3:TrackPointExtension>
        </extensions>
      </trkpt>
      <trkpt lat="48.64230313338339328765869140625" lon="-2.39644152112305164337158203125">
        <ele>18.6000003814697265625</ele>
        <time>2025-08-18T12:30:26.000Z</time>
        <extensions>
          <ns3:TrackPointExtension>
            <ns3:atemp>31.0</ns3:atemp>
            <ns3:hr>118</ns3:hr>
          </ns3:TrackPointExtension>
        </extensions>
      </trkpt>
      <trkpt lat="48.642289303243160247802734375" lon="-2.396483011543750762939453125">
        <ele>18.799999237060546875</ele>
        <time>2025-08-18T12:30:29.000Z</time>
        <extensions>
          <ns3:TrackPointExtension>
            <ns3:atemp>31.0</ns3:atemp>
            <ns3:hr>117</ns3:hr>
          </ns3:TrackPointExtension>
        </extensions>
      </trkpt>
      <trkpt lat="48.642246387898921966552734375" lon="-2.39655886776745319366455078125">
        <ele>18.799999237060546875</ele>
        <time>2025-08-18T12:30:34.000Z</time>
        <extensions>
          <ns3:TrackPointExtension>
            <ns3:atemp>31.0</ns3:atemp>
            <ns3:hr>117</ns3:hr>
          </ns3:TrackPointExtension>
        </extensions>
      </trkpt>
      <trkpt lat="48.642204143106937408447265625" lon="-2.39668275229632854461669921875">
        <ele>19.200000762939453125</ele>
        <time>2025-08-18T12:30:42.000Z</time>
        <extensions>
          <ns3:TrackPointExtension>
            <ns3:atemp>31.0</ns3:atemp>
            <ns3:hr>116</ns3:hr>
          </ns3:TrackPointExtension>
        </extensions>
      </trkpt>
      <trkpt lat="48.64215175621211528778076171875" lon="-2.39687084220349788665771484375">
        <ele>19.200000762939453125</ele>
        <time>2025-08-18T12:30:52.000Z</time>
        <extensions>
          <ns3:TrackPointExtension>
            <ns3:atemp>31.0</ns3:atemp>
            <ns3:hr>115</ns3:hr>
          </ns3:TrackPointExtension>
        </extensions>
      </trkpt>
      <trkpt lat="48.64211906678974628448486328125" lon="-2.39695952273905277252197265625">
        <ele>19.200000762939453125</ele>
        <time>2025-08-18T12:30:59.000Z</time>
        <extensions>
          <ns3:TrackPointExtension>
            <ns3:atemp>31.0</ns3:atemp>
            <ns3:hr>115</ns3:hr>
          </ns3:TrackPointExtension>
        </extensions>
      </trkpt>
      <trkpt lat="48.64209073595702648162841796875" lon="-2.397082149982452392578125">
        <ele>18.799999237060546875</ele>
        <time>2025-08-18T12:31:07.000Z</time>
        <extensions>
          <ns3:TrackPointExtension>
            <ns3:atemp>31.0</ns3:atemp>
            <ns3:hr>114</ns3:hr>
          </ns3:TrackPointExtension>
        </extensions>
      </trkpt>
      <trkpt lat="48.642041869461536407470703125" lon="-2.3972524702548980712890625">
        <ele>18.3999996185302734375</ele>
        <time>2025-08-18T12:31:17.000Z</time>
        <extensions>
          <ns3:TrackPointExtension>
            <ns3:atemp>31.0</ns3:atemp>
            <ns3:hr>113</ns3:hr>
          </ns3:TrackPointExtension>
        </extensions>
      </trkpt>
      <trkpt lat="48.6420128680765628814697265625" lon="-2.39737384021282196044921875">
        <ele>18.3999996185302734375</ele>
        <time>2025-08-18T12:31:24.000Z</time>
        <extensions>
          <ns3:TrackPointExtension>
            <ns3:atemp>31.0</ns3:atemp>
            <ns3:hr>110</ns3:hr>
          </ns3:TrackPointExtension>
        </extensions>
      </trkpt>
      <trkpt lat="48.64199459552764892578125" lon="-2.397436201572418212890625">
        <ele>18.3999996185302734375</ele>
        <time>2025-08-18T12:31:28.000Z</time>
        <extensions>
          <ns3:TrackPointExtension>
            <ns3:atemp>31.0</ns3:atemp>
            <ns3:hr>110</ns3:hr>
          </ns3:TrackPointExtension>
        </extensions>
      </trkpt>
      <trkpt lat="48.6419598944485187530517578125" lon="-2.39760023541748523712158203125">
        <ele>18.3999996185302734375</ele>
        <time>2025-08-18T12:31:38.000Z</time>
        <extensions>
          <ns3:TrackPointExtension>
            <ns3:atemp>32.0</ns3:atemp>
            <ns3:hr>108</ns3:hr>
          </ns3:TrackPointExtension>
        </extensions>
      </trkpt>
      <trkpt lat="48.64193667657673358917236328125" lon="-2.39768765866756439208984375">
        <ele>18.3999996185302734375</ele>
        <time>2025-08-18T12:31:43.000Z</time>
        <extensions>
          <ns3:TrackPointExtension>
            <ns3:atemp>32.0</ns3:atemp>
            <ns3:hr>107</ns3:hr>
          </ns3:TrackPointExtension>
        </extensions>
      </trkpt>
      <trkpt lat="48.6419146321713924407958984375" lon="-2.39775999449193477630615234375">
        <ele>18.3999996185302734375</ele>
        <time>2025-08-18T12:31:48.000Z</time>
        <extensions>
          <ns3:TrackPointExtension>
            <ns3:atemp>32.0</ns3:atemp>
            <ns3:hr>107</ns3:hr>
          </ns3:TrackPointExtension>
        </extensions>
      </trkpt>
      <trkpt lat="48.6418713815510272979736328125" lon="-2.397893853485584259033203125">
        <ele>18.799999237060546875</ele>
        <time>2025-08-18T12:31:56.000Z</time>
        <extensions>
          <ns3:TrackPointExtension>
            <ns3:atemp>32.0</ns3:atemp>
            <ns3:hr>110</ns3:hr>
          </ns3:TrackPointExtension>
        </extensions>
      </trkpt>
      <trkpt lat="48.641856126487255096435546875" lon="-2.39795579575002193450927734375">
        <ele>18.799999237060546875</ele>
        <time>2025-08-18T12:32:00.000Z</time>
        <extensions>
          <ns3:TrackPointExtension>
            <ns3:atemp>32.0</ns3:atemp>
            <ns3:hr>110</ns3:hr>
          </ns3:TrackPointExtension>
        </extensions>
      </trkpt>
      <trkpt lat="48.64182184450328350067138671875" lon="-2.39808403886854648590087890625">
        <ele>19</ele>
        <time>2025-08-18T12:32:08.000Z</time>
        <extensions>
          <ns3:TrackPointExtension>
            <ns3:atemp>32.0</ns3:atemp>
            <ns3:hr>111</ns3:hr>
          </ns3:TrackPointExtension>
        </extensions>
      </trkpt>
      <trkpt lat="48.6417848803102970123291015625" lon="-2.3982527665793895721435546875">
        <ele>19.3999996185302734375</ele>
        <time>2025-08-18T12:32:19.000Z</time>
        <extensions>
          <ns3:TrackPointExtension>
            <ns3:atemp>32.0</ns3:atemp>
            <ns3:hr>110</ns3:hr>
          </ns3:TrackPointExtension>
        </extensions>
      </trkpt>
      <trkpt lat="48.64174590446054935455322265625" lon="-2.39839651621878147125244140625">
        <ele>19.3999996185302734375</ele>
        <time>2025-08-18T12:32:28.000Z</time>
        <extensions>
          <ns3:TrackPointExtension>
            <ns3:atemp>32.0</ns3:atemp>
            <ns3:hr>111</ns3:hr>
          </ns3:TrackPointExtension>
        </extensions>
      </trkpt>
      <trkpt lat="48.64172863774001598358154296875" lon="-2.39848427474498748779296875">
        <ele>19.6000003814697265625</ele>
        <time>2025-08-18T12:32:33.000Z</time>
        <extensions>
          <ns3:TrackPointExtension>
            <ns3:atemp>32.0</ns3:atemp>
            <ns3:hr>114</ns3:hr>
          </ns3:TrackPointExtension>
        </extensions>
      </trkpt>
      <trkpt lat="48.6417252011597156524658203125" lon="-2.3984958417713642120361328125">
        <ele>19.799999237060546875</ele>
        <time>2025-08-18T12:32:34.000Z</time>
        <extensions>
          <ns3:TrackPointExtension>
            <ns3:atemp>32.0</ns3:atemp>
            <ns3:hr>114</ns3:hr>
          </ns3:TrackPointExtension>
        </extensions>
      </trkpt>
      <trkpt lat="48.641705252230167388916015625" lon="-2.3985531739890575408935546875">
        <ele>20</ele>
        <time>2025-08-18T12:32:38.000Z</time>
        <extensions>
          <ns3:TrackPointExtension>
            <ns3:atemp>32.0</ns3:atemp>
            <ns3:hr>113</ns3:hr>
          </ns3:TrackPointExtension>
        </extensions>
      </trkpt>
      <trkpt lat="48.64166795276105403900146484375" lon="-2.3986604623496532440185546875">
        <ele>20</ele>
        <time>2025-08-18T12:32:45.000Z</time>
        <extensions>
          <ns3:TrackPointExtension>
            <ns3:atemp>32.0</ns3:atemp>
            <ns3:hr>110</ns3:hr>
          </ns3:TrackPointExtension>
        </extensions>
      </trkpt>
      <trkpt lat="48.64164800383150577545166015625" lon="-2.3987412638962268829345703125">
        <ele>20.200000762939453125</ele>
        <time>2025-08-18T12:32:50.000Z</time>
        <extensions>
          <ns3:TrackPointExtension>
            <ns3:atemp>32.0</ns3:atemp>
            <ns3:hr>109</ns3:hr>
          </ns3:TrackPointExtension>
        </extensions>
      </trkpt>
      <trkpt lat="48.64162554033100605010986328125" lon="-2.3988368175923824310302734375">
        <ele>20.200000762939453125</ele>
        <time>2025-08-18T12:32:56.000Z</time>
        <extensions>
          <ns3:TrackPointExtension>
            <ns3:atemp>32.0</ns3:atemp>
            <ns3:hr>112</ns3:hr>
          </ns3:TrackPointExtension>
        </extensions>
      </trkpt>
      <trkpt lat="48.64161933772265911102294921875" lon="-2.39887126721441745758056640625">
        <ele>20.3999996185302734375</ele>
        <time>2025-08-18T12:32:58.000Z</time>
        <extensions>
          <ns3:TrackPointExtension>
            <ns3:atemp>32.0</ns3:atemp>
            <ns3:hr>112</ns3:hr>
          </ns3:TrackPointExtension>
        </extensions>
      </trkpt>
      <trkpt lat="48.64160441793501377105712890625" lon="-2.39891284145414829254150390625">
        <ele>20.3999996185302734375</ele>
        <time>2025-08-18T12:33:00.000Z</time>
        <extensions>
          <ns3:TrackPointExtension>
            <ns3:atemp>32.0</ns3:atemp>
            <ns3:hr>111</ns3:hr>
          </ns3:TrackPointExtension>
        </extensions>
      </trkpt>
      <trkpt lat="48.64157474599778652191162109375" lon="-2.3990285955369472503662109375">
        <ele>20.799999237060546875</ele>
        <time>2025-08-18T12:33:08.000Z</time>
        <extensions>
          <ns3:TrackPointExtension>
            <ns3:atemp>32.0</ns3:atemp>
            <ns3:hr>109</ns3:hr>
          </ns3:TrackPointExtension>
        </extensions>
      </trkpt>
      <trkpt lat="48.641545660793781280517578125" lon="-2.39911501295864582061767578125">
        <ele>20.799999237060546875</ele>
        <time>2025-08-18T12:33:13.000Z</time>
        <extensions>
          <ns3:TrackPointExtension>
            <ns3:atemp>32.0</ns3:atemp>
            <ns3:hr>110</ns3:hr>
          </ns3:TrackPointExtension>
        </extensions>
      </trkpt>
      <trkpt lat="48.6415206827223300933837890625" lon="-2.39919916726648807525634765625">
        <ele>21</ele>
        <time>2025-08-18T12:33:18.000Z</time>
        <extensions>
          <ns3:TrackPointExtension>
            <ns3:atemp>32.0</ns3:atemp>
            <ns3:hr>111</ns3:hr>
          </ns3:TrackPointExtension>
        </extensions>
      </trkpt>
      <trkpt lat="48.6414931900799274444580078125" lon="-2.3993404023349285125732421875">
        <ele>21</ele>
        <time>2025-08-18T12:33:27.000Z</time>
        <extensions>
          <ns3:TrackPointExtension>
            <ns3:atemp>32.0</ns3:atemp>
            <ns3:hr>113</ns3:hr>
          </ns3:TrackPointExtension>
        </extensions>
      </trkpt>
      <trkpt lat="48.64151322282850742340087890625" lon="-2.39947811700403690338134765625">
        <ele>21.3999996185302734375</ele>
        <time>2025-08-18T12:33:36.000Z</time>
        <extensions>
          <ns3:TrackPointExtension>
            <ns3:atemp>32.0</ns3:atemp>
            <ns3:hr>112</ns3:hr>
          </ns3:TrackPointExtension>
        </extensions>
      </trkpt>
      <trkpt lat="48.6415102891623973846435546875" lon="-2.39950544200837612152099609375">
        <ele>21.3999996185302734375</ele>
        <time>2025-08-18T12:33:38.000Z</time>
        <extensions>
          <ns3:TrackPointExtension>
            <ns3:atemp>32.0</ns3:atemp>
            <ns3:hr>112</ns3:hr>
          </ns3:TrackPointExtension>
        </extensions>
      </trkpt>
      <trkpt lat="48.64148966968059539794921875" lon="-2.39958775229752063751220703125">
        <ele>21.200000762939453125</ele>
        <time>2025-08-18T12:33:43.000Z</time>
        <extensions>
          <ns3:TrackPointExtension>
            <ns3:atemp>32.0</ns3:atemp>
            <ns3:hr>113</ns3:hr>
          </ns3:TrackPointExtension>
        </extensions>
      </trkpt>
      <trkpt lat="48.64145639352500438690185546875" lon="-2.39970174618065357208251953125">
        <ele>21.6000003814697265625</ele>
        <time>2025-08-18T12:33:50.000Z</time>
        <extensions>
          <ns3:TrackPointExtension>
            <ns3:atemp>32.0</ns3:atemp>
            <ns3:hr>116</ns3:hr>
          </ns3:TrackPointExtension>
        </extensions>
      </trkpt>
      <trkpt lat="48.6414392106235027313232421875" lon="-2.39976511336863040924072265625">
        <ele>21.6000003814697265625</ele>
        <time>2025-08-18T12:33:54.000Z</time>
        <extensions>
          <ns3:TrackPointExtension>
            <ns3:atemp>32.0</ns3:atemp>
            <ns3:hr>116</ns3:hr>
          </ns3:TrackPointExtension>
        </extensions>
      </trkpt>
      <trkpt lat="48.6413790285587310791015625" lon="-2.3999683745205402374267578125">
        <ele>21.6000003814697265625</ele>
        <time>2025-08-18T12:34:07.000Z</time>
        <extensions>
          <ns3:TrackPointExtension>
            <ns3:atemp>33.0</ns3:atemp>
            <ns3:hr>114</ns3:hr>
          </ns3:TrackPointExtension>
        </extensions>
      </trkpt>
      <trkpt lat="48.64136201329529285430908203125" lon="-2.40002998150885105133056640625">
        <ele>21.6000003814697265625</ele>
        <time>2025-08-18T12:34:11.000Z</time>
        <extensions>
          <ns3:TrackPointExtension>
            <ns3:atemp>33.0</ns3:atemp>
            <ns3:hr>113</ns3:hr>
          </ns3:TrackPointExtension>
        </extensions>
      </trkpt>
      <trkpt lat="48.6413366161286830902099609375" lon="-2.4001286365091800689697265625">
        <ele>21.3999996185302734375</ele>
        <time>2025-08-18T12:34:18.000Z</time>
        <extensions>
          <ns3:TrackPointExtension>
            <ns3:atemp>33.0</ns3:atemp>
            <ns3:hr>114</ns3:hr>
          </ns3:TrackPointExtension>
        </extensions>
      </trkpt>
      <trkpt lat="48.64131658338010311126708984375" lon="-2.4002932570874691009521484375">
        <ele>21.200000762939453125</ele>
        <time>2025-08-18T12:34:28.000Z</time>
        <extensions>
          <ns3:TrackPointExtension>
            <ns3:atemp>33.0</ns3:atemp>
            <ns3:hr>111</ns3:hr>
          </ns3:TrackPointExtension>
        </extensions>
      </trkpt>
      <trkpt lat="48.641307614743709564208984375" lon="-2.4003408662974834442138671875">
        <ele>21</ele>
        <time>2025-08-18T12:34:31.000Z</time>
        <extensions>
          <ns3:TrackPointExtension>
            <ns3:atemp>33.0</ns3:atemp>
            <ns3:hr>110</ns3:hr>
          </ns3:TrackPointExtension>
        </extensions>
      </trkpt>
      <trkpt lat="48.64130434580147266387939453125" lon="-2.40047757513821125030517578125">
        <ele>20.6000003814697265625</ele>
        <time>2025-08-18T12:34:39.000Z</time>
        <extensions>
          <ns3:TrackPointExtension>
            <ns3:atemp>33.0</ns3:atemp>
            <ns3:hr>108</ns3:hr>
          </ns3:TrackPointExtension>
        </extensions>
      </trkpt>
      <trkpt lat="48.6412918567657470703125" lon="-2.40069617517292499542236328125">
        <ele>20.200000762939453125</ele>
        <time>2025-08-18T12:34:51.000Z</time>
        <extensions>
          <ns3:TrackPointExtension>
            <ns3:atemp>33.0</ns3:atemp>
            <ns3:hr>106</ns3:hr>
          </ns3:TrackPointExtension>
        </extensions>
      </trkpt>
      <trkpt lat="48.6412957124412059783935546875" lon="-2.4008310399949550628662109375">
        <ele>19.799999237060546875</ele>
        <time>2025-08-18T12:34:59.000Z</time>
        <extensions>
          <ns3:TrackPointExtension>
            <ns3:atemp>33.0</ns3:atemp>
            <ns3:hr>106</ns3:hr>
          </ns3:TrackPointExtension>
        </extensions>
      </trkpt>
      <trkpt lat="48.64129177294671535491943359375" lon="-2.40091837942600250244140625">
        <ele>19.6000003814697265625</ele>
        <time>2025-08-18T12:35:04.000Z</time>
        <extensions>
          <ns3:TrackPointExtension>
            <ns3:atemp>33.0</ns3:atemp>
            <ns3:hr>107</ns3:hr>
          </ns3:TrackPointExtension>
        </extensions>
      </trkpt>
      <trkpt lat="48.64128976128995418548583984375" lon="-2.401087693870067596435546875">
        <ele>19</ele>
        <time>2025-08-18T12:35:14.000Z</time>
        <extensions>
          <ns3:TrackPointExtension>
            <ns3:atemp>33.0</ns3:atemp>
            <ns3:hr>106</ns3:hr>
          </ns3:TrackPointExtension>
        </extensions>
      </trkpt>
      <trkpt lat="48.64128582179546356201171875" lon="-2.40110454149544239044189453125">
        <ele>19</ele>
        <time>2025-08-18T12:35:15.000Z</time>
        <extensions>
          <ns3:TrackPointExtension>
            <ns3:atemp>33.0</ns3:atemp>
            <ns3:hr>106</ns3:hr>
          </ns3:TrackPointExtension>
        </extensions>
      </trkpt>
      <trkpt lat="48.641273416578769683837890625" lon="-2.401256673038005828857421875">
        <ele>18.799999237060546875</ele>
        <time>2025-08-18T12:35:24.000Z</time>
        <extensions>
          <ns3:TrackPointExtension>
            <ns3:atemp>33.0</ns3:atemp>
            <ns3:hr>105</ns3:hr>
          </ns3:TrackPointExtension>
        </extensions>
      </trkpt>
      <trkpt lat="48.64126428030431270599365234375" lon="-2.40132230333983898162841796875">
        <ele>18.6000003814697265625</ele>
        <time>2025-08-18T12:35:28.000Z</time>
        <extensions>
          <ns3:TrackPointExtension>
            <ns3:atemp>33.0</ns3:atemp>
            <ns3:hr>102</ns3:hr>
          </ns3:TrackPointExtension>
        </extensions>
      </trkpt>
      <trkpt lat="48.64125539548695087432861328125" lon="-2.401396818459033966064453125">
        <ele>18.3999996185302734375</ele>
        <time>2025-08-18T12:35:32.000Z</time>
        <extensions>
          <ns3:TrackPointExtension>
            <ns3:atemp>33.0</ns3:atemp>
            <ns3:hr>105</ns3:hr>
          </ns3:TrackPointExtension>
        </extensions>
      </trkpt>
      <trkpt lat="48.641233183443546295166015625" lon="-2.40157593972980976104736328125">
        <ele>18.200000762939453125</ele>
        <time>2025-08-18T12:35:42.000Z</time>
        <extensions>
          <ns3:TrackPointExtension>
            <ns3:atemp>33.0</ns3:atemp>
            <ns3:hr>107</ns3:hr>
          </ns3:TrackPointExtension>
        </extensions>
      </trkpt>
      <trkpt lat="48.6412175931036472320556640625" lon="-2.40173838101327419281005859375">
        <ele>17.799999237060546875</ele>
        <time>2025-08-18T12:35:51.000Z</time>
        <extensions>
          <ns3:TrackPointExtension>
            <ns3:atemp>33.0</ns3:atemp>
            <ns3:hr>108</ns3:hr>
          </ns3:TrackPointExtension>
        </extensions>
      </trkpt>
      <trkpt lat="48.64121298305690288543701171875" lon="-2.40181348286569118499755859375">
        <ele>17.6000003814697265625</ele>
        <time>2025-08-18T12:35:55.000Z</time>
        <extensions>
          <ns3:TrackPointExtension>
            <ns3:atemp>33.0</ns3:atemp>
            <ns3:hr>111</ns3:hr>
          </ns3:TrackPointExtension>
        </extensions>
      </trkpt>
      <trkpt lat="48.6412082053720951080322265625" lon="-2.40189227275550365447998046875">
        <ele>17.3999996185302734375</ele>
        <time>2025-08-18T12:35:59.000Z</time>
        <extensions>
          <ns3:TrackPointExtension>
            <ns3:atemp>33.0</ns3:atemp>
            <ns3:hr>108</ns3:hr>
          </ns3:TrackPointExtension>
        </extensions>
      </trkpt>
      <trkpt lat="48.64120460115373134613037109375" lon="-2.40196150727570056915283203125">
        <ele>17.3999996185302734375</ele>
        <time>2025-08-18T12:36:03.000Z</time>
        <extensions>
          <ns3:TrackPointExtension>
            <ns3:atemp>34.0</ns3:atemp>
            <ns3:hr>106</ns3:hr>
          </ns3:TrackPointExtension>
        </extensions>
      </trkpt>
      <trkpt lat="48.6411954648792743682861328125" lon="-2.40211062133312225341796875">
        <ele>17.6000003814697265625</ele>
        <time>2025-08-18T12:36:13.000Z</time>
        <extensions>
          <ns3:TrackPointExtension>
            <ns3:atemp>34.0</ns3:atemp>
            <ns3:hr>107</ns3:hr>
          </ns3:TrackPointExtension>
        </extensions>
      </trkpt>
      <trkpt lat="48.6411897651851177215576171875" lon="-2.4021434783935546875">
        <ele>17.6000003814697265625</ele>
        <time>2025-08-18T12:36:15.000Z</time>
        <extensions>
          <ns3:TrackPointExtension>
            <ns3:atemp>34.0</ns3:atemp>
            <ns3:hr>107</ns3:hr>
          </ns3:TrackPointExtension>
        </extensions>
      </trkpt>
      <trkpt lat="48.64117375575006008148193359375" lon="-2.40234539844095706939697265625">
        <ele>17.3999996185302734375</ele>
        <time>2025-08-18T12:36:27.000Z</time>
        <extensions>
          <ns3:TrackPointExtension>
            <ns3:atemp>34.0</ns3:atemp>
            <ns3:hr>107</ns3:hr>
          </ns3:TrackPointExtension>
        </extensions>
      </trkpt>
      <trkpt lat="48.6411723308265209197998046875" lon="-2.40239552222192287445068359375">
        <ele>17.6000003814697265625</ele>
        <time>2025-08-18T12:36:30.000Z</time>
        <extensions>
          <ns3:TrackPointExtension>
            <ns3:atemp>34.0</ns3:atemp>
            <ns3:hr>104</ns3:hr>
          </ns3:TrackPointExtension>
        </extensions>
      </trkpt>
      <trkpt lat="48.64115707576274871826171875" lon="-2.40254756994545459747314453125">
        <ele>17.3999996185302734375</ele>
        <time>2025-08-18T12:36:39.000Z</time>
        <extensions>
          <ns3:TrackPointExtension>
            <ns3:atemp>34.0</ns3:atemp>
            <ns3:hr>106</ns3:hr>
          </ns3:TrackPointExtension>
        </extensions>
      </trkpt>
      <trkpt lat="48.6411491967737674713134765625" lon="-2.4026546068489551544189453125">
        <ele>17.200000762939453125</ele>
        <time>2025-08-18T12:36:45.000Z</time>
        <extensions>
          <ns3:TrackPointExtension>
            <ns3:atemp>34.0</ns3:atemp>
            <ns3:hr>109</ns3:hr>
          </ns3:TrackPointExtension>
        </extensions>
      </trkpt>
      <trkpt lat="48.641151376068592071533203125" lon="-2.40267145447432994842529296875">
        <ele>17.200000762939453125</ele>
        <time>2025-08-18T12:36:46.000Z</time>
        <extensions>
          <ns3:TrackPointExtension>
            <ns3:atemp>34.0</ns3:atemp>
            <ns3:hr>109</ns3:hr>
          </ns3:TrackPointExtension>
        </extensions>
      </trkpt>
      <trkpt lat="48.64115648902952671051025390625" lon="-2.402701042592525482177734375">
        <ele>17.200000762939453125</ele>
        <time>2025-08-18T12:36:48.000Z</time>
        <extensions>
          <ns3:TrackPointExtension>
            <ns3:atemp>34.0</ns3:atemp>
            <ns3:hr>110</ns3:hr>
          </ns3:TrackPointExtension>
        </extensions>
      </trkpt>
      <trkpt lat="48.64114659838378429412841796875" lon="-2.4028504081070423126220703125">
        <ele>17.3999996185302734375</ele>
        <time>2025-08-18T12:36:57.000Z</time>
        <extensions>
          <ns3:TrackPointExtension>
            <ns3:atemp>34.0</ns3:atemp>
            <ns3:hr>110</ns3:hr>
          </ns3:TrackPointExtension>
        </extensions>
      </trkpt>
      <trkpt lat="48.6411347799003124237060546875" lon="-2.40301586687564849853515625">
        <ele>17</ele>
        <time>2025-08-18T12:37:07.000Z</time>
        <extensions>
          <ns3:TrackPointExtension>
            <ns3:atemp>34.0</ns3:atemp>
            <ns3:hr>108</ns3:hr>
          </ns3:TrackPointExtension>
        </extensions>
      </trkpt>
      <trkpt lat="48.6411227099597454071044921875" lon="-2.40315743722021579742431640625">
        <ele>16.799999237060546875</ele>
        <time>2025-08-18T12:37:15.000Z</time>
        <extensions>
          <ns3:TrackPointExtension>
            <ns3:atemp>34.0</ns3:atemp>
            <ns3:hr>108</ns3:hr>
          </ns3:TrackPointExtension>
        </extensions>
      </trkpt>
      <trkpt lat="48.6411203630268573760986328125" lon="-2.40323756821453571319580078125">
        <ele>16.799999237060546875</ele>
        <time>2025-08-18T12:37:20.000Z</time>
        <extensions>
          <ns3:TrackPointExtension>
            <ns3:atemp>34.0</ns3:atemp>
            <ns3:hr>108</ns3:hr>
          </ns3:TrackPointExtension>
        </extensions>
      </trkpt>
      <trkpt lat="48.64111013710498809814453125" lon="-2.40340755321085453033447265625">
        <ele>16.799999237060546875</ele>
        <time>2025-08-18T12:37:31.000Z</time>
        <extensions>
          <ns3:TrackPointExtension>
            <ns3:atemp>34.0</ns3:atemp>
            <ns3:hr>108</ns3:hr>
          </ns3:TrackPointExtension>
        </extensions>
      </trkpt>
      <trkpt lat="48.641109131276607513427734375" lon="-2.403439991176128387451171875">
        <ele>16.799999237060546875</ele>
        <time>2025-08-18T12:37:33.000Z</time>
        <extensions>
          <ns3:TrackPointExtension>
            <ns3:atemp>34.0</ns3:atemp>
            <ns3:hr>108</ns3:hr>
          </ns3:TrackPointExtension>
        </extensions>
      </trkpt>
      <trkpt lat="48.64111072383821010589599609375" lon="-2.4034891091287136077880859375">
        <ele>16.799999237060546875</ele>
        <time>2025-08-18T12:37:36.000Z</time>
        <extensions>
          <ns3:TrackPointExtension>
            <ns3:atemp>34.0</ns3:atemp>
            <ns3:hr>108</ns3:hr>
          </ns3:TrackPointExtension>
        </extensions>
      </trkpt>
      <trkpt lat="48.64110871218144893646240234375" lon="-2.403505705296993255615234375">
        <ele>16.799999237060546875</ele>
        <time>2025-08-18T12:37:37.000Z</time>
        <extensions>
          <ns3:TrackPointExtension>
            <ns3:atemp>34.0</ns3:atemp>
            <ns3:hr>108</ns3:hr>
          </ns3:TrackPointExtension>
        </extensions>
      </trkpt>
      <trkpt lat="48.6410938762128353118896484375" lon="-2.403661273419857025146484375">
        <ele>16.6000003814697265625</ele>
        <time>2025-08-18T12:37:46.000Z</time>
        <extensions>
          <ns3:TrackPointExtension>
            <ns3:atemp>34.0</ns3:atemp>
            <ns3:hr>107</ns3:hr>
          </ns3:TrackPointExtension>
        </extensions>
      </trkpt>
      <trkpt lat="48.64109228365123271942138671875" lon="-2.403767891228199005126953125">
        <ele>16.6000003814697265625</ele>
        <time>2025-08-18T12:37:53.000Z</time>
        <extensions>
          <ns3:TrackPointExtension>
            <ns3:atemp>34.0</ns3:atemp>
            <ns3:hr>108</ns3:hr>
          </ns3:TrackPointExtension>
        </extensions>
      </trkpt>
      <trkpt lat="48.6410925351083278656005859375" lon="-2.40377853624522686004638671875">
        <ele>16.799999237060546875</ele>
        <time>2025-08-18T12:37:55.000Z</time>
        <extensions>
          <ns3:TrackPointExtension>
            <ns3:atemp>34.0</ns3:atemp>
            <ns3:hr>109</ns3:hr>
          </ns3:TrackPointExtension>
        </extensions>
      </trkpt>
      <trkpt lat="48.6410839855670928955078125" lon="-2.40382078103721141815185546875">
        <ele>16.6000003814697265625</ele>
        <time>2025-08-18T12:37:58.000Z</time>
        <extensions>
          <ns3:TrackPointExtension>
            <ns3:atemp>34.0</ns3:atemp>
            <ns3:hr>110</ns3:hr>
          </ns3:TrackPointExtension>
        </extensions>
      </trkpt>
      <trkpt lat="48.6410824768245220184326171875" lon="-2.40389588288962841033935546875">
        <ele>16.6000003814697265625</ele>
        <time>2025-08-18T12:38:03.000Z</time>
        <extensions>
          <ns3:TrackPointExtension>
            <ns3:atemp>34.0</ns3:atemp>
            <ns3:hr>110</ns3:hr>
          </ns3:TrackPointExtension>
        </extensions>
      </trkpt>
      <trkpt lat="48.64107736386358737945556640625" lon="-2.40396226756274700164794921875">
        <ele>16.799999237060546875</ele>
        <time>2025-08-18T12:38:07.000Z</time>
        <extensions>
          <ns3:TrackPointExtension>
            <ns3:atemp>35.0</ns3:atemp>
            <ns3:hr>107</ns3:hr>
          </ns3:TrackPointExtension>
        </extensions>
      </trkpt>
      <trkpt lat="48.6410630308091640472412109375" lon="-2.4040607549250125885009765625">
        <ele>16.6000003814697265625</ele>
        <time>2025-08-18T12:38:13.000Z</time>
        <extensions>
          <ns3:TrackPointExtension>
            <ns3:atemp>35.0</ns3:atemp>
            <ns3:hr>105</ns3:hr>
          </ns3:TrackPointExtension>
        </extensions>
      </trkpt>
      <trkpt lat="48.64103696309030055999755859375" lon="-2.40428329445421695709228515625">
        <ele>16.3999996185302734375</ele>
        <time>2025-08-18T12:38:25.000Z</time>
        <extensions>
          <ns3:TrackPointExtension>
            <ns3:atemp>35.0</ns3:atemp>
            <ns3:hr>108</ns3:hr>
          </ns3:TrackPointExtension>
        </extensions>
      </trkpt>
      <trkpt lat="48.64102757535874843597412109375" lon="-2.40434699691832065582275390625">
        <ele>16.3999996185302734375</ele>
        <time>2025-08-18T12:38:28.000Z</time>
        <extensions>
          <ns3:TrackPointExtension>
            <ns3:atemp>35.0</ns3:atemp>
            <ns3:hr>108</ns3:hr>
          </ns3:TrackPointExtension>
        </extensions>
      </trkpt>
      <trkpt lat="48.64102338440716266632080078125" lon="-2.40445076487958431243896484375">
        <ele>16.3999996185302734375</ele>
        <time>2025-08-18T12:38:34.000Z</time>
        <extensions>
          <ns3:TrackPointExtension>
            <ns3:atemp>35.0</ns3:atemp>
            <ns3:hr>109</ns3:hr>
          </ns3:TrackPointExtension>
        </extensions>
      </trkpt>
      <trkpt lat="48.64100729115307331085205078125" lon="-2.404645644128322601318359375">
        <ele>16.6000003814697265625</ele>
        <time>2025-08-18T12:38:45.000Z</time>
        <extensions>
          <ns3:TrackPointExtension>
            <ns3:atemp>35.0</ns3:atemp>
            <ns3:hr>110</ns3:hr>
          </ns3:TrackPointExtension>
        </extensions>
      </trkpt>
      <trkpt lat="48.6410046927630901336669921875" lon="-2.40473172627389430999755859375">
        <ele>16.799999237060546875</ele>
        <time>2025-08-18T12:38:50.000Z</time>
        <extensions>
          <ns3:TrackPointExtension>
            <ns3:atemp>35.0</ns3:atemp>
            <ns3:hr>107</ns3:hr>
          </ns3:TrackPointExtension>
        </extensions>
      </trkpt>
      <trkpt lat="48.64100175909698009490966796875" lon="-2.40480984561145305633544921875">
        <ele>16.799999237060546875</ele>
        <time>2025-08-18T12:38:55.000Z</time>
        <extensions>
          <ns3:TrackPointExtension>
            <ns3:atemp>35.0</ns3:atemp>
            <ns3:hr>107</ns3:hr>
          </ns3:TrackPointExtension>
        </extensions>
      </trkpt>
      <trkpt lat="48.64099404774606227874755859375" lon="-2.40497597493231296539306640625">
        <ele>16.799999237060546875</ele>
        <time>2025-08-18T12:39:05.000Z</time>
        <extensions>
          <ns3:TrackPointExtension>
            <ns3:atemp>35.0</ns3:atemp>
            <ns3:hr>107</ns3:hr>
          </ns3:TrackPointExtension>
        </extensions>
      </trkpt>
      <trkpt lat="48.64098968915641307830810546875" lon="-2.4050330556929111480712890625">
        <ele>16.799999237060546875</ele>
        <time>2025-08-18T12:39:09.000Z</time>
        <extensions>
          <ns3:TrackPointExtension>
            <ns3:atemp>35.0</ns3:atemp>
            <ns3:hr>109</ns3:hr>
          </ns3:TrackPointExtension>
        </extensions>
      </trkpt>
      <trkpt lat="48.640979044139385223388671875" lon="-2.40506147034466266632080078125">
        <ele>16.799999237060546875</ele>
        <time>2025-08-18T12:39:12.000Z</time>
        <extensions>
          <ns3:TrackPointExtension>
            <ns3:atemp>35.0</ns3:atemp>
            <ns3:hr>110</ns3:hr>
          </ns3:TrackPointExtension>
        </extensions>
      </trkpt>
      <trkpt lat="48.64096102304756641387939453125" lon="-2.40528325550258159637451171875">
        <ele>16.799999237060546875</ele>
        <time>2025-08-18T12:39:24.000Z</time>
        <extensions>
          <ns3:TrackPointExtension>
            <ns3:atemp>35.0</ns3:atemp>
            <ns3:hr>108</ns3:hr>
          </ns3:TrackPointExtension>
        </extensions>
      </trkpt>
      <trkpt lat="48.64094140939414501190185546875" lon="-2.40550705231726169586181640625">
        <ele>16.799999237060546875</ele>
        <time>2025-08-18T12:39:36.000Z</time>
        <extensions>
          <ns3:TrackPointExtension>
            <ns3:atemp>35.0</ns3:atemp>
            <ns3:hr>108</ns3:hr>
          </ns3:TrackPointExtension>
        </extensions>
      </trkpt>
      <trkpt lat="48.640936128795146942138671875" lon="-2.40564635954797267913818359375">
        <ele>16.6000003814697265625</ele>
        <time>2025-08-18T12:39:44.000Z</time>
        <extensions>
          <ns3:TrackPointExtension>
            <ns3:atemp>35.0</ns3:atemp>
            <ns3:hr>108</ns3:hr>
          </ns3:TrackPointExtension>
        </extensions>
      </trkpt>
      <trkpt lat="48.6409373022615909576416015625" lon="-2.40566312335431575775146484375">
        <ele>16.6000003814697265625</ele>
        <time>2025-08-18T12:39:45.000Z</time>
        <extensions>
          <ns3:TrackPointExtension>
            <ns3:atemp>35.0</ns3:atemp>
            <ns3:hr>108</ns3:hr>
          </ns3:TrackPointExtension>
        </extensions>
      </trkpt>
      <trkpt lat="48.64092581905424594879150390625" lon="-2.4057658016681671142578125">
        <ele>16.6000003814697265625</ele>
        <time>2025-08-18T12:39:51.000Z</time>
        <extensions>
          <ns3:TrackPointExtension>
            <ns3:atemp>35.0</ns3:atemp>
            <ns3:hr>110</ns3:hr>
          </ns3:TrackPointExtension>
        </extensions>
      </trkpt>
      <trkpt lat="48.64092246629297733306884765625" lon="-2.40581802092492580413818359375">
        <ele>16.6000003814697265625</ele>
        <time>2025-08-18T12:39:54.000Z</time>
        <extensions>
          <ns3:TrackPointExtension>
            <ns3:atemp>35.0</ns3:atemp>
            <ns3:hr>109</ns3:hr>
          </ns3:TrackPointExtension>
        </extensions>
      </trkpt>
      <trkpt lat="48.64088038913905620574951171875" lon="-2.40592539310455322265625">
        <ele>16</ele>
        <time>2025-08-18T12:40:02.000Z</time>
        <extensions>
          <ns3:TrackPointExtension>
            <ns3:atemp>35.0</ns3:atemp>
            <ns3:hr>107</ns3:hr>
          </ns3:TrackPointExtension>
        </extensions>
      </trkpt>
      <trkpt lat="48.6408789642155170440673828125" lon="-2.40594215691089630126953125">
        <ele>15.80000019073486328125</ele>
        <time>2025-08-18T12:40:03.000Z</time>
        <extensions>
          <ns3:TrackPointExtension>
            <ns3:atemp>35.0</ns3:atemp>
            <ns3:hr>106</ns3:hr>
          </ns3:TrackPointExtension>
        </extensions>
      </trkpt>
      <trkpt lat="48.64087938331067562103271484375" lon="-2.40596956573426723480224609375">
        <ele>15.80000019073486328125</ele>
        <time>2025-08-18T12:40:05.000Z</time>
        <extensions>
          <ns3:TrackPointExtension>
            <ns3:atemp>35.0</ns3:atemp>
            <ns3:hr>106</ns3:hr>
          </ns3:TrackPointExtension>
        </extensions>
      </trkpt>
      <trkpt lat="48.64086513407528400421142578125" lon="-2.40612060762941837310791015625">
        <ele>15.19999980926513671875</ele>
        <time>2025-08-18T12:40:14.000Z</time>
        <extensions>
          <ns3:TrackPointExtension>
            <ns3:atemp>35.0</ns3:atemp>
            <ns3:hr>106</ns3:hr>
          </ns3:TrackPointExtension>
        </extensions>
      </trkpt>
      <trkpt lat="48.640868403017520904541015625" lon="-2.4061944521963596343994140625">
        <ele>14.80000019073486328125</ele>
        <time>2025-08-18T12:40:19.000Z</time>
        <extensions>
          <ns3:TrackPointExtension>
            <ns3:atemp>35.0</ns3:atemp>
            <ns3:hr>105</ns3:hr>
          </ns3:TrackPointExtension>
        </extensions>
      </trkpt>
      <trkpt lat="48.64087116904556751251220703125" lon="-2.4061981402337551116943359375">
        <ele>14.6000003814697265625</ele>
        <time>2025-08-18T12:40:20.000Z</time>
        <extensions>
          <ns3:TrackPointExtension>
            <ns3:atemp>35.0</ns3:atemp>
            <ns3:hr>106</ns3:hr>
          </ns3:TrackPointExtension>
        </extensions>
      </trkpt>
      <trkpt lat="48.6408719234168529510498046875" lon="-2.40620358847081661224365234375">
        <ele>14.6000003814697265625</ele>
        <time>2025-08-18T12:40:21.000Z</time>
        <extensions>
          <ns3:TrackPointExtension>
            <ns3:atemp>35.0</ns3:atemp>
            <ns3:hr>107</ns3:hr>
          </ns3:TrackPointExtension>
        </extensions>
      </trkpt>
      <trkpt lat="48.64086898975074291229248046875" lon="-2.4062450788915157318115234375">
        <ele>14.6000003814697265625</ele>
        <time>2025-08-18T12:40:24.000Z</time>
        <extensions>
          <ns3:TrackPointExtension>
            <ns3:atemp>35.0</ns3:atemp>
            <ns3:hr>107</ns3:hr>
          </ns3:TrackPointExtension>
        </extensions>
      </trkpt>
      <trkpt lat="48.64085339941084384918212890625" lon="-2.406355552375316619873046875">
        <ele>14.6000003814697265625</ele>
        <time>2025-08-18T12:40:30.000Z</time>
        <extensions>
          <ns3:TrackPointExtension>
            <ns3:atemp>35.0</ns3:atemp>
            <ns3:hr>108</ns3:hr>
          </ns3:TrackPointExtension>
        </extensions>
      </trkpt>
      <trkpt lat="48.64086228422820568084716796875" lon="-2.4064080230891704559326171875">
        <ele>14.6000003814697265625</ele>
        <time>2025-08-18T12:40:34.000Z</time>
        <extensions>
          <ns3:TrackPointExtension>
            <ns3:atemp>35.0</ns3:atemp>
            <ns3:hr>107</ns3:hr>
          </ns3:TrackPointExtension>
        </extensions>
      </trkpt>
      <trkpt lat="48.6408615298569202423095703125" lon="-2.40644264034926891326904296875">
        <ele>14.6000003814697265625</ele>
        <time>2025-08-18T12:40:36.000Z</time>
        <extensions>
          <ns3:TrackPointExtension>
            <ns3:atemp>35.0</ns3:atemp>
            <ns3:hr>107</ns3:hr>
          </ns3:TrackPointExtension>
        </extensions>
      </trkpt>
      <trkpt lat="48.64084937609732151031494140625" lon="-2.40656174719333648681640625">
        <ele>14.6000003814697265625</ele>
        <time>2025-08-18T12:40:44.000Z</time>
        <extensions>
          <ns3:TrackPointExtension>
            <ns3:atemp>35.0</ns3:atemp>
            <ns3:hr>107</ns3:hr>
          </ns3:TrackPointExtension>
        </extensions>
      </trkpt>
      <trkpt lat="48.6408357135951519012451171875" lon="-2.40666375495493412017822265625">
        <ele>14.6000003814697265625</ele>
        <time>2025-08-18T12:40:51.000Z</time>
        <extensions>
          <ns3:TrackPointExtension>
            <ns3:atemp>35.0</ns3:atemp>
            <ns3:hr>108</ns3:hr>
          </ns3:TrackPointExtension>
        </extensions>
      </trkpt>
      <trkpt lat="48.64082506857812404632568359375" lon="-2.406882941722869873046875">
        <ele>14.6000003814697265625</ele>
        <time>2025-08-18T12:41:04.000Z</time>
        <extensions>
          <ns3:TrackPointExtension>
            <ns3:atemp>35.0</ns3:atemp>
            <ns3:hr>106</ns3:hr>
          </ns3:TrackPointExtension>
        </extensions>
      </trkpt>
      <trkpt lat="48.6408104002475738525390625" lon="-2.4070564471185207366943359375">
        <ele>14.6000003814697265625</ele>
        <time>2025-08-18T12:41:14.000Z</time>
        <extensions>
          <ns3:TrackPointExtension>
            <ns3:atemp>35.0</ns3:atemp>
            <ns3:hr>106</ns3:hr>
          </ns3:TrackPointExtension>
        </extensions>
      </trkpt>
      <trkpt lat="48.64079874940216541290283203125" lon="-2.407205142080783843994140625">
        <ele>14.6000003814697265625</ele>
        <time>2025-08-18T12:41:23.000Z</time>
        <extensions>
          <ns3:TrackPointExtension>
            <ns3:atemp>35.0</ns3:atemp>
            <ns3:hr>108</ns3:hr>
          </ns3:TrackPointExtension>
        </extensions>
      </trkpt>
      <trkpt lat="48.64079003222286701202392578125" lon="-2.407322488725185394287109375">
        <ele>14.80000019073486328125</ele>
        <time>2025-08-18T12:41:31.000Z</time>
        <extensions>
          <ns3:TrackPointExtension>
            <ns3:atemp>35.0</ns3:atemp>
            <ns3:hr>110</ns3:hr>
          </ns3:TrackPointExtension>
        </extensions>
      </trkpt>
      <trkpt lat="48.64078827202320098876953125" lon="-2.40737504325807094573974609375">
        <ele>14.6000003814697265625</ele>
        <time>2025-08-18T12:41:35.000Z</time>
        <extensions>
          <ns3:TrackPointExtension>
            <ns3:atemp>35.0</ns3:atemp>
            <ns3:hr>110</ns3:hr>
          </ns3:TrackPointExtension>
        </extensions>
      </trkpt>
      <trkpt lat="48.6407874338328838348388671875" lon="-2.40741058252751827239990234375">
        <ele>14.80000019073486328125</ele>
        <time>2025-08-18T12:41:38.000Z</time>
        <extensions>
          <ns3:TrackPointExtension>
            <ns3:atemp>35.0</ns3:atemp>
            <ns3:hr>110</ns3:hr>
          </ns3:TrackPointExtension>
        </extensions>
      </trkpt>
      <trkpt lat="48.64078332670032978057861328125" lon="-2.40744008682668209075927734375">
        <ele>14.80000019073486328125</ele>
        <time>2025-08-18T12:41:41.000Z</time>
        <extensions>
          <ns3:TrackPointExtension>
            <ns3:atemp>35.0</ns3:atemp>
            <ns3:hr>110</ns3:hr>
          </ns3:TrackPointExtension>
        </extensions>
      </trkpt>
      <trkpt lat="48.64074242301285266876220703125" lon="-2.407423742115497589111328125">
        <ele>13.6000003814697265625</ele>
        <time>2025-08-18T12:51:25.000Z</time>
        <extensions>
          <ns3:TrackPointExtension>
            <ns3:atemp>31.0</ns3:atemp>
            <ns3:hr>92</ns3:hr>
          </ns3:TrackPointExtension>
        </extensions>
      </trkpt>
      <trkpt lat="48.6407425068318843841552734375" lon="-2.40742349065840244293212890625">
        <ele>13.6000003814697265625</ele>
        <time>2025-08-18T12:51:26.000Z</time>
        <extensions>
          <ns3:TrackPointExtension>
            <ns3:atemp>31.0</ns3:atemp>
            <ns3:hr>92</ns3:hr>
          </ns3:TrackPointExtension>
        </extensions>
      </trkpt>
      <trkpt lat="48.64074627868831157684326171875" lon="-2.407423071563243865966796875">
        <ele>13.6000003814697265625</ele>
        <time>2025-08-18T12:51:27.000Z</time>
        <extensions>
          <ns3:TrackPointExtension>
            <ns3:atemp>31.0</ns3:atemp>
            <ns3:hr>92</ns3:hr>
          </ns3:TrackPointExtension>
        </extensions>
      </trkpt>
      <trkpt lat="48.64080411382019519805908203125" lon="-2.4074859358370304107666015625">
        <ele>13.19999980926513671875</ele>
        <time>2025-08-18T12:51:33.000Z</time>
        <extensions>
          <ns3:TrackPointExtension>
            <ns3:atemp>31.0</ns3:atemp>
            <ns3:hr>92</ns3:hr>
          </ns3:TrackPointExtension>
        </extensions>
      </trkpt>
      <trkpt lat="48.64082305692136287689208984375" lon="-2.40764938294887542724609375">
        <ele>13.3999996185302734375</ele>
        <time>2025-08-18T12:51:44.000Z</time>
        <extensions>
          <ns3:TrackPointExtension>
            <ns3:atemp>31.0</ns3:atemp>
            <ns3:hr>93</ns3:hr>
          </ns3:TrackPointExtension>
        </extensions>
      </trkpt>
      <trkpt lat="48.6408216319978237152099609375" lon="-2.40767310373485088348388671875">
        <ele>13.19999980926513671875</ele>
        <time>2025-08-18T12:51:49.000Z</time>
        <extensions>
          <ns3:TrackPointExtension>
            <ns3:atemp>32.0</ns3:atemp>
            <ns3:hr>94</ns3:hr>
          </ns3:TrackPointExtension>
        </extensions>
      </trkpt>
      <trkpt lat="48.64083076827228069305419921875" lon="-2.40784727968275547027587890625">
        <ele>13.80000019073486328125</ele>
        <time>2025-08-18T12:52:00.000Z</time>
        <extensions>
          <ns3:TrackPointExtension>
            <ns3:atemp>32.0</ns3:atemp>
            <ns3:hr>95</ns3:hr>
          </ns3:TrackPointExtension>
        </extensions>
      </trkpt>
      <trkpt lat="48.6408323608338832855224609375" lon="-2.4079264886677265167236328125">
        <ele>13.80000019073486328125</ele>
        <time>2025-08-18T12:52:04.000Z</time>
        <extensions>
          <ns3:TrackPointExtension>
            <ns3:atemp>32.0</ns3:atemp>
            <ns3:hr>98</ns3:hr>
          </ns3:TrackPointExtension>
        </extensions>
      </trkpt>
      <trkpt lat="48.640831522643566131591796875" lon="-2.40798038430511951446533203125">
        <ele>13.80000019073486328125</ele>
        <time>2025-08-18T12:52:07.000Z</time>
        <extensions>
          <ns3:TrackPointExtension>
            <ns3:atemp>32.0</ns3:atemp>
            <ns3:hr>101</ns3:hr>
          </ns3:TrackPointExtension>
        </extensions>
      </trkpt>
      <trkpt lat="48.64083160646259784698486328125" lon="-2.4080590903759002685546875">
        <ele>14</ele>
        <time>2025-08-18T12:52:11.000Z</time>
        <extensions>
          <ns3:TrackPointExtension>
            <ns3:atemp>32.0</ns3:atemp>
            <ns3:hr>102</ns3:hr>
          </ns3:TrackPointExtension>
        </extensions>
      </trkpt>
      <trkpt lat="48.640833534300327301025390625" lon="-2.4081851541996002197265625">
        <ele>14</ele>
        <time>2025-08-18T12:52:18.000Z</time>
        <extensions>
          <ns3:TrackPointExtension>
            <ns3:atemp>32.0</ns3:atemp>
            <ns3:hr>105</ns3:hr>
          </ns3:TrackPointExtension>
        </extensions>
      </trkpt>
      <trkpt lat="48.64083395339548587799072265625" lon="-2.40827358327805995941162109375">
        <ele>14.19999980926513671875</ele>
        <time>2025-08-18T12:52:23.000Z</time>
        <extensions>
          <ns3:TrackPointExtension>
            <ns3:atemp>32.0</ns3:atemp>
            <ns3:hr>105</ns3:hr>
          </ns3:TrackPointExtension>
        </extensions>
      </trkpt>
      <trkpt lat="48.6408390663564205169677734375" lon="-2.40841221995651721954345703125">
        <ele>14.3999996185302734375</ele>
        <time>2025-08-18T12:52:31.000Z</time>
        <extensions>
          <ns3:TrackPointExtension>
            <ns3:atemp>32.0</ns3:atemp>
            <ns3:hr>106</ns3:hr>
          </ns3:TrackPointExtension>
        </extensions>
      </trkpt>
      <trkpt lat="48.64084593951702117919921875" lon="-2.40860131569206714630126953125">
        <ele>14.6000003814697265625</ele>
        <time>2025-08-18T12:52:42.000Z</time>
        <extensions>
          <ns3:TrackPointExtension>
            <ns3:atemp>32.0</ns3:atemp>
            <ns3:hr>109</ns3:hr>
          </ns3:TrackPointExtension>
        </extensions>
      </trkpt>
      <trkpt lat="48.6408407427370548248291015625" lon="-2.40866870619356632232666015625">
        <ele>14.6000003814697265625</ele>
        <time>2025-08-18T12:52:46.000Z</time>
        <extensions>
          <ns3:TrackPointExtension>
            <ns3:atemp>32.0</ns3:atemp>
            <ns3:hr>109</ns3:hr>
          </ns3:TrackPointExtension>
        </extensions>
      </trkpt>
      <trkpt lat="48.64084032364189624786376953125" lon="-2.40868714638054370880126953125">
        <ele>14.6000003814697265625</ele>
        <time>2025-08-18T12:52:47.000Z</time>
        <extensions>
          <ns3:TrackPointExtension>
            <ns3:atemp>32.0</ns3:atemp>
            <ns3:hr>109</ns3:hr>
          </ns3:TrackPointExtension>
        </extensions>
      </trkpt>
      <trkpt lat="48.640838228166103363037109375" lon="-2.40885595791041851043701171875">
        <ele>15</ele>
        <time>2025-08-18T12:52:57.000Z</time>
        <extensions>
          <ns3:TrackPointExtension>
            <ns3:atemp>32.0</ns3:atemp>
            <ns3:hr>109</ns3:hr>
          </ns3:TrackPointExtension>
        </extensions>
      </trkpt>
      <trkpt lat="48.64083613269031047821044921875" lon="-2.40890742279589176177978515625">
        <ele>15</ele>
        <time>2025-08-18T12:53:00.000Z</time>
        <extensions>
          <ns3:TrackPointExtension>
            <ns3:atemp>32.0</ns3:atemp>
            <ns3:hr>108</ns3:hr>
          </ns3:TrackPointExtension>
        </extensions>
      </trkpt>
      <trkpt lat="48.64083780907094478607177734375" lon="-2.40905393846333026885986328125">
        <ele>15</ele>
        <time>2025-08-18T12:53:09.000Z</time>
        <extensions>
          <ns3:TrackPointExtension>
            <ns3:atemp>33.0</ns3:atemp>
            <ns3:hr>107</ns3:hr>
          </ns3:TrackPointExtension>
        </extensions>
      </trkpt>
      <trkpt lat="48.64084367640316486358642578125" lon="-2.4092166312038898468017578125">
        <ele>15.19999980926513671875</ele>
        <time>2025-08-18T12:53:19.000Z</time>
        <extensions>
          <ns3:TrackPointExtension>
            <ns3:atemp>33.0</ns3:atemp>
            <ns3:hr>104</ns3:hr>
          </ns3:TrackPointExtension>
        </extensions>
      </trkpt>
      <trkpt lat="48.64084350876510143280029296875" lon="-2.40925074554979801177978515625">
        <ele>15.19999980926513671875</ele>
        <time>2025-08-18T12:53:21.000Z</time>
        <extensions>
          <ns3:TrackPointExtension>
            <ns3:atemp>33.0</ns3:atemp>
            <ns3:hr>104</ns3:hr>
          </ns3:TrackPointExtension>
        </extensions>
      </trkpt>
      <trkpt lat="48.640846945345401763916015625" lon="-2.4094861932098865509033203125">
        <ele>15.19999980926513671875</ele>
        <time>2025-08-18T12:53:34.000Z</time>
        <extensions>
          <ns3:TrackPointExtension>
            <ns3:atemp>33.0</ns3:atemp>
            <ns3:hr>102</ns3:hr>
          </ns3:TrackPointExtension>
        </extensions>
      </trkpt>
      <trkpt lat="48.64084803499281406402587890625" lon="-2.40951997227966785430908203125">
        <ele>15.19999980926513671875</ele>
        <time>2025-08-18T12:53:36.000Z</time>
        <extensions>
          <ns3:TrackPointExtension>
            <ns3:atemp>33.0</ns3:atemp>
            <ns3:hr>102</ns3:hr>
          </ns3:TrackPointExtension>
        </extensions>
      </trkpt>
      <trkpt lat="48.6408534832298755645751953125" lon="-2.4096534959971904754638671875">
        <ele>15.3999996185302734375</ele>
        <time>2025-08-18T12:53:44.000Z</time>
        <extensions>
          <ns3:TrackPointExtension>
            <ns3:atemp>33.0</ns3:atemp>
            <ns3:hr>105</ns3:hr>
          </ns3:TrackPointExtension>
        </extensions>
      </trkpt>
      <trkpt lat="48.640850298106670379638671875" lon="-2.40969984792172908782958984375">
        <ele>15.3999996185302734375</ele>
        <time>2025-08-18T12:53:47.000Z</time>
        <extensions>
          <ns3:TrackPointExtension>
            <ns3:atemp>33.0</ns3:atemp>
            <ns3:hr>105</ns3:hr>
          </ns3:TrackPointExtension>
        </extensions>
      </trkpt>
      <trkpt lat="48.640857003629207611083984375" lon="-2.40988005883991718292236328125">
        <ele>15.19999980926513671875</ele>
        <time>2025-08-18T12:53:58.000Z</time>
        <extensions>
          <ns3:TrackPointExtension>
            <ns3:atemp>33.0</ns3:atemp>
            <ns3:hr>103</ns3:hr>
          </ns3:TrackPointExtension>
        </extensions>
      </trkpt>
      <trkpt lat="48.6408481188118457794189453125" lon="-2.41003830917179584503173828125">
        <ele>15.19999980926513671875</ele>
        <time>2025-08-18T12:54:06.000Z</time>
        <extensions>
          <ns3:TrackPointExtension>
            <ns3:atemp>33.0</ns3:atemp>
            <ns3:hr>103</ns3:hr>
          </ns3:TrackPointExtension>
        </extensions>
      </trkpt>
      <trkpt lat="48.64084384404122829437255859375" lon="-2.41008943878114223480224609375">
        <ele>15.3999996185302734375</ele>
        <time>2025-08-18T12:54:09.000Z</time>
        <extensions>
          <ns3:TrackPointExtension>
            <ns3:atemp>33.0</ns3:atemp>
            <ns3:hr>103</ns3:hr>
          </ns3:TrackPointExtension>
        </extensions>
      </trkpt>
      <trkpt lat="48.64085205830633640289306640625" lon="-2.4102489463984966278076171875">
        <ele>15.3999996185302734375</ele>
        <time>2025-08-18T12:54:18.000Z</time>
        <extensions>
          <ns3:TrackPointExtension>
            <ns3:atemp>34.0</ns3:atemp>
            <ns3:hr>102</ns3:hr>
          </ns3:TrackPointExtension>
        </extensions>
      </trkpt>
      <trkpt lat="48.6408528126776218414306640625" lon="-2.41035313345491886138916015625">
        <ele>15.3999996185302734375</ele>
        <time>2025-08-18T12:54:24.000Z</time>
        <extensions>
          <ns3:TrackPointExtension>
            <ns3:atemp>34.0</ns3:atemp>
            <ns3:hr>105</ns3:hr>
          </ns3:TrackPointExtension>
        </extensions>
      </trkpt>
      <trkpt lat="48.64086027257144451141357421875" lon="-2.410509288311004638671875">
        <ele>15.6000003814697265625</ele>
        <time>2025-08-18T12:54:33.000Z</time>
        <extensions>
          <ns3:TrackPointExtension>
            <ns3:atemp>34.0</ns3:atemp>
            <ns3:hr>105</ns3:hr>
          </ns3:TrackPointExtension>
        </extensions>
      </trkpt>
      <trkpt lat="48.64086211659014225006103515625" lon="-2.4105255492031574249267578125">
        <ele>15.6000003814697265625</ele>
        <time>2025-08-18T12:54:34.000Z</time>
        <extensions>
          <ns3:TrackPointExtension>
            <ns3:atemp>34.0</ns3:atemp>
            <ns3:hr>106</ns3:hr>
          </ns3:TrackPointExtension>
        </extensions>
      </trkpt>
      <trkpt lat="48.64086731337010860443115234375" lon="-2.41063711233437061309814453125">
        <ele>15.80000019073486328125</ele>
        <time>2025-08-18T12:54:41.000Z</time>
        <extensions>
          <ns3:TrackPointExtension>
            <ns3:atemp>34.0</ns3:atemp>
            <ns3:hr>107</ns3:hr>
          </ns3:TrackPointExtension>
        </extensions>
      </trkpt>
      <trkpt lat="48.64087066613137722015380859375" lon="-2.4107404612004756927490234375">
        <ele>16</ele>
        <time>2025-08-18T12:54:47.000Z</time>
        <extensions>
          <ns3:TrackPointExtension>
            <ns3:atemp>34.0</ns3:atemp>
            <ns3:hr>105</ns3:hr>
          </ns3:TrackPointExtension>
        </extensions>
      </trkpt>
      <trkpt lat="48.64088240079581737518310546875" lon="-2.4109129607677459716796875">
        <ele>16</ele>
        <time>2025-08-18T12:54:57.000Z</time>
        <extensions>
          <ns3:TrackPointExtension>
            <ns3:atemp>34.0</ns3:atemp>
            <ns3:hr>104</ns3:hr>
          </ns3:TrackPointExtension>
        </extensions>
      </trkpt>
      <trkpt lat="48.6408873461186885833740234375" lon="-2.41111370734870433807373046875">
        <ele>16.3999996185302734375</ele>
        <time>2025-08-18T12:55:09.000Z</time>
        <extensions>
          <ns3:TrackPointExtension>
            <ns3:atemp>34.0</ns3:atemp>
            <ns3:hr>102</ns3:hr>
          </ns3:TrackPointExtension>
        </extensions>
      </trkpt>
      <trkpt lat="48.64088742993772029876708984375" lon="-2.411233820021152496337890625">
        <ele>16.3999996185302734375</ele>
        <time>2025-08-18T12:55:16.000Z</time>
        <extensions>
          <ns3:TrackPointExtension>
            <ns3:atemp>34.0</ns3:atemp>
            <ns3:hr>105</ns3:hr>
          </ns3:TrackPointExtension>
        </extensions>
      </trkpt>
      <trkpt lat="48.64088273607194423675537109375" lon="-2.411312274634838104248046875">
        <ele>16.200000762939453125</ele>
        <time>2025-08-18T12:55:20.000Z</time>
        <extensions>
          <ns3:TrackPointExtension>
            <ns3:atemp>34.0</ns3:atemp>
            <ns3:hr>107</ns3:hr>
          </ns3:TrackPointExtension>
        </extensions>
      </trkpt>
      <trkpt lat="48.640889860689640045166015625" lon="-2.4114628136157989501953125">
        <ele>15.80000019073486328125</ele>
        <time>2025-08-18T12:55:29.000Z</time>
        <extensions>
          <ns3:TrackPointExtension>
            <ns3:atemp>34.0</ns3:atemp>
            <ns3:hr>107</ns3:hr>
          </ns3:TrackPointExtension>
        </extensions>
      </trkpt>
      <trkpt lat="48.64089145325124263763427734375" lon="-2.411692142486572265625">
        <ele>16</ele>
        <time>2025-08-18T12:55:42.000Z</time>
        <extensions>
          <ns3:TrackPointExtension>
            <ns3:atemp>34.0</ns3:atemp>
            <ns3:hr>106</ns3:hr>
          </ns3:TrackPointExtension>
        </extensions>
      </trkpt>
      <trkpt lat="48.64089312963187694549560546875" lon="-2.4118555895984172821044921875">
        <ele>16</ele>
        <time>2025-08-18T12:55:52.000Z</time>
        <extensions>
          <ns3:TrackPointExtension>
            <ns3:atemp>34.0</ns3:atemp>
            <ns3:hr>105</ns3:hr>
          </ns3:TrackPointExtension>
        </extensions>
      </trkpt>
      <trkpt lat="48.64090234972536563873291015625" lon="-2.41207779385149478912353515625">
        <ele>16</ele>
        <time>2025-08-18T12:56:05.000Z</time>
        <extensions>
          <ns3:TrackPointExtension>
            <ns3:atemp>34.0</ns3:atemp>
            <ns3:hr>105</ns3:hr>
          </ns3:TrackPointExtension>
        </extensions>
      </trkpt>
      <trkpt lat="48.6409007571637630462646484375" lon="-2.4121950566768646240234375">
        <ele>16</ele>
        <time>2025-08-18T12:56:12.000Z</time>
        <extensions>
          <ns3:TrackPointExtension>
            <ns3:atemp>35.0</ns3:atemp>
            <ns3:hr>105</ns3:hr>
          </ns3:TrackPointExtension>
        </extensions>
      </trkpt>
      <trkpt lat="48.6409024335443973541259765625" lon="-2.41226186044514179229736328125">
        <ele>16</ele>
        <time>2025-08-18T12:56:16.000Z</time>
        <extensions>
          <ns3:TrackPointExtension>
            <ns3:atemp>35.0</ns3:atemp>
            <ns3:hr>105</ns3:hr>
          </ns3:TrackPointExtension>
        </extensions>
      </trkpt>
      <trkpt lat="48.64089799113571643829345703125" lon="-2.41246252320706844329833984375">
        <ele>16.200000762939453125</ele>
        <time>2025-08-18T12:56:28.000Z</time>
        <extensions>
          <ns3:TrackPointExtension>
            <ns3:atemp>35.0</ns3:atemp>
            <ns3:hr>103</ns3:hr>
          </ns3:TrackPointExtension>
        </extensions>
      </trkpt>
      <trkpt lat="48.64089262671768665313720703125" lon="-2.4125757627189159393310546875">
        <ele>16.200000762939453125</ele>
        <time>2025-08-18T12:56:35.000Z</time>
        <extensions>
          <ns3:TrackPointExtension>
            <ns3:atemp>35.0</ns3:atemp>
            <ns3:hr>103</ns3:hr>
          </ns3:TrackPointExtension>
        </extensions>
      </trkpt>
      <trkpt lat="48.64090033806860446929931640625" lon="-2.4127675406634807586669921875">
        <ele>16.3999996185302734375</ele>
        <time>2025-08-18T12:56:47.000Z</time>
        <extensions>
          <ns3:TrackPointExtension>
            <ns3:atemp>35.0</ns3:atemp>
            <ns3:hr>106</ns3:hr>
          </ns3:TrackPointExtension>
        </extensions>
      </trkpt>
      <trkpt lat="48.640901260077953338623046875" lon="-2.4128329195082187652587890625">
        <ele>16.6000003814697265625</ele>
        <time>2025-08-18T12:56:51.000Z</time>
        <extensions>
          <ns3:TrackPointExtension>
            <ns3:atemp>35.0</ns3:atemp>
            <ns3:hr>103</ns3:hr>
          </ns3:TrackPointExtension>
        </extensions>
      </trkpt>
      <trkpt lat="48.64089933224022388458251953125" lon="-2.412961833178997039794921875">
        <ele>16.6000003814697265625</ele>
        <time>2025-08-18T12:56:58.000Z</time>
        <extensions>
          <ns3:TrackPointExtension>
            <ns3:atemp>35.0</ns3:atemp>
            <ns3:hr>104</ns3:hr>
          </ns3:TrackPointExtension>
        </extensions>
      </trkpt>
      <trkpt lat="48.64089547656476497650146484375" lon="-2.41315369494259357452392578125">
        <ele>16.6000003814697265625</ele>
        <time>2025-08-18T12:57:09.000Z</time>
        <extensions>
          <ns3:TrackPointExtension>
            <ns3:atemp>35.0</ns3:atemp>
            <ns3:hr>101</ns3:hr>
          </ns3:TrackPointExtension>
        </extensions>
      </trkpt>
      <trkpt lat="48.64090360701084136962890625" lon="-2.4132825247943401336669921875">
        <ele>16.6000003814697265625</ele>
        <time>2025-08-18T12:57:16.000Z</time>
        <extensions>
          <ns3:TrackPointExtension>
            <ns3:atemp>35.0</ns3:atemp>
            <ns3:hr>104</ns3:hr>
          </ns3:TrackPointExtension>
        </extensions>
      </trkpt>
      <trkpt lat="48.64089966751635074615478515625" lon="-2.41333323530852794647216796875">
        <ele>16.6000003814697265625</ele>
        <time>2025-08-18T12:57:19.000Z</time>
        <extensions>
          <ns3:TrackPointExtension>
            <ns3:atemp>35.0</ns3:atemp>
            <ns3:hr>104</ns3:hr>
          </ns3:TrackPointExtension>
        </extensions>
      </trkpt>
      <trkpt lat="48.64089958369731903076171875" lon="-2.41334798745810985565185546875">
        <ele>16.799999237060546875</ele>
        <time>2025-08-18T12:57:20.000Z</time>
        <extensions>
          <ns3:TrackPointExtension>
            <ns3:atemp>35.0</ns3:atemp>
            <ns3:hr>104</ns3:hr>
          </ns3:TrackPointExtension>
        </extensions>
      </trkpt>
      <trkpt lat="48.64090536721050739288330078125" lon="-2.41356491111218929290771484375">
        <ele>17.200000762939453125</ele>
        <time>2025-08-18T12:57:33.000Z</time>
        <extensions>
          <ns3:TrackPointExtension>
            <ns3:atemp>35.0</ns3:atemp>
            <ns3:hr>103</ns3:hr>
          </ns3:TrackPointExtension>
        </extensions>
      </trkpt>
      <trkpt lat="48.64090000279247760772705078125" lon="-2.4136965908110141754150390625">
        <ele>17</ele>
        <time>2025-08-18T12:57:41.000Z</time>
        <extensions>
          <ns3:TrackPointExtension>
            <ns3:atemp>35.0</ns3:atemp>
            <ns3:hr>103</ns3:hr>
          </ns3:TrackPointExtension>
        </extensions>
      </trkpt>
      <trkpt lat="48.64090519957244396209716796875" lon="-2.4138105846941471099853515625">
        <ele>17.200000762939453125</ele>
        <time>2025-08-18T12:57:48.000Z</time>
        <extensions>
          <ns3:TrackPointExtension>
            <ns3:atemp>35.0</ns3:atemp>
            <ns3:hr>104</ns3:hr>
          </ns3:TrackPointExtension>
        </extensions>
      </trkpt>
      <trkpt lat="48.6409098096191883087158203125" lon="-2.41402742452919483184814453125">
        <ele>17.3999996185302734375</ele>
        <time>2025-08-18T12:58:00.000Z</time>
        <extensions>
          <ns3:TrackPointExtension>
            <ns3:atemp>35.0</ns3:atemp>
            <ns3:hr>105</ns3:hr>
          </ns3:TrackPointExtension>
        </extensions>
      </trkpt>
      <trkpt lat="48.640912659466266632080078125" lon="-2.414200007915496826171875">
        <ele>17.3999996185302734375</ele>
        <time>2025-08-18T12:58:10.000Z</time>
        <extensions>
          <ns3:TrackPointExtension>
            <ns3:atemp>35.0</ns3:atemp>
            <ns3:hr>105</ns3:hr>
          </ns3:TrackPointExtension>
        </extensions>
      </trkpt>
      <trkpt lat="48.640864379703998565673828125" lon="-2.41438918747007846832275390625">
        <ele>17</ele>
        <time>2025-08-18T12:58:23.000Z</time>
        <extensions>
          <ns3:TrackPointExtension>
            <ns3:atemp>35.0</ns3:atemp>
            <ns3:hr>104</ns3:hr>
          </ns3:TrackPointExtension>
        </extensions>
      </trkpt>
      <trkpt lat="48.6408041976392269134521484375" lon="-2.41443612612783908843994140625">
        <ele>16.3999996185302734375</ele>
        <time>2025-08-18T12:58:30.000Z</time>
        <extensions>
          <ns3:TrackPointExtension>
            <ns3:atemp>35.0</ns3:atemp>
            <ns3:hr>101</ns3:hr>
          </ns3:TrackPointExtension>
        </extensions>
      </trkpt>
      <trkpt lat="48.640797324478626251220703125" lon="-2.41444366984069347381591796875">
        <ele>16.200000762939453125</ele>
        <time>2025-08-18T12:58:31.000Z</time>
        <extensions>
          <ns3:TrackPointExtension>
            <ns3:atemp>35.0</ns3:atemp>
            <ns3:hr>101</ns3:hr>
          </ns3:TrackPointExtension>
        </extensions>
      </trkpt>
      <trkpt lat="48.64077209495007991790771484375" lon="-2.41446219384670257568359375">
        <ele>15.3999996185302734375</ele>
        <time>2025-08-18T12:58:34.000Z</time>
        <extensions>
          <ns3:TrackPointExtension>
            <ns3:atemp>35.0</ns3:atemp>
            <ns3:hr>101</ns3:hr>
          </ns3:TrackPointExtension>
        </extensions>
      </trkpt>
      <trkpt lat="48.64072750322520732879638671875" lon="-2.41449681110680103302001953125">
        <ele>14.80000019073486328125</ele>
        <time>2025-08-18T12:58:40.000Z</time>
        <extensions>
          <ns3:TrackPointExtension>
            <ns3:atemp>35.0</ns3:atemp>
            <ns3:hr>102</ns3:hr>
          </ns3:TrackPointExtension>
        </extensions>
      </trkpt>
      <trkpt lat="48.64071006886661052703857421875" lon="-2.4145153351128101348876953125">
        <ele>14.3999996185302734375</ele>
        <time>2025-08-18T12:58:42.000Z</time>
        <extensions>
          <ns3:TrackPointExtension>
            <ns3:atemp>35.0</ns3:atemp>
            <ns3:hr>105</ns3:hr>
          </ns3:TrackPointExtension>
        </extensions>
      </trkpt>
      <trkpt lat="48.640635721385478973388671875" lon="-2.41457928903400897979736328125">
        <ele>13.3999996185302734375</ele>
        <time>2025-08-18T12:58:49.000Z</time>
        <extensions>
          <ns3:TrackPointExtension>
            <ns3:atemp>35.0</ns3:atemp>
            <ns3:hr>106</ns3:hr>
          </ns3:TrackPointExtension>
        </extensions>
      </trkpt>
      <trkpt lat="48.6406305246055126190185546875" lon="-2.41458817385137081146240234375">
        <ele>13.19999980926513671875</ele>
        <time>2025-08-18T12:58:50.000Z</time>
        <extensions>
          <ns3:TrackPointExtension>
            <ns3:atemp>35.0</ns3:atemp>
            <ns3:hr>106</ns3:hr>
          </ns3:TrackPointExtension>
        </extensions>
      </trkpt>
      <trkpt lat="48.64059926010668277740478515625" lon="-2.4146048538386821746826171875">
        <ele>13</ele>
        <time>2025-08-18T12:58:56.000Z</time>
        <extensions>
          <ns3:TrackPointExtension>
            <ns3:atemp>34.0</ns3:atemp>
            <ns3:hr>104</ns3:hr>
          </ns3:TrackPointExtension>
        </extensions>
      </trkpt>
      <trkpt lat="48.64054678939282894134521484375" lon="-2.414577864110469818115234375">
        <ele>12.3999996185302734375</ele>
        <time>2025-08-18T12:59:02.000Z</time>
        <extensions>
          <ns3:TrackPointExtension>
            <ns3:atemp>34.0</ns3:atemp>
            <ns3:hr>104</ns3:hr>
          </ns3:TrackPointExtension>
        </extensions>
      </trkpt>
      <trkpt lat="48.64053488709032535552978515625" lon="-2.41456906311213970184326171875">
        <ele>12.19999980926513671875</ele>
        <time>2025-08-18T12:59:03.000Z</time>
        <extensions>
          <ns3:TrackPointExtension>
            <ns3:atemp>34.0</ns3:atemp>
            <ns3:hr>104</ns3:hr>
          </ns3:TrackPointExtension>
        </extensions>
      </trkpt>
      <trkpt lat="48.64051426760852336883544921875" lon="-2.4145585857331752777099609375">
        <ele>11.80000019073486328125</ele>
        <time>2025-08-18T12:59:05.000Z</time>
        <extensions>
          <ns3:TrackPointExtension>
            <ns3:atemp>34.0</ns3:atemp>
            <ns3:hr>104</ns3:hr>
          </ns3:TrackPointExtension>
        </extensions>
      </trkpt>
      <trkpt lat="48.64047043025493621826171875" lon="-2.4145401455461978912353515625">
        <ele>11.19999980926513671875</ele>
        <time>2025-08-18T12:59:09.000Z</time>
        <extensions>
          <ns3:TrackPointExtension>
            <ns3:atemp>34.0</ns3:atemp>
            <ns3:hr>106</ns3:hr>
          </ns3:TrackPointExtension>
        </extensions>
      </trkpt>
      <trkpt lat="48.6404541693627834320068359375" lon="-2.41453251801431179046630859375">
        <ele>11</ele>
        <time>2025-08-18T12:59:11.000Z</time>
        <extensions>
          <ns3:TrackPointExtension>
            <ns3:atemp>34.0</ns3:atemp>
            <ns3:hr>106</ns3:hr>
          </ns3:TrackPointExtension>
        </extensions>
      </trkpt>
      <trkpt lat="48.64044754765927791595458984375" lon="-2.4145290814340114593505859375">
        <ele>11</ele>
        <time>2025-08-18T12:59:12.000Z</time>
        <extensions>
          <ns3:TrackPointExtension>
            <ns3:atemp>34.0</ns3:atemp>
            <ns3:hr>105</ns3:hr>
          </ns3:TrackPointExtension>
        </extensions>
      </trkpt>
      <trkpt lat="48.64042206667363643646240234375" lon="-2.414505779743194580078125">
        <ele>10.6000003814697265625</ele>
        <time>2025-08-18T12:59:15.000Z</time>
        <extensions>
          <ns3:TrackPointExtension>
            <ns3:atemp>34.0</ns3:atemp>
            <ns3:hr>102</ns3:hr>
          </ns3:TrackPointExtension>
        </extensions>
      </trkpt>
      <trkpt lat="48.64036909304559230804443359375" lon="-2.41444920189678668975830078125">
        <ele>10.19999980926513671875</ele>
        <time>2025-08-18T12:59:20.000Z</time>
        <extensions>
          <ns3:TrackPointExtension>
            <ns3:atemp>34.0</ns3:atemp>
            <ns3:hr>100</ns3:hr>
          </ns3:TrackPointExtension>
        </extensions>
      </trkpt>
      <trkpt lat="48.640350736677646636962890625" lon="-2.41442288272082805633544921875">
        <ele>10</ele>
        <time>2025-08-18T12:59:22.000Z</time>
        <extensions>
          <ns3:TrackPointExtension>
            <ns3:atemp>34.0</ns3:atemp>
            <ns3:hr>101</ns3:hr>
          </ns3:TrackPointExtension>
        </extensions>
      </trkpt>
      <trkpt lat="48.6403327994048595428466796875" lon="-2.41439371369779109954833984375">
        <ele>10</ele>
        <time>2025-08-18T12:59:25.000Z</time>
        <extensions>
          <ns3:TrackPointExtension>
            <ns3:atemp>34.0</ns3:atemp>
            <ns3:hr>102</ns3:hr>
          </ns3:TrackPointExtension>
        </extensions>
      </trkpt>
      <trkpt lat="48.640330620110034942626953125" lon="-2.4143515527248382568359375">
        <ele>9.6000003814697265625</ele>
        <time>2025-08-18T12:59:28.000Z</time>
        <extensions>
          <ns3:TrackPointExtension>
            <ns3:atemp>34.0</ns3:atemp>
            <ns3:hr>103</ns3:hr>
          </ns3:TrackPointExtension>
        </extensions>
      </trkpt>
      <trkpt lat="48.64033355377614498138427734375" lon="-2.41430402733385562896728515625">
        <ele>9.19999980926513671875</ele>
        <time>2025-08-18T12:59:31.000Z</time>
        <extensions>
          <ns3:TrackPointExtension>
            <ns3:atemp>34.0</ns3:atemp>
            <ns3:hr>101</ns3:hr>
          </ns3:TrackPointExtension>
        </extensions>
      </trkpt>
      <trkpt lat="48.64033187739551067352294921875" lon="-2.414285838603973388671875">
        <ele>9</ele>
        <time>2025-08-18T12:59:32.000Z</time>
        <extensions>
          <ns3:TrackPointExtension>
            <ns3:atemp>34.0</ns3:atemp>
            <ns3:hr>100</ns3:hr>
          </ns3:TrackPointExtension>
        </extensions>
      </trkpt>
      <trkpt lat="48.6403341405093669891357421875" lon="-2.41425474174320697784423828125">
        <ele>8.6000003814697265625</ele>
        <time>2025-08-18T12:59:34.000Z</time>
        <extensions>
          <ns3:TrackPointExtension>
            <ns3:atemp>34.0</ns3:atemp>
            <ns3:hr>99</ns3:hr>
          </ns3:TrackPointExtension>
        </extensions>
      </trkpt>
      <trkpt lat="48.6403291113674640655517578125" lon="-2.4142504669725894927978515625">
        <ele>8.6000003814697265625</ele>
        <time>2025-08-18T12:59:35.000Z</time>
        <extensions>
          <ns3:TrackPointExtension>
            <ns3:atemp>34.0</ns3:atemp>
            <ns3:hr>98</ns3:hr>
          </ns3:TrackPointExtension>
        </extensions>
      </trkpt>
      <trkpt lat="48.64030472002923488616943359375" lon="-2.41421283222734928131103515625">
        <ele>8.6000003814697265625</ele>
        <time>2025-08-18T12:59:40.000Z</time>
        <extensions>
          <ns3:TrackPointExtension>
            <ns3:atemp>34.0</ns3:atemp>
            <ns3:hr>96</ns3:hr>
          </ns3:TrackPointExtension>
        </extensions>
      </trkpt>
      <trkpt lat="48.64027504809200763702392578125" lon="-2.41415373980998992919921875">
        <ele>8.19999980926513671875</ele>
        <time>2025-08-18T12:59:46.000Z</time>
        <extensions>
          <ns3:TrackPointExtension>
            <ns3:atemp>34.0</ns3:atemp>
            <ns3:hr>95</ns3:hr>
          </ns3:TrackPointExtension>
        </extensions>
      </trkpt>
      <trkpt lat="48.6402737908065319061279296875" lon="-2.414101101458072662353515625">
        <ele>8</ele>
        <time>2025-08-18T12:59:50.000Z</time>
        <extensions>
          <ns3:TrackPointExtension>
            <ns3:atemp>34.0</ns3:atemp>
            <ns3:hr>95</ns3:hr>
          </ns3:TrackPointExtension>
        </extensions>
      </trkpt>
      <trkpt lat="48.64027320407330989837646484375" lon="-2.41408408619463443756103515625">
        <ele>8</ele>
        <time>2025-08-18T12:59:51.000Z</time>
        <extensions>
          <ns3:TrackPointExtension>
            <ns3:atemp>34.0</ns3:atemp>
            <ns3:hr>95</ns3:hr>
          </ns3:TrackPointExtension>
        </extensions>
      </trkpt>
      <trkpt lat="48.640273623168468475341796875" lon="-2.41407000459730625152587890625">
        <ele>7.80000019073486328125</ele>
        <time>2025-08-18T12:59:52.000Z</time>
        <extensions>
          <ns3:TrackPointExtension>
            <ns3:atemp>34.0</ns3:atemp>
            <ns3:hr>95</ns3:hr>
          </ns3:TrackPointExtension>
        </extensions>
      </trkpt>
      <trkpt lat="48.6402627266943454742431640625" lon="-2.414019294083118438720703125">
        <ele>7.80000019073486328125</ele>
        <time>2025-08-18T12:59:56.000Z</time>
        <extensions>
          <ns3:TrackPointExtension>
            <ns3:atemp>33.0</ns3:atemp>
            <ns3:hr>95</ns3:hr>
          </ns3:TrackPointExtension>
        </extensions>
      </trkpt>
      <trkpt lat="48.6402618885040283203125" lon="-2.4139812402427196502685546875">
        <ele>7.80000019073486328125</ele>
        <time>2025-08-18T12:59:59.000Z</time>
        <extensions>
          <ns3:TrackPointExtension>
            <ns3:atemp>33.0</ns3:atemp>
            <ns3:hr>96</ns3:hr>
          </ns3:TrackPointExtension>
        </extensions>
      </trkpt>
      <trkpt lat="48.640256188809871673583984375" lon="-2.41394343785941600799560546875">
        <ele>7.80000019073486328125</ele>
        <time>2025-08-18T13:00:01.000Z</time>
        <extensions>
          <ns3:TrackPointExtension>
            <ns3:atemp>33.0</ns3:atemp>
            <ns3:hr>96</ns3:hr>
          </ns3:TrackPointExtension>
        </extensions>
      </trkpt>
      <trkpt lat="48.64025325514376163482666015625" lon="-2.4138545058667659759521484375">
        <ele>7.599999904632568359375</ele>
        <time>2025-08-18T13:00:06.000Z</time>
        <extensions>
          <ns3:TrackPointExtension>
            <ns3:atemp>33.0</ns3:atemp>
            <ns3:hr>96</ns3:hr>
          </ns3:TrackPointExtension>
        </extensions>
      </trkpt>
      <trkpt lat="48.6402546800673007965087890625" lon="-2.4137287773191928863525390625">
        <ele>7.599999904632568359375</ele>
        <time>2025-08-18T13:00:14.000Z</time>
        <extensions>
          <ns3:TrackPointExtension>
            <ns3:atemp>33.0</ns3:atemp>
            <ns3:hr>93</ns3:hr>
          </ns3:TrackPointExtension>
        </extensions>
      </trkpt>
      <trkpt lat="48.64025258459150791168212890625" lon="-2.41371377371251583099365234375">
        <ele>7.80000019073486328125</ele>
        <time>2025-08-18T13:00:15.000Z</time>
        <extensions>
          <ns3:TrackPointExtension>
            <ns3:atemp>33.0</ns3:atemp>
            <ns3:hr>95</ns3:hr>
          </ns3:TrackPointExtension>
        </extensions>
      </trkpt>
      <trkpt lat="48.640254847705364227294921875" lon="-2.4135859496891498565673828125">
        <ele>8</ele>
        <time>2025-08-18T13:00:24.000Z</time>
        <extensions>
          <ns3:TrackPointExtension>
            <ns3:atemp>33.0</ns3:atemp>
            <ns3:hr>93</ns3:hr>
          </ns3:TrackPointExtension>
        </extensions>
      </trkpt>
      <trkpt lat="48.64025107584893703460693359375" lon="-2.41357438266277313232421875">
        <ele>8</ele>
        <time>2025-08-18T13:00:25.000Z</time>
        <extensions>
          <ns3:TrackPointExtension>
            <ns3:atemp>33.0</ns3:atemp>
            <ns3:hr>93</ns3:hr>
          </ns3:TrackPointExtension>
        </extensions>
      </trkpt>
      <trkpt lat="48.64023665897548198699951171875" lon="-2.41350858472287654876708984375">
        <ele>8</ele>
        <time>2025-08-18T13:00:30.000Z</time>
        <extensions>
          <ns3:TrackPointExtension>
            <ns3:atemp>33.0</ns3:atemp>
            <ns3:hr>93</ns3:hr>
          </ns3:TrackPointExtension>
        </extensions>
      </trkpt>
      <trkpt lat="48.6402069032192230224609375" lon="-2.41341185756027698516845703125">
        <ele>7.80000019073486328125</ele>
        <time>2025-08-18T13:00:36.000Z</time>
        <extensions>
          <ns3:TrackPointExtension>
            <ns3:atemp>33.0</ns3:atemp>
            <ns3:hr>95</ns3:hr>
          </ns3:TrackPointExtension>
        </extensions>
      </trkpt>
      <trkpt lat="48.64020313136279582977294921875" lon="-2.41339475847780704498291015625">
        <ele>7.599999904632568359375</ele>
        <time>2025-08-18T13:00:37.000Z</time>
        <extensions>
          <ns3:TrackPointExtension>
            <ns3:atemp>33.0</ns3:atemp>
            <ns3:hr>98</ns3:hr>
          </ns3:TrackPointExtension>
        </extensions>
      </trkpt>
      <trkpt lat="48.6401956714689731597900390625" lon="-2.4133673496544361114501953125">
        <ele>7.599999904632568359375</ele>
        <time>2025-08-18T13:00:39.000Z</time>
        <extensions>
          <ns3:TrackPointExtension>
            <ns3:atemp>33.0</ns3:atemp>
            <ns3:hr>103</ns3:hr>
          </ns3:TrackPointExtension>
        </extensions>
      </trkpt>
      <trkpt lat="48.640185110270977020263671875" lon="-2.413336001336574554443359375">
        <ele>7.80000019073486328125</ele>
        <time>2025-08-18T13:00:41.000Z</time>
        <extensions>
          <ns3:TrackPointExtension>
            <ns3:atemp>33.0</ns3:atemp>
            <ns3:hr>107</ns3:hr>
          </ns3:TrackPointExtension>
        </extensions>
      </trkpt>
      <trkpt lat="48.6401827633380889892578125" lon="-2.4132966063916683197021484375">
        <ele>7.80000019073486328125</ele>
        <time>2025-08-18T13:00:44.000Z</time>
        <extensions>
          <ns3:TrackPointExtension>
            <ns3:atemp>33.0</ns3:atemp>
            <ns3:hr>109</ns3:hr>
          </ns3:TrackPointExtension>
        </extensions>
      </trkpt>
      <trkpt lat="48.640169687569141387939453125" lon="-2.41318269632756710052490234375">
        <ele>7.599999904632568359375</ele>
        <time>2025-08-18T13:00:51.000Z</time>
        <extensions>
          <ns3:TrackPointExtension>
            <ns3:atemp>33.0</ns3:atemp>
            <ns3:hr>108</ns3:hr>
          </ns3:TrackPointExtension>
        </extensions>
      </trkpt>
      <trkpt lat="48.6401665024459362030029296875" lon="-2.41312016732990741729736328125">
        <ele>7.400000095367431640625</ele>
        <time>2025-08-18T13:00:55.000Z</time>
        <extensions>
          <ns3:TrackPointExtension>
            <ns3:atemp>33.0</ns3:atemp>
            <ns3:hr>105</ns3:hr>
          </ns3:TrackPointExtension>
        </extensions>
      </trkpt>
      <trkpt lat="48.64017044194042682647705078125" lon="-2.4130748212337493896484375">
        <ele>7.19999980926513671875</ele>
        <time>2025-08-18T13:00:58.000Z</time>
        <extensions>
          <ns3:TrackPointExtension>
            <ns3:atemp>33.0</ns3:atemp>
            <ns3:hr>105</ns3:hr>
          </ns3:TrackPointExtension>
        </extensions>
      </trkpt>
      <trkpt lat="48.6401678435504436492919921875" lon="-2.413063757121562957763671875">
        <ele>7.19999980926513671875</ele>
        <time>2025-08-18T13:00:59.000Z</time>
        <extensions>
          <ns3:TrackPointExtension>
            <ns3:atemp>33.0</ns3:atemp>
            <ns3:hr>106</ns3:hr>
          </ns3:TrackPointExtension>
        </extensions>
      </trkpt>
      <trkpt lat="48.6401473917067050933837890625" lon="-2.41299008019268512725830078125">
        <ele>7.19999980926513671875</ele>
        <time>2025-08-18T13:01:05.000Z</time>
        <extensions>
          <ns3:TrackPointExtension>
            <ns3:atemp>33.0</ns3:atemp>
            <ns3:hr>105</ns3:hr>
          </ns3:TrackPointExtension>
        </extensions>
      </trkpt>
      <trkpt lat="48.64012534730136394500732421875" lon="-2.412928640842437744140625">
        <ele>7.19999980926513671875</ele>
        <time>2025-08-18T13:01:10.000Z</time>
        <extensions>
          <ns3:TrackPointExtension>
            <ns3:atemp>33.0</ns3:atemp>
            <ns3:hr>102</ns3:hr>
          </ns3:TrackPointExtension>
        </extensions>
      </trkpt>
      <trkpt lat="48.64012333564460277557373046875" lon="-2.4129147268831729888916015625">
        <ele>7.19999980926513671875</ele>
        <time>2025-08-18T13:01:11.000Z</time>
        <extensions>
          <ns3:TrackPointExtension>
            <ns3:atemp>33.0</ns3:atemp>
            <ns3:hr>102</ns3:hr>
          </ns3:TrackPointExtension>
        </extensions>
      </trkpt>
      <trkpt lat="48.64011771976947784423828125" lon="-2.41287927143275737762451171875">
        <ele>7</ele>
        <time>2025-08-18T13:01:14.000Z</time>
        <extensions>
          <ns3:TrackPointExtension>
            <ns3:atemp>33.0</ns3:atemp>
            <ns3:hr>105</ns3:hr>
          </ns3:TrackPointExtension>
        </extensions>
      </trkpt>
      <trkpt lat="48.6401152051985263824462890625" lon="-2.412867285311222076416015625">
        <ele>7</ele>
        <time>2025-08-18T13:01:15.000Z</time>
        <extensions>
          <ns3:TrackPointExtension>
            <ns3:atemp>33.0</ns3:atemp>
            <ns3:hr>107</ns3:hr>
          </ns3:TrackPointExtension>
        </extensions>
      </trkpt>
      <trkpt lat="48.640112690627574920654296875" lon="-2.41282093338668346405029296875">
        <ele>6.80000019073486328125</ele>
        <time>2025-08-18T13:01:19.000Z</time>
        <extensions>
          <ns3:TrackPointExtension>
            <ns3:atemp>33.0</ns3:atemp>
            <ns3:hr>108</ns3:hr>
          </ns3:TrackPointExtension>
        </extensions>
      </trkpt>
      <trkpt lat="48.64010388962924480438232421875" lon="-2.41276309825479984283447265625">
        <ele>6.80000019073486328125</ele>
        <time>2025-08-18T13:01:23.000Z</time>
        <extensions>
          <ns3:TrackPointExtension>
            <ns3:atemp>33.0</ns3:atemp>
            <ns3:hr>104</ns3:hr>
          </ns3:TrackPointExtension>
        </extensions>
      </trkpt>
      <trkpt lat="48.64008058793842792510986328125" lon="-2.41267542354762554168701171875">
        <ele>6.80000019073486328125</ele>
        <time>2025-08-18T13:01:29.000Z</time>
        <extensions>
          <ns3:TrackPointExtension>
            <ns3:atemp>33.0</ns3:atemp>
            <ns3:hr>103</ns3:hr>
          </ns3:TrackPointExtension>
        </extensions>
      </trkpt>
      <trkpt lat="48.6400561966001987457275390625" lon="-2.41258674301207065582275390625">
        <ele>6.599999904632568359375</ele>
        <time>2025-08-18T13:01:36.000Z</time>
        <extensions>
          <ns3:TrackPointExtension>
            <ns3:atemp>33.0</ns3:atemp>
            <ns3:hr>100</ns3:hr>
          </ns3:TrackPointExtension>
        </extensions>
      </trkpt>
      <trkpt lat="48.640049993991851806640625" lon="-2.41255581378936767578125">
        <ele>6.599999904632568359375</ele>
        <time>2025-08-18T13:01:38.000Z</time>
        <extensions>
          <ns3:TrackPointExtension>
            <ns3:atemp>33.0</ns3:atemp>
            <ns3:hr>99</ns3:hr>
          </ns3:TrackPointExtension>
        </extensions>
      </trkpt>
      <trkpt lat="48.64003431983292102813720703125" lon="-2.41249655373394489288330078125">
        <ele>6.80000019073486328125</ele>
        <time>2025-08-18T13:01:42.000Z</time>
        <extensions>
          <ns3:TrackPointExtension>
            <ns3:atemp>33.0</ns3:atemp>
            <ns3:hr>102</ns3:hr>
          </ns3:TrackPointExtension>
        </extensions>
      </trkpt>
      <trkpt lat="48.640008755028247833251953125" lon="-2.41244039498269557952880859375">
        <ele>7</ele>
        <time>2025-08-18T13:01:46.000Z</time>
        <extensions>
          <ns3:TrackPointExtension>
            <ns3:atemp>33.0</ns3:atemp>
            <ns3:hr>103</ns3:hr>
          </ns3:TrackPointExtension>
        </extensions>
      </trkpt>
      <trkpt lat="48.63998436369001865386962890625" lon="-2.41222397424280643463134765625">
        <ele>7.19999980926513671875</ele>
        <time>2025-08-18T13:02:00.000Z</time>
        <extensions>
          <ns3:TrackPointExtension>
            <ns3:atemp>33.0</ns3:atemp>
            <ns3:hr>106</ns3:hr>
          </ns3:TrackPointExtension>
        </extensions>
      </trkpt>
      <trkpt lat="48.6399864591658115386962890625" lon="-2.4122111499309539794921875">
        <ele>7.19999980926513671875</ele>
        <time>2025-08-18T13:02:01.000Z</time>
        <extensions>
          <ns3:TrackPointExtension>
            <ns3:atemp>33.0</ns3:atemp>
            <ns3:hr>106</ns3:hr>
          </ns3:TrackPointExtension>
        </extensions>
      </trkpt>
      <trkpt lat="48.63997933454811573028564453125" lon="-2.412128336727619171142578125">
        <ele>7.400000095367431640625</ele>
        <time>2025-08-18T13:02:07.000Z</time>
        <extensions>
          <ns3:TrackPointExtension>
            <ns3:atemp>33.0</ns3:atemp>
            <ns3:hr>109</ns3:hr>
          </ns3:TrackPointExtension>
        </extensions>
      </trkpt>
      <trkpt lat="48.63997614942491054534912109375" lon="-2.41211215965449810028076171875">
        <ele>7.400000095367431640625</ele>
        <time>2025-08-18T13:02:09.000Z</time>
        <extensions>
          <ns3:TrackPointExtension>
            <ns3:atemp>33.0</ns3:atemp>
            <ns3:hr>109</ns3:hr>
          </ns3:TrackPointExtension>
        </extensions>
      </trkpt>
      <trkpt lat="48.6399700306355953216552734375" lon="-2.41208977997303009033203125">
        <ele>7.80000019073486328125</ele>
        <time>2025-08-18T13:02:11.000Z</time>
        <extensions>
          <ns3:TrackPointExtension>
            <ns3:atemp>33.0</ns3:atemp>
            <ns3:hr>112</ns3:hr>
          </ns3:TrackPointExtension>
        </extensions>
      </trkpt>
      <trkpt lat="48.63996592350304126739501953125" lon="-2.41206429898738861083984375">
        <ele>8</ele>
        <time>2025-08-18T13:02:13.000Z</time>
        <extensions>
          <ns3:TrackPointExtension>
            <ns3:atemp>33.0</ns3:atemp>
            <ns3:hr>113</ns3:hr>
          </ns3:TrackPointExtension>
        </extensions>
      </trkpt>
      <trkpt lat="48.63995268009603023529052734375" lon="-2.41200721822679042816162109375">
        <ele>8.19999980926513671875</ele>
        <time>2025-08-18T13:02:17.000Z</time>
        <extensions>
          <ns3:TrackPointExtension>
            <ns3:atemp>33.0</ns3:atemp>
            <ns3:hr>115</ns3:hr>
          </ns3:TrackPointExtension>
        </extensions>
      </trkpt>
      <trkpt lat="48.63993021659553050994873046875" lon="-2.41191166453063488006591796875">
        <ele>8.6000003814697265625</ele>
        <time>2025-08-18T13:02:24.000Z</time>
        <extensions>
          <ns3:TrackPointExtension>
            <ns3:atemp>33.0</ns3:atemp>
            <ns3:hr>117</ns3:hr>
          </ns3:TrackPointExtension>
        </extensions>
      </trkpt>
      <trkpt lat="48.6399157159030437469482421875" lon="-2.41182885132730007171630859375">
        <ele>8.80000019073486328125</ele>
        <time>2025-08-18T13:02:31.000Z</time>
        <extensions>
          <ns3:TrackPointExtension>
            <ns3:atemp>33.0</ns3:atemp>
            <ns3:hr>116</ns3:hr>
          </ns3:TrackPointExtension>
        </extensions>
      </trkpt>
      <trkpt lat="48.63990624435245990753173828125" lon="-2.41177193820476531982421875">
        <ele>9</ele>
        <time>2025-08-18T13:02:35.000Z</time>
        <extensions>
          <ns3:TrackPointExtension>
            <ns3:atemp>33.0</ns3:atemp>
            <ns3:hr>118</ns3:hr>
          </ns3:TrackPointExtension>
        </extensions>
      </trkpt>
      <trkpt lat="48.6398831941187381744384765625" lon="-2.411720640957355499267578125">
        <ele>9.3999996185302734375</ele>
        <time>2025-08-18T13:02:41.000Z</time>
        <extensions>
          <ns3:TrackPointExtension>
            <ns3:atemp>33.0</ns3:atemp>
            <ns3:hr>120</ns3:hr>
          </ns3:TrackPointExtension>
        </extensions>
      </trkpt>
      <trkpt lat="48.639829717576503753662109375" lon="-2.4116993509232997894287109375">
        <ele>10.19999980926513671875</ele>
        <time>2025-08-18T13:02:48.000Z</time>
        <extensions>
          <ns3:TrackPointExtension>
            <ns3:atemp>33.0</ns3:atemp>
            <ns3:hr>122</ns3:hr>
          </ns3:TrackPointExtension>
        </extensions>
      </trkpt>
      <trkpt lat="48.6398221738636493682861328125" lon="-2.4116990156471729278564453125">
        <ele>10.19999980926513671875</ele>
        <time>2025-08-18T13:02:49.000Z</time>
        <extensions>
          <ns3:TrackPointExtension>
            <ns3:atemp>33.0</ns3:atemp>
            <ns3:hr>122</ns3:hr>
          </ns3:TrackPointExtension>
        </extensions>
      </trkpt>
      <trkpt lat="48.6397665180265903472900390625" lon="-2.4117010273039340972900390625">
        <ele>9.6000003814697265625</ele>
        <time>2025-08-18T13:02:54.000Z</time>
        <extensions>
          <ns3:TrackPointExtension>
            <ns3:atemp>33.0</ns3:atemp>
            <ns3:hr>125</ns3:hr>
          </ns3:TrackPointExtension>
        </extensions>
      </trkpt>
      <trkpt lat="48.639747910201549530029296875" lon="-2.41170429624617099761962890625">
        <ele>9.3999996185302734375</ele>
        <time>2025-08-18T13:02:56.000Z</time>
        <extensions>
          <ns3:TrackPointExtension>
            <ns3:atemp>33.0</ns3:atemp>
            <ns3:hr>128</ns3:hr>
          </ns3:TrackPointExtension>
        </extensions>
      </trkpt>
      <trkpt lat="48.63973760046064853668212890625" lon="-2.4117063917219638824462890625">
        <ele>9.3999996185302734375</ele>
        <time>2025-08-18T13:02:57.000Z</time>
        <extensions>
          <ns3:TrackPointExtension>
            <ns3:atemp>33.0</ns3:atemp>
            <ns3:hr>129</ns3:hr>
          </ns3:TrackPointExtension>
        </extensions>
      </trkpt>
      <trkpt lat="48.63971748389303684234619140625" lon="-2.4117127619683742523193359375">
        <ele>9.19999980926513671875</ele>
        <time>2025-08-18T13:02:59.000Z</time>
        <extensions>
          <ns3:TrackPointExtension>
            <ns3:atemp>33.0</ns3:atemp>
            <ns3:hr>130</ns3:hr>
          </ns3:TrackPointExtension>
        </extensions>
      </trkpt>
      <trkpt lat="48.6397106945514678955078125" lon="-2.4117176234722137451171875">
        <ele>9</ele>
        <time>2025-08-18T13:03:00.000Z</time>
        <extensions>
          <ns3:TrackPointExtension>
            <ns3:atemp>33.0</ns3:atemp>
            <ns3:hr>130</ns3:hr>
          </ns3:TrackPointExtension>
        </extensions>
      </trkpt>
      <trkpt lat="48.63969133235514163970947265625" lon="-2.4117498099803924560546875">
        <ele>8.80000019073486328125</ele>
        <time>2025-08-18T13:03:03.000Z</time>
        <extensions>
          <ns3:TrackPointExtension>
            <ns3:atemp>33.0</ns3:atemp>
            <ns3:hr>132</ns3:hr>
          </ns3:TrackPointExtension>
        </extensions>
      </trkpt>
      <trkpt lat="48.63967808894813060760498046875" lon="-2.41178132593631744384765625">
        <ele>8.6000003814697265625</ele>
        <time>2025-08-18T13:03:06.000Z</time>
        <extensions>
          <ns3:TrackPointExtension>
            <ns3:atemp>33.0</ns3:atemp>
            <ns3:hr>129</ns3:hr>
          </ns3:TrackPointExtension>
        </extensions>
      </trkpt>
      <trkpt lat="48.6396528594195842742919921875" lon="-2.411836646497249603271484375">
        <ele>8.80000019073486328125</ele>
        <time>2025-08-18T13:03:10.000Z</time>
        <extensions>
          <ns3:TrackPointExtension>
            <ns3:atemp>33.0</ns3:atemp>
            <ns3:hr>126</ns3:hr>
          </ns3:TrackPointExtension>
        </extensions>
      </trkpt>
      <trkpt lat="48.63963785581290721893310546875" lon="-2.41186506114900112152099609375">
        <ele>8.80000019073486328125</ele>
        <time>2025-08-18T13:03:12.000Z</time>
        <extensions>
          <ns3:TrackPointExtension>
            <ns3:atemp>33.0</ns3:atemp>
            <ns3:hr>125</ns3:hr>
          </ns3:TrackPointExtension>
        </extensions>
      </trkpt>
      <trkpt lat="48.6395546235144138336181640625" lon="-2.4119135923683643341064453125">
        <ele>8.19999980926513671875</ele>
        <time>2025-08-18T13:03:21.000Z</time>
        <extensions>
          <ns3:TrackPointExtension>
            <ns3:atemp>33.0</ns3:atemp>
            <ns3:hr>124</ns3:hr>
          </ns3:TrackPointExtension>
        </extensions>
      </trkpt>
      <trkpt lat="48.639536015689373016357421875" lon="-2.411919794976711273193359375">
        <ele>8.19999980926513671875</ele>
        <time>2025-08-18T13:03:23.000Z</time>
        <extensions>
          <ns3:TrackPointExtension>
            <ns3:atemp>33.0</ns3:atemp>
            <ns3:hr>123</ns3:hr>
          </ns3:TrackPointExtension>
        </extensions>
      </trkpt>
      <trkpt lat="48.63951916806399822235107421875" lon="-2.411919124424457550048828125">
        <ele>8.3999996185302734375</ele>
        <time>2025-08-18T13:03:25.000Z</time>
        <extensions>
          <ns3:TrackPointExtension>
            <ns3:atemp>33.0</ns3:atemp>
            <ns3:hr>122</ns3:hr>
          </ns3:TrackPointExtension>
        </extensions>
      </trkpt>
      <trkpt lat="48.63949544727802276611328125" lon="-2.41190470755100250244140625">
        <ele>8.3999996185302734375</ele>
        <time>2025-08-18T13:03:28.000Z</time>
        <extensions>
          <ns3:TrackPointExtension>
            <ns3:atemp>33.0</ns3:atemp>
            <ns3:hr>121</ns3:hr>
          </ns3:TrackPointExtension>
        </extensions>
      </trkpt>
      <trkpt lat="48.63947541452944278717041015625" lon="-2.41184058599174022674560546875">
        <ele>9</ele>
        <time>2025-08-18T13:03:35.000Z</time>
        <extensions>
          <ns3:TrackPointExtension>
            <ns3:atemp>33.0</ns3:atemp>
            <ns3:hr>121</ns3:hr>
          </ns3:TrackPointExtension>
        </extensions>
      </trkpt>
      <trkpt lat="48.63944909535348415374755859375" lon="-2.411743104457855224609375">
        <ele>9.80000019073486328125</ele>
        <time>2025-08-18T13:03:43.000Z</time>
        <extensions>
          <ns3:TrackPointExtension>
            <ns3:atemp>33.0</ns3:atemp>
            <ns3:hr>118</ns3:hr>
          </ns3:TrackPointExtension>
        </extensions>
      </trkpt>
      <trkpt lat="48.6394397914409637451171875" lon="-2.4117275141179561614990234375">
        <ele>10</ele>
        <time>2025-08-18T13:03:45.000Z</time>
        <extensions>
          <ns3:TrackPointExtension>
            <ns3:atemp>33.0</ns3:atemp>
            <ns3:hr>118</ns3:hr>
          </ns3:TrackPointExtension>
        </extensions>
      </trkpt>
      <trkpt lat="48.63942839205265045166015625" lon="-2.41168786771595478057861328125">
        <ele>10.3999996185302734375</ele>
        <time>2025-08-18T13:03:48.000Z</time>
        <extensions>
          <ns3:TrackPointExtension>
            <ns3:atemp>33.0</ns3:atemp>
            <ns3:hr>120</ns3:hr>
          </ns3:TrackPointExtension>
        </extensions>
      </trkpt>
      <trkpt lat="48.63941741175949573516845703125" lon="-2.41166959516704082489013671875">
        <ele>10.6000003814697265625</ele>
        <time>2025-08-18T13:03:50.000Z</time>
        <extensions>
          <ns3:TrackPointExtension>
            <ns3:atemp>33.0</ns3:atemp>
            <ns3:hr>122</ns3:hr>
          </ns3:TrackPointExtension>
        </extensions>
      </trkpt>
      <trkpt lat="48.6393923498690128326416015625" lon="-2.41163673810660839080810546875">
        <ele>11</ele>
        <time>2025-08-18T13:03:54.000Z</time>
        <extensions>
          <ns3:TrackPointExtension>
            <ns3:atemp>33.0</ns3:atemp>
            <ns3:hr>125</ns3:hr>
          </ns3:TrackPointExtension>
        </extensions>
      </trkpt>
      <trkpt lat="48.6393869854509830474853515625" lon="-2.4116252548992633819580078125">
        <ele>11</ele>
        <time>2025-08-18T13:03:55.000Z</time>
        <extensions>
          <ns3:TrackPointExtension>
            <ns3:atemp>33.0</ns3:atemp>
            <ns3:hr>126</ns3:hr>
          </ns3:TrackPointExtension>
        </extensions>
      </trkpt>
      <trkpt lat="48.6393661983311176300048828125" lon="-2.41158762015402317047119140625">
        <ele>11.3999996185302734375</ele>
        <time>2025-08-18T13:03:58.000Z</time>
        <extensions>
          <ns3:TrackPointExtension>
            <ns3:atemp>33.0</ns3:atemp>
            <ns3:hr>128</ns3:hr>
          </ns3:TrackPointExtension>
        </extensions>
      </trkpt>
      <trkpt lat="48.6393494345247745513916015625" lon="-2.41155124269425868988037109375">
        <ele>11.6000003814697265625</ele>
        <time>2025-08-18T13:04:01.000Z</time>
        <extensions>
          <ns3:TrackPointExtension>
            <ns3:atemp>33.0</ns3:atemp>
            <ns3:hr>131</ns3:hr>
          </ns3:TrackPointExtension>
        </extensions>
      </trkpt>
      <trkpt lat="48.63931448198854923248291015625" lon="-2.41149608977138996124267578125">
        <ele>11.80000019073486328125</ele>
        <time>2025-08-18T13:04:06.000Z</time>
        <extensions>
          <ns3:TrackPointExtension>
            <ns3:atemp>33.0</ns3:atemp>
            <ns3:hr>133</ns3:hr>
          </ns3:TrackPointExtension>
        </extensions>
      </trkpt>
      <trkpt lat="48.6392595805227756500244140625" lon="-2.41139634512364864349365234375">
        <ele>11.3999996185302734375</ele>
        <time>2025-08-18T13:04:16.000Z</time>
        <extensions>
          <ns3:TrackPointExtension>
            <ns3:atemp>33.0</ns3:atemp>
            <ns3:hr>135</ns3:hr>
          </ns3:TrackPointExtension>
        </extensions>
      </trkpt>
      <trkpt lat="48.63924331963062286376953125" lon="-2.41125100292265415191650390625">
        <ele>11.80000019073486328125</ele>
        <time>2025-08-18T13:04:25.000Z</time>
        <extensions>
          <ns3:TrackPointExtension>
            <ns3:atemp>33.0</ns3:atemp>
            <ns3:hr>132</ns3:hr>
          </ns3:TrackPointExtension>
        </extensions>
      </trkpt>
      <trkpt lat="48.63926217891275882720947265625" lon="-2.41120842285454273223876953125">
        <ele>11.80000019073486328125</ele>
        <time>2025-08-18T13:04:30.000Z</time>
        <extensions>
          <ns3:TrackPointExtension>
            <ns3:atemp>33.0</ns3:atemp>
            <ns3:hr>129</ns3:hr>
          </ns3:TrackPointExtension>
        </extensions>
      </trkpt>
      <trkpt lat="48.6392773501574993133544921875" lon="-2.41118378005921840667724609375">
        <ele>11.80000019073486328125</ele>
        <time>2025-08-18T13:04:33.000Z</time>
        <extensions>
          <ns3:TrackPointExtension>
            <ns3:atemp>33.0</ns3:atemp>
            <ns3:hr>128</ns3:hr>
          </ns3:TrackPointExtension>
        </extensions>
      </trkpt>
      <trkpt lat="48.6392998136579990386962890625" lon="-2.41111706010997295379638671875">
        <ele>12.19999980926513671875</ele>
        <time>2025-08-18T13:04:38.000Z</time>
        <extensions>
          <ns3:TrackPointExtension>
            <ns3:atemp>33.0</ns3:atemp>
            <ns3:hr>127</ns3:hr>
          </ns3:TrackPointExtension>
        </extensions>
      </trkpt>
      <trkpt lat="48.63931381143629550933837890625" lon="-2.411078251898288726806640625">
        <ele>12.3999996185302734375</ele>
        <time>2025-08-18T13:04:41.000Z</time>
        <extensions>
          <ns3:TrackPointExtension>
            <ns3:atemp>33.0</ns3:atemp>
            <ns3:hr>125</ns3:hr>
          </ns3:TrackPointExtension>
        </extensions>
      </trkpt>
      <trkpt lat="48.6393229477107524871826171875" lon="-2.411026619374752044677734375">
        <ele>12.6000003814697265625</ele>
        <time>2025-08-18T13:04:45.000Z</time>
        <extensions>
          <ns3:TrackPointExtension>
            <ns3:atemp>32.0</ns3:atemp>
            <ns3:hr>126</ns3:hr>
          </ns3:TrackPointExtension>
        </extensions>
      </trkpt>
      <trkpt lat="48.63932521082460880279541015625" lon="-2.4110133759677410125732421875">
        <ele>12.6000003814697265625</ele>
        <time>2025-08-18T13:04:46.000Z</time>
        <extensions>
          <ns3:TrackPointExtension>
            <ns3:atemp>32.0</ns3:atemp>
            <ns3:hr>126</ns3:hr>
          </ns3:TrackPointExtension>
        </extensions>
      </trkpt>
      <trkpt lat="48.63929537124931812286376953125" lon="-2.41096987389028072357177734375">
        <ele>12.3999996185302734375</ele>
        <time>2025-08-18T13:04:52.000Z</time>
        <extensions>
          <ns3:TrackPointExtension>
            <ns3:atemp>32.0</ns3:atemp>
            <ns3:hr>126</ns3:hr>
          </ns3:TrackPointExtension>
        </extensions>
      </trkpt>
      <trkpt lat="48.639282546937465667724609375" lon="-2.41097423247992992401123046875">
        <ele>12.3999996185302734375</ele>
        <time>2025-08-18T13:04:54.000Z</time>
        <extensions>
          <ns3:TrackPointExtension>
            <ns3:atemp>32.0</ns3:atemp>
            <ns3:hr>123</ns3:hr>
          </ns3:TrackPointExtension>
        </extensions>
      </trkpt>
      <trkpt lat="48.639241643249988555908203125" lon="-2.41097867488861083984375">
        <ele>12.6000003814697265625</ele>
        <time>2025-08-18T13:04:58.000Z</time>
        <extensions>
          <ns3:TrackPointExtension>
            <ns3:atemp>32.0</ns3:atemp>
            <ns3:hr>120</ns3:hr>
          </ns3:TrackPointExtension>
        </extensions>
      </trkpt>
      <trkpt lat="48.6392206884920597076416015625" lon="-2.41096836514770984649658203125">
        <ele>12.6000003814697265625</ele>
        <time>2025-08-18T13:05:00.000Z</time>
        <extensions>
          <ns3:TrackPointExtension>
            <ns3:atemp>32.0</ns3:atemp>
            <ns3:hr>119</ns3:hr>
          </ns3:TrackPointExtension>
        </extensions>
      </trkpt>
      <trkpt lat="48.63920853473246097564697265625" lon="-2.4109612405300140380859375">
        <ele>12.6000003814697265625</ele>
        <time>2025-08-18T13:05:01.000Z</time>
        <extensions>
          <ns3:TrackPointExtension>
            <ns3:atemp>32.0</ns3:atemp>
            <ns3:hr>119</ns3:hr>
          </ns3:TrackPointExtension>
        </extensions>
      </trkpt>
      <trkpt lat="48.63914365880191326141357421875" lon="-2.410968281328678131103515625">
        <ele>12.6000003814697265625</ele>
        <time>2025-08-18T13:05:07.000Z</time>
        <extensions>
          <ns3:TrackPointExtension>
            <ns3:atemp>32.0</ns3:atemp>
            <ns3:hr>116</ns3:hr>
          </ns3:TrackPointExtension>
        </extensions>
      </trkpt>
      <trkpt lat="48.63912488333880901336669921875" lon="-2.41097859106957912445068359375">
        <ele>12.3999996185302734375</ele>
        <time>2025-08-18T13:05:09.000Z</time>
        <extensions>
          <ns3:TrackPointExtension>
            <ns3:atemp>32.0</ns3:atemp>
            <ns3:hr>116</ns3:hr>
          </ns3:TrackPointExtension>
        </extensions>
      </trkpt>
      <trkpt lat="48.6391071975231170654296875" lon="-2.41099803708493709564208984375">
        <ele>12.19999980926513671875</ele>
        <time>2025-08-18T13:05:13.000Z</time>
        <extensions>
          <ns3:TrackPointExtension>
            <ns3:atemp>32.0</ns3:atemp>
            <ns3:hr>113</ns3:hr>
          </ns3:TrackPointExtension>
        </extensions>
      </trkpt>
      <trkpt lat="48.63910309039056301116943359375" lon="-2.41100482642650604248046875">
        <ele>12.19999980926513671875</ele>
        <time>2025-08-18T13:05:15.000Z</time>
        <extensions>
          <ns3:TrackPointExtension>
            <ns3:atemp>32.0</ns3:atemp>
            <ns3:hr>112</ns3:hr>
          </ns3:TrackPointExtension>
        </extensions>
      </trkpt>
      <trkpt lat="48.6390426568686962127685546875" lon="-2.4110646732151508331298828125">
        <ele>11.3999996185302734375</ele>
        <time>2025-08-18T13:05:25.000Z</time>
        <extensions>
          <ns3:TrackPointExtension>
            <ns3:atemp>32.0</ns3:atemp>
            <ns3:hr>112</ns3:hr>
          </ns3:TrackPointExtension>
        </extensions>
      </trkpt>
      <trkpt lat="48.6390359513461589813232421875" lon="-2.41106609813868999481201171875">
        <ele>11.19999980926513671875</ele>
        <time>2025-08-18T13:05:26.000Z</time>
        <extensions>
          <ns3:TrackPointExtension>
            <ns3:atemp>32.0</ns3:atemp>
            <ns3:hr>111</ns3:hr>
          </ns3:TrackPointExtension>
        </extensions>
      </trkpt>
      <trkpt lat="48.63900125026702880859375" lon="-2.41109870374202728271484375">
        <ele>10.19999980926513671875</ele>
        <time>2025-08-18T13:05:31.000Z</time>
        <extensions>
          <ns3:TrackPointExtension>
            <ns3:atemp>32.0</ns3:atemp>
            <ns3:hr>109</ns3:hr>
          </ns3:TrackPointExtension>
        </extensions>
      </trkpt>
      <trkpt lat="48.638972081243991851806640625" lon="-2.41112359799444675445556640625">
        <ele>9.6000003814697265625</ele>
        <time>2025-08-18T13:05:36.000Z</time>
        <extensions>
          <ns3:TrackPointExtension>
            <ns3:atemp>32.0</ns3:atemp>
            <ns3:hr>109</ns3:hr>
          </ns3:TrackPointExtension>
        </extensions>
      </trkpt>
      <trkpt lat="48.63895540125668048858642578125" lon="-2.4111642502248287200927734375">
        <ele>9</ele>
        <time>2025-08-18T13:05:40.000Z</time>
        <extensions>
          <ns3:TrackPointExtension>
            <ns3:atemp>32.0</ns3:atemp>
            <ns3:hr>110</ns3:hr>
          </ns3:TrackPointExtension>
        </extensions>
      </trkpt>
      <trkpt lat="48.63894450478255748748779296875" lon="-2.41118025965988636016845703125">
        <ele>8.80000019073486328125</ele>
        <time>2025-08-18T13:05:43.000Z</time>
        <extensions>
          <ns3:TrackPointExtension>
            <ns3:atemp>32.0</ns3:atemp>
            <ns3:hr>110</ns3:hr>
          </ns3:TrackPointExtension>
        </extensions>
      </trkpt>
      <trkpt lat="48.63891399465501308441162109375" lon="-2.41115125827491283416748046875">
        <ele>8</ele>
        <time>2025-08-18T13:05:48.000Z</time>
        <extensions>
          <ns3:TrackPointExtension>
            <ns3:atemp>32.0</ns3:atemp>
            <ns3:hr>108</ns3:hr>
          </ns3:TrackPointExtension>
        </extensions>
      </trkpt>
      <trkpt lat="48.63889957778155803680419921875" lon="-2.411123849451541900634765625">
        <ele>7.80000019073486328125</ele>
        <time>2025-08-18T13:05:50.000Z</time>
        <extensions>
          <ns3:TrackPointExtension>
            <ns3:atemp>32.0</ns3:atemp>
            <ns3:hr>110</ns3:hr>
          </ns3:TrackPointExtension>
        </extensions>
      </trkpt>
      <trkpt lat="48.6388555727899074554443359375" lon="-2.41105788387358188629150390625">
        <ele>8.80000019073486328125</ele>
        <time>2025-08-18T13:05:57.000Z</time>
        <extensions>
          <ns3:TrackPointExtension>
            <ns3:atemp>32.0</ns3:atemp>
            <ns3:hr>108</ns3:hr>
          </ns3:TrackPointExtension>
        </extensions>
      </trkpt>
      <trkpt lat="48.63884710706770420074462890625" lon="-2.4110452271997928619384765625">
        <ele>9</ele>
        <time>2025-08-18T13:05:58.000Z</time>
        <extensions>
          <ns3:TrackPointExtension>
            <ns3:atemp>32.0</ns3:atemp>
            <ns3:hr>108</ns3:hr>
          </ns3:TrackPointExtension>
        </extensions>
      </trkpt>
      <trkpt lat="48.63877971656620502471923828125" lon="-2.41094875149428844451904296875">
        <ele>8.6000003814697265625</ele>
        <time>2025-08-18T13:06:07.000Z</time>
        <extensions>
          <ns3:TrackPointExtension>
            <ns3:atemp>32.0</ns3:atemp>
            <ns3:hr>108</ns3:hr>
          </ns3:TrackPointExtension>
        </extensions>
      </trkpt>
      <trkpt lat="48.63872305490076541900634765625" lon="-2.41088555194437503814697265625">
        <ele>8.3999996185302734375</ele>
        <time>2025-08-18T13:06:13.000Z</time>
        <extensions>
          <ns3:TrackPointExtension>
            <ns3:atemp>32.0</ns3:atemp>
            <ns3:hr>111</ns3:hr>
          </ns3:TrackPointExtension>
        </extensions>
      </trkpt>
      <trkpt lat="48.63870092667639255523681640625" lon="-2.4108608253300189971923828125">
        <ele>8.3999996185302734375</ele>
        <time>2025-08-18T13:06:16.000Z</time>
        <extensions>
          <ns3:TrackPointExtension>
            <ns3:atemp>32.0</ns3:atemp>
            <ns3:hr>113</ns3:hr>
          </ns3:TrackPointExtension>
        </extensions>
      </trkpt>
      <trkpt lat="48.6386547423899173736572265625" lon="-2.4107837118208408355712890625">
        <ele>8.19999980926513671875</ele>
        <time>2025-08-18T13:06:22.000Z</time>
        <extensions>
          <ns3:TrackPointExtension>
            <ns3:atemp>32.0</ns3:atemp>
            <ns3:hr>114</ns3:hr>
          </ns3:TrackPointExtension>
        </extensions>
      </trkpt>
      <trkpt lat="48.638638816773891448974609375" lon="-2.4107716418802738189697265625">
        <ele>8.19999980926513671875</ele>
        <time>2025-08-18T13:06:24.000Z</time>
        <extensions>
          <ns3:TrackPointExtension>
            <ns3:atemp>32.0</ns3:atemp>
            <ns3:hr>115</ns3:hr>
          </ns3:TrackPointExtension>
        </extensions>
      </trkpt>
      <trkpt lat="48.638571090996265411376953125" lon="-2.41068572737276554107666015625">
        <ele>8.3999996185302734375</ele>
        <time>2025-08-18T13:06:31.000Z</time>
        <extensions>
          <ns3:TrackPointExtension>
            <ns3:atemp>32.0</ns3:atemp>
            <ns3:hr>115</ns3:hr>
          </ns3:TrackPointExtension>
        </extensions>
      </trkpt>
      <trkpt lat="48.638512082397937774658203125" lon="-2.41066292859613895416259765625">
        <ele>8.6000003814697265625</ele>
        <time>2025-08-18T13:06:39.000Z</time>
        <extensions>
          <ns3:TrackPointExtension>
            <ns3:atemp>32.0</ns3:atemp>
            <ns3:hr>114</ns3:hr>
          </ns3:TrackPointExtension>
        </extensions>
      </trkpt>
      <trkpt lat="48.6385031975805759429931640625" lon="-2.41067281924188137054443359375">
        <ele>9</ele>
        <time>2025-08-18T13:06:45.000Z</time>
        <extensions>
          <ns3:TrackPointExtension>
            <ns3:atemp>32.0</ns3:atemp>
            <ns3:hr>114</ns3:hr>
          </ns3:TrackPointExtension>
        </extensions>
      </trkpt>
      <trkpt lat="48.6384797282516956329345703125" lon="-2.41064004600048065185546875">
        <ele>8.80000019073486328125</ele>
        <time>2025-08-18T13:06:49.000Z</time>
        <extensions>
          <ns3:TrackPointExtension>
            <ns3:atemp>32.0</ns3:atemp>
            <ns3:hr>115</ns3:hr>
          </ns3:TrackPointExtension>
        </extensions>
      </trkpt>
      <trkpt lat="48.638455085456371307373046875" lon="-2.410612218081951141357421875">
        <ele>8.6000003814697265625</ele>
        <time>2025-08-18T13:06:52.000Z</time>
        <extensions>
          <ns3:TrackPointExtension>
            <ns3:atemp>32.0</ns3:atemp>
            <ns3:hr>119</ns3:hr>
          </ns3:TrackPointExtension>
        </extensions>
      </trkpt>
      <trkpt lat="48.6384146846830844879150390625" lon="-2.4105711467564105987548828125">
        <ele>9.19999980926513671875</ele>
        <time>2025-08-18T13:06:57.000Z</time>
        <extensions>
          <ns3:TrackPointExtension>
            <ns3:atemp>32.0</ns3:atemp>
            <ns3:hr>122</ns3:hr>
          </ns3:TrackPointExtension>
        </extensions>
      </trkpt>
      <trkpt lat="48.63838794641196727752685546875" lon="-2.4105436541140079498291015625">
        <ele>9.3999996185302734375</ele>
        <time>2025-08-18T13:07:00.000Z</time>
        <extensions>
          <ns3:TrackPointExtension>
            <ns3:atemp>32.0</ns3:atemp>
            <ns3:hr>122</ns3:hr>
          </ns3:TrackPointExtension>
        </extensions>
      </trkpt>
      <trkpt lat="48.6383814923465251922607421875" lon="-2.41053409874439239501953125">
        <ele>9.3999996185302734375</ele>
        <time>2025-08-18T13:07:01.000Z</time>
        <extensions>
          <ns3:TrackPointExtension>
            <ns3:atemp>32.0</ns3:atemp>
            <ns3:hr>122</ns3:hr>
          </ns3:TrackPointExtension>
        </extensions>
      </trkpt>
      <trkpt lat="48.63836984150111675262451171875" lon="-2.41051691584289073944091796875">
        <ele>9.3999996185302734375</ele>
        <time>2025-08-18T13:07:03.000Z</time>
        <extensions>
          <ns3:TrackPointExtension>
            <ns3:atemp>32.0</ns3:atemp>
            <ns3:hr>122</ns3:hr>
          </ns3:TrackPointExtension>
        </extensions>
      </trkpt>
      <trkpt lat="48.6383335478603839874267578125" lon="-2.410487830638885498046875">
        <ele>9.6000003814697265625</ele>
        <time>2025-08-18T13:07:07.000Z</time>
        <extensions>
          <ns3:TrackPointExtension>
            <ns3:atemp>32.0</ns3:atemp>
            <ns3:hr>119</ns3:hr>
          </ns3:TrackPointExtension>
        </extensions>
      </trkpt>
      <trkpt lat="48.63831368274986743927001953125" lon="-2.4104735814034938812255859375">
        <ele>9.6000003814697265625</ele>
        <time>2025-08-18T13:07:09.000Z</time>
        <extensions>
          <ns3:TrackPointExtension>
            <ns3:atemp>32.0</ns3:atemp>
            <ns3:hr>116</ns3:hr>
          </ns3:TrackPointExtension>
        </extensions>
      </trkpt>
      <trkpt lat="48.6382933147251605987548828125" lon="-2.41045455448329448699951171875">
        <ele>9.6000003814697265625</ele>
        <time>2025-08-18T13:07:11.000Z</time>
        <extensions>
          <ns3:TrackPointExtension>
            <ns3:atemp>33.0</ns3:atemp>
            <ns3:hr>113</ns3:hr>
          </ns3:TrackPointExtension>
        </extensions>
      </trkpt>
      <trkpt lat="48.6382413469254970550537109375" lon="-2.41040409542620182037353515625">
        <ele>9.80000019073486328125</ele>
        <time>2025-08-18T13:07:15.000Z</time>
        <extensions>
          <ns3:TrackPointExtension>
            <ns3:atemp>33.0</ns3:atemp>
            <ns3:hr>110</ns3:hr>
          </ns3:TrackPointExtension>
        </extensions>
      </trkpt>
      <trkpt lat="48.6381749622523784637451171875" lon="-2.4103344418108463287353515625">
        <ele>10</ele>
        <time>2025-08-18T13:07:22.000Z</time>
        <extensions>
          <ns3:TrackPointExtension>
            <ns3:atemp>33.0</ns3:atemp>
            <ns3:hr>110</ns3:hr>
          </ns3:TrackPointExtension>
        </extensions>
      </trkpt>
      <trkpt lat="48.63813682459294795989990234375" lon="-2.41030451841652393341064453125">
        <ele>10</ele>
        <time>2025-08-18T13:07:26.000Z</time>
        <extensions>
          <ns3:TrackPointExtension>
            <ns3:atemp>33.0</ns3:atemp>
            <ns3:hr>111</ns3:hr>
          </ns3:TrackPointExtension>
        </extensions>
      </trkpt>
      <trkpt lat="48.63811947405338287353515625" lon="-2.41029596887528896331787109375">
        <ele>10.19999980926513671875</ele>
        <time>2025-08-18T13:07:28.000Z</time>
        <extensions>
          <ns3:TrackPointExtension>
            <ns3:atemp>33.0</ns3:atemp>
            <ns3:hr>111</ns3:hr>
          </ns3:TrackPointExtension>
        </extensions>
      </trkpt>
      <trkpt lat="48.63809156231582164764404296875" lon="-2.41027124226093292236328125">
        <ele>10.19999980926513671875</ele>
        <time>2025-08-18T13:07:31.000Z</time>
        <extensions>
          <ns3:TrackPointExtension>
            <ns3:atemp>33.0</ns3:atemp>
            <ns3:hr>110</ns3:hr>
          </ns3:TrackPointExtension>
        </extensions>
      </trkpt>
      <trkpt lat="48.6380780674517154693603515625" lon="-2.41025540046393871307373046875">
        <ele>10.19999980926513671875</ele>
        <time>2025-08-18T13:07:33.000Z</time>
        <extensions>
          <ns3:TrackPointExtension>
            <ns3:atemp>33.0</ns3:atemp>
            <ns3:hr>110</ns3:hr>
          </ns3:TrackPointExtension>
        </extensions>
      </trkpt>
      <trkpt lat="48.63806071691215038299560546875" lon="-2.41023796610534191131591796875">
        <ele>10.19999980926513671875</ele>
        <time>2025-08-18T13:07:35.000Z</time>
        <extensions>
          <ns3:TrackPointExtension>
            <ns3:atemp>33.0</ns3:atemp>
            <ns3:hr>110</ns3:hr>
          </ns3:TrackPointExtension>
        </extensions>
      </trkpt>
      <trkpt lat="48.63804445601999759674072265625" lon="-2.41022086702287197113037109375">
        <ele>10.19999980926513671875</ele>
        <time>2025-08-18T13:07:37.000Z</time>
        <extensions>
          <ns3:TrackPointExtension>
            <ns3:atemp>33.0</ns3:atemp>
            <ns3:hr>110</ns3:hr>
          </ns3:TrackPointExtension>
        </extensions>
      </trkpt>
      <trkpt lat="48.638015203177928924560546875" lon="-2.4102020077407360076904296875">
        <ele>10.19999980926513671875</ele>
        <time>2025-08-18T13:07:40.000Z</time>
        <extensions>
          <ns3:TrackPointExtension>
            <ns3:atemp>33.0</ns3:atemp>
            <ns3:hr>111</ns3:hr>
          </ns3:TrackPointExtension>
        </extensions>
      </trkpt>
      <trkpt lat="48.63799634389579296112060546875" lon="-2.41018834523856639862060546875">
        <ele>10</ele>
        <time>2025-08-18T13:07:45.000Z</time>
        <extensions>
          <ns3:TrackPointExtension>
            <ns3:atemp>33.0</ns3:atemp>
            <ns3:hr>111</ns3:hr>
          </ns3:TrackPointExtension>
        </extensions>
      </trkpt>
      <trkpt lat="48.6379385925829410552978515625" lon="-2.4101699888706207275390625">
        <ele>10</ele>
        <time>2025-08-18T13:07:52.000Z</time>
        <extensions>
          <ns3:TrackPointExtension>
            <ns3:atemp>33.0</ns3:atemp>
            <ns3:hr>109</ns3:hr>
          </ns3:TrackPointExtension>
        </extensions>
      </trkpt>
      <trkpt lat="48.63789944909512996673583984375" lon="-2.41013620980083942413330078125">
        <ele>10</ele>
        <time>2025-08-18T13:07:55.000Z</time>
        <extensions>
          <ns3:TrackPointExtension>
            <ns3:atemp>33.0</ns3:atemp>
            <ns3:hr>106</ns3:hr>
          </ns3:TrackPointExtension>
        </extensions>
      </trkpt>
      <trkpt lat="48.63786055706441402435302734375" lon="-2.41010620258748531341552734375">
        <ele>9.80000019073486328125</ele>
        <time>2025-08-18T13:07:59.000Z</time>
        <extensions>
          <ns3:TrackPointExtension>
            <ns3:atemp>33.0</ns3:atemp>
            <ns3:hr>106</ns3:hr>
          </ns3:TrackPointExtension>
        </extensions>
      </trkpt>
      <trkpt lat="48.63779283128678798675537109375" lon="-2.41005599498748779296875">
        <ele>9.80000019073486328125</ele>
        <time>2025-08-18T13:08:05.000Z</time>
        <extensions>
          <ns3:TrackPointExtension>
            <ns3:atemp>33.0</ns3:atemp>
            <ns3:hr>109</ns3:hr>
          </ns3:TrackPointExtension>
        </extensions>
      </trkpt>
      <trkpt lat="48.6377726309001445770263671875" lon="-2.41003680042922496795654296875">
        <ele>9.80000019073486328125</ele>
        <time>2025-08-18T13:08:07.000Z</time>
        <extensions>
          <ns3:TrackPointExtension>
            <ns3:atemp>33.0</ns3:atemp>
            <ns3:hr>110</ns3:hr>
          </ns3:TrackPointExtension>
        </extensions>
      </trkpt>
      <trkpt lat="48.6376777477562427520751953125" lon="-2.40995750762522220611572265625">
        <ele>9.6000003814697265625</ele>
        <time>2025-08-18T13:08:16.000Z</time>
        <extensions>
          <ns3:TrackPointExtension>
            <ns3:atemp>33.0</ns3:atemp>
            <ns3:hr>109</ns3:hr>
          </ns3:TrackPointExtension>
        </extensions>
      </trkpt>
      <trkpt lat="48.63766509108245372772216796875" lon="-2.4099512211978435516357421875">
        <ele>9.6000003814697265625</ele>
        <time>2025-08-18T13:08:17.000Z</time>
        <extensions>
          <ns3:TrackPointExtension>
            <ns3:atemp>33.0</ns3:atemp>
            <ns3:hr>109</ns3:hr>
          </ns3:TrackPointExtension>
        </extensions>
      </trkpt>
      <trkpt lat="48.63762804307043552398681640625" lon="-2.409932278096675872802734375">
        <ele>9.3999996185302734375</ele>
        <time>2025-08-18T13:08:22.000Z</time>
        <extensions>
          <ns3:TrackPointExtension>
            <ns3:atemp>33.0</ns3:atemp>
            <ns3:hr>108</ns3:hr>
          </ns3:TrackPointExtension>
        </extensions>
      </trkpt>
      <trkpt lat="48.63762686960399150848388671875" lon="-2.40992716513574123382568359375">
        <ele>9.3999996185302734375</ele>
        <time>2025-08-18T13:08:30.000Z</time>
        <extensions>
          <ns3:TrackPointExtension>
            <ns3:atemp>33.0</ns3:atemp>
            <ns3:hr>110</ns3:hr>
          </ns3:TrackPointExtension>
        </extensions>
      </trkpt>
      <trkpt lat="48.63759032450616359710693359375" lon="-2.4098613671958446502685546875">
        <ele>9.3999996185302734375</ele>
        <time>2025-08-18T13:08:37.000Z</time>
        <extensions>
          <ns3:TrackPointExtension>
            <ns3:atemp>33.0</ns3:atemp>
            <ns3:hr>112</ns3:hr>
          </ns3:TrackPointExtension>
        </extensions>
      </trkpt>
      <trkpt lat="48.63752209581434726715087890625" lon="-2.40981585346162319183349609375">
        <ele>9.3999996185302734375</ele>
        <time>2025-08-18T13:08:44.000Z</time>
        <extensions>
          <ns3:TrackPointExtension>
            <ns3:atemp>33.0</ns3:atemp>
            <ns3:hr>113</ns3:hr>
          </ns3:TrackPointExtension>
        </extensions>
      </trkpt>
      <trkpt lat="48.637458980083465576171875" lon="-2.409757934510707855224609375">
        <ele>9.3999996185302734375</ele>
        <time>2025-08-18T13:08:51.000Z</time>
        <extensions>
          <ns3:TrackPointExtension>
            <ns3:atemp>33.0</ns3:atemp>
            <ns3:hr>114</ns3:hr>
          </ns3:TrackPointExtension>
        </extensions>
      </trkpt>
      <trkpt lat="48.6373756639659404754638671875" lon="-2.40970395505428314208984375">
        <ele>9.19999980926513671875</ele>
        <time>2025-08-18T13:08:59.000Z</time>
        <extensions>
          <ns3:TrackPointExtension>
            <ns3:atemp>33.0</ns3:atemp>
            <ns3:hr>113</ns3:hr>
          </ns3:TrackPointExtension>
        </extensions>
      </trkpt>
      <trkpt lat="48.6373196728527545928955078125" lon="-2.40965835750102996826171875">
        <ele>9.3999996185302734375</ele>
        <time>2025-08-18T13:09:05.000Z</time>
        <extensions>
          <ns3:TrackPointExtension>
            <ns3:atemp>33.0</ns3:atemp>
            <ns3:hr>112</ns3:hr>
          </ns3:TrackPointExtension>
        </extensions>
      </trkpt>
      <trkpt lat="48.63730735145509243011474609375" lon="-2.40964737720787525177001953125">
        <ele>9.3999996185302734375</ele>
        <time>2025-08-18T13:09:06.000Z</time>
        <extensions>
          <ns3:TrackPointExtension>
            <ns3:atemp>33.0</ns3:atemp>
            <ns3:hr>112</ns3:hr>
          </ns3:TrackPointExtension>
        </extensions>
      </trkpt>
      <trkpt lat="48.63726208917796611785888671875" lon="-2.4096270091831684112548828125">
        <ele>9.19999980926513671875</ele>
        <time>2025-08-18T13:09:10.000Z</time>
        <extensions>
          <ns3:TrackPointExtension>
            <ns3:atemp>33.0</ns3:atemp>
            <ns3:hr>111</ns3:hr>
          </ns3:TrackPointExtension>
        </extensions>
      </trkpt>
      <trkpt lat="48.63722302950918674468994140625" lon="-2.409617118537425994873046875">
        <ele>9</ele>
        <time>2025-08-18T13:09:13.000Z</time>
        <extensions>
          <ns3:TrackPointExtension>
            <ns3:atemp>33.0</ns3:atemp>
            <ns3:hr>111</ns3:hr>
          </ns3:TrackPointExtension>
        </extensions>
      </trkpt>
      <trkpt lat="48.63718212582170963287353515625" lon="-2.4095959961414337158203125">
        <ele>8.80000019073486328125</ele>
        <time>2025-08-18T13:09:16.000Z</time>
        <extensions>
          <ns3:TrackPointExtension>
            <ns3:atemp>33.0</ns3:atemp>
            <ns3:hr>111</ns3:hr>
          </ns3:TrackPointExtension>
        </extensions>
      </trkpt>
      <trkpt lat="48.6371064372360706329345703125" lon="-2.40956984460353851318359375">
        <ele>8.3999996185302734375</ele>
        <time>2025-08-18T13:09:22.000Z</time>
        <extensions>
          <ns3:TrackPointExtension>
            <ns3:atemp>33.0</ns3:atemp>
            <ns3:hr>108</ns3:hr>
          </ns3:TrackPointExtension>
        </extensions>
      </trkpt>
      <trkpt lat="48.63700811751186847686767578125" lon="-2.40955836139619350433349609375">
        <ele>8.6000003814697265625</ele>
        <time>2025-08-18T13:09:30.000Z</time>
        <extensions>
          <ns3:TrackPointExtension>
            <ns3:atemp>32.0</ns3:atemp>
            <ns3:hr>106</ns3:hr>
          </ns3:TrackPointExtension>
        </extensions>
      </trkpt>
      <trkpt lat="48.6369988135993480682373046875" lon="-2.409554421901702880859375">
        <ele>8.3999996185302734375</ele>
        <time>2025-08-18T13:09:31.000Z</time>
        <extensions>
          <ns3:TrackPointExtension>
            <ns3:atemp>32.0</ns3:atemp>
            <ns3:hr>106</ns3:hr>
          </ns3:TrackPointExtension>
        </extensions>
      </trkpt>
      <trkpt lat="48.63689211197197437286376953125" lon="-2.40947060286998748779296875">
        <ele>8.6000003814697265625</ele>
        <time>2025-08-18T13:09:42.000Z</time>
        <extensions>
          <ns3:TrackPointExtension>
            <ns3:atemp>32.0</ns3:atemp>
            <ns3:hr>107</ns3:hr>
          </ns3:TrackPointExtension>
        </extensions>
      </trkpt>
      <trkpt lat="48.636809885501861572265625" lon="-2.409394495189189910888671875">
        <ele>8.3999996185302734375</ele>
        <time>2025-08-18T13:09:51.000Z</time>
        <extensions>
          <ns3:TrackPointExtension>
            <ns3:atemp>32.0</ns3:atemp>
            <ns3:hr>109</ns3:hr>
          </ns3:TrackPointExtension>
        </extensions>
      </trkpt>
      <trkpt lat="48.6367173492908477783203125" lon="-2.40928242914378643035888671875">
        <ele>8.6000003814697265625</ele>
        <time>2025-08-18T13:10:01.000Z</time>
        <extensions>
          <ns3:TrackPointExtension>
            <ns3:atemp>33.0</ns3:atemp>
            <ns3:hr>108</ns3:hr>
          </ns3:TrackPointExtension>
        </extensions>
      </trkpt>
      <trkpt lat="48.6366202868521213531494140625" lon="-2.40926683880388736724853515625">
        <ele>9.3999996185302734375</ele>
        <time>2025-08-18T13:10:10.000Z</time>
        <extensions>
          <ns3:TrackPointExtension>
            <ns3:atemp>32.0</ns3:atemp>
            <ns3:hr>109</ns3:hr>
          </ns3:TrackPointExtension>
        </extensions>
      </trkpt>
      <trkpt lat="48.63660997711122035980224609375" lon="-2.40926499478518962860107421875">
        <ele>9.3999996185302734375</ele>
        <time>2025-08-18T13:10:11.000Z</time>
        <extensions>
          <ns3:TrackPointExtension>
            <ns3:atemp>32.0</ns3:atemp>
            <ns3:hr>109</ns3:hr>
          </ns3:TrackPointExtension>
        </extensions>
      </trkpt>
      <trkpt lat="48.63655566237866878509521484375" lon="-2.40923766978085041046142578125">
        <ele>9.19999980926513671875</ele>
        <time>2025-08-18T13:10:16.000Z</time>
        <extensions>
          <ns3:TrackPointExtension>
            <ns3:atemp>32.0</ns3:atemp>
            <ns3:hr>110</ns3:hr>
          </ns3:TrackPointExtension>
        </extensions>
      </trkpt>
      <trkpt lat="48.636521212756633758544921875" lon="-2.40923163481056690216064453125">
        <ele>9.19999980926513671875</ele>
        <time>2025-08-18T13:10:19.000Z</time>
        <extensions>
          <ns3:TrackPointExtension>
            <ns3:atemp>32.0</ns3:atemp>
            <ns3:hr>113</ns3:hr>
          </ns3:TrackPointExtension>
        </extensions>
      </trkpt>
      <trkpt lat="48.63644585944712162017822265625" lon="-2.40916877053678035736083984375">
        <ele>9.19999980926513671875</ele>
        <time>2025-08-18T13:10:26.000Z</time>
        <extensions>
          <ns3:TrackPointExtension>
            <ns3:atemp>32.0</ns3:atemp>
            <ns3:hr>113</ns3:hr>
          </ns3:TrackPointExtension>
        </extensions>
      </trkpt>
      <trkpt lat="48.63643161021173000335693359375" lon="-2.40914513356983661651611328125">
        <ele>9</ele>
        <time>2025-08-18T13:10:28.000Z</time>
        <extensions>
          <ns3:TrackPointExtension>
            <ns3:atemp>32.0</ns3:atemp>
            <ns3:hr>110</ns3:hr>
          </ns3:TrackPointExtension>
        </extensions>
      </trkpt>
      <trkpt lat="48.6363981664180755615234375" lon="-2.4091069959104061126708984375">
        <ele>9</ele>
        <time>2025-08-18T13:10:32.000Z</time>
        <extensions>
          <ns3:TrackPointExtension>
            <ns3:atemp>33.0</ns3:atemp>
            <ns3:hr>107</ns3:hr>
          </ns3:TrackPointExtension>
        </extensions>
      </trkpt>
      <trkpt lat="48.63639439456164836883544921875" lon="-2.4091036431491374969482421875">
        <ele>9</ele>
        <time>2025-08-18T13:10:33.000Z</time>
        <extensions>
          <ns3:TrackPointExtension>
            <ns3:atemp>32.0</ns3:atemp>
            <ns3:hr>107</ns3:hr>
          </ns3:TrackPointExtension>
        </extensions>
      </trkpt>
      <trkpt lat="48.6363765411078929901123046875" lon="-2.409094087779521942138671875">
        <ele>9</ele>
        <time>2025-08-18T13:10:35.000Z</time>
        <extensions>
          <ns3:TrackPointExtension>
            <ns3:atemp>32.0</ns3:atemp>
            <ns3:hr>106</ns3:hr>
          </ns3:TrackPointExtension>
        </extensions>
      </trkpt>
      <trkpt lat="48.6362613737583160400390625" lon="-2.4089683592319488525390625">
        <ele>9</ele>
        <time>2025-08-18T13:10:45.000Z</time>
        <extensions>
          <ns3:TrackPointExtension>
            <ns3:atemp>32.0</ns3:atemp>
            <ns3:hr>107</ns3:hr>
          </ns3:TrackPointExtension>
        </extensions>
      </trkpt>
      <trkpt lat="48.63614142872393131256103515625" lon="-2.40883232094347476959228515625">
        <ele>9.3999996185302734375</ele>
        <time>2025-08-18T13:10:57.000Z</time>
        <extensions>
          <ns3:TrackPointExtension>
            <ns3:atemp>32.0</ns3:atemp>
            <ns3:hr>109</ns3:hr>
          </ns3:TrackPointExtension>
        </extensions>
      </trkpt>
      <trkpt lat="48.6360724456608295440673828125" lon="-2.4088122881948947906494140625">
        <ele>9.3999996185302734375</ele>
        <time>2025-08-18T13:11:04.000Z</time>
        <extensions>
          <ns3:TrackPointExtension>
            <ns3:atemp>32.0</ns3:atemp>
            <ns3:hr>106</ns3:hr>
          </ns3:TrackPointExtension>
        </extensions>
      </trkpt>
      <trkpt lat="48.6360630579292774200439453125" lon="-2.408805079758167266845703125">
        <ele>9.3999996185302734375</ele>
        <time>2025-08-18T13:11:05.000Z</time>
        <extensions>
          <ns3:TrackPointExtension>
            <ns3:atemp>32.0</ns3:atemp>
            <ns3:hr>105</ns3:hr>
          </ns3:TrackPointExtension>
        </extensions>
      </trkpt>
      <trkpt lat="48.635974042117595672607421875" lon="-2.4087381921708583831787109375">
        <ele>9.19999980926513671875</ele>
        <time>2025-08-18T13:11:14.000Z</time>
        <extensions>
          <ns3:TrackPointExtension>
            <ns3:atemp>32.0</ns3:atemp>
            <ns3:hr>105</ns3:hr>
          </ns3:TrackPointExtension>
        </extensions>
      </trkpt>
      <trkpt lat="48.6358753032982349395751953125" lon="-2.40874431096017360687255859375">
        <ele>9.3999996185302734375</ele>
        <time>2025-08-18T13:11:23.000Z</time>
        <extensions>
          <ns3:TrackPointExtension>
            <ns3:atemp>32.0</ns3:atemp>
            <ns3:hr>106</ns3:hr>
          </ns3:TrackPointExtension>
        </extensions>
      </trkpt>
      <trkpt lat="48.635779581964015960693359375" lon="-2.40880968980491161346435546875">
        <ele>9.6000003814697265625</ele>
        <time>2025-08-18T13:11:32.000Z</time>
        <extensions>
          <ns3:TrackPointExtension>
            <ns3:atemp>33.0</ns3:atemp>
            <ns3:hr>103</ns3:hr>
          </ns3:TrackPointExtension>
        </extensions>
      </trkpt>
      <trkpt lat="48.6357539333403110504150390625" lon="-2.4088377691805362701416015625">
        <ele>9.3999996185302734375</ele>
        <time>2025-08-18T13:11:35.000Z</time>
        <extensions>
          <ns3:TrackPointExtension>
            <ns3:atemp>33.0</ns3:atemp>
            <ns3:hr>103</ns3:hr>
          </ns3:TrackPointExtension>
        </extensions>
      </trkpt>
      <trkpt lat="48.63566525280475616455078125" lon="-2.4089361727237701416015625">
        <ele>9.19999980926513671875</ele>
        <time>2025-08-18T13:11:46.000Z</time>
        <extensions>
          <ns3:TrackPointExtension>
            <ns3:atemp>33.0</ns3:atemp>
            <ns3:hr>102</ns3:hr>
          </ns3:TrackPointExtension>
        </extensions>
      </trkpt>
      <trkpt lat="48.635568358004093170166015625" lon="-2.40902745164930820465087890625">
        <ele>9.19999980926513671875</ele>
        <time>2025-08-18T13:11:55.000Z</time>
        <extensions>
          <ns3:TrackPointExtension>
            <ns3:atemp>33.0</ns3:atemp>
            <ns3:hr>102</ns3:hr>
          </ns3:TrackPointExtension>
        </extensions>
      </trkpt>
      <trkpt lat="48.63549627363681793212890625" lon="-2.40913172252476215362548828125">
        <ele>9</ele>
        <time>2025-08-18T13:12:04.000Z</time>
        <extensions>
          <ns3:TrackPointExtension>
            <ns3:atemp>33.0</ns3:atemp>
            <ns3:hr>103</ns3:hr>
          </ns3:TrackPointExtension>
        </extensions>
      </trkpt>
      <trkpt lat="48.63540968857705593109130859375" lon="-2.4092875421047210693359375">
        <ele>9</ele>
        <time>2025-08-18T13:12:15.000Z</time>
        <extensions>
          <ns3:TrackPointExtension>
            <ns3:atemp>33.0</ns3:atemp>
            <ns3:hr>102</ns3:hr>
          </ns3:TrackPointExtension>
        </extensions>
      </trkpt>
      <trkpt lat="48.6353646777570247650146484375" lon="-2.40934789180755615234375">
        <ele>9.19999980926513671875</ele>
        <time>2025-08-18T13:12:20.000Z</time>
        <extensions>
          <ns3:TrackPointExtension>
            <ns3:atemp>33.0</ns3:atemp>
            <ns3:hr>105</ns3:hr>
          </ns3:TrackPointExtension>
        </extensions>
      </trkpt>
      <trkpt lat="48.6353150568902492523193359375" lon="-2.40941436029970645904541015625">
        <ele>9.3999996185302734375</ele>
        <time>2025-08-18T13:12:25.000Z</time>
        <extensions>
          <ns3:TrackPointExtension>
            <ns3:atemp>33.0</ns3:atemp>
            <ns3:hr>107</ns3:hr>
          </ns3:TrackPointExtension>
        </extensions>
      </trkpt>
      <trkpt lat="48.63521120510995388031005859375" lon="-2.409590296447277069091796875">
        <ele>9.19999980926513671875</ele>
        <time>2025-08-18T13:12:40.000Z</time>
        <extensions>
          <ns3:TrackPointExtension>
            <ns3:atemp>33.0</ns3:atemp>
            <ns3:hr>104</ns3:hr>
          </ns3:TrackPointExtension>
        </extensions>
      </trkpt>
      <trkpt lat="48.63520399667322635650634765625" lon="-2.4095981754362583160400390625">
        <ele>9.19999980926513671875</ele>
        <time>2025-08-18T13:12:41.000Z</time>
        <extensions>
          <ns3:TrackPointExtension>
            <ns3:atemp>33.0</ns3:atemp>
            <ns3:hr>104</ns3:hr>
          </ns3:TrackPointExtension>
        </extensions>
      </trkpt>
      <trkpt lat="48.6351267993450164794921875" lon="-2.40970236249268054962158203125">
        <ele>9.3999996185302734375</ele>
        <time>2025-08-18T13:12:51.000Z</time>
        <extensions>
          <ns3:TrackPointExtension>
            <ns3:atemp>33.0</ns3:atemp>
            <ns3:hr>103</ns3:hr>
          </ns3:TrackPointExtension>
        </extensions>
      </trkpt>
      <trkpt lat="48.6350387893617153167724609375" lon="-2.40986463613808155059814453125">
        <ele>9.6000003814697265625</ele>
        <time>2025-08-18T13:13:02.000Z</time>
        <extensions>
          <ns3:TrackPointExtension>
            <ns3:atemp>33.0</ns3:atemp>
            <ns3:hr>106</ns3:hr>
          </ns3:TrackPointExtension>
        </extensions>
      </trkpt>
      <trkpt lat="48.6350173316895961761474609375" lon="-2.4099106527864933013916015625">
        <ele>9.80000019073486328125</ele>
        <time>2025-08-18T13:13:05.000Z</time>
        <extensions>
          <ns3:TrackPointExtension>
            <ns3:atemp>33.0</ns3:atemp>
            <ns3:hr>106</ns3:hr>
          </ns3:TrackPointExtension>
        </extensions>
      </trkpt>
      <trkpt lat="48.6349539645016193389892578125" lon="-2.41002908907830715179443359375">
        <ele>9.6000003814697265625</ele>
        <time>2025-08-18T13:13:13.000Z</time>
        <extensions>
          <ns3:TrackPointExtension>
            <ns3:atemp>33.0</ns3:atemp>
            <ns3:hr>110</ns3:hr>
          </ns3:TrackPointExtension>
        </extensions>
      </trkpt>
      <trkpt lat="48.6349288187921047210693359375" lon="-2.4100702442228794097900390625">
        <ele>9.6000003814697265625</ele>
        <time>2025-08-18T13:13:16.000Z</time>
        <extensions>
          <ns3:TrackPointExtension>
            <ns3:atemp>33.0</ns3:atemp>
            <ns3:hr>107</ns3:hr>
          </ns3:TrackPointExtension>
        </extensions>
      </trkpt>
      <trkpt lat="48.63491297699511051177978515625" lon="-2.41009715013206005096435546875">
        <ele>9.6000003814697265625</ele>
        <time>2025-08-18T13:13:18.000Z</time>
        <extensions>
          <ns3:TrackPointExtension>
            <ns3:atemp>33.0</ns3:atemp>
            <ns3:hr>107</ns3:hr>
          </ns3:TrackPointExtension>
        </extensions>
      </trkpt>
      <trkpt lat="48.634862266480922698974609375" lon="-2.4101993255317211151123046875">
        <ele>9.3999996185302734375</ele>
        <time>2025-08-18T13:13:25.000Z</time>
        <extensions>
          <ns3:TrackPointExtension>
            <ns3:atemp>33.0</ns3:atemp>
            <ns3:hr>110</ns3:hr>
          </ns3:TrackPointExtension>
        </extensions>
      </trkpt>
      <trkpt lat="48.6348372884094715118408203125" lon="-2.41023880429565906524658203125">
        <ele>9.3999996185302734375</ele>
        <time>2025-08-18T13:13:28.000Z</time>
        <extensions>
          <ns3:TrackPointExtension>
            <ns3:atemp>33.0</ns3:atemp>
            <ns3:hr>110</ns3:hr>
          </ns3:TrackPointExtension>
        </extensions>
      </trkpt>
      <trkpt lat="48.6347393877804279327392578125" lon="-2.4103783629834651947021484375">
        <ele>9.3999996185302734375</ele>
        <time>2025-08-18T13:13:40.000Z</time>
        <extensions>
          <ns3:TrackPointExtension>
            <ns3:atemp>33.0</ns3:atemp>
            <ns3:hr>108</ns3:hr>
          </ns3:TrackPointExtension>
        </extensions>
      </trkpt>
      <trkpt lat="48.63472002558410167694091796875" lon="-2.410380877554416656494140625">
        <ele>9.3999996185302734375</ele>
        <time>2025-08-18T13:13:42.000Z</time>
        <extensions>
          <ns3:TrackPointExtension>
            <ns3:atemp>33.0</ns3:atemp>
            <ns3:hr>107</ns3:hr>
          </ns3:TrackPointExtension>
        </extensions>
      </trkpt>
      <trkpt lat="48.6346897669136524200439453125" lon="-2.41038213483989238739013671875">
        <ele>9.3999996185302734375</ele>
        <time>2025-08-18T13:13:46.000Z</time>
        <extensions>
          <ns3:TrackPointExtension>
            <ns3:atemp>33.0</ns3:atemp>
            <ns3:hr>106</ns3:hr>
          </ns3:TrackPointExtension>
        </extensions>
      </trkpt>
      <trkpt lat="48.63468130119144916534423828125" lon="-2.41037928499281406402587890625">
        <ele>9.3999996185302734375</ele>
        <time>2025-08-18T13:13:47.000Z</time>
        <extensions>
          <ns3:TrackPointExtension>
            <ns3:atemp>33.0</ns3:atemp>
            <ns3:hr>106</ns3:hr>
          </ns3:TrackPointExtension>
        </extensions>
      </trkpt>
      <trkpt lat="48.63465112634003162384033203125" lon="-2.41034500300884246826171875">
        <ele>9.3999996185302734375</ele>
        <time>2025-08-18T13:13:51.000Z</time>
        <extensions>
          <ns3:TrackPointExtension>
            <ns3:atemp>33.0</ns3:atemp>
            <ns3:hr>106</ns3:hr>
          </ns3:TrackPointExtension>
        </extensions>
      </trkpt>
      <trkpt lat="48.63462564535439014434814453125" lon="-2.4103166721761226654052734375">
        <ele>9.3999996185302734375</ele>
        <time>2025-08-18T13:13:57.000Z</time>
        <extensions>
          <ns3:TrackPointExtension>
            <ns3:atemp>33.0</ns3:atemp>
            <ns3:hr>108</ns3:hr>
          </ns3:TrackPointExtension>
        </extensions>
      </trkpt>
      <trkpt lat="48.634615838527679443359375" lon="-2.4102891795337200164794921875">
        <ele>9.3999996185302734375</ele>
        <time>2025-08-18T13:13:59.000Z</time>
        <extensions>
          <ns3:TrackPointExtension>
            <ns3:atemp>33.0</ns3:atemp>
            <ns3:hr>111</ns3:hr>
          </ns3:TrackPointExtension>
        </extensions>
      </trkpt>
      <trkpt lat="48.63456043414771556854248046875" lon="-2.41025053896009922027587890625">
        <ele>9.3999996185302734375</ele>
        <time>2025-08-18T13:14:05.000Z</time>
        <extensions>
          <ns3:TrackPointExtension>
            <ns3:atemp>33.0</ns3:atemp>
            <ns3:hr>113</ns3:hr>
          </ns3:TrackPointExtension>
        </extensions>
      </trkpt>
      <trkpt lat="48.6344802193343639373779296875" lon="-2.4102284945547580718994140625">
        <ele>9.3999996185302734375</ele>
        <time>2025-08-18T13:14:12.000Z</time>
        <extensions>
          <ns3:TrackPointExtension>
            <ns3:atemp>33.0</ns3:atemp>
            <ns3:hr>110</ns3:hr>
          </ns3:TrackPointExtension>
        </extensions>
      </trkpt>
      <trkpt lat="48.6344658024609088897705078125" lon="-2.41022807545959949493408203125">
        <ele>9.3999996185302734375</ele>
        <time>2025-08-18T13:14:13.000Z</time>
        <extensions>
          <ns3:TrackPointExtension>
            <ns3:atemp>33.0</ns3:atemp>
            <ns3:hr>110</ns3:hr>
          </ns3:TrackPointExtension>
        </extensions>
      </trkpt>
      <trkpt lat="48.63435641862452030181884765625" lon="-2.41031524725258350372314453125">
        <ele>9.3999996185302734375</ele>
        <time>2025-08-18T13:14:22.000Z</time>
        <extensions>
          <ns3:TrackPointExtension>
            <ns3:atemp>33.0</ns3:atemp>
            <ns3:hr>109</ns3:hr>
          </ns3:TrackPointExtension>
        </extensions>
      </trkpt>
      <trkpt lat="48.63435809500515460968017578125" lon="-2.41048422642052173614501953125">
        <ele>9</ele>
        <time>2025-08-18T13:14:30.000Z</time>
        <extensions>
          <ns3:TrackPointExtension>
            <ns3:atemp>33.0</ns3:atemp>
            <ns3:hr>108</ns3:hr>
          </ns3:TrackPointExtension>
        </extensions>
      </trkpt>
      <trkpt lat="48.63435910083353519439697265625" lon="-2.41055798716843128204345703125">
        <ele>8.80000019073486328125</ele>
        <time>2025-08-18T13:14:33.000Z</time>
        <extensions>
          <ns3:TrackPointExtension>
            <ns3:atemp>33.0</ns3:atemp>
            <ns3:hr>107</ns3:hr>
          </ns3:TrackPointExtension>
        </extensions>
      </trkpt>
      <trkpt lat="48.63438542000949382781982421875" lon="-2.41062671877443790435791015625">
        <ele>8.3999996185302734375</ele>
        <time>2025-08-18T13:14:40.000Z</time>
        <extensions>
          <ns3:TrackPointExtension>
            <ns3:atemp>33.0</ns3:atemp>
            <ns3:hr>105</ns3:hr>
          </ns3:TrackPointExtension>
        </extensions>
      </trkpt>
      <trkpt lat="48.6344104818999767303466796875" lon="-2.41067147813737392425537109375">
        <ele>8.19999980926513671875</ele>
        <time>2025-08-18T13:14:45.000Z</time>
        <extensions>
          <ns3:TrackPointExtension>
            <ns3:atemp>33.0</ns3:atemp>
            <ns3:hr>102</ns3:hr>
          </ns3:TrackPointExtension>
        </extensions>
      </trkpt>
      <trkpt lat="48.6344285868108272552490234375" lon="-2.41070450283586978912353515625">
        <ele>8.3999996185302734375</ele>
        <time>2025-08-18T13:14:48.000Z</time>
        <extensions>
          <ns3:TrackPointExtension>
            <ns3:atemp>33.0</ns3:atemp>
            <ns3:hr>102</ns3:hr>
          </ns3:TrackPointExtension>
        </extensions>
      </trkpt>
      <trkpt lat="48.63445348106324672698974609375" lon="-2.4107796885073184967041015625">
        <ele>8.3999996185302734375</ele>
        <time>2025-08-18T13:14:54.000Z</time>
        <extensions>
          <ns3:TrackPointExtension>
            <ns3:atemp>33.0</ns3:atemp>
            <ns3:hr>99</ns3:hr>
          </ns3:TrackPointExtension>
        </extensions>
      </trkpt>
      <trkpt lat="48.6344751901924610137939453125" lon="-2.41087482310831546783447265625">
        <ele>8.6000003814697265625</ele>
        <time>2025-08-18T13:15:00.000Z</time>
        <extensions>
          <ns3:TrackPointExtension>
            <ns3:atemp>33.0</ns3:atemp>
            <ns3:hr>98</ns3:hr>
          </ns3:TrackPointExtension>
        </extensions>
      </trkpt>
      <trkpt lat="48.63443671725690364837646484375" lon="-2.4110066704452037811279296875">
        <ele>8.19999980926513671875</ele>
        <time>2025-08-18T13:15:09.000Z</time>
        <extensions>
          <ns3:TrackPointExtension>
            <ns3:atemp>33.0</ns3:atemp>
            <ns3:hr>99</ns3:hr>
          </ns3:TrackPointExtension>
        </extensions>
      </trkpt>
      <trkpt lat="48.63438642583787441253662109375" lon="-2.41106794215738773345947265625">
        <ele>7.599999904632568359375</ele>
        <time>2025-08-18T13:15:14.000Z</time>
        <extensions>
          <ns3:TrackPointExtension>
            <ns3:atemp>33.0</ns3:atemp>
            <ns3:hr>99</ns3:hr>
          </ns3:TrackPointExtension>
        </extensions>
      </trkpt>
      <trkpt lat="48.634323142468929290771484375" lon="-2.411135919392108917236328125">
        <ele>7</ele>
        <time>2025-08-18T13:15:20.000Z</time>
        <extensions>
          <ns3:TrackPointExtension>
            <ns3:atemp>33.0</ns3:atemp>
            <ns3:hr>100</ns3:hr>
          </ns3:TrackPointExtension>
        </extensions>
      </trkpt>
      <trkpt lat="48.63420319743454456329345703125" lon="-2.41127380169928073883056640625">
        <ele>7</ele>
        <time>2025-08-18T13:15:33.000Z</time>
        <extensions>
          <ns3:TrackPointExtension>
            <ns3:atemp>33.0</ns3:atemp>
            <ns3:hr>97</ns3:hr>
          </ns3:TrackPointExtension>
        </extensions>
      </trkpt>
      <trkpt lat="48.63416011445224285125732421875" lon="-2.411313615739345550537109375">
        <ele>7</ele>
        <time>2025-08-18T13:15:37.000Z</time>
        <extensions>
          <ns3:TrackPointExtension>
            <ns3:atemp>33.0</ns3:atemp>
            <ns3:hr>100</ns3:hr>
          </ns3:TrackPointExtension>
        </extensions>
      </trkpt>
      <trkpt lat="48.634134717285633087158203125" lon="-2.41134655661880970001220703125">
        <ele>7</ele>
        <time>2025-08-18T13:15:40.000Z</time>
        <extensions>
          <ns3:TrackPointExtension>
            <ns3:atemp>33.0</ns3:atemp>
            <ns3:hr>99</ns3:hr>
          </ns3:TrackPointExtension>
        </extensions>
      </trkpt>
      <trkpt lat="48.63409691490232944488525390625" lon="-2.41139684803783893585205078125">
        <ele>7</ele>
        <time>2025-08-18T13:15:45.000Z</time>
        <extensions>
          <ns3:TrackPointExtension>
            <ns3:atemp>33.0</ns3:atemp>
            <ns3:hr>102</ns3:hr>
          </ns3:TrackPointExtension>
        </extensions>
      </trkpt>
      <trkpt lat="48.63408811390399932861328125" lon="-2.4114086665213108062744140625">
        <ele>7</ele>
        <time>2025-08-18T13:15:46.000Z</time>
        <extensions>
          <ns3:TrackPointExtension>
            <ns3:atemp>33.0</ns3:atemp>
            <ns3:hr>102</ns3:hr>
          </ns3:TrackPointExtension>
        </extensions>
      </trkpt>
      <trkpt lat="48.63403589464724063873291015625" lon="-2.411477901041507720947265625">
        <ele>7</ele>
        <time>2025-08-18T13:15:52.000Z</time>
        <extensions>
          <ns3:TrackPointExtension>
            <ns3:atemp>33.0</ns3:atemp>
            <ns3:hr>105</ns3:hr>
          </ns3:TrackPointExtension>
        </extensions>
      </trkpt>
      <trkpt lat="48.6339960806071758270263671875" lon="-2.41151134483516216278076171875">
        <ele>7</ele>
        <time>2025-08-18T13:15:56.000Z</time>
        <extensions>
          <ns3:TrackPointExtension>
            <ns3:atemp>33.0</ns3:atemp>
            <ns3:hr>105</ns3:hr>
          </ns3:TrackPointExtension>
        </extensions>
      </trkpt>
      <trkpt lat="48.63388066180050373077392578125" lon="-2.4115655757486820220947265625">
        <ele>7</ele>
        <time>2025-08-18T13:16:07.000Z</time>
        <extensions>
          <ns3:TrackPointExtension>
            <ns3:atemp>33.0</ns3:atemp>
            <ns3:hr>104</ns3:hr>
          </ns3:TrackPointExtension>
        </extensions>
      </trkpt>
      <trkpt lat="48.63379633985459804534912109375" lon="-2.41153414361178874969482421875">
        <ele>7.19999980926513671875</ele>
        <time>2025-08-18T13:16:15.000Z</time>
        <extensions>
          <ns3:TrackPointExtension>
            <ns3:atemp>33.0</ns3:atemp>
            <ns3:hr>102</ns3:hr>
          </ns3:TrackPointExtension>
        </extensions>
      </trkpt>
      <trkpt lat="48.63370187580585479736328125" lon="-2.41151511669158935546875">
        <ele>7.80000019073486328125</ele>
        <time>2025-08-18T13:16:23.000Z</time>
        <extensions>
          <ns3:TrackPointExtension>
            <ns3:atemp>33.0</ns3:atemp>
            <ns3:hr>105</ns3:hr>
          </ns3:TrackPointExtension>
        </extensions>
      </trkpt>
      <trkpt lat="48.63369114696979522705078125" lon="-2.41150774061679840087890625">
        <ele>7.80000019073486328125</ele>
        <time>2025-08-18T13:16:24.000Z</time>
        <extensions>
          <ns3:TrackPointExtension>
            <ns3:atemp>33.0</ns3:atemp>
            <ns3:hr>105</ns3:hr>
          </ns3:TrackPointExtension>
        </extensions>
      </trkpt>
      <trkpt lat="48.63364823162555694580078125" lon="-2.41150212474167346954345703125">
        <ele>8.19999980926513671875</ele>
        <time>2025-08-18T13:16:28.000Z</time>
        <extensions>
          <ns3:TrackPointExtension>
            <ns3:atemp>33.0</ns3:atemp>
            <ns3:hr>108</ns3:hr>
          </ns3:TrackPointExtension>
        </extensions>
      </trkpt>
      <trkpt lat="48.63361327908933162689208984375" lon="-2.41152358241379261016845703125">
        <ele>8.3999996185302734375</ele>
        <time>2025-08-18T13:16:32.000Z</time>
        <extensions>
          <ns3:TrackPointExtension>
            <ns3:atemp>33.0</ns3:atemp>
            <ns3:hr>111</ns3:hr>
          </ns3:TrackPointExtension>
        </extensions>
      </trkpt>
      <trkpt lat="48.6336004547774791717529296875" lon="-2.4115343950688838958740234375">
        <ele>8.3999996185302734375</ele>
        <time>2025-08-18T13:16:34.000Z</time>
        <extensions>
          <ns3:TrackPointExtension>
            <ns3:atemp>33.0</ns3:atemp>
            <ns3:hr>112</ns3:hr>
          </ns3:TrackPointExtension>
        </extensions>
      </trkpt>
      <trkpt lat="48.63357740454375743865966796875" lon="-2.4115575291216373443603515625">
        <ele>8.3999996185302734375</ele>
        <time>2025-08-18T13:16:37.000Z</time>
        <extensions>
          <ns3:TrackPointExtension>
            <ns3:atemp>33.0</ns3:atemp>
            <ns3:hr>115</ns3:hr>
          </ns3:TrackPointExtension>
        </extensions>
      </trkpt>
      <trkpt lat="48.6335042305290699005126953125" lon="-2.4115739576518535614013671875">
        <ele>8.80000019073486328125</ele>
        <time>2025-08-18T13:16:43.000Z</time>
        <extensions>
          <ns3:TrackPointExtension>
            <ns3:atemp>33.0</ns3:atemp>
            <ns3:hr>114</ns3:hr>
          </ns3:TrackPointExtension>
        </extensions>
      </trkpt>
      <trkpt lat="48.63349400460720062255859375" lon="-2.411574460566043853759765625">
        <ele>8.80000019073486328125</ele>
        <time>2025-08-18T13:16:44.000Z</time>
        <extensions>
          <ns3:TrackPointExtension>
            <ns3:atemp>33.0</ns3:atemp>
            <ns3:hr>114</ns3:hr>
          </ns3:TrackPointExtension>
        </extensions>
      </trkpt>
      <trkpt lat="48.6334204114973545074462890625" lon="-2.41162735037505626678466796875">
        <ele>8.80000019073486328125</ele>
        <time>2025-08-18T13:16:52.000Z</time>
        <extensions>
          <ns3:TrackPointExtension>
            <ns3:atemp>33.0</ns3:atemp>
            <ns3:hr>112</ns3:hr>
          </ns3:TrackPointExtension>
        </extensions>
      </trkpt>
      <trkpt lat="48.63333575427532196044921875" lon="-2.4116711877286434173583984375">
        <ele>8.80000019073486328125</ele>
        <time>2025-08-18T13:16:59.000Z</time>
        <extensions>
          <ns3:TrackPointExtension>
            <ns3:atemp>33.0</ns3:atemp>
            <ns3:hr>111</ns3:hr>
          </ns3:TrackPointExtension>
        </extensions>
      </trkpt>
      <trkpt lat="48.633269704878330230712890625" lon="-2.41167278029024600982666015625">
        <ele>8.6000003814697265625</ele>
        <time>2025-08-18T13:17:04.000Z</time>
        <extensions>
          <ns3:TrackPointExtension>
            <ns3:atemp>33.0</ns3:atemp>
            <ns3:hr>110</ns3:hr>
          </ns3:TrackPointExtension>
        </extensions>
      </trkpt>
      <trkpt lat="48.6332413740456104278564453125" lon="-2.411681078374385833740234375">
        <ele>8.6000003814697265625</ele>
        <time>2025-08-18T13:17:07.000Z</time>
        <extensions>
          <ns3:TrackPointExtension>
            <ns3:atemp>33.0</ns3:atemp>
            <ns3:hr>110</ns3:hr>
          </ns3:TrackPointExtension>
        </extensions>
      </trkpt>
      <trkpt lat="48.63316250033676624298095703125" lon="-2.4116993509232997894287109375">
        <ele>8.80000019073486328125</ele>
        <time>2025-08-18T13:17:15.000Z</time>
        <extensions>
          <ns3:TrackPointExtension>
            <ns3:atemp>33.0</ns3:atemp>
            <ns3:hr>107</ns3:hr>
          </ns3:TrackPointExtension>
        </extensions>
      </trkpt>
      <trkpt lat="48.63313182257115840911865234375" lon="-2.41170597262680530548095703125">
        <ele>8.80000019073486328125</ele>
        <time>2025-08-18T13:17:18.000Z</time>
        <extensions>
          <ns3:TrackPointExtension>
            <ns3:atemp>33.0</ns3:atemp>
            <ns3:hr>106</ns3:hr>
          </ns3:TrackPointExtension>
        </extensions>
      </trkpt>
      <trkpt lat="48.63304699771106243133544921875" lon="-2.4117000214755535125732421875">
        <ele>9.19999980926513671875</ele>
        <time>2025-08-18T13:17:25.000Z</time>
        <extensions>
          <ns3:TrackPointExtension>
            <ns3:atemp>33.0</ns3:atemp>
            <ns3:hr>103</ns3:hr>
          </ns3:TrackPointExtension>
        </extensions>
      </trkpt>
      <trkpt lat="48.63299318589270114898681640625" lon="-2.4116872809827327728271484375">
        <ele>9.6000003814697265625</ele>
        <time>2025-08-18T13:17:33.000Z</time>
        <extensions>
          <ns3:TrackPointExtension>
            <ns3:atemp>33.0</ns3:atemp>
            <ns3:hr>106</ns3:hr>
          </ns3:TrackPointExtension>
        </extensions>
      </trkpt>
      <trkpt lat="48.63295379094779491424560546875" lon="-2.4116859398782253265380859375">
        <ele>9.80000019073486328125</ele>
        <time>2025-08-18T13:17:36.000Z</time>
        <extensions>
          <ns3:TrackPointExtension>
            <ns3:atemp>33.0</ns3:atemp>
            <ns3:hr>107</ns3:hr>
          </ns3:TrackPointExtension>
        </extensions>
      </trkpt>
      <trkpt lat="48.6329295672476291656494140625" lon="-2.4116768874228000640869140625">
        <ele>10</ele>
        <time>2025-08-18T13:17:41.000Z</time>
        <extensions>
          <ns3:TrackPointExtension>
            <ns3:atemp>33.0</ns3:atemp>
            <ns3:hr>107</ns3:hr>
          </ns3:TrackPointExtension>
        </extensions>
      </trkpt>
      <trkpt lat="48.6329228617250919342041015625" lon="-2.4116544239223003387451171875">
        <ele>10</ele>
        <time>2025-08-18T13:17:42.000Z</time>
        <extensions>
          <ns3:TrackPointExtension>
            <ns3:atemp>33.0</ns3:atemp>
            <ns3:hr>107</ns3:hr>
          </ns3:TrackPointExtension>
        </extensions>
      </trkpt>
      <trkpt lat="48.63289830274879932403564453125" lon="-2.4116291105747222900390625">
        <ele>10</ele>
        <time>2025-08-18T13:17:44.000Z</time>
        <extensions>
          <ns3:TrackPointExtension>
            <ns3:atemp>33.0</ns3:atemp>
            <ns3:hr>107</ns3:hr>
          </ns3:TrackPointExtension>
        </extensions>
      </trkpt>
      <trkpt lat="48.6328786052763462066650390625" lon="-2.41162776947021484375">
        <ele>10</ele>
        <time>2025-08-18T13:17:46.000Z</time>
        <extensions>
          <ns3:TrackPointExtension>
            <ns3:atemp>33.0</ns3:atemp>
            <ns3:hr>106</ns3:hr>
          </ns3:TrackPointExtension>
        </extensions>
      </trkpt>
      <trkpt lat="48.63284599967300891876220703125" lon="-2.4116420187056064605712890625">
        <ele>10.19999980926513671875</ele>
        <time>2025-08-18T13:17:49.000Z</time>
        <extensions>
          <ns3:TrackPointExtension>
            <ns3:atemp>33.0</ns3:atemp>
            <ns3:hr>106</ns3:hr>
          </ns3:TrackPointExtension>
        </extensions>
      </trkpt>
      <trkpt lat="48.63281766884028911590576171875" lon="-2.41167479194700717926025390625">
        <ele>10.19999980926513671875</ele>
        <time>2025-08-18T13:17:53.000Z</time>
        <extensions>
          <ns3:TrackPointExtension>
            <ns3:atemp>33.0</ns3:atemp>
            <ns3:hr>106</ns3:hr>
          </ns3:TrackPointExtension>
        </extensions>
      </trkpt>
      <trkpt lat="48.63274432718753814697265625" lon="-2.41173530928790569305419921875">
        <ele>10</ele>
        <time>2025-08-18T13:18:01.000Z</time>
        <extensions>
          <ns3:TrackPointExtension>
            <ns3:atemp>33.0</ns3:atemp>
            <ns3:hr>107</ns3:hr>
          </ns3:TrackPointExtension>
        </extensions>
      </trkpt>
      <trkpt lat="48.632724545896053314208984375" lon="-2.4117556773126125335693359375">
        <ele>9.80000019073486328125</ele>
        <time>2025-08-18T13:18:03.000Z</time>
        <extensions>
          <ns3:TrackPointExtension>
            <ns3:atemp>33.0</ns3:atemp>
            <ns3:hr>107</ns3:hr>
          </ns3:TrackPointExtension>
        </extensions>
      </trkpt>
      <trkpt lat="48.6327002383768558502197265625" lon="-2.41178995929658412933349609375">
        <ele>9.80000019073486328125</ele>
        <time>2025-08-18T13:18:06.000Z</time>
        <extensions>
          <ns3:TrackPointExtension>
            <ns3:atemp>33.0</ns3:atemp>
            <ns3:hr>110</ns3:hr>
          </ns3:TrackPointExtension>
        </extensions>
      </trkpt>
      <trkpt lat="48.63262899219989776611328125" lon="-2.4118619598448276519775390625">
        <ele>9.80000019073486328125</ele>
        <time>2025-08-18T13:18:13.000Z</time>
        <extensions>
          <ns3:TrackPointExtension>
            <ns3:atemp>33.0</ns3:atemp>
            <ns3:hr>110</ns3:hr>
          </ns3:TrackPointExtension>
        </extensions>
      </trkpt>
      <trkpt lat="48.6325785331428050994873046875" lon="-2.41192205809056758880615234375">
        <ele>9.6000003814697265625</ele>
        <time>2025-08-18T13:18:18.000Z</time>
        <extensions>
          <ns3:TrackPointExtension>
            <ns3:atemp>33.0</ns3:atemp>
            <ns3:hr>107</ns3:hr>
          </ns3:TrackPointExtension>
        </extensions>
      </trkpt>
      <trkpt lat="48.6325084604322910308837890625" lon="-2.41199783049523830413818359375">
        <ele>9.80000019073486328125</ele>
        <time>2025-08-18T13:18:25.000Z</time>
        <extensions>
          <ns3:TrackPointExtension>
            <ns3:atemp>33.0</ns3:atemp>
            <ns3:hr>106</ns3:hr>
          </ns3:TrackPointExtension>
        </extensions>
      </trkpt>
      <trkpt lat="48.6324377171695232391357421875" lon="-2.412079386413097381591796875">
        <ele>9.6000003814697265625</ele>
        <time>2025-08-18T13:18:33.000Z</time>
        <extensions>
          <ns3:TrackPointExtension>
            <ns3:atemp>33.0</ns3:atemp>
            <ns3:hr>105</ns3:hr>
          </ns3:TrackPointExtension>
        </extensions>
      </trkpt>
      <trkpt lat="48.632375188171863555908203125" lon="-2.41216764785349369049072265625">
        <ele>9.6000003814697265625</ele>
        <time>2025-08-18T13:18:41.000Z</time>
        <extensions>
          <ns3:TrackPointExtension>
            <ns3:atemp>33.0</ns3:atemp>
            <ns3:hr>105</ns3:hr>
          </ns3:TrackPointExtension>
        </extensions>
      </trkpt>
      <trkpt lat="48.632314838469028472900390625" lon="-2.41225875914096832275390625">
        <ele>9.6000003814697265625</ele>
        <time>2025-08-18T13:18:49.000Z</time>
        <extensions>
          <ns3:TrackPointExtension>
            <ns3:atemp>33.0</ns3:atemp>
            <ns3:hr>108</ns3:hr>
          </ns3:TrackPointExtension>
        </extensions>
      </trkpt>
      <trkpt lat="48.63227938301861286163330078125" lon="-2.41230259649455547332763671875">
        <ele>9.6000003814697265625</ele>
        <time>2025-08-18T13:18:53.000Z</time>
        <extensions>
          <ns3:TrackPointExtension>
            <ns3:atemp>33.0</ns3:atemp>
            <ns3:hr>106</ns3:hr>
          </ns3:TrackPointExtension>
        </extensions>
      </trkpt>
      <trkpt lat="48.6322412453591823577880859375" lon="-2.41238473914563655853271484375">
        <ele>9.6000003814697265625</ele>
        <time>2025-08-18T13:18:59.000Z</time>
        <extensions>
          <ns3:TrackPointExtension>
            <ns3:atemp>34.0</ns3:atemp>
            <ns3:hr>104</ns3:hr>
          </ns3:TrackPointExtension>
        </extensions>
      </trkpt>
      <trkpt lat="48.63217745907604694366455078125" lon="-2.41251884959638118743896484375">
        <ele>9.3999996185302734375</ele>
        <time>2025-08-18T13:19:08.000Z</time>
        <extensions>
          <ns3:TrackPointExtension>
            <ns3:atemp>34.0</ns3:atemp>
            <ns3:hr>104</ns3:hr>
          </ns3:TrackPointExtension>
        </extensions>
      </trkpt>
      <trkpt lat="48.63217008300125598907470703125" lon="-2.41255757398903369903564453125">
        <ele>9.3999996185302734375</ele>
        <time>2025-08-18T13:19:10.000Z</time>
        <extensions>
          <ns3:TrackPointExtension>
            <ns3:atemp>34.0</ns3:atemp>
            <ns3:hr>103</ns3:hr>
          </ns3:TrackPointExtension>
        </extensions>
      </trkpt>
      <trkpt lat="48.63216237165033817291259765625" lon="-2.41265865974128246307373046875">
        <ele>9.6000003814697265625</ele>
        <time>2025-08-18T13:19:15.000Z</time>
        <extensions>
          <ns3:TrackPointExtension>
            <ns3:atemp>34.0</ns3:atemp>
            <ns3:hr>103</ns3:hr>
          </ns3:TrackPointExtension>
        </extensions>
      </trkpt>
      <trkpt lat="48.6321802251040935516357421875" lon="-2.41284423507750034332275390625">
        <ele>9.80000019073486328125</ele>
        <time>2025-08-18T13:19:27.000Z</time>
        <extensions>
          <ns3:TrackPointExtension>
            <ns3:atemp>34.0</ns3:atemp>
            <ns3:hr>104</ns3:hr>
          </ns3:TrackPointExtension>
        </extensions>
      </trkpt>
      <trkpt lat="48.63216698169708251953125" lon="-2.4129130505025386810302734375">
        <ele>9.80000019073486328125</ele>
        <time>2025-08-18T13:19:31.000Z</time>
        <extensions>
          <ns3:TrackPointExtension>
            <ns3:atemp>34.0</ns3:atemp>
            <ns3:hr>107</ns3:hr>
          </ns3:TrackPointExtension>
        </extensions>
      </trkpt>
      <trkpt lat="48.63214342854917049407958984375" lon="-2.41298924200236797332763671875">
        <ele>9.80000019073486328125</ele>
        <time>2025-08-18T13:19:36.000Z</time>
        <extensions>
          <ns3:TrackPointExtension>
            <ns3:atemp>34.0</ns3:atemp>
            <ns3:hr>107</ns3:hr>
          </ns3:TrackPointExtension>
        </extensions>
      </trkpt>
      <trkpt lat="48.632118701934814453125" lon="-2.41304724477231502532958984375">
        <ele>9.80000019073486328125</ele>
        <time>2025-08-18T13:19:40.000Z</time>
        <extensions>
          <ns3:TrackPointExtension>
            <ns3:atemp>34.0</ns3:atemp>
            <ns3:hr>110</ns3:hr>
          </ns3:TrackPointExtension>
        </extensions>
      </trkpt>
      <trkpt lat="48.63207922317087650299072265625" lon="-2.4131517671048641204833984375">
        <ele>9.80000019073486328125</ele>
        <time>2025-08-18T13:19:47.000Z</time>
        <extensions>
          <ns3:TrackPointExtension>
            <ns3:atemp>34.0</ns3:atemp>
            <ns3:hr>106</ns3:hr>
          </ns3:TrackPointExtension>
        </extensions>
      </trkpt>
      <trkpt lat="48.63207084126770496368408203125" lon="-2.4131769128143787384033203125">
        <ele>9.80000019073486328125</ele>
        <time>2025-08-18T13:19:49.000Z</time>
        <extensions>
          <ns3:TrackPointExtension>
            <ns3:atemp>34.0</ns3:atemp>
            <ns3:hr>105</ns3:hr>
          </ns3:TrackPointExtension>
        </extensions>
      </trkpt>
      <trkpt lat="48.63203890621662139892578125" lon="-2.4132986180484294891357421875">
        <ele>9.6000003814697265625</ele>
        <time>2025-08-18T13:19:56.000Z</time>
        <extensions>
          <ns3:TrackPointExtension>
            <ns3:atemp>34.0</ns3:atemp>
            <ns3:hr>102</ns3:hr>
          </ns3:TrackPointExtension>
        </extensions>
      </trkpt>
      <trkpt lat="48.63202960230410099029541015625" lon="-2.41335452534258365631103515625">
        <ele>9.3999996185302734375</ele>
        <time>2025-08-18T13:19:59.000Z</time>
        <extensions>
          <ns3:TrackPointExtension>
            <ns3:atemp>34.0</ns3:atemp>
            <ns3:hr>103</ns3:hr>
          </ns3:TrackPointExtension>
        </extensions>
      </trkpt>
      <trkpt lat="48.63202390260994434356689453125" lon="-2.413361482322216033935546875">
        <ele>9.3999996185302734375</ele>
        <time>2025-08-18T13:20:00.000Z</time>
        <extensions>
          <ns3:TrackPointExtension>
            <ns3:atemp>34.0</ns3:atemp>
            <ns3:hr>103</ns3:hr>
          </ns3:TrackPointExtension>
        </extensions>
      </trkpt>
      <trkpt lat="48.632003366947174072265625" lon="-2.4133911542594432830810546875">
        <ele>9.3999996185302734375</ele>
        <time>2025-08-18T13:20:04.000Z</time>
        <extensions>
          <ns3:TrackPointExtension>
            <ns3:atemp>34.0</ns3:atemp>
            <ns3:hr>105</ns3:hr>
          </ns3:TrackPointExtension>
        </extensions>
      </trkpt>
      <trkpt lat="48.63199188373982906341552734375" lon="-2.41341479122638702392578125">
        <ele>9.3999996185302734375</ele>
        <time>2025-08-18T13:20:06.000Z</time>
        <extensions>
          <ns3:TrackPointExtension>
            <ns3:atemp>34.0</ns3:atemp>
            <ns3:hr>106</ns3:hr>
          </ns3:TrackPointExtension>
        </extensions>
      </trkpt>
      <trkpt lat="48.63198065198957920074462890625" lon="-2.41343851201236248016357421875">
        <ele>9.3999996185302734375</ele>
        <time>2025-08-18T13:20:08.000Z</time>
        <extensions>
          <ns3:TrackPointExtension>
            <ns3:atemp>34.0</ns3:atemp>
            <ns3:hr>106</ns3:hr>
          </ns3:TrackPointExtension>
        </extensions>
      </trkpt>
      <trkpt lat="48.631964139640331268310546875" lon="-2.4134602211415767669677734375">
        <ele>9.3999996185302734375</ele>
        <time>2025-08-18T13:20:10.000Z</time>
        <extensions>
          <ns3:TrackPointExtension>
            <ns3:atemp>34.0</ns3:atemp>
            <ns3:hr>106</ns3:hr>
          </ns3:TrackPointExtension>
        </extensions>
      </trkpt>
      <trkpt lat="48.63195785321295261383056640625" lon="-2.41348712705075740814208984375">
        <ele>9</ele>
        <time>2025-08-18T13:20:12.000Z</time>
        <extensions>
          <ns3:TrackPointExtension>
            <ns3:atemp>34.0</ns3:atemp>
            <ns3:hr>105</ns3:hr>
          </ns3:TrackPointExtension>
        </extensions>
      </trkpt>
      <trkpt lat="48.63195751793682575225830078125" lon="-2.4135229177772998809814453125">
        <ele>9</ele>
        <time>2025-08-18T13:20:14.000Z</time>
        <extensions>
          <ns3:TrackPointExtension>
            <ns3:atemp>34.0</ns3:atemp>
            <ns3:hr>104</ns3:hr>
          </ns3:TrackPointExtension>
        </extensions>
      </trkpt>
      <trkpt lat="48.6319644749164581298828125" lon="-2.413533814251422882080078125">
        <ele>9</ele>
        <time>2025-08-18T13:20:16.000Z</time>
        <extensions>
          <ns3:TrackPointExtension>
            <ns3:atemp>34.0</ns3:atemp>
            <ns3:hr>103</ns3:hr>
          </ns3:TrackPointExtension>
        </extensions>
      </trkpt>
      <trkpt lat="48.63196422345936298370361328125" lon="-2.41356323473155498504638671875">
        <ele>8.80000019073486328125</ele>
        <time>2025-08-18T13:20:21.000Z</time>
        <extensions>
          <ns3:TrackPointExtension>
            <ns3:atemp>34.0</ns3:atemp>
            <ns3:hr>102</ns3:hr>
          </ns3:TrackPointExtension>
        </extensions>
      </trkpt>
      <trkpt lat="48.63196304999291896820068359375" lon="-2.4136224947869777679443359375">
        <ele>9</ele>
        <time>2025-08-18T13:20:24.000Z</time>
        <extensions>
          <ns3:TrackPointExtension>
            <ns3:atemp>34.0</ns3:atemp>
            <ns3:hr>102</ns3:hr>
          </ns3:TrackPointExtension>
        </extensions>
      </trkpt>
      <trkpt lat="48.6319743655622005462646484375" lon="-2.41368611343204975128173828125">
        <ele>8.80000019073486328125</ele>
        <time>2025-08-18T13:20:28.000Z</time>
        <extensions>
          <ns3:TrackPointExtension>
            <ns3:atemp>34.0</ns3:atemp>
            <ns3:hr>104</ns3:hr>
          </ns3:TrackPointExtension>
        </extensions>
      </trkpt>
      <trkpt lat="48.63198618404567241668701171875" lon="-2.41372081451117992401123046875">
        <ele>8.80000019073486328125</ele>
        <time>2025-08-18T13:20:30.000Z</time>
        <extensions>
          <ns3:TrackPointExtension>
            <ns3:atemp>34.0</ns3:atemp>
            <ns3:hr>105</ns3:hr>
          </ns3:TrackPointExtension>
        </extensions>
      </trkpt>
      <trkpt lat="48.631989955902099609375" lon="-2.4137921445071697235107421875">
        <ele>8.80000019073486328125</ele>
        <time>2025-08-18T13:20:34.000Z</time>
        <extensions>
          <ns3:TrackPointExtension>
            <ns3:atemp>34.0</ns3:atemp>
            <ns3:hr>108</ns3:hr>
          </ns3:TrackPointExtension>
        </extensions>
      </trkpt>
      <trkpt lat="48.63199733197689056396484375" lon="-2.41380061022937297821044921875">
        <ele>8.6000003814697265625</ele>
        <time>2025-08-18T13:20:35.000Z</time>
        <extensions>
          <ns3:TrackPointExtension>
            <ns3:atemp>34.0</ns3:atemp>
            <ns3:hr>108</ns3:hr>
          </ns3:TrackPointExtension>
        </extensions>
      </trkpt>
      <trkpt lat="48.63200127147138118743896484375" lon="-2.413814105093479156494140625">
        <ele>8.6000003814697265625</ele>
        <time>2025-08-18T13:20:36.000Z</time>
        <extensions>
          <ns3:TrackPointExtension>
            <ns3:atemp>34.0</ns3:atemp>
            <ns3:hr>109</ns3:hr>
          </ns3:TrackPointExtension>
        </extensions>
      </trkpt>
      <trkpt lat="48.63201417960226535797119140625" lon="-2.41393689997494220733642578125">
        <ele>8.6000003814697265625</ele>
        <time>2025-08-18T13:20:43.000Z</time>
        <extensions>
          <ns3:TrackPointExtension>
            <ns3:atemp>34.0</ns3:atemp>
            <ns3:hr>111</ns3:hr>
          </ns3:TrackPointExtension>
        </extensions>
      </trkpt>
      <trkpt lat="48.6320283450186252593994140625" lon="-2.41401560604572296142578125">
        <ele>8.19999980926513671875</ele>
        <time>2025-08-18T13:20:48.000Z</time>
        <extensions>
          <ns3:TrackPointExtension>
            <ns3:atemp>34.0</ns3:atemp>
            <ns3:hr>111</ns3:hr>
          </ns3:TrackPointExtension>
        </extensions>
      </trkpt>
      <trkpt lat="48.6320353858172893524169921875" lon="-2.4140399135649204254150390625">
        <ele>8.19999980926513671875</ele>
        <time>2025-08-18T13:20:50.000Z</time>
        <extensions>
          <ns3:TrackPointExtension>
            <ns3:atemp>34.0</ns3:atemp>
            <ns3:hr>111</ns3:hr>
          </ns3:TrackPointExtension>
        </extensions>
      </trkpt>
      <trkpt lat="48.63203966058790683746337890625" lon="-2.41419724188745021820068359375">
        <ele>8</ele>
        <time>2025-08-18T13:20:59.000Z</time>
        <extensions>
          <ns3:TrackPointExtension>
            <ns3:atemp>34.0</ns3:atemp>
            <ns3:hr>109</ns3:hr>
          </ns3:TrackPointExtension>
        </extensions>
      </trkpt>
      <trkpt lat="48.6319938115775585174560546875" lon="-2.4142497964203357696533203125">
        <ele>8</ele>
        <time>2025-08-18T13:21:04.000Z</time>
        <extensions>
          <ns3:TrackPointExtension>
            <ns3:atemp>34.0</ns3:atemp>
            <ns3:hr>106</ns3:hr>
          </ns3:TrackPointExtension>
        </extensions>
      </trkpt>
      <trkpt lat="48.63197746686637401580810546875" lon="-2.41429296322166919708251953125">
        <ele>8.19999980926513671875</ele>
        <time>2025-08-18T13:21:07.000Z</time>
        <extensions>
          <ns3:TrackPointExtension>
            <ns3:atemp>34.0</ns3:atemp>
            <ns3:hr>104</ns3:hr>
          </ns3:TrackPointExtension>
        </extensions>
      </trkpt>
      <trkpt lat="48.63197796978056430816650390625" lon="-2.414400838315486907958984375">
        <ele>8.19999980926513671875</ele>
        <time>2025-08-18T13:21:13.000Z</time>
        <extensions>
          <ns3:TrackPointExtension>
            <ns3:atemp>34.0</ns3:atemp>
            <ns3:hr>102</ns3:hr>
          </ns3:TrackPointExtension>
        </extensions>
      </trkpt>
      <trkpt lat="48.631995655596256256103515625" lon="-2.4144536443054676055908203125">
        <ele>8.19999980926513671875</ele>
        <time>2025-08-18T13:21:16.000Z</time>
        <extensions>
          <ns3:TrackPointExtension>
            <ns3:atemp>34.0</ns3:atemp>
            <ns3:hr>103</ns3:hr>
          </ns3:TrackPointExtension>
        </extensions>
      </trkpt>
      <trkpt lat="48.63201610743999481201171875" lon="-2.41461818106472492218017578125">
        <ele>8.3999996185302734375</ele>
        <time>2025-08-18T13:21:25.000Z</time>
        <extensions>
          <ns3:TrackPointExtension>
            <ns3:atemp>34.0</ns3:atemp>
            <ns3:hr>103</ns3:hr>
          </ns3:TrackPointExtension>
        </extensions>
      </trkpt>
      <trkpt lat="48.63203429616987705230712890625" lon="-2.4148214422166347503662109375">
        <ele>8</ele>
        <time>2025-08-18T13:21:36.000Z</time>
        <extensions>
          <ns3:TrackPointExtension>
            <ns3:atemp>34.0</ns3:atemp>
            <ns3:hr>103</ns3:hr>
          </ns3:TrackPointExtension>
        </extensions>
      </trkpt>
      <trkpt lat="48.63205969333648681640625" lon="-2.41500265896320343017578125">
        <ele>8.19999980926513671875</ele>
        <time>2025-08-18T13:21:46.000Z</time>
        <extensions>
          <ns3:TrackPointExtension>
            <ns3:atemp>34.0</ns3:atemp>
            <ns3:hr>103</ns3:hr>
          </ns3:TrackPointExtension>
        </extensions>
      </trkpt>
      <trkpt lat="48.6320669017732143402099609375" lon="-2.41512763313949108123779296875">
        <ele>8.80000019073486328125</ele>
        <time>2025-08-18T13:21:53.000Z</time>
        <extensions>
          <ns3:TrackPointExtension>
            <ns3:atemp>34.0</ns3:atemp>
            <ns3:hr>106</ns3:hr>
          </ns3:TrackPointExtension>
        </extensions>
      </trkpt>
      <trkpt lat="48.63206983543932437896728515625" lon="-2.41520441137254238128662109375">
        <ele>8.6000003814697265625</ele>
        <time>2025-08-18T13:21:57.000Z</time>
        <extensions>
          <ns3:TrackPointExtension>
            <ns3:atemp>34.0</ns3:atemp>
            <ns3:hr>106</ns3:hr>
          </ns3:TrackPointExtension>
        </extensions>
      </trkpt>
      <trkpt lat="48.6320917122066020965576171875" lon="-2.4154215864837169647216796875">
        <ele>8.80000019073486328125</ele>
        <time>2025-08-18T13:22:09.000Z</time>
        <extensions>
          <ns3:TrackPointExtension>
            <ns3:atemp>34.0</ns3:atemp>
            <ns3:hr>108</ns3:hr>
          </ns3:TrackPointExtension>
        </extensions>
      </trkpt>
      <trkpt lat="48.63211710937321186065673828125" lon="-2.41556332446634769439697265625">
        <ele>9</ele>
        <time>2025-08-18T13:22:18.000Z</time>
        <extensions>
          <ns3:TrackPointExtension>
            <ns3:atemp>34.0</ns3:atemp>
            <ns3:hr>107</ns3:hr>
          </ns3:TrackPointExtension>
        </extensions>
      </trkpt>
      <trkpt lat="48.6321463622152805328369140625" lon="-2.4157033860683441162109375">
        <ele>8.80000019073486328125</ele>
        <time>2025-08-18T13:22:26.000Z</time>
        <extensions>
          <ns3:TrackPointExtension>
            <ns3:atemp>34.0</ns3:atemp>
            <ns3:hr>108</ns3:hr>
          </ns3:TrackPointExtension>
        </extensions>
      </trkpt>
      <trkpt lat="48.63217963837087154388427734375" lon="-2.4158825911581516265869140625">
        <ele>9.19999980926513671875</ele>
        <time>2025-08-18T13:22:36.000Z</time>
        <extensions>
          <ns3:TrackPointExtension>
            <ns3:atemp>34.0</ns3:atemp>
            <ns3:hr>108</ns3:hr>
          </ns3:TrackPointExtension>
        </extensions>
      </trkpt>
      <trkpt lat="48.63220780156552791595458984375" lon="-2.41603639908134937286376953125">
        <ele>9.19999980926513671875</ele>
        <time>2025-08-18T13:22:45.000Z</time>
        <extensions>
          <ns3:TrackPointExtension>
            <ns3:atemp>34.0</ns3:atemp>
            <ns3:hr>111</ns3:hr>
          </ns3:TrackPointExtension>
        </extensions>
      </trkpt>
      <trkpt lat="48.63222540356218814849853515625" lon="-2.4161286838352680206298828125">
        <ele>9.6000003814697265625</ele>
        <time>2025-08-18T13:22:51.000Z</time>
        <extensions>
          <ns3:TrackPointExtension>
            <ns3:atemp>34.0</ns3:atemp>
            <ns3:hr>112</ns3:hr>
          </ns3:TrackPointExtension>
        </extensions>
      </trkpt>
      <trkpt lat="48.63222791813313961029052734375" lon="-2.41614050231873989105224609375">
        <ele>9.80000019073486328125</ele>
        <time>2025-08-18T13:22:52.000Z</time>
        <extensions>
          <ns3:TrackPointExtension>
            <ns3:atemp>34.0</ns3:atemp>
            <ns3:hr>112</ns3:hr>
          </ns3:TrackPointExtension>
        </extensions>
      </trkpt>
      <trkpt lat="48.63223470747470855712890625" lon="-2.4161915481090545654296875">
        <ele>9.80000019073486328125</ele>
        <time>2025-08-18T13:22:55.000Z</time>
        <extensions>
          <ns3:TrackPointExtension>
            <ns3:atemp>34.0</ns3:atemp>
            <ns3:hr>113</ns3:hr>
          </ns3:TrackPointExtension>
        </extensions>
      </trkpt>
      <trkpt lat="48.63223697058856487274169921875" lon="-2.416238151490688323974609375">
        <ele>10</ele>
        <time>2025-08-18T13:22:58.000Z</time>
        <extensions>
          <ns3:TrackPointExtension>
            <ns3:atemp>34.0</ns3:atemp>
            <ns3:hr>114</ns3:hr>
          </ns3:TrackPointExtension>
        </extensions>
      </trkpt>
      <trkpt lat="48.6322412453591823577880859375" lon="-2.4162547476589679718017578125">
        <ele>10</ele>
        <time>2025-08-18T13:22:59.000Z</time>
        <extensions>
          <ns3:TrackPointExtension>
            <ns3:atemp>34.0</ns3:atemp>
            <ns3:hr>114</ns3:hr>
          </ns3:TrackPointExtension>
        </extensions>
      </trkpt>
      <trkpt lat="48.63224971108138561248779296875" lon="-2.4163325317203998565673828125">
        <ele>10</ele>
        <time>2025-08-18T13:23:04.000Z</time>
        <extensions>
          <ns3:TrackPointExtension>
            <ns3:atemp>34.0</ns3:atemp>
            <ns3:hr>112</ns3:hr>
          </ns3:TrackPointExtension>
        </extensions>
      </trkpt>
      <trkpt lat="48.63225750625133514404296875" lon="-2.41636463440954685211181640625">
        <ele>10.19999980926513671875</ele>
        <time>2025-08-18T13:23:06.000Z</time>
        <extensions>
          <ns3:TrackPointExtension>
            <ns3:atemp>34.0</ns3:atemp>
            <ns3:hr>112</ns3:hr>
          </ns3:TrackPointExtension>
        </extensions>
      </trkpt>
      <trkpt lat="48.6322836577892303466796875" lon="-2.41638022474944591522216796875">
        <ele>10</ele>
        <time>2025-08-18T13:23:09.000Z</time>
        <extensions>
          <ns3:TrackPointExtension>
            <ns3:atemp>34.0</ns3:atemp>
            <ns3:hr>111</ns3:hr>
          </ns3:TrackPointExtension>
        </extensions>
      </trkpt>
      <trkpt lat="48.6323485337197780609130859375" lon="-2.4164632894098758697509765625">
        <ele>10</ele>
        <time>2025-08-18T13:23:17.000Z</time>
        <extensions>
          <ns3:TrackPointExtension>
            <ns3:atemp>34.0</ns3:atemp>
            <ns3:hr>108</ns3:hr>
          </ns3:TrackPointExtension>
        </extensions>
      </trkpt>
      <trkpt lat="48.63234409131109714508056640625" lon="-2.416498325765132904052734375">
        <ele>10</ele>
        <time>2025-08-18T13:23:18.000Z</time>
        <extensions>
          <ns3:TrackPointExtension>
            <ns3:atemp>34.0</ns3:atemp>
            <ns3:hr>108</ns3:hr>
          </ns3:TrackPointExtension>
        </extensions>
      </trkpt>
      <trkpt lat="48.632365129888057708740234375" lon="-2.41661609150469303131103515625">
        <ele>9.19999980926513671875</ele>
        <time>2025-08-18T13:23:24.000Z</time>
        <extensions>
          <ns3:TrackPointExtension>
            <ns3:atemp>34.0</ns3:atemp>
            <ns3:hr>105</ns3:hr>
          </ns3:TrackPointExtension>
        </extensions>
      </trkpt>
      <trkpt lat="48.63238164223730564117431640625" lon="-2.416666634380817413330078125">
        <ele>8.80000019073486328125</ele>
        <time>2025-08-18T13:23:27.000Z</time>
        <extensions>
          <ns3:TrackPointExtension>
            <ns3:atemp>34.0</ns3:atemp>
            <ns3:hr>104</ns3:hr>
          </ns3:TrackPointExtension>
        </extensions>
      </trkpt>
      <trkpt lat="48.63240276463329792022705078125" lon="-2.41672824136912822723388671875">
        <ele>8.3999996185302734375</ele>
        <time>2025-08-18T13:23:31.000Z</time>
        <extensions>
          <ns3:TrackPointExtension>
            <ns3:atemp>34.0</ns3:atemp>
            <ns3:hr>105</ns3:hr>
          </ns3:TrackPointExtension>
        </extensions>
      </trkpt>
      <trkpt lat="48.63243453204631805419921875" lon="-2.416847012937068939208984375">
        <ele>8.19999980926513671875</ele>
        <time>2025-08-18T13:23:38.000Z</time>
        <extensions>
          <ns3:TrackPointExtension>
            <ns3:atemp>34.0</ns3:atemp>
            <ns3:hr>107</ns3:hr>
          </ns3:TrackPointExtension>
        </extensions>
      </trkpt>
      <trkpt lat="48.63246914930641651153564453125" lon="-2.4169853143393993377685546875">
        <ele>8.6000003814697265625</ele>
        <time>2025-08-18T13:23:46.000Z</time>
        <extensions>
          <ns3:TrackPointExtension>
            <ns3:atemp>34.0</ns3:atemp>
            <ns3:hr>105</ns3:hr>
          </ns3:TrackPointExtension>
        </extensions>
      </trkpt>
      <trkpt lat="48.6324779503047466278076171875" lon="-2.41703133098781108856201171875">
        <ele>8.6000003814697265625</ele>
        <time>2025-08-18T13:23:48.000Z</time>
        <extensions>
          <ns3:TrackPointExtension>
            <ns3:atemp>34.0</ns3:atemp>
            <ns3:hr>101</ns3:hr>
          </ns3:TrackPointExtension>
        </extensions>
      </trkpt>
      <trkpt lat="48.632481135427951812744140625" lon="-2.41705262102186679840087890625">
        <ele>8.6000003814697265625</ele>
        <time>2025-08-18T13:23:49.000Z</time>
        <extensions>
          <ns3:TrackPointExtension>
            <ns3:atemp>34.0</ns3:atemp>
            <ns3:hr>105</ns3:hr>
          </ns3:TrackPointExtension>
        </extensions>
      </trkpt>
      <trkpt lat="48.63250619731843471527099609375" lon="-2.41713660769164562225341796875">
        <ele>8.6000003814697265625</ele>
        <time>2025-08-18T13:23:54.000Z</time>
        <extensions>
          <ns3:TrackPointExtension>
            <ns3:atemp>34.0</ns3:atemp>
            <ns3:hr>105</ns3:hr>
          </ns3:TrackPointExtension>
        </extensions>
      </trkpt>
      <trkpt lat="48.63250770606100559234619140625" lon="-2.41716141812503337860107421875">
        <ele>8.6000003814697265625</ele>
        <time>2025-08-18T13:23:55.000Z</time>
        <extensions>
          <ns3:TrackPointExtension>
            <ns3:atemp>34.0</ns3:atemp>
            <ns3:hr>104</ns3:hr>
          </ns3:TrackPointExtension>
        </extensions>
      </trkpt>
      <trkpt lat="48.6325222067534923553466796875" lon="-2.4172052554786205291748046875">
        <ele>8.6000003814697265625</ele>
        <time>2025-08-18T13:23:58.000Z</time>
        <extensions>
          <ns3:TrackPointExtension>
            <ns3:atemp>34.0</ns3:atemp>
            <ns3:hr>103</ns3:hr>
          </ns3:TrackPointExtension>
        </extensions>
      </trkpt>
      <trkpt lat="48.6325315944850444793701171875" lon="-2.4172404594719409942626953125">
        <ele>8.6000003814697265625</ele>
        <time>2025-08-18T13:24:00.000Z</time>
        <extensions>
          <ns3:TrackPointExtension>
            <ns3:atemp>34.0</ns3:atemp>
            <ns3:hr>105</ns3:hr>
          </ns3:TrackPointExtension>
        </extensions>
      </trkpt>
      <trkpt lat="48.6325436644256114959716796875" lon="-2.41729653440415859222412109375">
        <ele>8.3999996185302734375</ele>
        <time>2025-08-18T13:24:03.000Z</time>
        <extensions>
          <ns3:TrackPointExtension>
            <ns3:atemp>34.0</ns3:atemp>
            <ns3:hr>102</ns3:hr>
          </ns3:TrackPointExtension>
        </extensions>
      </trkpt>
      <trkpt lat="48.63254978321492671966552734375" lon="-2.4173088558018207550048828125">
        <ele>8.3999996185302734375</ele>
        <time>2025-08-18T13:24:04.000Z</time>
        <extensions>
          <ns3:TrackPointExtension>
            <ns3:atemp>34.0</ns3:atemp>
            <ns3:hr>102</ns3:hr>
          </ns3:TrackPointExtension>
        </extensions>
      </trkpt>
      <trkpt lat="48.63258029334247112274169921875" lon="-2.4173797667026519775390625">
        <ele>8.3999996185302734375</ele>
        <time>2025-08-18T13:24:08.000Z</time>
        <extensions>
          <ns3:TrackPointExtension>
            <ns3:atemp>34.0</ns3:atemp>
            <ns3:hr>103</ns3:hr>
          </ns3:TrackPointExtension>
        </extensions>
      </trkpt>
      <trkpt lat="48.632594458758831024169921875" lon="-2.417413629591464996337890625">
        <ele>8.3999996185302734375</ele>
        <time>2025-08-18T13:24:10.000Z</time>
        <extensions>
          <ns3:TrackPointExtension>
            <ns3:atemp>34.0</ns3:atemp>
            <ns3:hr>106</ns3:hr>
          </ns3:TrackPointExtension>
        </extensions>
      </trkpt>
      <trkpt lat="48.632601164281368255615234375" lon="-2.4174376018345355987548828125">
        <ele>8.3999996185302734375</ele>
        <time>2025-08-18T13:24:11.000Z</time>
        <extensions>
          <ns3:TrackPointExtension>
            <ns3:atemp>34.0</ns3:atemp>
            <ns3:hr>103</ns3:hr>
          </ns3:TrackPointExtension>
        </extensions>
      </trkpt>
      <trkpt lat="48.63262572325766086578369140625" lon="-2.417504489421844482421875">
        <ele>8.6000003814697265625</ele>
        <time>2025-08-18T13:24:15.000Z</time>
        <extensions>
          <ns3:TrackPointExtension>
            <ns3:atemp>34.0</ns3:atemp>
            <ns3:hr>103</ns3:hr>
          </ns3:TrackPointExtension>
        </extensions>
      </trkpt>
      <trkpt lat="48.63267936743795871734619140625" lon="-2.41762795485556125640869140625">
        <ele>8.6000003814697265625</ele>
        <time>2025-08-18T13:24:23.000Z</time>
        <extensions>
          <ns3:TrackPointExtension>
            <ns3:atemp>33.0</ns3:atemp>
            <ns3:hr>103</ns3:hr>
          </ns3:TrackPointExtension>
        </extensions>
      </trkpt>
      <trkpt lat="48.6326873302459716796875" lon="-2.4176562018692493438720703125">
        <ele>8.6000003814697265625</ele>
        <time>2025-08-18T13:24:25.000Z</time>
        <extensions>
          <ns3:TrackPointExtension>
            <ns3:atemp>33.0</ns3:atemp>
            <ns3:hr>102</ns3:hr>
          </ns3:TrackPointExtension>
        </extensions>
      </trkpt>
      <trkpt lat="48.63270132802426815032958984375" lon="-2.4176974408328533172607421875">
        <ele>8.6000003814697265625</ele>
        <time>2025-08-18T13:24:31.000Z</time>
        <extensions>
          <ns3:TrackPointExtension>
            <ns3:atemp>33.0</ns3:atemp>
            <ns3:hr>102</ns3:hr>
          </ns3:TrackPointExtension>
        </extensions>
      </trkpt>
      <trkpt lat="48.63271088339388370513916015625" lon="-2.41771839559078216552734375">
        <ele>8.6000003814697265625</ele>
        <time>2025-08-18T13:24:36.000Z</time>
        <extensions>
          <ns3:TrackPointExtension>
            <ns3:atemp>33.0</ns3:atemp>
            <ns3:hr>105</ns3:hr>
          </ns3:TrackPointExtension>
        </extensions>
      </trkpt>
      <trkpt lat="48.63271482288837432861328125" lon="-2.4177494086325168609619140625">
        <ele>8.6000003814697265625</ele>
        <time>2025-08-18T13:24:38.000Z</time>
        <extensions>
          <ns3:TrackPointExtension>
            <ns3:atemp>33.0</ns3:atemp>
            <ns3:hr>106</ns3:hr>
          </ns3:TrackPointExtension>
        </extensions>
      </trkpt>
      <trkpt lat="48.6327451653778553009033203125" lon="-2.41786415688693523406982421875">
        <ele>8.80000019073486328125</ele>
        <time>2025-08-18T13:24:46.000Z</time>
        <extensions>
          <ns3:TrackPointExtension>
            <ns3:atemp>33.0</ns3:atemp>
            <ns3:hr>108</ns3:hr>
          </ns3:TrackPointExtension>
        </extensions>
      </trkpt>
      <trkpt lat="48.63279302604496479034423828125" lon="-2.41803682409226894378662109375">
        <ele>8.3999996185302734375</ele>
        <time>2025-08-18T13:24:57.000Z</time>
        <extensions>
          <ns3:TrackPointExtension>
            <ns3:atemp>33.0</ns3:atemp>
            <ns3:hr>108</ns3:hr>
          </ns3:TrackPointExtension>
        </extensions>
      </trkpt>
      <trkpt lat="48.63282806240022182464599609375" lon="-2.41815433837473392486572265625">
        <ele>8.3999996185302734375</ele>
        <time>2025-08-18T13:25:05.000Z</time>
        <extensions>
          <ns3:TrackPointExtension>
            <ns3:atemp>33.0</ns3:atemp>
            <ns3:hr>108</ns3:hr>
          </ns3:TrackPointExtension>
        </extensions>
      </trkpt>
      <trkpt lat="48.632872067391872406005859375" lon="-2.41826967336237430572509765625">
        <ele>8.6000003814697265625</ele>
        <time>2025-08-18T13:25:13.000Z</time>
        <extensions>
          <ns3:TrackPointExtension>
            <ns3:atemp>33.0</ns3:atemp>
            <ns3:hr>108</ns3:hr>
          </ns3:TrackPointExtension>
        </extensions>
      </trkpt>
      <trkpt lat="48.63292143680155277252197265625" lon="-2.41844183765351772308349609375">
        <ele>9</ele>
        <time>2025-08-18T13:25:24.000Z</time>
        <extensions>
          <ns3:TrackPointExtension>
            <ns3:atemp>33.0</ns3:atemp>
            <ns3:hr>106</ns3:hr>
          </ns3:TrackPointExtension>
        </extensions>
      </trkpt>
      <trkpt lat="48.6329527013003826141357421875" lon="-2.41856102831661701202392578125">
        <ele>9.6000003814697265625</ele>
        <time>2025-08-18T13:25:31.000Z</time>
        <extensions>
          <ns3:TrackPointExtension>
            <ns3:atemp>34.0</ns3:atemp>
            <ns3:hr>108</ns3:hr>
          </ns3:TrackPointExtension>
        </extensions>
      </trkpt>
      <trkpt lat="48.6329822055995464324951171875" lon="-2.4186643771827220916748046875">
        <ele>9.80000019073486328125</ele>
        <time>2025-08-18T13:25:37.000Z</time>
        <extensions>
          <ns3:TrackPointExtension>
            <ns3:atemp>34.0</ns3:atemp>
            <ns3:hr>111</ns3:hr>
          </ns3:TrackPointExtension>
        </extensions>
      </trkpt>
      <trkpt lat="48.6329902522265911102294921875" lon="-2.41870000027120113372802734375">
        <ele>9.80000019073486328125</ele>
        <time>2025-08-18T13:25:39.000Z</time>
        <extensions>
          <ns3:TrackPointExtension>
            <ns3:atemp>34.0</ns3:atemp>
            <ns3:hr>112</ns3:hr>
          </ns3:TrackPointExtension>
        </extensions>
      </trkpt>
      <trkpt lat="48.63300357945263385772705078125" lon="-2.41875029169023036956787109375">
        <ele>10</ele>
        <time>2025-08-18T13:25:42.000Z</time>
        <extensions>
          <ns3:TrackPointExtension>
            <ns3:atemp>34.0</ns3:atemp>
            <ns3:hr>113</ns3:hr>
          </ns3:TrackPointExtension>
        </extensions>
      </trkpt>
      <trkpt lat="48.6330720596015453338623046875" lon="-2.4189775250852108001708984375">
        <ele>10.6000003814697265625</ele>
        <time>2025-08-18T13:25:56.000Z</time>
        <extensions>
          <ns3:TrackPointExtension>
            <ns3:atemp>34.0</ns3:atemp>
            <ns3:hr>114</ns3:hr>
          </ns3:TrackPointExtension>
        </extensions>
      </trkpt>
      <trkpt lat="48.63310332410037517547607421875" lon="-2.41907534189522266387939453125">
        <ele>10.80000019073486328125</ele>
        <time>2025-08-18T13:26:02.000Z</time>
        <extensions>
          <ns3:TrackPointExtension>
            <ns3:atemp>34.0</ns3:atemp>
            <ns3:hr>113</ns3:hr>
          </ns3:TrackPointExtension>
        </extensions>
      </trkpt>
      <trkpt lat="48.63313299603760242462158203125" lon="-2.41917475126683712005615234375">
        <ele>11.19999980926513671875</ele>
        <time>2025-08-18T13:26:08.000Z</time>
        <extensions>
          <ns3:TrackPointExtension>
            <ns3:atemp>34.0</ns3:atemp>
            <ns3:hr>112</ns3:hr>
          </ns3:TrackPointExtension>
        </extensions>
      </trkpt>
      <trkpt lat="48.6331820301711559295654296875" lon="-2.419364266097545623779296875">
        <ele>11.6000003814697265625</ele>
        <time>2025-08-18T13:26:19.000Z</time>
        <extensions>
          <ns3:TrackPointExtension>
            <ns3:atemp>34.0</ns3:atemp>
            <ns3:hr>111</ns3:hr>
          </ns3:TrackPointExtension>
        </extensions>
      </trkpt>
      <trkpt lat="48.63320994190871715545654296875" lon="-2.4194375239312648773193359375">
        <ele>11.80000019073486328125</ele>
        <time>2025-08-18T13:26:24.000Z</time>
        <extensions>
          <ns3:TrackPointExtension>
            <ns3:atemp>34.0</ns3:atemp>
            <ns3:hr>113</ns3:hr>
          </ns3:TrackPointExtension>
        </extensions>
      </trkpt>
      <trkpt lat="48.633227460086345672607421875" lon="-2.41947767324745655059814453125">
        <ele>12</ele>
        <time>2025-08-18T13:26:27.000Z</time>
        <extensions>
          <ns3:TrackPointExtension>
            <ns3:atemp>34.0</ns3:atemp>
            <ns3:hr>115</ns3:hr>
          </ns3:TrackPointExtension>
        </extensions>
      </trkpt>
      <trkpt lat="48.63327297382056713104248046875" lon="-2.419623769819736480712890625">
        <ele>12.19999980926513671875</ele>
        <time>2025-08-18T13:26:36.000Z</time>
        <extensions>
          <ns3:TrackPointExtension>
            <ns3:atemp>34.0</ns3:atemp>
            <ns3:hr>113</ns3:hr>
          </ns3:TrackPointExtension>
        </extensions>
      </trkpt>
      <trkpt lat="48.6332909949123859405517578125" lon="-2.419667355716228485107421875">
        <ele>12.19999980926513671875</ele>
        <time>2025-08-18T13:26:39.000Z</time>
        <extensions>
          <ns3:TrackPointExtension>
            <ns3:atemp>34.0</ns3:atemp>
            <ns3:hr>116</ns3:hr>
          </ns3:TrackPointExtension>
        </extensions>
      </trkpt>
      <trkpt lat="48.633332066237926483154296875" lon="-2.4198002927005290985107421875">
        <ele>12.3999996185302734375</ele>
        <time>2025-08-18T13:26:47.000Z</time>
        <extensions>
          <ns3:TrackPointExtension>
            <ns3:atemp>34.0</ns3:atemp>
            <ns3:hr>113</ns3:hr>
          </ns3:TrackPointExtension>
        </extensions>
      </trkpt>
      <trkpt lat="48.63334924913942813873291015625" lon="-2.4198512546718120574951171875">
        <ele>12.6000003814697265625</ele>
        <time>2025-08-18T13:26:50.000Z</time>
        <extensions>
          <ns3:TrackPointExtension>
            <ns3:atemp>34.0</ns3:atemp>
            <ns3:hr>110</ns3:hr>
          </ns3:TrackPointExtension>
        </extensions>
      </trkpt>
      <trkpt lat="48.63335863687098026275634765625" lon="-2.41988025605678558349609375">
        <ele>12.6000003814697265625</ele>
        <time>2025-08-18T13:26:52.000Z</time>
        <extensions>
          <ns3:TrackPointExtension>
            <ns3:atemp>34.0</ns3:atemp>
            <ns3:hr>107</ns3:hr>
          </ns3:TrackPointExtension>
        </extensions>
      </trkpt>
      <trkpt lat="48.63340004347264766693115234375" lon="-2.4200225807726383209228515625">
        <ele>12.80000019073486328125</ele>
        <time>2025-08-18T13:27:01.000Z</time>
        <extensions>
          <ns3:TrackPointExtension>
            <ns3:atemp>34.0</ns3:atemp>
            <ns3:hr>106</ns3:hr>
          </ns3:TrackPointExtension>
        </extensions>
      </trkpt>
      <trkpt lat="48.633407838642597198486328125" lon="-2.42004060186445713043212890625">
        <ele>13</ele>
        <time>2025-08-18T13:27:02.000Z</time>
        <extensions>
          <ns3:TrackPointExtension>
            <ns3:atemp>34.0</ns3:atemp>
            <ns3:hr>107</ns3:hr>
          </ns3:TrackPointExtension>
        </extensions>
      </trkpt>
      <trkpt lat="48.63342787139117717742919921875" lon="-2.42009818553924560546875">
        <ele>13.19999980926513671875</ele>
        <time>2025-08-18T13:27:06.000Z</time>
        <extensions>
          <ns3:TrackPointExtension>
            <ns3:atemp>34.0</ns3:atemp>
            <ns3:hr>110</ns3:hr>
          </ns3:TrackPointExtension>
        </extensions>
      </trkpt>
      <trkpt lat="48.633442707359790802001953125" lon="-2.42013867013156414031982421875">
        <ele>13.19999980926513671875</ele>
        <time>2025-08-18T13:27:09.000Z</time>
        <extensions>
          <ns3:TrackPointExtension>
            <ns3:atemp>34.0</ns3:atemp>
            <ns3:hr>112</ns3:hr>
          </ns3:TrackPointExtension>
        </extensions>
      </trkpt>
      <trkpt lat="48.63344564102590084075927734375" lon="-2.42015526629984378814697265625">
        <ele>13.19999980926513671875</ele>
        <time>2025-08-18T13:27:10.000Z</time>
        <extensions>
          <ns3:TrackPointExtension>
            <ns3:atemp>34.0</ns3:atemp>
            <ns3:hr>112</ns3:hr>
          </ns3:TrackPointExtension>
        </extensions>
      </trkpt>
      <trkpt lat="48.63348671235144138336181640625" lon="-2.420283257961273193359375">
        <ele>13.6000003814697265625</ele>
        <time>2025-08-18T13:27:19.000Z</time>
        <extensions>
          <ns3:TrackPointExtension>
            <ns3:atemp>34.0</ns3:atemp>
            <ns3:hr>111</ns3:hr>
          </ns3:TrackPointExtension>
        </extensions>
      </trkpt>
      <trkpt lat="48.6335179768502712249755859375" lon="-2.4203980900347232818603515625">
        <ele>13.80000019073486328125</ele>
        <time>2025-08-18T13:27:27.000Z</time>
        <extensions>
          <ns3:TrackPointExtension>
            <ns3:atemp>34.0</ns3:atemp>
            <ns3:hr>113</ns3:hr>
          </ns3:TrackPointExtension>
        </extensions>
      </trkpt>
      <trkpt lat="48.63353415392339229583740234375" lon="-2.4204882793128490447998046875">
        <ele>13.80000019073486328125</ele>
        <time>2025-08-18T13:27:32.000Z</time>
        <extensions>
          <ns3:TrackPointExtension>
            <ns3:atemp>34.0</ns3:atemp>
            <ns3:hr>113</ns3:hr>
          </ns3:TrackPointExtension>
        </extensions>
      </trkpt>
      <trkpt lat="48.63354454748332500457763671875" lon="-2.42052390240132808685302734375">
        <ele>14</ele>
        <time>2025-08-18T13:27:34.000Z</time>
        <extensions>
          <ns3:TrackPointExtension>
            <ns3:atemp>34.0</ns3:atemp>
            <ns3:hr>113</ns3:hr>
          </ns3:TrackPointExtension>
        </extensions>
      </trkpt>
      <trkpt lat="48.63354572094976902008056640625" lon="-2.42053748108446598052978515625">
        <ele>14</ele>
        <time>2025-08-18T13:27:35.000Z</time>
        <extensions>
          <ns3:TrackPointExtension>
            <ns3:atemp>34.0</ns3:atemp>
            <ns3:hr>113</ns3:hr>
          </ns3:TrackPointExtension>
        </extensions>
      </trkpt>
      <trkpt lat="48.633563406765460968017578125" lon="-2.42059833370149135589599609375">
        <ele>14.19999980926513671875</ele>
        <time>2025-08-18T13:27:39.000Z</time>
        <extensions>
          <ns3:TrackPointExtension>
            <ns3:atemp>34.0</ns3:atemp>
            <ns3:hr>110</ns3:hr>
          </ns3:TrackPointExtension>
        </extensions>
      </trkpt>
      <trkpt lat="48.6335759796202182769775390625" lon="-2.42062062956392765045166015625">
        <ele>14.19999980926513671875</ele>
        <time>2025-08-18T13:27:41.000Z</time>
        <extensions>
          <ns3:TrackPointExtension>
            <ns3:atemp>34.0</ns3:atemp>
            <ns3:hr>110</ns3:hr>
          </ns3:TrackPointExtension>
        </extensions>
      </trkpt>
      <trkpt lat="48.63358126021921634674072265625" lon="-2.42063353769481182098388671875">
        <ele>14.3999996185302734375</ele>
        <time>2025-08-18T13:27:42.000Z</time>
        <extensions>
          <ns3:TrackPointExtension>
            <ns3:atemp>34.0</ns3:atemp>
            <ns3:hr>111</ns3:hr>
          </ns3:TrackPointExtension>
        </extensions>
      </trkpt>
      <trkpt lat="48.63361294381320476531982421875" lon="-2.4206735193729400634765625">
        <ele>14.6000003814697265625</ele>
        <time>2025-08-18T13:27:47.000Z</time>
        <extensions>
          <ns3:TrackPointExtension>
            <ns3:atemp>34.0</ns3:atemp>
            <ns3:hr>111</ns3:hr>
          </ns3:TrackPointExtension>
        </extensions>
      </trkpt>
      <trkpt lat="48.6336195655167102813720703125" lon="-2.42068014107644557952880859375">
        <ele>14.3999996185302734375</ele>
        <time>2025-08-18T13:27:52.000Z</time>
        <extensions>
          <ns3:TrackPointExtension>
            <ns3:atemp>34.0</ns3:atemp>
            <ns3:hr>113</ns3:hr>
          </ns3:TrackPointExtension>
        </extensions>
      </trkpt>
      <trkpt lat="48.6336229182779788970947265625" lon="-2.42069740779697895050048828125">
        <ele>14.19999980926513671875</ele>
        <time>2025-08-18T13:27:57.000Z</time>
        <extensions>
          <ns3:TrackPointExtension>
            <ns3:atemp>34.0</ns3:atemp>
            <ns3:hr>112</ns3:hr>
          </ns3:TrackPointExtension>
        </extensions>
      </trkpt>
      <trkpt lat="48.6336462199687957763671875" lon="-2.42070629261434078216552734375">
        <ele>13</ele>
        <time>2025-08-18T13:28:04.000Z</time>
        <extensions>
          <ns3:TrackPointExtension>
            <ns3:atemp>34.0</ns3:atemp>
            <ns3:hr>112</ns3:hr>
          </ns3:TrackPointExtension>
        </extensions>
      </trkpt>
      <trkpt lat="48.63364848308265209197998046875" lon="-2.42070981301367282867431640625">
        <ele>12.6000003814697265625</ele>
        <time>2025-08-18T13:28:05.000Z</time>
        <extensions>
          <ns3:TrackPointExtension>
            <ns3:atemp>34.0</ns3:atemp>
            <ns3:hr>111</ns3:hr>
          </ns3:TrackPointExtension>
        </extensions>
      </trkpt>
      <trkpt lat="48.6336743831634521484375" lon="-2.42071174085140228271484375">
        <ele>11.80000019073486328125</ele>
        <time>2025-08-18T13:28:09.000Z</time>
        <extensions>
          <ns3:TrackPointExtension>
            <ns3:atemp>34.0</ns3:atemp>
            <ns3:hr>109</ns3:hr>
          </ns3:TrackPointExtension>
        </extensions>
      </trkpt>
      <trkpt lat="48.6337174661457538604736328125" lon="-2.4206777103245258331298828125">
        <ele>11.19999980926513671875</ele>
        <time>2025-08-18T13:28:15.000Z</time>
        <extensions>
          <ns3:TrackPointExtension>
            <ns3:atemp>34.0</ns3:atemp>
            <ns3:hr>110</ns3:hr>
          </ns3:TrackPointExtension>
        </extensions>
      </trkpt>
      <trkpt lat="48.63375090993940830230712890625" lon="-2.420664131641387939453125">
        <ele>10.80000019073486328125</ele>
        <time>2025-08-18T13:28:19.000Z</time>
        <extensions>
          <ns3:TrackPointExtension>
            <ns3:atemp>34.0</ns3:atemp>
            <ns3:hr>110</ns3:hr>
          </ns3:TrackPointExtension>
        </extensions>
      </trkpt>
      <trkpt lat="48.63375417888164520263671875" lon="-2.4206646345555782318115234375">
        <ele>10.6000003814697265625</ele>
        <time>2025-08-18T13:28:21.000Z</time>
        <extensions>
          <ns3:TrackPointExtension>
            <ns3:atemp>34.0</ns3:atemp>
            <ns3:hr>109</ns3:hr>
          </ns3:TrackPointExtension>
        </extensions>
      </trkpt>
      <trkpt lat="48.63382131792604923248291015625" lon="-2.42060638032853603363037109375">
        <ele>10.6000003814697265625</ele>
        <time>2025-08-18T13:28:27.000Z</time>
        <extensions>
          <ns3:TrackPointExtension>
            <ns3:atemp>34.0</ns3:atemp>
            <ns3:hr>108</ns3:hr>
          </ns3:TrackPointExtension>
        </extensions>
      </trkpt>
      <trkpt lat="48.63384445197880268096923828125" lon="-2.420575954020023345947265625">
        <ele>10.19999980926513671875</ele>
        <time>2025-08-18T13:28:32.000Z</time>
        <extensions>
          <ns3:TrackPointExtension>
            <ns3:atemp>34.0</ns3:atemp>
            <ns3:hr>110</ns3:hr>
          </ns3:TrackPointExtension>
        </extensions>
      </trkpt>
      <trkpt lat="48.63387596793472766876220703125" lon="-2.4205435998737812042236328125">
        <ele>10.19999980926513671875</ele>
        <time>2025-08-18T13:28:36.000Z</time>
        <extensions>
          <ns3:TrackPointExtension>
            <ns3:atemp>34.0</ns3:atemp>
            <ns3:hr>113</ns3:hr>
          </ns3:TrackPointExtension>
        </extensions>
      </trkpt>
      <trkpt lat="48.633896000683307647705078125" lon="-2.42052574642002582550048828125">
        <ele>10.19999980926513671875</ele>
        <time>2025-08-18T13:28:38.000Z</time>
        <extensions>
          <ns3:TrackPointExtension>
            <ns3:atemp>34.0</ns3:atemp>
            <ns3:hr>113</ns3:hr>
          </ns3:TrackPointExtension>
        </extensions>
      </trkpt>
      <trkpt lat="48.633929528295993804931640625" lon="-2.4205043725669384002685546875">
        <ele>9.80000019073486328125</ele>
        <time>2025-08-18T13:28:41.000Z</time>
        <extensions>
          <ns3:TrackPointExtension>
            <ns3:atemp>34.0</ns3:atemp>
            <ns3:hr>113</ns3:hr>
          </ns3:TrackPointExtension>
        </extensions>
      </trkpt>
      <trkpt lat="48.6339394189417362213134765625" lon="-2.42049138061702251434326171875">
        <ele>9.80000019073486328125</ele>
        <time>2025-08-18T13:28:42.000Z</time>
        <extensions>
          <ns3:TrackPointExtension>
            <ns3:atemp>34.0</ns3:atemp>
            <ns3:hr>113</ns3:hr>
          </ns3:TrackPointExtension>
        </extensions>
      </trkpt>
      <trkpt lat="48.6339508183300495147705078125" lon="-2.42047981359064579010009765625">
        <ele>9.80000019073486328125</ele>
        <time>2025-08-18T13:28:43.000Z</time>
        <extensions>
          <ns3:TrackPointExtension>
            <ns3:atemp>34.0</ns3:atemp>
            <ns3:hr>113</ns3:hr>
          </ns3:TrackPointExtension>
        </extensions>
      </trkpt>
      <trkpt lat="48.63397588022053241729736328125" lon="-2.4204192124307155609130859375">
        <ele>9.6000003814697265625</ele>
        <time>2025-08-18T13:28:49.000Z</time>
        <extensions>
          <ns3:TrackPointExtension>
            <ns3:atemp>34.0</ns3:atemp>
            <ns3:hr>114</ns3:hr>
          </ns3:TrackPointExtension>
        </extensions>
      </trkpt>
      <trkpt lat="48.63399113528430461883544921875" lon="-2.42040202952921390533447265625">
        <ele>9.6000003814697265625</ele>
        <time>2025-08-18T13:28:51.000Z</time>
        <extensions>
          <ns3:TrackPointExtension>
            <ns3:atemp>34.0</ns3:atemp>
            <ns3:hr>111</ns3:hr>
          </ns3:TrackPointExtension>
        </extensions>
      </trkpt>
      <trkpt lat="48.63401980139315128326416015625" lon="-2.4203632213175296783447265625">
        <ele>9.6000003814697265625</ele>
        <time>2025-08-18T13:28:54.000Z</time>
        <extensions>
          <ns3:TrackPointExtension>
            <ns3:atemp>34.0</ns3:atemp>
            <ns3:hr>111</ns3:hr>
          </ns3:TrackPointExtension>
        </extensions>
      </trkpt>
      <trkpt lat="48.6340819112956523895263671875" lon="-2.42025216110050678253173828125">
        <ele>9.3999996185302734375</ele>
        <time>2025-08-18T13:29:01.000Z</time>
        <extensions>
          <ns3:TrackPointExtension>
            <ns3:atemp>34.0</ns3:atemp>
            <ns3:hr>109</ns3:hr>
          </ns3:TrackPointExtension>
        </extensions>
      </trkpt>
      <trkpt lat="48.63409725017845630645751953125" lon="-2.42022014223039150238037109375">
        <ele>9.3999996185302734375</ele>
        <time>2025-08-18T13:29:03.000Z</time>
        <extensions>
          <ns3:TrackPointExtension>
            <ns3:atemp>34.0</ns3:atemp>
            <ns3:hr>108</ns3:hr>
          </ns3:TrackPointExtension>
        </extensions>
      </trkpt>
      <trkpt lat="48.6341633833944797515869140625" lon="-2.42017102427780628204345703125">
        <ele>9</ele>
        <time>2025-08-18T13:29:07.000Z</time>
        <extensions>
          <ns3:TrackPointExtension>
            <ns3:atemp>34.0</ns3:atemp>
            <ns3:hr>111</ns3:hr>
          </ns3:TrackPointExtension>
        </extensions>
      </trkpt>
      <trkpt lat="48.63417939282953739166259765625" lon="-2.42015518248081207275390625">
        <ele>9</ele>
        <time>2025-08-18T13:29:08.000Z</time>
        <extensions>
          <ns3:TrackPointExtension>
            <ns3:atemp>34.0</ns3:atemp>
            <ns3:hr>108</ns3:hr>
          </ns3:TrackPointExtension>
        </extensions>
      </trkpt>
      <trkpt lat="48.63420001231133937835693359375" lon="-2.4201198108494281768798828125">
        <ele>8.80000019073486328125</ele>
        <time>2025-08-18T13:29:10.000Z</time>
        <extensions>
          <ns3:TrackPointExtension>
            <ns3:atemp>34.0</ns3:atemp>
            <ns3:hr>107</ns3:hr>
          </ns3:TrackPointExtension>
        </extensions>
      </trkpt>
      <trkpt lat="48.63420705311000347137451171875" lon="-2.42010413669049739837646484375">
        <ele>8.80000019073486328125</ele>
        <time>2025-08-18T13:29:11.000Z</time>
        <extensions>
          <ns3:TrackPointExtension>
            <ns3:atemp>34.0</ns3:atemp>
            <ns3:hr>107</ns3:hr>
          </ns3:TrackPointExtension>
        </extensions>
      </trkpt>
      <trkpt lat="48.63421711139380931854248046875" lon="-2.42006960324943065643310546875">
        <ele>8.6000003814697265625</ele>
        <time>2025-08-18T13:29:13.000Z</time>
        <extensions>
          <ns3:TrackPointExtension>
            <ns3:atemp>33.0</ns3:atemp>
            <ns3:hr>107</ns3:hr>
          </ns3:TrackPointExtension>
        </extensions>
      </trkpt>
      <trkpt lat="48.6342321150004863739013671875" lon="-2.42002920247614383697509765625">
        <ele>8.3999996185302734375</ele>
        <time>2025-08-18T13:29:15.000Z</time>
        <extensions>
          <ns3:TrackPointExtension>
            <ns3:atemp>33.0</ns3:atemp>
            <ns3:hr>107</ns3:hr>
          </ns3:TrackPointExtension>
        </extensions>
      </trkpt>
      <trkpt lat="48.6342941410839557647705078125" lon="-2.41991118527948856353759765625">
        <ele>8.6000003814697265625</ele>
        <time>2025-08-18T13:29:23.000Z</time>
        <extensions>
          <ns3:TrackPointExtension>
            <ns3:atemp>33.0</ns3:atemp>
            <ns3:hr>105</ns3:hr>
          </ns3:TrackPointExtension>
        </extensions>
      </trkpt>
      <trkpt lat="48.6343045346438884735107421875" lon="-2.41988017223775386810302734375">
        <ele>7.80000019073486328125</ele>
        <time>2025-08-18T13:29:25.000Z</time>
        <extensions>
          <ns3:TrackPointExtension>
            <ns3:atemp>33.0</ns3:atemp>
            <ns3:hr>105</ns3:hr>
          </ns3:TrackPointExtension>
        </extensions>
      </trkpt>
      <trkpt lat="48.63430461846292018890380859375" lon="-2.41986273787915706634521484375">
        <ele>7.80000019073486328125</ele>
        <time>2025-08-18T13:29:26.000Z</time>
        <extensions>
          <ns3:TrackPointExtension>
            <ns3:atemp>33.0</ns3:atemp>
            <ns3:hr>105</ns3:hr>
          </ns3:TrackPointExtension>
        </extensions>
      </trkpt>
      <trkpt lat="48.634307049214839935302734375" lon="-2.4198023043572902679443359375">
        <ele>8</ele>
        <time>2025-08-18T13:29:30.000Z</time>
        <extensions>
          <ns3:TrackPointExtension>
            <ns3:atemp>33.0</ns3:atemp>
            <ns3:hr>107</ns3:hr>
          </ns3:TrackPointExtension>
        </extensions>
      </trkpt>
      <trkpt lat="48.6343102343380451202392578125" lon="-2.41972208954393863677978515625">
        <ele>7.80000019073486328125</ele>
        <time>2025-08-18T13:29:35.000Z</time>
        <extensions>
          <ns3:TrackPointExtension>
            <ns3:atemp>33.0</ns3:atemp>
            <ns3:hr>108</ns3:hr>
          </ns3:TrackPointExtension>
        </extensions>
      </trkpt>
      <trkpt lat="48.63431744277477264404296875" lon="-2.41970683448016643524169921875">
        <ele>7.599999904632568359375</ele>
        <time>2025-08-18T13:29:36.000Z</time>
        <extensions>
          <ns3:TrackPointExtension>
            <ns3:atemp>33.0</ns3:atemp>
            <ns3:hr>108</ns3:hr>
          </ns3:TrackPointExtension>
        </extensions>
      </trkpt>
      <trkpt lat="48.6343477852642536163330078125" lon="-2.41960256360471248626708984375">
        <ele>7.400000095367431640625</ele>
        <time>2025-08-18T13:29:43.000Z</time>
        <extensions>
          <ns3:TrackPointExtension>
            <ns3:atemp>33.0</ns3:atemp>
            <ns3:hr>107</ns3:hr>
          </ns3:TrackPointExtension>
        </extensions>
      </trkpt>
      <trkpt lat="48.6343554966151714324951171875" lon="-2.41958864964544773101806640625">
        <ele>7.599999904632568359375</ele>
        <time>2025-08-18T13:29:44.000Z</time>
        <extensions>
          <ns3:TrackPointExtension>
            <ns3:atemp>33.0</ns3:atemp>
            <ns3:hr>107</ns3:hr>
          </ns3:TrackPointExtension>
        </extensions>
      </trkpt>
      <trkpt lat="48.63440503366291522979736328125" lon="-2.4195126257836818695068359375">
        <ele>7.400000095367431640625</ele>
        <time>2025-08-18T13:29:50.000Z</time>
        <extensions>
          <ns3:TrackPointExtension>
            <ns3:atemp>33.0</ns3:atemp>
            <ns3:hr>104</ns3:hr>
          </ns3:TrackPointExtension>
        </extensions>
      </trkpt>
      <trkpt lat="48.6344352923333644866943359375" lon="-2.41942050866782665252685546875">
        <ele>7.19999980926513671875</ele>
        <time>2025-08-18T13:29:57.000Z</time>
        <extensions>
          <ns3:TrackPointExtension>
            <ns3:atemp>33.0</ns3:atemp>
            <ns3:hr>102</ns3:hr>
          </ns3:TrackPointExtension>
        </extensions>
      </trkpt>
      <trkpt lat="48.6344587616622447967529296875" lon="-2.41938807070255279541015625">
        <ele>7.400000095367431640625</ele>
        <time>2025-08-18T13:30:00.000Z</time>
        <extensions>
          <ns3:TrackPointExtension>
            <ns3:atemp>33.0</ns3:atemp>
            <ns3:hr>102</ns3:hr>
          </ns3:TrackPointExtension>
        </extensions>
      </trkpt>
      <trkpt lat="48.63450461067259311676025390625" lon="-2.41934113204479217529296875">
        <ele>7.80000019073486328125</ele>
        <time>2025-08-18T13:30:04.000Z</time>
        <extensions>
          <ns3:TrackPointExtension>
            <ns3:atemp>33.0</ns3:atemp>
            <ns3:hr>102</ns3:hr>
          </ns3:TrackPointExtension>
        </extensions>
      </trkpt>
      <trkpt lat="48.63453730009496212005615234375" lon="-2.4192789383232593536376953125">
        <ele>7.400000095367431640625</ele>
        <time>2025-08-18T13:30:09.000Z</time>
        <extensions>
          <ns3:TrackPointExtension>
            <ns3:atemp>33.0</ns3:atemp>
            <ns3:hr>103</ns3:hr>
          </ns3:TrackPointExtension>
        </extensions>
      </trkpt>
      <trkpt lat="48.63456160761415958404541015625" lon="-2.41924163885414600372314453125">
        <ele>7.400000095367431640625</ele>
        <time>2025-08-18T13:30:12.000Z</time>
        <extensions>
          <ns3:TrackPointExtension>
            <ns3:atemp>33.0</ns3:atemp>
            <ns3:hr>103</ns3:hr>
          </ns3:TrackPointExtension>
        </extensions>
      </trkpt>
      <trkpt lat="48.63459714688360691070556640625" lon="-2.41920123808085918426513671875">
        <ele>7.599999904632568359375</ele>
        <time>2025-08-18T13:30:16.000Z</time>
        <extensions>
          <ns3:TrackPointExtension>
            <ns3:atemp>32.0</ns3:atemp>
            <ns3:hr>103</ns3:hr>
          </ns3:TrackPointExtension>
        </extensions>
      </trkpt>
      <trkpt lat="48.6346230469644069671630859375" lon="-2.419166453182697296142578125">
        <ele>7.599999904632568359375</ele>
        <time>2025-08-18T13:30:19.000Z</time>
        <extensions>
          <ns3:TrackPointExtension>
            <ns3:atemp>32.0</ns3:atemp>
            <ns3:hr>103</ns3:hr>
          </ns3:TrackPointExtension>
        </extensions>
      </trkpt>
      <trkpt lat="48.63471315242350101470947265625" lon="-2.41907601244747638702392578125">
        <ele>7.599999904632568359375</ele>
        <time>2025-08-18T13:30:28.000Z</time>
        <extensions>
          <ns3:TrackPointExtension>
            <ns3:atemp>32.0</ns3:atemp>
            <ns3:hr>104</ns3:hr>
          </ns3:TrackPointExtension>
        </extensions>
      </trkpt>
      <trkpt lat="48.63476411439478397369384765625" lon="-2.4190278165042400360107421875">
        <ele>7.599999904632568359375</ele>
        <time>2025-08-18T13:30:33.000Z</time>
        <extensions>
          <ns3:TrackPointExtension>
            <ns3:atemp>32.0</ns3:atemp>
            <ns3:hr>107</ns3:hr>
          </ns3:TrackPointExtension>
        </extensions>
      </trkpt>
      <trkpt lat="48.6347859911620616912841796875" lon="-2.41899588145315647125244140625">
        <ele>7.80000019073486328125</ele>
        <time>2025-08-18T13:30:36.000Z</time>
        <extensions>
          <ns3:TrackPointExtension>
            <ns3:atemp>32.0</ns3:atemp>
            <ns3:hr>109</ns3:hr>
          </ns3:TrackPointExtension>
        </extensions>
      </trkpt>
      <trkpt lat="48.63487022928893566131591796875" lon="-2.41889697499573230743408203125">
        <ele>7.80000019073486328125</ele>
        <time>2025-08-18T13:30:45.000Z</time>
        <extensions>
          <ns3:TrackPointExtension>
            <ns3:atemp>32.0</ns3:atemp>
            <ns3:hr>107</ns3:hr>
          </ns3:TrackPointExtension>
        </extensions>
      </trkpt>
      <trkpt lat="48.6349227838218212127685546875" lon="-2.41883947513997554779052734375">
        <ele>8.19999980926513671875</ele>
        <time>2025-08-18T13:30:51.000Z</time>
        <extensions>
          <ns3:TrackPointExtension>
            <ns3:atemp>32.0</ns3:atemp>
            <ns3:hr>107</ns3:hr>
          </ns3:TrackPointExtension>
        </extensions>
      </trkpt>
      <trkpt lat="48.634929992258548736572265625" lon="-2.4188313446938991546630859375">
        <ele>8.19999980926513671875</ele>
        <time>2025-08-18T13:30:52.000Z</time>
        <extensions>
          <ns3:TrackPointExtension>
            <ns3:atemp>32.0</ns3:atemp>
            <ns3:hr>107</ns3:hr>
          </ns3:TrackPointExtension>
        </extensions>
      </trkpt>
      <trkpt lat="48.6350092850625514984130859375" lon="-2.41874543018639087677001953125">
        <ele>7.599999904632568359375</ele>
        <time>2025-08-18T13:31:01.000Z</time>
        <extensions>
          <ns3:TrackPointExtension>
            <ns3:atemp>32.0</ns3:atemp>
            <ns3:hr>105</ns3:hr>
          </ns3:TrackPointExtension>
        </extensions>
      </trkpt>
      <trkpt lat="48.6350766755640506744384765625" lon="-2.4186794646084308624267578125">
        <ele>7.599999904632568359375</ele>
        <time>2025-08-18T13:31:08.000Z</time>
        <extensions>
          <ns3:TrackPointExtension>
            <ns3:atemp>32.0</ns3:atemp>
            <ns3:hr>106</ns3:hr>
          </ns3:TrackPointExtension>
        </extensions>
      </trkpt>
      <trkpt lat="48.63517214544117450714111328125" lon="-2.418605871498584747314453125">
        <ele>7.599999904632568359375</ele>
        <time>2025-08-18T13:31:16.000Z</time>
        <extensions>
          <ns3:TrackPointExtension>
            <ns3:atemp>32.0</ns3:atemp>
            <ns3:hr>107</ns3:hr>
          </ns3:TrackPointExtension>
        </extensions>
      </trkpt>
      <trkpt lat="48.63524741493165493011474609375" lon="-2.41853135637938976287841796875">
        <ele>7.400000095367431640625</ele>
        <time>2025-08-18T13:31:24.000Z</time>
        <extensions>
          <ns3:TrackPointExtension>
            <ns3:atemp>32.0</ns3:atemp>
            <ns3:hr>105</ns3:hr>
          </ns3:TrackPointExtension>
        </extensions>
      </trkpt>
      <trkpt lat="48.63525328226387500762939453125" lon="-2.41851861588656902313232421875">
        <ele>7.400000095367431640625</ele>
        <time>2025-08-18T13:31:25.000Z</time>
        <extensions>
          <ns3:TrackPointExtension>
            <ns3:atemp>32.0</ns3:atemp>
            <ns3:hr>105</ns3:hr>
          </ns3:TrackPointExtension>
        </extensions>
      </trkpt>
      <trkpt lat="48.63528479821979999542236328125" lon="-2.418479137122631072998046875">
        <ele>7.400000095367431640625</ele>
        <time>2025-08-18T13:31:28.000Z</time>
        <extensions>
          <ns3:TrackPointExtension>
            <ns3:atemp>32.0</ns3:atemp>
            <ns3:hr>108</ns3:hr>
          </ns3:TrackPointExtension>
        </extensions>
      </trkpt>
      <trkpt lat="48.63529510796070098876953125" lon="-2.4184702523052692413330078125">
        <ele>7.599999904632568359375</ele>
        <time>2025-08-18T13:31:29.000Z</time>
        <extensions>
          <ns3:TrackPointExtension>
            <ns3:atemp>32.0</ns3:atemp>
            <ns3:hr>105</ns3:hr>
          </ns3:TrackPointExtension>
        </extensions>
      </trkpt>
      <trkpt lat="48.635344393551349639892578125" lon="-2.41838953457772731781005859375">
        <ele>7.599999904632568359375</ele>
        <time>2025-08-18T13:31:35.000Z</time>
        <extensions>
          <ns3:TrackPointExtension>
            <ns3:atemp>32.0</ns3:atemp>
            <ns3:hr>105</ns3:hr>
          </ns3:TrackPointExtension>
        </extensions>
      </trkpt>
      <trkpt lat="48.6353790946304798126220703125" lon="-2.41833404637873172760009765625">
        <ele>7.400000095367431640625</ele>
        <time>2025-08-18T13:31:40.000Z</time>
        <extensions>
          <ns3:TrackPointExtension>
            <ns3:atemp>32.0</ns3:atemp>
            <ns3:hr>105</ns3:hr>
          </ns3:TrackPointExtension>
        </extensions>
      </trkpt>
      <trkpt lat="48.63541203550994396209716796875" lon="-2.418290041387081146240234375">
        <ele>7.19999980926513671875</ele>
        <time>2025-08-18T13:31:44.000Z</time>
        <extensions>
          <ns3:TrackPointExtension>
            <ns3:atemp>32.0</ns3:atemp>
            <ns3:hr>103</ns3:hr>
          </ns3:TrackPointExtension>
        </extensions>
      </trkpt>
      <trkpt lat="48.63549166359007358551025390625" lon="-2.41815953515470027923583984375">
        <ele>7.19999980926513671875</ele>
        <time>2025-08-18T13:31:54.000Z</time>
        <extensions>
          <ns3:TrackPointExtension>
            <ns3:atemp>32.0</ns3:atemp>
            <ns3:hr>100</ns3:hr>
          </ns3:TrackPointExtension>
        </extensions>
      </trkpt>
      <trkpt lat="48.63551161251962184906005859375" lon="-2.4181363172829151153564453125">
        <ele>7.19999980926513671875</ele>
        <time>2025-08-18T13:31:56.000Z</time>
        <extensions>
          <ns3:TrackPointExtension>
            <ns3:atemp>32.0</ns3:atemp>
            <ns3:hr>100</ns3:hr>
          </ns3:TrackPointExtension>
        </extensions>
      </trkpt>
      <trkpt lat="48.6355403624475002288818359375" lon="-2.41806649602949619293212890625">
        <ele>7.400000095367431640625</ele>
        <time>2025-08-18T13:32:01.000Z</time>
        <extensions>
          <ns3:TrackPointExtension>
            <ns3:atemp>32.0</ns3:atemp>
            <ns3:hr>103</ns3:hr>
          </ns3:TrackPointExtension>
        </extensions>
      </trkpt>
      <trkpt lat="48.6355805955827236175537109375" lon="-2.41800061427056789398193359375">
        <ele>7</ele>
        <time>2025-08-18T13:32:06.000Z</time>
        <extensions>
          <ns3:TrackPointExtension>
            <ns3:atemp>32.0</ns3:atemp>
            <ns3:hr>104</ns3:hr>
          </ns3:TrackPointExtension>
        </extensions>
      </trkpt>
      <trkpt lat="48.63562409766018390655517578125" lon="-2.4179150350391864776611328125">
        <ele>7</ele>
        <time>2025-08-18T13:32:12.000Z</time>
        <extensions>
          <ns3:TrackPointExtension>
            <ns3:atemp>32.0</ns3:atemp>
            <ns3:hr>104</ns3:hr>
          </ns3:TrackPointExtension>
        </extensions>
      </trkpt>
      <trkpt lat="48.635640107095241546630859375" lon="-2.4178915657103061676025390625">
        <ele>7</ele>
        <time>2025-08-18T13:32:14.000Z</time>
        <extensions>
          <ns3:TrackPointExtension>
            <ns3:atemp>32.0</ns3:atemp>
            <ns3:hr>103</ns3:hr>
          </ns3:TrackPointExtension>
        </extensions>
      </trkpt>
      <trkpt lat="48.635737337172031402587890625" lon="-2.41777472198009490966796875">
        <ele>6.80000019073486328125</ele>
        <time>2025-08-18T13:32:23.000Z</time>
        <extensions>
          <ns3:TrackPointExtension>
            <ns3:atemp>32.0</ns3:atemp>
            <ns3:hr>102</ns3:hr>
          </ns3:TrackPointExtension>
        </extensions>
      </trkpt>
      <trkpt lat="48.63575519062578678131103515625" lon="-2.41774915717542171478271484375">
        <ele>7</ele>
        <time>2025-08-18T13:32:25.000Z</time>
        <extensions>
          <ns3:TrackPointExtension>
            <ns3:atemp>32.0</ns3:atemp>
            <ns3:hr>103</ns3:hr>
          </ns3:TrackPointExtension>
        </extensions>
      </trkpt>
      <trkpt lat="48.63578234799206256866455078125" lon="-2.41769718937575817108154296875">
        <ele>7.19999980926513671875</ele>
        <time>2025-08-18T13:32:29.000Z</time>
        <extensions>
          <ns3:TrackPointExtension>
            <ns3:atemp>32.0</ns3:atemp>
            <ns3:hr>106</ns3:hr>
          </ns3:TrackPointExtension>
        </extensions>
      </trkpt>
      <trkpt lat="48.63578771241009235382080078125" lon="-2.4176863767206668853759765625">
        <ele>7.19999980926513671875</ele>
        <time>2025-08-18T13:32:30.000Z</time>
        <extensions>
          <ns3:TrackPointExtension>
            <ns3:atemp>32.0</ns3:atemp>
            <ns3:hr>106</ns3:hr>
          </ns3:TrackPointExtension>
        </extensions>
      </trkpt>
      <trkpt lat="48.63582895137369632720947265625" lon="-2.41760909557342529296875">
        <ele>7.19999980926513671875</ele>
        <time>2025-08-18T13:32:36.000Z</time>
        <extensions>
          <ns3:TrackPointExtension>
            <ns3:atemp>32.0</ns3:atemp>
            <ns3:hr>109</ns3:hr>
          </ns3:TrackPointExtension>
        </extensions>
      </trkpt>
      <trkpt lat="48.6358429491519927978515625" lon="-2.417583279311656951904296875">
        <ele>7.19999980926513671875</ele>
        <time>2025-08-18T13:32:38.000Z</time>
        <extensions>
          <ns3:TrackPointExtension>
            <ns3:atemp>32.0</ns3:atemp>
            <ns3:hr>109</ns3:hr>
          </ns3:TrackPointExtension>
        </extensions>
      </trkpt>
      <trkpt lat="48.63587471656501293182373046875" lon="-2.41753173060715198516845703125">
        <ele>7.19999980926513671875</ele>
        <time>2025-08-18T13:32:42.000Z</time>
        <extensions>
          <ns3:TrackPointExtension>
            <ns3:atemp>32.0</ns3:atemp>
            <ns3:hr>109</ns3:hr>
          </ns3:TrackPointExtension>
        </extensions>
      </trkpt>
      <trkpt lat="48.63590941764414310455322265625" lon="-2.41748378612101078033447265625">
        <ele>7.400000095367431640625</ele>
        <time>2025-08-18T13:32:46.000Z</time>
        <extensions>
          <ns3:TrackPointExtension>
            <ns3:atemp>32.0</ns3:atemp>
            <ns3:hr>108</ns3:hr>
          </ns3:TrackPointExtension>
        </extensions>
      </trkpt>
      <trkpt lat="48.63595752976834774017333984375" lon="-2.41740985773503780364990234375">
        <ele>7.19999980926513671875</ele>
        <time>2025-08-18T13:32:52.000Z</time>
        <extensions>
          <ns3:TrackPointExtension>
            <ns3:atemp>32.0</ns3:atemp>
            <ns3:hr>105</ns3:hr>
          </ns3:TrackPointExtension>
        </extensions>
      </trkpt>
      <trkpt lat="48.63597630523145198822021484375" lon="-2.41738714277744293212890625">
        <ele>7.400000095367431640625</ele>
        <time>2025-08-18T13:32:54.000Z</time>
        <extensions>
          <ns3:TrackPointExtension>
            <ns3:atemp>32.0</ns3:atemp>
            <ns3:hr>108</ns3:hr>
          </ns3:TrackPointExtension>
        </extensions>
      </trkpt>
      <trkpt lat="48.6359973438084125518798828125" lon="-2.41735889576375484466552734375">
        <ele>7.400000095367431640625</ele>
        <time>2025-08-18T13:32:57.000Z</time>
        <extensions>
          <ns3:TrackPointExtension>
            <ns3:atemp>32.0</ns3:atemp>
            <ns3:hr>107</ns3:hr>
          </ns3:TrackPointExtension>
        </extensions>
      </trkpt>
      <trkpt lat="48.63604034297168254852294921875" lon="-2.41729267872869968414306640625">
        <ele>7.19999980926513671875</ele>
        <time>2025-08-18T13:33:04.000Z</time>
        <extensions>
          <ns3:TrackPointExtension>
            <ns3:atemp>32.0</ns3:atemp>
            <ns3:hr>106</ns3:hr>
          </ns3:TrackPointExtension>
        </extensions>
      </trkpt>
      <trkpt lat="48.63609599880874156951904296875" lon="-2.417217157781124114990234375">
        <ele>7.599999904632568359375</ele>
        <time>2025-08-18T13:33:11.000Z</time>
        <extensions>
          <ns3:TrackPointExtension>
            <ns3:atemp>32.0</ns3:atemp>
            <ns3:hr>108</ns3:hr>
          </ns3:TrackPointExtension>
        </extensions>
      </trkpt>
      <trkpt lat="48.63610706292092800140380859375" lon="-2.41721020080149173736572265625">
        <ele>7.599999904632568359375</ele>
        <time>2025-08-18T13:33:12.000Z</time>
        <extensions>
          <ns3:TrackPointExtension>
            <ns3:atemp>32.0</ns3:atemp>
            <ns3:hr>108</ns3:hr>
          </ns3:TrackPointExtension>
        </extensions>
      </trkpt>
      <trkpt lat="48.63617512397468090057373046875" lon="-2.41715488024055957794189453125">
        <ele>8.6000003814697265625</ele>
        <time>2025-08-18T13:33:18.000Z</time>
        <extensions>
          <ns3:TrackPointExtension>
            <ns3:atemp>32.0</ns3:atemp>
            <ns3:hr>111</ns3:hr>
          </ns3:TrackPointExtension>
        </extensions>
      </trkpt>
      <trkpt lat="48.63621376454830169677734375" lon="-2.41710794158279895782470703125">
        <ele>8.6000003814697265625</ele>
        <time>2025-08-18T13:33:22.000Z</time>
        <extensions>
          <ns3:TrackPointExtension>
            <ns3:atemp>31.0</ns3:atemp>
            <ns3:hr>113</ns3:hr>
          </ns3:TrackPointExtension>
        </extensions>
      </trkpt>
      <trkpt lat="48.63625374622642993927001953125" lon="-2.417054884135723114013671875">
        <ele>8.3999996185302734375</ele>
        <time>2025-08-18T13:33:26.000Z</time>
        <extensions>
          <ns3:TrackPointExtension>
            <ns3:atemp>31.0</ns3:atemp>
            <ns3:hr>114</ns3:hr>
          </ns3:TrackPointExtension>
        </extensions>
      </trkpt>
      <trkpt lat="48.6362994275987148284912109375" lon="-2.41700517944991588592529296875">
        <ele>8.3999996185302734375</ele>
        <time>2025-08-18T13:33:30.000Z</time>
        <extensions>
          <ns3:TrackPointExtension>
            <ns3:atemp>31.0</ns3:atemp>
            <ns3:hr>115</ns3:hr>
          </ns3:TrackPointExtension>
        </extensions>
      </trkpt>
      <trkpt lat="48.636374361813068389892578125" lon="-2.41692253388464450836181640625">
        <ele>8.80000019073486328125</ele>
        <time>2025-08-18T13:33:37.000Z</time>
        <extensions>
          <ns3:TrackPointExtension>
            <ns3:atemp>31.0</ns3:atemp>
            <ns3:hr>114</ns3:hr>
          </ns3:TrackPointExtension>
        </extensions>
      </trkpt>
      <trkpt lat="48.6363926343619823455810546875" lon="-2.4168996512889862060546875">
        <ele>9</ele>
        <time>2025-08-18T13:33:39.000Z</time>
        <extensions>
          <ns3:TrackPointExtension>
            <ns3:atemp>31.0</ns3:atemp>
            <ns3:hr>115</ns3:hr>
          </ns3:TrackPointExtension>
        </extensions>
      </trkpt>
      <trkpt lat="48.636439405381679534912109375" lon="-2.41683569736778736114501953125">
        <ele>9.6000003814697265625</ele>
        <time>2025-08-18T13:33:47.000Z</time>
        <extensions>
          <ns3:TrackPointExtension>
            <ns3:atemp>31.0</ns3:atemp>
            <ns3:hr>114</ns3:hr>
          </ns3:TrackPointExtension>
        </extensions>
      </trkpt>
      <trkpt lat="48.636444769799709320068359375" lon="-2.41683335043489933013916015625">
        <ele>9.6000003814697265625</ele>
        <time>2025-08-18T13:33:51.000Z</time>
        <extensions>
          <ns3:TrackPointExtension>
            <ns3:atemp>31.0</ns3:atemp>
            <ns3:hr>115</ns3:hr>
          </ns3:TrackPointExtension>
        </extensions>
      </trkpt>
      <trkpt lat="48.63646798767149448394775390625" lon="-2.4168562330305576324462890625">
        <ele>9.6000003814697265625</ele>
        <time>2025-08-18T13:33:55.000Z</time>
        <extensions>
          <ns3:TrackPointExtension>
            <ns3:atemp>31.0</ns3:atemp>
            <ns3:hr>115</ns3:hr>
          </ns3:TrackPointExtension>
        </extensions>
      </trkpt>
      <trkpt lat="48.63649003207683563232421875" lon="-2.416887916624546051025390625">
        <ele>9.80000019073486328125</ele>
        <time>2025-08-18T13:33:58.000Z</time>
        <extensions>
          <ns3:TrackPointExtension>
            <ns3:atemp>31.0</ns3:atemp>
            <ns3:hr>115</ns3:hr>
          </ns3:TrackPointExtension>
        </extensions>
      </trkpt>
      <trkpt lat="48.636497072875499725341796875" lon="-2.41689898073673248291015625">
        <ele>10</ele>
        <time>2025-08-18T13:33:59.000Z</time>
        <extensions>
          <ns3:TrackPointExtension>
            <ns3:atemp>31.0</ns3:atemp>
            <ns3:hr>115</ns3:hr>
          </ns3:TrackPointExtension>
        </extensions>
      </trkpt>
      <trkpt lat="48.63650453276932239532470703125" lon="-2.41690711118280887603759765625">
        <ele>10</ele>
        <time>2025-08-18T13:34:00.000Z</time>
        <extensions>
          <ns3:TrackPointExtension>
            <ns3:atemp>31.0</ns3:atemp>
            <ns3:hr>115</ns3:hr>
          </ns3:TrackPointExtension>
        </extensions>
      </trkpt>
      <trkpt lat="48.636548034846782684326171875" lon="-2.4169444106519222259521484375">
        <ele>10.6000003814697265625</ele>
        <time>2025-08-18T13:34:05.000Z</time>
        <extensions>
          <ns3:TrackPointExtension>
            <ns3:atemp>31.0</ns3:atemp>
            <ns3:hr>116</ns3:hr>
          </ns3:TrackPointExtension>
        </extensions>
      </trkpt>
      <trkpt lat="48.63655700348317623138427734375" lon="-2.41697081364691257476806640625">
        <ele>10.6000003814697265625</ele>
        <time>2025-08-18T13:34:07.000Z</time>
        <extensions>
          <ns3:TrackPointExtension>
            <ns3:atemp>31.0</ns3:atemp>
            <ns3:hr>114</ns3:hr>
          </ns3:TrackPointExtension>
        </extensions>
      </trkpt>
      <trkpt lat="48.63660578615963459014892578125" lon="-2.417027391493320465087890625">
        <ele>10.80000019073486328125</ele>
        <time>2025-08-18T13:34:13.000Z</time>
        <extensions>
          <ns3:TrackPointExtension>
            <ns3:atemp>31.0</ns3:atemp>
            <ns3:hr>113</ns3:hr>
          </ns3:TrackPointExtension>
        </extensions>
      </trkpt>
      <trkpt lat="48.63661265932023525238037109375" lon="-2.41703351028263568878173828125">
        <ele>11</ele>
        <time>2025-08-18T13:34:14.000Z</time>
        <extensions>
          <ns3:TrackPointExtension>
            <ns3:atemp>31.0</ns3:atemp>
            <ns3:hr>113</ns3:hr>
          </ns3:TrackPointExtension>
        </extensions>
      </trkpt>
      <trkpt lat="48.63662925548851490020751953125" lon="-2.4170627631247043609619140625">
        <ele>11</ele>
        <time>2025-08-18T13:34:16.000Z</time>
        <extensions>
          <ns3:TrackPointExtension>
            <ns3:atemp>31.0</ns3:atemp>
            <ns3:hr>114</ns3:hr>
          </ns3:TrackPointExtension>
        </extensions>
      </trkpt>
      <trkpt lat="48.63665222190320491790771484375" lon="-2.417087741196155548095703125">
        <ele>11.3999996185302734375</ele>
        <time>2025-08-18T13:34:18.000Z</time>
        <extensions>
          <ns3:TrackPointExtension>
            <ns3:atemp>31.0</ns3:atemp>
            <ns3:hr>114</ns3:hr>
          </ns3:TrackPointExtension>
        </extensions>
      </trkpt>
      <trkpt lat="48.63666077144443988800048828125" lon="-2.4171143956482410430908203125">
        <ele>11.6000003814697265625</ele>
        <time>2025-08-18T13:34:20.000Z</time>
        <extensions>
          <ns3:TrackPointExtension>
            <ns3:atemp>31.0</ns3:atemp>
            <ns3:hr>114</ns3:hr>
          </ns3:TrackPointExtension>
        </extensions>
      </trkpt>
      <trkpt lat="48.63666948862373828887939453125" lon="-2.41712696850299835205078125">
        <ele>11.6000003814697265625</ele>
        <time>2025-08-18T13:34:21.000Z</time>
        <extensions>
          <ns3:TrackPointExtension>
            <ns3:atemp>31.0</ns3:atemp>
            <ns3:hr>115</ns3:hr>
          </ns3:TrackPointExtension>
        </extensions>
      </trkpt>
      <trkpt lat="48.63669245503842830657958984375" lon="-2.41717751137912273406982421875">
        <ele>12</ele>
        <time>2025-08-18T13:34:25.000Z</time>
        <extensions>
          <ns3:TrackPointExtension>
            <ns3:atemp>31.0</ns3:atemp>
            <ns3:hr>115</ns3:hr>
          </ns3:TrackPointExtension>
        </extensions>
      </trkpt>
      <trkpt lat="48.636718355119228363037109375" lon="-2.4172186665236949920654296875">
        <ele>12.19999980926513671875</ele>
        <time>2025-08-18T13:34:28.000Z</time>
        <extensions>
          <ns3:TrackPointExtension>
            <ns3:atemp>31.0</ns3:atemp>
            <ns3:hr>115</ns3:hr>
          </ns3:TrackPointExtension>
        </extensions>
      </trkpt>
      <trkpt lat="48.636784739792346954345703125" lon="-2.41736342199146747589111328125">
        <ele>12.80000019073486328125</ele>
        <time>2025-08-18T13:34:37.000Z</time>
        <extensions>
          <ns3:TrackPointExtension>
            <ns3:atemp>31.0</ns3:atemp>
            <ns3:hr>116</ns3:hr>
          </ns3:TrackPointExtension>
        </extensions>
      </trkpt>
      <trkpt lat="48.636799491941928863525390625" lon="-2.417408265173435211181640625">
        <ele>13</ele>
        <time>2025-08-18T13:34:40.000Z</time>
        <extensions>
          <ns3:TrackPointExtension>
            <ns3:atemp>31.0</ns3:atemp>
            <ns3:hr>117</ns3:hr>
          </ns3:TrackPointExtension>
        </extensions>
      </trkpt>
      <trkpt lat="48.6368085443973541259765625" lon="-2.41741488687694072723388671875">
        <ele>13</ele>
        <time>2025-08-18T13:34:41.000Z</time>
        <extensions>
          <ns3:TrackPointExtension>
            <ns3:atemp>31.0</ns3:atemp>
            <ns3:hr>120</ns3:hr>
          </ns3:TrackPointExtension>
        </extensions>
      </trkpt>
      <trkpt lat="48.6368177644908428192138671875" lon="-2.41742310114204883575439453125">
        <ele>13.19999980926513671875</ele>
        <time>2025-08-18T13:34:42.000Z</time>
        <extensions>
          <ns3:TrackPointExtension>
            <ns3:atemp>31.0</ns3:atemp>
            <ns3:hr>117</ns3:hr>
          </ns3:TrackPointExtension>
        </extensions>
      </trkpt>
      <trkpt lat="48.63682472147047519683837890625" lon="-2.41743542253971099853515625">
        <ele>13.19999980926513671875</ele>
        <time>2025-08-18T13:34:43.000Z</time>
        <extensions>
          <ns3:TrackPointExtension>
            <ns3:atemp>31.0</ns3:atemp>
            <ns3:hr>118</ns3:hr>
          </ns3:TrackPointExtension>
        </extensions>
      </trkpt>
      <trkpt lat="48.63684768788516521453857421875" lon="-2.41751094348728656768798828125">
        <ele>13.80000019073486328125</ele>
        <time>2025-08-18T13:34:48.000Z</time>
        <extensions>
          <ns3:TrackPointExtension>
            <ns3:atemp>31.0</ns3:atemp>
            <ns3:hr>121</ns3:hr>
          </ns3:TrackPointExtension>
        </extensions>
      </trkpt>
      <trkpt lat="48.63688507117331027984619140625" lon="-2.4175646714866161346435546875">
        <ele>14</ele>
        <time>2025-08-18T13:34:52.000Z</time>
        <extensions>
          <ns3:TrackPointExtension>
            <ns3:atemp>31.0</ns3:atemp>
            <ns3:hr>123</ns3:hr>
          </ns3:TrackPointExtension>
        </extensions>
      </trkpt>
      <trkpt lat="48.636893369257450103759765625" lon="-2.41758202202618122100830078125">
        <ele>14</ele>
        <time>2025-08-18T13:34:53.000Z</time>
        <extensions>
          <ns3:TrackPointExtension>
            <ns3:atemp>31.0</ns3:atemp>
            <ns3:hr>124</ns3:hr>
          </ns3:TrackPointExtension>
        </extensions>
      </trkpt>
      <trkpt lat="48.6369890905916690826416015625" lon="-2.4177500791847705841064453125">
        <ele>15.19999980926513671875</ele>
        <time>2025-08-18T13:35:05.000Z</time>
        <extensions>
          <ns3:TrackPointExtension>
            <ns3:atemp>31.0</ns3:atemp>
            <ns3:hr>124</ns3:hr>
          </ns3:TrackPointExtension>
        </extensions>
      </trkpt>
      <trkpt lat="48.6370553076267242431640625" lon="-2.4178882129490375518798828125">
        <ele>16</ele>
        <time>2025-08-18T13:35:15.000Z</time>
        <extensions>
          <ns3:TrackPointExtension>
            <ns3:atemp>31.0</ns3:atemp>
            <ns3:hr>125</ns3:hr>
          </ns3:TrackPointExtension>
        </extensions>
      </trkpt>
      <trkpt lat="48.63708841614425182342529296875" lon="-2.417947389185428619384765625">
        <ele>16.3999996185302734375</ele>
        <time>2025-08-18T13:35:19.000Z</time>
        <extensions>
          <ns3:TrackPointExtension>
            <ns3:atemp>31.0</ns3:atemp>
            <ns3:hr>127</ns3:hr>
          </ns3:TrackPointExtension>
        </extensions>
      </trkpt>
      <trkpt lat="48.6371037550270557403564453125" lon="-2.41797178052365779876708984375">
        <ele>16.6000003814697265625</ele>
        <time>2025-08-18T13:35:21.000Z</time>
        <extensions>
          <ns3:TrackPointExtension>
            <ns3:atemp>31.0</ns3:atemp>
            <ns3:hr>127</ns3:hr>
          </ns3:TrackPointExtension>
        </extensions>
      </trkpt>
      <trkpt lat="48.6371590755879878997802734375" lon="-2.4180702678859233856201171875">
        <ele>17.200000762939453125</ele>
        <time>2025-08-18T13:35:29.000Z</time>
        <extensions>
          <ns3:TrackPointExtension>
            <ns3:atemp>31.0</ns3:atemp>
            <ns3:hr>125</ns3:hr>
          </ns3:TrackPointExtension>
        </extensions>
      </trkpt>
      <trkpt lat="48.63718262873589992523193359375" lon="-2.418127767741680145263671875">
        <ele>17.3999996185302734375</ele>
        <time>2025-08-18T13:35:33.000Z</time>
        <extensions>
          <ns3:TrackPointExtension>
            <ns3:atemp>31.0</ns3:atemp>
            <ns3:hr>125</ns3:hr>
          </ns3:TrackPointExtension>
        </extensions>
      </trkpt>
      <trkpt lat="48.63719386048614978790283203125" lon="-2.41813816130161285400390625">
        <ele>17.3999996185302734375</ele>
        <time>2025-08-18T13:35:34.000Z</time>
        <extensions>
          <ns3:TrackPointExtension>
            <ns3:atemp>32.0</ns3:atemp>
            <ns3:hr>125</ns3:hr>
          </ns3:TrackPointExtension>
        </extensions>
      </trkpt>
      <trkpt lat="48.63721288740634918212890625" lon="-2.41816364228725433349609375">
        <ele>17.6000003814697265625</ele>
        <time>2025-08-18T13:35:36.000Z</time>
        <extensions>
          <ns3:TrackPointExtension>
            <ns3:atemp>32.0</ns3:atemp>
            <ns3:hr>125</ns3:hr>
          </ns3:TrackPointExtension>
        </extensions>
      </trkpt>
      <trkpt lat="48.637219928205013275146484375" lon="-2.41818048991262912750244140625">
        <ele>17.799999237060546875</ele>
        <time>2025-08-18T13:35:37.000Z</time>
        <extensions>
          <ns3:TrackPointExtension>
            <ns3:atemp>32.0</ns3:atemp>
            <ns3:hr>125</ns3:hr>
          </ns3:TrackPointExtension>
        </extensions>
      </trkpt>
      <trkpt lat="48.63726921379566192626953125" lon="-2.41830504499375820159912109375">
        <ele>18.200000762939453125</ele>
        <time>2025-08-18T13:35:45.000Z</time>
        <extensions>
          <ns3:TrackPointExtension>
            <ns3:atemp>32.0</ns3:atemp>
            <ns3:hr>128</ns3:hr>
          </ns3:TrackPointExtension>
        </extensions>
      </trkpt>
      <trkpt lat="48.6372779309749603271484375" lon="-2.41833865642547607421875">
        <ele>18.6000003814697265625</ele>
        <time>2025-08-18T13:35:47.000Z</time>
        <extensions>
          <ns3:TrackPointExtension>
            <ns3:atemp>32.0</ns3:atemp>
            <ns3:hr>129</ns3:hr>
          </ns3:TrackPointExtension>
        </extensions>
      </trkpt>
      <trkpt lat="48.637326546013355255126953125" lon="-2.418435551226139068603515625">
        <ele>19.200000762939453125</ele>
        <time>2025-08-18T13:35:54.000Z</time>
        <extensions>
          <ns3:TrackPointExtension>
            <ns3:atemp>32.0</ns3:atemp>
            <ns3:hr>131</ns3:hr>
          </ns3:TrackPointExtension>
        </extensions>
      </trkpt>
      <trkpt lat="48.637353368103504180908203125" lon="-2.418459691107273101806640625">
        <ele>19.6000003814697265625</ele>
        <time>2025-08-18T13:35:57.000Z</time>
        <extensions>
          <ns3:TrackPointExtension>
            <ns3:atemp>32.0</ns3:atemp>
            <ns3:hr>131</ns3:hr>
          </ns3:TrackPointExtension>
        </extensions>
      </trkpt>
      <trkpt lat="48.6374051682651042938232421875" lon="-2.41855801083147525787353515625">
        <ele>20.3999996185302734375</ele>
        <time>2025-08-18T13:36:03.000Z</time>
        <extensions>
          <ns3:TrackPointExtension>
            <ns3:atemp>31.0</ns3:atemp>
            <ns3:hr>132</ns3:hr>
          </ns3:TrackPointExtension>
        </extensions>
      </trkpt>
      <trkpt lat="48.637423105537891387939453125" lon="-2.4185835756361484527587890625">
        <ele>20.799999237060546875</ele>
        <time>2025-08-18T13:36:05.000Z</time>
        <extensions>
          <ns3:TrackPointExtension>
            <ns3:atemp>31.0</ns3:atemp>
            <ns3:hr>132</ns3:hr>
          </ns3:TrackPointExtension>
        </extensions>
      </trkpt>
      <trkpt lat="48.63742821849882602691650390625" lon="-2.418599836528301239013671875">
        <ele>20.799999237060546875</ele>
        <time>2025-08-18T13:36:06.000Z</time>
        <extensions>
          <ns3:TrackPointExtension>
            <ns3:atemp>31.0</ns3:atemp>
            <ns3:hr>132</ns3:hr>
          </ns3:TrackPointExtension>
        </extensions>
      </trkpt>
      <trkpt lat="48.6374380253255367279052734375" lon="-2.41863143630325794219970703125">
        <ele>21.200000762939453125</ele>
        <time>2025-08-18T13:36:09.000Z</time>
        <extensions>
          <ns3:TrackPointExtension>
            <ns3:atemp>31.0</ns3:atemp>
            <ns3:hr>132</ns3:hr>
          </ns3:TrackPointExtension>
        </extensions>
      </trkpt>
      <trkpt lat="48.63742411136627197265625" lon="-2.41867954842746257781982421875">
        <ele>21.6000003814697265625</ele>
        <time>2025-08-18T13:36:13.000Z</time>
        <extensions>
          <ns3:TrackPointExtension>
            <ns3:atemp>31.0</ns3:atemp>
            <ns3:hr>131</ns3:hr>
          </ns3:TrackPointExtension>
        </extensions>
      </trkpt>
      <trkpt lat="48.637429140508174896240234375" lon="-2.418696396052837371826171875">
        <ele>21.6000003814697265625</ele>
        <time>2025-08-18T13:36:15.000Z</time>
        <extensions>
          <ns3:TrackPointExtension>
            <ns3:atemp>31.0</ns3:atemp>
            <ns3:hr>131</ns3:hr>
          </ns3:TrackPointExtension>
        </extensions>
      </trkpt>
      <trkpt lat="48.6374450661242008209228515625" lon="-2.418735958635807037353515625">
        <ele>21.799999237060546875</ele>
        <time>2025-08-18T13:36:19.000Z</time>
        <extensions>
          <ns3:TrackPointExtension>
            <ns3:atemp>31.0</ns3:atemp>
            <ns3:hr>131</ns3:hr>
          </ns3:TrackPointExtension>
        </extensions>
      </trkpt>
      <trkpt lat="48.6374494247138500213623046875" lon="-2.4187813885509967803955078125">
        <ele>22.3999996185302734375</ele>
        <time>2025-08-18T13:36:23.000Z</time>
        <extensions>
          <ns3:TrackPointExtension>
            <ns3:atemp>31.0</ns3:atemp>
            <ns3:hr>131</ns3:hr>
          </ns3:TrackPointExtension>
        </extensions>
      </trkpt>
      <trkpt lat="48.6374738998711109161376953125" lon="-2.4188605137169361114501953125">
        <ele>22.799999237060546875</ele>
        <time>2025-08-18T13:36:30.000Z</time>
        <extensions>
          <ns3:TrackPointExtension>
            <ns3:atemp>31.0</ns3:atemp>
            <ns3:hr>132</ns3:hr>
          </ns3:TrackPointExtension>
        </extensions>
      </trkpt>
      <trkpt lat="48.6374812759459018707275390625" lon="-2.418868727982044219970703125">
        <ele>23</ele>
        <time>2025-08-18T13:36:31.000Z</time>
        <extensions>
          <ns3:TrackPointExtension>
            <ns3:atemp>31.0</ns3:atemp>
            <ns3:hr>132</ns3:hr>
          </ns3:TrackPointExtension>
        </extensions>
      </trkpt>
      <trkpt lat="48.6375013925135135650634765625" lon="-2.4189086258411407470703125">
        <ele>23.3999996185302734375</ele>
        <time>2025-08-18T13:36:34.000Z</time>
        <extensions>
          <ns3:TrackPointExtension>
            <ns3:atemp>31.0</ns3:atemp>
            <ns3:hr>133</ns3:hr>
          </ns3:TrackPointExtension>
        </extensions>
      </trkpt>
      <trkpt lat="48.63752477802336215972900390625" lon="-2.41896092891693115234375">
        <ele>23.799999237060546875</ele>
        <time>2025-08-18T13:36:37.000Z</time>
        <extensions>
          <ns3:TrackPointExtension>
            <ns3:atemp>31.0</ns3:atemp>
            <ns3:hr>133</ns3:hr>
          </ns3:TrackPointExtension>
        </extensions>
      </trkpt>
      <trkpt lat="48.63753366284072399139404296875" lon="-2.41897090338170528411865234375">
        <ele>24</ele>
        <time>2025-08-18T13:36:38.000Z</time>
        <extensions>
          <ns3:TrackPointExtension>
            <ns3:atemp>31.0</ns3:atemp>
            <ns3:hr>133</ns3:hr>
          </ns3:TrackPointExtension>
        </extensions>
      </trkpt>
      <trkpt lat="48.63755009137094020843505859375" lon="-2.418992780148983001708984375">
        <ele>24.3999996185302734375</ele>
        <time>2025-08-18T13:36:40.000Z</time>
        <extensions>
          <ns3:TrackPointExtension>
            <ns3:atemp>31.0</ns3:atemp>
            <ns3:hr>133</ns3:hr>
          </ns3:TrackPointExtension>
        </extensions>
      </trkpt>
      <trkpt lat="48.63755662925541400909423828125" lon="-2.419031001627445220947265625">
        <ele>24.6000003814697265625</ele>
        <time>2025-08-18T13:36:42.000Z</time>
        <extensions>
          <ns3:TrackPointExtension>
            <ns3:atemp>31.0</ns3:atemp>
            <ns3:hr>134</ns3:hr>
          </ns3:TrackPointExtension>
        </extensions>
      </trkpt>
      <trkpt lat="48.63755394704639911651611328125" lon="-2.41906595416367053985595703125">
        <ele>24.6000003814697265625</ele>
        <time>2025-08-18T13:36:43.000Z</time>
        <extensions>
          <ns3:TrackPointExtension>
            <ns3:atemp>31.0</ns3:atemp>
            <ns3:hr>134</ns3:hr>
          </ns3:TrackPointExtension>
        </extensions>
      </trkpt>
      <trkpt lat="48.63755646161735057830810546875" lon="-2.41908992640674114227294921875">
        <ele>24.799999237060546875</ele>
        <time>2025-08-18T13:36:44.000Z</time>
        <extensions>
          <ns3:TrackPointExtension>
            <ns3:atemp>31.0</ns3:atemp>
            <ns3:hr>134</ns3:hr>
          </ns3:TrackPointExtension>
        </extensions>
      </trkpt>
      <trkpt lat="48.6375593952834606170654296875" lon="-2.41912345401942729949951171875">
        <ele>25</ele>
        <time>2025-08-18T13:36:46.000Z</time>
        <extensions>
          <ns3:TrackPointExtension>
            <ns3:atemp>31.0</ns3:atemp>
            <ns3:hr>134</ns3:hr>
          </ns3:TrackPointExtension>
        </extensions>
      </trkpt>
      <trkpt lat="48.63756216131150722503662109375" lon="-2.41914792917668819427490234375">
        <ele>25.6000003814697265625</ele>
        <time>2025-08-18T13:36:48.000Z</time>
        <extensions>
          <ns3:TrackPointExtension>
            <ns3:atemp>31.0</ns3:atemp>
            <ns3:hr>134</ns3:hr>
          </ns3:TrackPointExtension>
        </extensions>
      </trkpt>
      <trkpt lat="48.63757431507110595703125" lon="-2.41919696331024169921875">
        <ele>26.200000762939453125</ele>
        <time>2025-08-18T13:36:52.000Z</time>
        <extensions>
          <ns3:TrackPointExtension>
            <ns3:atemp>31.0</ns3:atemp>
            <ns3:hr>135</ns3:hr>
          </ns3:TrackPointExtension>
        </extensions>
      </trkpt>
      <trkpt lat="48.63758194260299205780029296875" lon="-2.419210374355316162109375">
        <ele>26.799999237060546875</ele>
        <time>2025-08-18T13:36:55.000Z</time>
        <extensions>
          <ns3:TrackPointExtension>
            <ns3:atemp>31.0</ns3:atemp>
            <ns3:hr>136</ns3:hr>
          </ns3:TrackPointExtension>
        </extensions>
      </trkpt>
      <trkpt lat="48.6375992931425571441650390625" lon="-2.419249601662158966064453125">
        <ele>27.3999996185302734375</ele>
        <time>2025-08-18T13:36:59.000Z</time>
        <extensions>
          <ns3:TrackPointExtension>
            <ns3:atemp>31.0</ns3:atemp>
            <ns3:hr>138</ns3:hr>
          </ns3:TrackPointExtension>
        </extensions>
      </trkpt>
      <trkpt lat="48.63761664368212223052978515625" lon="-2.4192893318831920623779296875">
        <ele>27.6000003814697265625</ele>
        <time>2025-08-18T13:37:01.000Z</time>
        <extensions>
          <ns3:TrackPointExtension>
            <ns3:atemp>31.0</ns3:atemp>
            <ns3:hr>139</ns3:hr>
          </ns3:TrackPointExtension>
        </extensions>
      </trkpt>
      <trkpt lat="48.63762351684272289276123046875" lon="-2.41933166049420833587646484375">
        <ele>28.200000762939453125</ele>
        <time>2025-08-18T13:37:04.000Z</time>
        <extensions>
          <ns3:TrackPointExtension>
            <ns3:atemp>31.0</ns3:atemp>
            <ns3:hr>142</ns3:hr>
          </ns3:TrackPointExtension>
        </extensions>
      </trkpt>
      <trkpt lat="48.6376291327178478240966796875" lon="-2.41934071294963359832763671875">
        <ele>28.3999996185302734375</ele>
        <time>2025-08-18T13:37:05.000Z</time>
        <extensions>
          <ns3:TrackPointExtension>
            <ns3:atemp>31.0</ns3:atemp>
            <ns3:hr>142</ns3:hr>
          </ns3:TrackPointExtension>
        </extensions>
      </trkpt>
      <trkpt lat="48.63763332366943359375" lon="-2.41937021724879741668701171875">
        <ele>28.799999237060546875</ele>
        <time>2025-08-18T13:37:07.000Z</time>
        <extensions>
          <ns3:TrackPointExtension>
            <ns3:atemp>31.0</ns3:atemp>
            <ns3:hr>143</ns3:hr>
          </ns3:TrackPointExtension>
        </extensions>
      </trkpt>
      <trkpt lat="48.63764463923871517181396484375" lon="-2.41945110261440277099609375">
        <ele>29.6000003814697265625</ele>
        <time>2025-08-18T13:37:11.000Z</time>
        <extensions>
          <ns3:TrackPointExtension>
            <ns3:atemp>31.0</ns3:atemp>
            <ns3:hr>144</ns3:hr>
          </ns3:TrackPointExtension>
        </extensions>
      </trkpt>
      <trkpt lat="48.63768168725073337554931640625" lon="-2.41953114978969097137451171875">
        <ele>30.200000762939453125</ele>
        <time>2025-08-18T13:37:15.000Z</time>
        <extensions>
          <ns3:TrackPointExtension>
            <ns3:atemp>31.0</ns3:atemp>
            <ns3:hr>144</ns3:hr>
          </ns3:TrackPointExtension>
        </extensions>
      </trkpt>
      <trkpt lat="48.63771035335958003997802734375" lon="-2.419570796191692352294921875">
        <ele>30.6000003814697265625</ele>
        <time>2025-08-18T13:37:18.000Z</time>
        <extensions>
          <ns3:TrackPointExtension>
            <ns3:atemp>31.0</ns3:atemp>
            <ns3:hr>144</ns3:hr>
          </ns3:TrackPointExtension>
        </extensions>
      </trkpt>
      <trkpt lat="48.63772518932819366455078125" lon="-2.41962938569486141204833984375">
        <ele>31.3999996185302734375</ele>
        <time>2025-08-18T13:37:22.000Z</time>
        <extensions>
          <ns3:TrackPointExtension>
            <ns3:atemp>31.0</ns3:atemp>
            <ns3:hr>146</ns3:hr>
          </ns3:TrackPointExtension>
        </extensions>
      </trkpt>
      <trkpt lat="48.63773533143103122711181640625" lon="-2.41963215172290802001953125">
        <ele>31.6000003814697265625</ele>
        <time>2025-08-18T13:37:23.000Z</time>
        <extensions>
          <ns3:TrackPointExtension>
            <ns3:atemp>31.0</ns3:atemp>
            <ns3:hr>146</ns3:hr>
          </ns3:TrackPointExtension>
        </extensions>
      </trkpt>
      <trkpt lat="48.6377431266009807586669921875" lon="-2.41964246146380901336669921875">
        <ele>31.799999237060546875</ele>
        <time>2025-08-18T13:37:24.000Z</time>
        <extensions>
          <ns3:TrackPointExtension>
            <ns3:atemp>31.0</ns3:atemp>
            <ns3:hr>146</ns3:hr>
          </ns3:TrackPointExtension>
        </extensions>
      </trkpt>
      <trkpt lat="48.637746311724185943603515625" lon="-2.41965637542307376861572265625">
        <ele>31.799999237060546875</ele>
        <time>2025-08-18T13:37:25.000Z</time>
        <extensions>
          <ns3:TrackPointExtension>
            <ns3:atemp>31.0</ns3:atemp>
            <ns3:hr>145</ns3:hr>
          </ns3:TrackPointExtension>
        </extensions>
      </trkpt>
      <trkpt lat="48.63775469362735748291015625" lon="-2.4196891486644744873046875">
        <ele>32.200000762939453125</ele>
        <time>2025-08-18T13:37:27.000Z</time>
        <extensions>
          <ns3:TrackPointExtension>
            <ns3:atemp>31.0</ns3:atemp>
            <ns3:hr>145</ns3:hr>
          </ns3:TrackPointExtension>
        </extensions>
      </trkpt>
      <trkpt lat="48.6377642489969730377197265625" lon="-2.4197181500494480133056640625">
        <ele>32.59999847412109375</ele>
        <time>2025-08-18T13:37:29.000Z</time>
        <extensions>
          <ns3:TrackPointExtension>
            <ns3:atemp>31.0</ns3:atemp>
            <ns3:hr>145</ns3:hr>
          </ns3:TrackPointExtension>
        </extensions>
      </trkpt>
      <trkpt lat="48.63776701502501964569091796875" lon="-2.41974472068250179290771484375">
        <ele>32.799999237060546875</ele>
        <time>2025-08-18T13:37:31.000Z</time>
        <extensions>
          <ns3:TrackPointExtension>
            <ns3:atemp>31.0</ns3:atemp>
            <ns3:hr>145</ns3:hr>
          </ns3:TrackPointExtension>
        </extensions>
      </trkpt>
      <trkpt lat="48.63776869140565395355224609375" lon="-2.419760562479496002197265625">
        <ele>33</ele>
        <time>2025-08-18T13:37:32.000Z</time>
        <extensions>
          <ns3:TrackPointExtension>
            <ns3:atemp>31.0</ns3:atemp>
            <ns3:hr>146</ns3:hr>
          </ns3:TrackPointExtension>
        </extensions>
      </trkpt>
      <trkpt lat="48.63778428174555301666259765625" lon="-2.41983071900904178619384765625">
        <ele>34</ele>
        <time>2025-08-18T13:37:38.000Z</time>
        <extensions>
          <ns3:TrackPointExtension>
            <ns3:atemp>31.0</ns3:atemp>
            <ns3:hr>148</ns3:hr>
          </ns3:TrackPointExtension>
        </extensions>
      </trkpt>
      <trkpt lat="48.63782350905239582061767578125" lon="-2.41991135291755199432373046875">
        <ele>35</ele>
        <time>2025-08-18T13:37:44.000Z</time>
        <extensions>
          <ns3:TrackPointExtension>
            <ns3:atemp>31.0</ns3:atemp>
            <ns3:hr>151</ns3:hr>
          </ns3:TrackPointExtension>
        </extensions>
      </trkpt>
      <trkpt lat="48.63783004693686962127685546875" lon="-2.41994253359735012054443359375">
        <ele>35.40000152587890625</ele>
        <time>2025-08-18T13:37:46.000Z</time>
        <extensions>
          <ns3:TrackPointExtension>
            <ns3:atemp>31.0</ns3:atemp>
            <ns3:hr>150</ns3:hr>
          </ns3:TrackPointExtension>
        </extensions>
      </trkpt>
      <trkpt lat="48.63784144632518291473388671875" lon="-2.41998243145644664764404296875">
        <ele>36.200000762939453125</ele>
        <time>2025-08-18T13:37:49.000Z</time>
        <extensions>
          <ns3:TrackPointExtension>
            <ns3:atemp>31.0</ns3:atemp>
            <ns3:hr>150</ns3:hr>
          </ns3:TrackPointExtension>
        </extensions>
      </trkpt>
      <trkpt lat="48.63785267807543277740478515625" lon="-2.4200232513248920440673828125">
        <ele>36.59999847412109375</ele>
        <time>2025-08-18T13:37:52.000Z</time>
        <extensions>
          <ns3:TrackPointExtension>
            <ns3:atemp>31.0</ns3:atemp>
            <ns3:hr>150</ns3:hr>
          </ns3:TrackPointExtension>
        </extensions>
      </trkpt>
      <trkpt lat="48.63786390982568264007568359375" lon="-2.420060969889163970947265625">
        <ele>37.200000762939453125</ele>
        <time>2025-08-18T13:37:56.000Z</time>
        <extensions>
          <ns3:TrackPointExtension>
            <ns3:atemp>31.0</ns3:atemp>
            <ns3:hr>150</ns3:hr>
          </ns3:TrackPointExtension>
        </extensions>
      </trkpt>
      <trkpt lat="48.6378655023872852325439453125" lon="-2.42008284665644168853759765625">
        <ele>37.40000152587890625</ele>
        <time>2025-08-18T13:37:58.000Z</time>
        <extensions>
          <ns3:TrackPointExtension>
            <ns3:atemp>31.0</ns3:atemp>
            <ns3:hr>152</ns3:hr>
          </ns3:TrackPointExtension>
        </extensions>
      </trkpt>
      <trkpt lat="48.63788838498294353485107421875" lon="-2.42012106813490390777587890625">
        <ele>38.200000762939453125</ele>
        <time>2025-08-18T13:38:02.000Z</time>
        <extensions>
          <ns3:TrackPointExtension>
            <ns3:atemp>31.0</ns3:atemp>
            <ns3:hr>152</ns3:hr>
          </ns3:TrackPointExtension>
        </extensions>
      </trkpt>
      <trkpt lat="48.63791017793118953704833984375" lon="-2.42015023715794086456298828125">
        <ele>38.59999847412109375</ele>
        <time>2025-08-18T13:38:05.000Z</time>
        <extensions>
          <ns3:TrackPointExtension>
            <ns3:atemp>31.0</ns3:atemp>
            <ns3:hr>153</ns3:hr>
          </ns3:TrackPointExtension>
        </extensions>
      </trkpt>
      <trkpt lat="48.63792928867042064666748046875" lon="-2.42021343670785427093505859375">
        <ele>39.40000152587890625</ele>
        <time>2025-08-18T13:38:09.000Z</time>
        <extensions>
          <ns3:TrackPointExtension>
            <ns3:atemp>31.0</ns3:atemp>
            <ns3:hr>153</ns3:hr>
          </ns3:TrackPointExtension>
        </extensions>
      </trkpt>
      <trkpt lat="48.63794068805873394012451171875" lon="-2.42025735788047313690185546875">
        <ele>39.799999237060546875</ele>
        <time>2025-08-18T13:38:12.000Z</time>
        <extensions>
          <ns3:TrackPointExtension>
            <ns3:atemp>31.0</ns3:atemp>
            <ns3:hr>153</ns3:hr>
          </ns3:TrackPointExtension>
        </extensions>
      </trkpt>
      <trkpt lat="48.63794890232384204864501953125" lon="-2.42031209170818328857421875">
        <ele>40.59999847412109375</ele>
        <time>2025-08-18T13:38:16.000Z</time>
        <extensions>
          <ns3:TrackPointExtension>
            <ns3:atemp>31.0</ns3:atemp>
            <ns3:hr>153</ns3:hr>
          </ns3:TrackPointExtension>
        </extensions>
      </trkpt>
      <trkpt lat="48.6379479803144931793212890625" lon="-2.4203548394143581390380859375">
        <ele>41</ele>
        <time>2025-08-18T13:38:19.000Z</time>
        <extensions>
          <ns3:TrackPointExtension>
            <ns3:atemp>31.0</ns3:atemp>
            <ns3:hr>154</ns3:hr>
          </ns3:TrackPointExtension>
        </extensions>
      </trkpt>
      <trkpt lat="48.63794110715389251708984375" lon="-2.42040152661502361297607421875">
        <ele>41.59999847412109375</ele>
        <time>2025-08-18T13:38:23.000Z</time>
        <extensions>
          <ns3:TrackPointExtension>
            <ns3:atemp>31.0</ns3:atemp>
            <ns3:hr>155</ns3:hr>
          </ns3:TrackPointExtension>
        </extensions>
      </trkpt>
      <trkpt lat="48.63793683238327503204345703125" lon="-2.42042566649615764617919921875">
        <ele>41.799999237060546875</ele>
        <time>2025-08-18T13:38:26.000Z</time>
        <extensions>
          <ns3:TrackPointExtension>
            <ns3:atemp>31.0</ns3:atemp>
            <ns3:hr>156</ns3:hr>
          </ns3:TrackPointExtension>
        </extensions>
      </trkpt>
      <trkpt lat="48.6379270255565643310546875" lon="-2.420472688972949981689453125">
        <ele>42</ele>
        <time>2025-08-18T13:38:29.000Z</time>
        <extensions>
          <ns3:TrackPointExtension>
            <ns3:atemp>31.0</ns3:atemp>
            <ns3:hr>155</ns3:hr>
          </ns3:TrackPointExtension>
        </extensions>
      </trkpt>
      <trkpt lat="48.63791554234921932220458984375" lon="-2.420547790825366973876953125">
        <ele>42.200000762939453125</ele>
        <time>2025-08-18T13:38:34.000Z</time>
        <extensions>
          <ns3:TrackPointExtension>
            <ns3:atemp>31.0</ns3:atemp>
            <ns3:hr>155</ns3:hr>
          </ns3:TrackPointExtension>
        </extensions>
      </trkpt>
      <trkpt lat="48.63788804970681667327880859375" lon="-2.42064334452152252197265625">
        <ele>42.59999847412109375</ele>
        <time>2025-08-18T13:38:40.000Z</time>
        <extensions>
          <ns3:TrackPointExtension>
            <ns3:atemp>31.0</ns3:atemp>
            <ns3:hr>153</ns3:hr>
          </ns3:TrackPointExtension>
        </extensions>
      </trkpt>
      <trkpt lat="48.63788075745105743408203125" lon="-2.42066689766943454742431640625">
        <ele>42.799999237060546875</ele>
        <time>2025-08-18T13:38:42.000Z</time>
        <extensions>
          <ns3:TrackPointExtension>
            <ns3:atemp>31.0</ns3:atemp>
            <ns3:hr>153</ns3:hr>
          </ns3:TrackPointExtension>
        </extensions>
      </trkpt>
      <trkpt lat="48.637871704995632171630859375" lon="-2.42069237865507602691650390625">
        <ele>43.200000762939453125</ele>
        <time>2025-08-18T13:38:45.000Z</time>
        <extensions>
          <ns3:TrackPointExtension>
            <ns3:atemp>31.0</ns3:atemp>
            <ns3:hr>150</ns3:hr>
          </ns3:TrackPointExtension>
        </extensions>
      </trkpt>
      <trkpt lat="48.63786390982568264007568359375" lon="-2.42072054184973239898681640625">
        <ele>43.200000762939453125</ele>
        <time>2025-08-18T13:38:47.000Z</time>
        <extensions>
          <ns3:TrackPointExtension>
            <ns3:atemp>31.0</ns3:atemp>
            <ns3:hr>147</ns3:hr>
          </ns3:TrackPointExtension>
        </extensions>
      </trkpt>
      <trkpt lat="48.63785988651216030120849609375" lon="-2.42074585519731044769287109375">
        <ele>43.40000152587890625</ele>
        <time>2025-08-18T13:38:49.000Z</time>
        <extensions>
          <ns3:TrackPointExtension>
            <ns3:atemp>31.0</ns3:atemp>
            <ns3:hr>145</ns3:hr>
          </ns3:TrackPointExtension>
        </extensions>
      </trkpt>
      <trkpt lat="48.637847565114498138427734375" lon="-2.42079220712184906005859375">
        <ele>43.59999847412109375</ele>
        <time>2025-08-18T13:38:53.000Z</time>
        <extensions>
          <ns3:TrackPointExtension>
            <ns3:atemp>31.0</ns3:atemp>
            <ns3:hr>143</ns3:hr>
          </ns3:TrackPointExtension>
        </extensions>
      </trkpt>
      <trkpt lat="48.63783256150782108306884765625" lon="-2.420826070010662078857421875">
        <ele>43.799999237060546875</ele>
        <time>2025-08-18T13:38:56.000Z</time>
        <extensions>
          <ns3:TrackPointExtension>
            <ns3:atemp>31.0</ns3:atemp>
            <ns3:hr>143</ns3:hr>
          </ns3:TrackPointExtension>
        </extensions>
      </trkpt>
      <trkpt lat="48.63780356012284755706787109375" lon="-2.420904524624347686767578125">
        <ele>44.59999847412109375</ele>
        <time>2025-08-18T13:39:02.000Z</time>
        <extensions>
          <ns3:TrackPointExtension>
            <ns3:atemp>31.0</ns3:atemp>
            <ns3:hr>139</ns3:hr>
          </ns3:TrackPointExtension>
        </extensions>
      </trkpt>
      <trkpt lat="48.6377746425569057464599609375" lon="-2.4209586717188358306884765625">
        <ele>45</ele>
        <time>2025-08-18T13:39:07.000Z</time>
        <extensions>
          <ns3:TrackPointExtension>
            <ns3:atemp>31.0</ns3:atemp>
            <ns3:hr>139</ns3:hr>
          </ns3:TrackPointExtension>
        </extensions>
      </trkpt>
      <trkpt lat="48.637740947306156158447265625" lon="-2.42105933837592601776123046875">
        <ele>45.59999847412109375</ele>
        <time>2025-08-18T13:39:14.000Z</time>
        <extensions>
          <ns3:TrackPointExtension>
            <ns3:atemp>31.0</ns3:atemp>
            <ns3:hr>137</ns3:hr>
          </ns3:TrackPointExtension>
        </extensions>
      </trkpt>
      <trkpt lat="48.63773382268846035003662109375" lon="-2.4210874177515506744384765625">
        <ele>45.799999237060546875</ele>
        <time>2025-08-18T13:39:16.000Z</time>
        <extensions>
          <ns3:TrackPointExtension>
            <ns3:atemp>31.0</ns3:atemp>
            <ns3:hr>137</ns3:hr>
          </ns3:TrackPointExtension>
        </extensions>
      </trkpt>
      <trkpt lat="48.6377240158617496490478515625" lon="-2.421119101345539093017578125">
        <ele>45.799999237060546875</ele>
        <time>2025-08-18T13:39:18.000Z</time>
        <extensions>
          <ns3:TrackPointExtension>
            <ns3:atemp>31.0</ns3:atemp>
            <ns3:hr>137</ns3:hr>
          </ns3:TrackPointExtension>
        </extensions>
      </trkpt>
      <trkpt lat="48.6376963555812835693359375" lon="-2.42118372581899166107177734375">
        <ele>46.200000762939453125</ele>
        <time>2025-08-18T13:39:23.000Z</time>
        <extensions>
          <ns3:TrackPointExtension>
            <ns3:atemp>31.0</ns3:atemp>
            <ns3:hr>137</ns3:hr>
          </ns3:TrackPointExtension>
        </extensions>
      </trkpt>
      <trkpt lat="48.63766081631183624267578125" lon="-2.4212466739118099212646484375">
        <ele>46.799999237060546875</ele>
        <time>2025-08-18T13:39:28.000Z</time>
        <extensions>
          <ns3:TrackPointExtension>
            <ns3:atemp>31.0</ns3:atemp>
            <ns3:hr>137</ns3:hr>
          </ns3:TrackPointExtension>
        </extensions>
      </trkpt>
      <trkpt lat="48.637649752199649810791015625" lon="-2.4212684668600559234619140625">
        <ele>47</ele>
        <time>2025-08-18T13:39:31.000Z</time>
        <extensions>
          <ns3:TrackPointExtension>
            <ns3:atemp>31.0</ns3:atemp>
            <ns3:hr>135</ns3:hr>
          </ns3:TrackPointExtension>
        </extensions>
      </trkpt>
      <trkpt lat="48.6376489140093326568603515625" lon="-2.42127978242933750152587890625">
        <ele>47.200000762939453125</ele>
        <time>2025-08-18T13:39:32.000Z</time>
        <extensions>
          <ns3:TrackPointExtension>
            <ns3:atemp>31.0</ns3:atemp>
            <ns3:hr>135</ns3:hr>
          </ns3:TrackPointExtension>
        </extensions>
      </trkpt>
      <trkpt lat="48.63764346577227115631103515625" lon="-2.4212919361889362335205078125">
        <ele>47.200000762939453125</ele>
        <time>2025-08-18T13:39:33.000Z</time>
        <extensions>
          <ns3:TrackPointExtension>
            <ns3:atemp>31.0</ns3:atemp>
            <ns3:hr>135</ns3:hr>
          </ns3:TrackPointExtension>
        </extensions>
      </trkpt>
      <trkpt lat="48.6376090161502361297607421875" lon="-2.421359829604625701904296875">
        <ele>47.59999847412109375</ele>
        <time>2025-08-18T13:39:39.000Z</time>
        <extensions>
          <ns3:TrackPointExtension>
            <ns3:atemp>31.0</ns3:atemp>
            <ns3:hr>134</ns3:hr>
          </ns3:TrackPointExtension>
        </extensions>
      </trkpt>
      <trkpt lat="48.63760205917060375213623046875" lon="-2.42137416265904903411865234375">
        <ele>47.799999237060546875</ele>
        <time>2025-08-18T13:39:40.000Z</time>
        <extensions>
          <ns3:TrackPointExtension>
            <ns3:atemp>31.0</ns3:atemp>
            <ns3:hr>134</ns3:hr>
          </ns3:TrackPointExtension>
        </extensions>
      </trkpt>
      <trkpt lat="48.6375661008059978485107421875" lon="-2.42143635638058185577392578125">
        <ele>48.200000762939453125</ele>
        <time>2025-08-18T13:39:46.000Z</time>
        <extensions>
          <ns3:TrackPointExtension>
            <ns3:atemp>31.0</ns3:atemp>
            <ns3:hr>134</ns3:hr>
          </ns3:TrackPointExtension>
        </extensions>
      </trkpt>
      <trkpt lat="48.63755327649414539337158203125" lon="-2.4214555509388446807861328125">
        <ele>48.799999237060546875</ele>
        <time>2025-08-18T13:39:49.000Z</time>
        <extensions>
          <ns3:TrackPointExtension>
            <ns3:atemp>31.0</ns3:atemp>
            <ns3:hr>135</ns3:hr>
          </ns3:TrackPointExtension>
        </extensions>
      </trkpt>
      <trkpt lat="48.63752259872853755950927734375" lon="-2.421508692204952239990234375">
        <ele>49.40000152587890625</ele>
        <time>2025-08-18T13:39:53.000Z</time>
        <extensions>
          <ns3:TrackPointExtension>
            <ns3:atemp>31.0</ns3:atemp>
            <ns3:hr>135</ns3:hr>
          </ns3:TrackPointExtension>
        </extensions>
      </trkpt>
      <trkpt lat="48.6374943517148494720458984375" lon="-2.42153392173349857330322265625">
        <ele>49.799999237060546875</ele>
        <time>2025-08-18T13:39:56.000Z</time>
        <extensions>
          <ns3:TrackPointExtension>
            <ns3:atemp>31.0</ns3:atemp>
            <ns3:hr>136</ns3:hr>
          </ns3:TrackPointExtension>
        </extensions>
      </trkpt>
      <trkpt lat="48.6374702118337154388427734375" lon="-2.42158924229443073272705078125">
        <ele>50.799999237060546875</ele>
        <time>2025-08-18T13:40:01.000Z</time>
        <extensions>
          <ns3:TrackPointExtension>
            <ns3:atemp>31.0</ns3:atemp>
            <ns3:hr>136</ns3:hr>
          </ns3:TrackPointExtension>
        </extensions>
      </trkpt>
      <trkpt lat="48.637455292046070098876953125" lon="-2.421611286699771881103515625">
        <ele>51</ele>
        <time>2025-08-18T13:40:03.000Z</time>
        <extensions>
          <ns3:TrackPointExtension>
            <ns3:atemp>31.0</ns3:atemp>
            <ns3:hr>137</ns3:hr>
          </ns3:TrackPointExtension>
        </extensions>
      </trkpt>
      <trkpt lat="48.6374021507799625396728515625" lon="-2.4216734804213047027587890625">
        <ele>52.200000762939453125</ele>
        <time>2025-08-18T13:40:10.000Z</time>
        <extensions>
          <ns3:TrackPointExtension>
            <ns3:atemp>31.0</ns3:atemp>
            <ns3:hr>137</ns3:hr>
          </ns3:TrackPointExtension>
        </extensions>
      </trkpt>
      <trkpt lat="48.63738396205008029937744140625" lon="-2.421715222299098968505859375">
        <ele>52.799999237060546875</ele>
        <time>2025-08-18T13:40:13.000Z</time>
        <extensions>
          <ns3:TrackPointExtension>
            <ns3:atemp>31.0</ns3:atemp>
            <ns3:hr>137</ns3:hr>
          </ns3:TrackPointExtension>
        </extensions>
      </trkpt>
      <trkpt lat="48.63738077692687511444091796875" lon="-2.4217308126389980316162109375">
        <ele>53.200000762939453125</ele>
        <time>2025-08-18T13:40:15.000Z</time>
        <extensions>
          <ns3:TrackPointExtension>
            <ns3:atemp>31.0</ns3:atemp>
            <ns3:hr>137</ns3:hr>
          </ns3:TrackPointExtension>
        </extensions>
      </trkpt>
      <trkpt lat="48.63738119602203369140625" lon="-2.42174129001796245574951171875">
        <ele>53.59999847412109375</ele>
        <time>2025-08-18T13:40:16.000Z</time>
        <extensions>
          <ns3:TrackPointExtension>
            <ns3:atemp>31.0</ns3:atemp>
            <ns3:hr>138</ns3:hr>
          </ns3:TrackPointExtension>
        </extensions>
      </trkpt>
      <trkpt lat="48.637367449700832366943359375" lon="-2.42175905965268611907958984375">
        <ele>54.200000762939453125</ele>
        <time>2025-08-18T13:40:19.000Z</time>
        <extensions>
          <ns3:TrackPointExtension>
            <ns3:atemp>31.0</ns3:atemp>
            <ns3:hr>141</ns3:hr>
          </ns3:TrackPointExtension>
        </extensions>
      </trkpt>
      <trkpt lat="48.63736317493021488189697265625" lon="-2.4217670224606990814208984375">
        <ele>54.40000152587890625</ele>
        <time>2025-08-18T13:40:20.000Z</time>
        <extensions>
          <ns3:TrackPointExtension>
            <ns3:atemp>31.0</ns3:atemp>
            <ns3:hr>143</ns3:hr>
          </ns3:TrackPointExtension>
        </extensions>
      </trkpt>
      <trkpt lat="48.637357056140899658203125" lon="-2.4217857979238033294677734375">
        <ele>54.799999237060546875</ele>
        <time>2025-08-18T13:40:22.000Z</time>
        <extensions>
          <ns3:TrackPointExtension>
            <ns3:atemp>31.0</ns3:atemp>
            <ns3:hr>146</ns3:hr>
          </ns3:TrackPointExtension>
        </extensions>
      </trkpt>
      <trkpt lat="48.6373538710176944732666015625" lon="-2.4217971973121166229248046875">
        <ele>55</ele>
        <time>2025-08-18T13:40:23.000Z</time>
        <extensions>
          <ns3:TrackPointExtension>
            <ns3:atemp>31.0</ns3:atemp>
            <ns3:hr>146</ns3:hr>
          </ns3:TrackPointExtension>
        </extensions>
      </trkpt>
      <trkpt lat="48.6373451538383960723876953125" lon="-2.42183265276253223419189453125">
        <ele>55.59999847412109375</ele>
        <time>2025-08-18T13:40:26.000Z</time>
        <extensions>
          <ns3:TrackPointExtension>
            <ns3:atemp>31.0</ns3:atemp>
            <ns3:hr>148</ns3:hr>
          </ns3:TrackPointExtension>
        </extensions>
      </trkpt>
      <trkpt lat="48.63734431564807891845703125" lon="-2.42187288589775562286376953125">
        <ele>56.40000152587890625</ele>
        <time>2025-08-18T13:40:32.000Z</time>
        <extensions>
          <ns3:TrackPointExtension>
            <ns3:atemp>31.0</ns3:atemp>
            <ns3:hr>151</ns3:hr>
          </ns3:TrackPointExtension>
        </extensions>
      </trkpt>
      <trkpt lat="48.63734909333288669586181640625" lon="-2.42187707684934139251708984375">
        <ele>56.59999847412109375</ele>
        <time>2025-08-18T13:40:33.000Z</time>
        <extensions>
          <ns3:TrackPointExtension>
            <ns3:atemp>31.0</ns3:atemp>
            <ns3:hr>152</ns3:hr>
          </ns3:TrackPointExtension>
        </extensions>
      </trkpt>
      <trkpt lat="48.63735395483672618865966796875" lon="-2.42188814096152782440185546875">
        <ele>57</ele>
        <time>2025-08-18T13:40:38.000Z</time>
        <extensions>
          <ns3:TrackPointExtension>
            <ns3:atemp>31.0</ns3:atemp>
            <ns3:hr>154</ns3:hr>
          </ns3:TrackPointExtension>
        </extensions>
      </trkpt>
      <trkpt lat="48.63734138198196887969970703125" lon="-2.42188093252480030059814453125">
        <ele>56.799999237060546875</ele>
        <time>2025-08-18T13:40:44.000Z</time>
        <extensions>
          <ns3:TrackPointExtension>
            <ns3:atemp>31.0</ns3:atemp>
            <ns3:hr>155</ns3:hr>
          </ns3:TrackPointExtension>
        </extensions>
      </trkpt>
      <trkpt lat="48.63732931204140186309814453125" lon="-2.42188763804733753204345703125">
        <ele>57</ele>
        <time>2025-08-18T13:40:47.000Z</time>
        <extensions>
          <ns3:TrackPointExtension>
            <ns3:atemp>31.0</ns3:atemp>
            <ns3:hr>156</ns3:hr>
          </ns3:TrackPointExtension>
        </extensions>
      </trkpt>
      <trkpt lat="48.63732947967946529388427734375" lon="-2.421903647482395172119140625">
        <ele>57.200000762939453125</ele>
        <time>2025-08-18T13:41:01.000Z</time>
        <extensions>
          <ns3:TrackPointExtension>
            <ns3:atemp>31.0</ns3:atemp>
            <ns3:hr>156</ns3:hr>
          </ns3:TrackPointExtension>
        </extensions>
      </trkpt>
      <trkpt lat="48.63732947967946529388427734375" lon="-2.421903647482395172119140625">
        <ele>57.200000762939453125</ele>
        <time>2025-08-18T13:41:05.000Z</time>
        <extensions>
          <ns3:TrackPointExtension>
            <ns3:atemp>31.0</ns3:atemp>
            <ns3:hr>154</ns3:hr>
          </ns3:TrackPointExtension>
        </extensions>
      </trkpt>
      <trkpt lat="48.63732947967946529388427734375" lon="-2.4219028092920780181884765625">
        <ele>57</ele>
        <time>2025-08-18T13:41:07.000Z</time>
        <extensions>
          <ns3:TrackPointExtension>
            <ns3:atemp>31.0</ns3:atemp>
            <ns3:hr>155</ns3:hr>
          </ns3:TrackPointExtension>
        </extensions>
      </trkpt>
      <trkpt lat="48.63739904947578907012939453125" lon="-2.42189987562596797943115234375">
        <ele>56.799999237060546875</ele>
        <time>2025-08-18T13:41:14.000Z</time>
        <extensions>
          <ns3:TrackPointExtension>
            <ns3:atemp>31.0</ns3:atemp>
            <ns3:hr>154</ns3:hr>
          </ns3:TrackPointExtension>
        </extensions>
      </trkpt>
      <trkpt lat="48.63748018629848957061767578125" lon="-2.42187992669641971588134765625">
        <ele>57.40000152587890625</ele>
        <time>2025-08-18T13:41:21.000Z</time>
        <extensions>
          <ns3:TrackPointExtension>
            <ns3:atemp>31.0</ns3:atemp>
            <ns3:hr>153</ns3:hr>
          </ns3:TrackPointExtension>
        </extensions>
      </trkpt>
      <trkpt lat="48.637504912912845611572265625" lon="-2.42187992669641971588134765625">
        <ele>57.59999847412109375</ele>
        <time>2025-08-18T13:41:23.000Z</time>
        <extensions>
          <ns3:TrackPointExtension>
            <ns3:atemp>31.0</ns3:atemp>
            <ns3:hr>152</ns3:hr>
          </ns3:TrackPointExtension>
        </extensions>
      </trkpt>
      <trkpt lat="48.63751639612019062042236328125" lon="-2.42187850177288055419921875">
        <ele>57.59999847412109375</ele>
        <time>2025-08-18T13:41:24.000Z</time>
        <extensions>
          <ns3:TrackPointExtension>
            <ns3:atemp>31.0</ns3:atemp>
            <ns3:hr>151</ns3:hr>
          </ns3:TrackPointExtension>
        </extensions>
      </trkpt>
      <trkpt lat="48.6375255323946475982666015625" lon="-2.42187053896486759185791015625">
        <ele>57.59999847412109375</ele>
        <time>2025-08-18T13:41:25.000Z</time>
        <extensions>
          <ns3:TrackPointExtension>
            <ns3:atemp>31.0</ns3:atemp>
            <ns3:hr>150</ns3:hr>
          </ns3:TrackPointExtension>
        </extensions>
      </trkpt>
      <trkpt lat="48.637567944824695587158203125" lon="-2.42183650843799114227294921875">
        <ele>57.799999237060546875</ele>
        <time>2025-08-18T13:41:29.000Z</time>
        <extensions>
          <ns3:TrackPointExtension>
            <ns3:atemp>31.0</ns3:atemp>
            <ns3:hr>147</ns3:hr>
          </ns3:TrackPointExtension>
        </extensions>
      </trkpt>
      <trkpt lat="48.63757993094623088836669921875" lon="-2.42183181457221508026123046875">
        <ele>57.799999237060546875</ele>
        <time>2025-08-18T13:41:30.000Z</time>
        <extensions>
          <ns3:TrackPointExtension>
            <ns3:atemp>31.0</ns3:atemp>
            <ns3:hr>147</ns3:hr>
          </ns3:TrackPointExtension>
        </extensions>
      </trkpt>
      <trkpt lat="48.6376673541963100433349609375" lon="-2.4217982031404972076416015625">
        <ele>57.40000152587890625</ele>
        <time>2025-08-18T13:41:38.000Z</time>
        <extensions>
          <ns3:TrackPointExtension>
            <ns3:atemp>31.0</ns3:atemp>
            <ns3:hr>148</ns3:hr>
          </ns3:TrackPointExtension>
        </extensions>
      </trkpt>
      <trkpt lat="48.63775335252285003662109375" lon="-2.42178688757121562957763671875">
        <ele>57.40000152587890625</ele>
        <time>2025-08-18T13:41:48.000Z</time>
        <extensions>
          <ns3:TrackPointExtension>
            <ns3:atemp>31.0</ns3:atemp>
            <ns3:hr>145</ns3:hr>
          </ns3:TrackPointExtension>
        </extensions>
      </trkpt>
      <trkpt lat="48.63780003972351551055908203125" lon="-2.42176559753715991973876953125">
        <ele>57</ele>
        <time>2025-08-18T13:41:55.000Z</time>
        <extensions>
          <ns3:TrackPointExtension>
            <ns3:atemp>31.0</ns3:atemp>
            <ns3:hr>145</ns3:hr>
          </ns3:TrackPointExtension>
        </extensions>
      </trkpt>
      <trkpt lat="48.637845218181610107421875" lon="-2.42174707353115081787109375">
        <ele>57.200000762939453125</ele>
        <time>2025-08-18T13:42:01.000Z</time>
        <extensions>
          <ns3:TrackPointExtension>
            <ns3:atemp>31.0</ns3:atemp>
            <ns3:hr>143</ns3:hr>
          </ns3:TrackPointExtension>
        </extensions>
      </trkpt>
      <trkpt lat="48.63786332309246063232421875" lon="-2.42175453342497348785400390625">
        <ele>57.200000762939453125</ele>
        <time>2025-08-18T13:42:05.000Z</time>
        <extensions>
          <ns3:TrackPointExtension>
            <ns3:atemp>31.0</ns3:atemp>
            <ns3:hr>140</ns3:hr>
          </ns3:TrackPointExtension>
        </extensions>
      </trkpt>
      <trkpt lat="48.6378631554543972015380859375" lon="-2.42175403051078319549560546875">
        <ele>57</ele>
        <time>2025-08-18T13:42:07.000Z</time>
        <extensions>
          <ns3:TrackPointExtension>
            <ns3:atemp>31.0</ns3:atemp>
            <ns3:hr>140</ns3:hr>
          </ns3:TrackPointExtension>
        </extensions>
      </trkpt>
      <trkpt lat="48.63786793313920497894287109375" lon="-2.42175579071044921875">
        <ele>56.40000152587890625</ele>
        <time>2025-08-18T13:42:09.000Z</time>
        <extensions>
          <ns3:TrackPointExtension>
            <ns3:atemp>31.0</ns3:atemp>
            <ns3:hr>139</ns3:hr>
          </ns3:TrackPointExtension>
        </extensions>
      </trkpt>
      <trkpt lat="48.63786525093019008636474609375" lon="-2.42175335995852947235107421875">
        <ele>56.40000152587890625</ele>
        <time>2025-08-18T13:42:10.000Z</time>
        <extensions>
          <ns3:TrackPointExtension>
            <ns3:atemp>31.0</ns3:atemp>
            <ns3:hr>136</ns3:hr>
          </ns3:TrackPointExtension>
        </extensions>
      </trkpt>
      <trkpt lat="48.63786944188177585601806640625" lon="-2.42173978127539157867431640625">
        <ele>56.799999237060546875</ele>
        <time>2025-08-18T13:42:13.000Z</time>
        <extensions>
          <ns3:TrackPointExtension>
            <ns3:atemp>31.0</ns3:atemp>
            <ns3:hr>138</ns3:hr>
          </ns3:TrackPointExtension>
        </extensions>
      </trkpt>
      <trkpt lat="48.6379028856754302978515625" lon="-2.4217294715344905853271484375">
        <ele>57.200000762939453125</ele>
        <time>2025-08-18T13:42:16.000Z</time>
        <extensions>
          <ns3:TrackPointExtension>
            <ns3:atemp>31.0</ns3:atemp>
            <ns3:hr>134</ns3:hr>
          </ns3:TrackPointExtension>
        </extensions>
      </trkpt>
      <trkpt lat="48.63792425952851772308349609375" lon="-2.42172251455485820770263671875">
        <ele>57.200000762939453125</ele>
        <time>2025-08-18T13:42:18.000Z</time>
        <extensions>
          <ns3:TrackPointExtension>
            <ns3:atemp>31.0</ns3:atemp>
            <ns3:hr>131</ns3:hr>
          </ns3:TrackPointExtension>
        </extensions>
      </trkpt>
      <trkpt lat="48.63793683238327503204345703125" lon="-2.42171916179358959197998046875">
        <ele>57.40000152587890625</ele>
        <time>2025-08-18T13:42:19.000Z</time>
        <extensions>
          <ns3:TrackPointExtension>
            <ns3:atemp>31.0</ns3:atemp>
            <ns3:hr>131</ns3:hr>
          </ns3:TrackPointExtension>
        </extensions>
      </trkpt>
      <trkpt lat="48.638032972812652587890625" lon="-2.4216969497501850128173828125">
        <ele>57.799999237060546875</ele>
        <time>2025-08-18T13:42:27.000Z</time>
        <extensions>
          <ns3:TrackPointExtension>
            <ns3:atemp>30.0</ns3:atemp>
            <ns3:hr>131</ns3:hr>
          </ns3:TrackPointExtension>
        </extensions>
      </trkpt>
      <trkpt lat="48.63804345019161701202392578125" lon="-2.42169753648340702056884765625">
        <ele>57.59999847412109375</ele>
        <time>2025-08-18T13:42:28.000Z</time>
        <extensions>
          <ns3:TrackPointExtension>
            <ns3:atemp>30.0</ns3:atemp>
            <ns3:hr>130</ns3:hr>
          </ns3:TrackPointExtension>
        </extensions>
      </trkpt>
      <trkpt lat="48.63805375993251800537109375" lon="-2.4216942675411701202392578125">
        <ele>57.59999847412109375</ele>
        <time>2025-08-18T13:42:29.000Z</time>
        <extensions>
          <ns3:TrackPointExtension>
            <ns3:atemp>30.0</ns3:atemp>
            <ns3:hr>130</ns3:hr>
          </ns3:TrackPointExtension>
        </extensions>
      </trkpt>
      <trkpt lat="48.63806675188243389129638671875" lon="-2.42168345488607883453369140625">
        <ele>57</ele>
        <time>2025-08-18T13:42:34.000Z</time>
        <extensions>
          <ns3:TrackPointExtension>
            <ns3:atemp>30.0</ns3:atemp>
            <ns3:hr>127</ns3:hr>
          </ns3:TrackPointExtension>
        </extensions>
      </trkpt>
      <trkpt lat="48.6380891315639019012451171875" lon="-2.4216979555785655975341796875">
        <ele>56.799999237060546875</ele>
        <time>2025-08-18T13:42:37.000Z</time>
        <extensions>
          <ns3:TrackPointExtension>
            <ns3:atemp>30.0</ns3:atemp>
            <ns3:hr>124</ns3:hr>
          </ns3:TrackPointExtension>
        </extensions>
      </trkpt>
      <trkpt lat="48.63812391646206378936767578125" lon="-2.42169770412147045135498046875">
        <ele>56.799999237060546875</ele>
        <time>2025-08-18T13:42:40.000Z</time>
        <extensions>
          <ns3:TrackPointExtension>
            <ns3:atemp>30.0</ns3:atemp>
            <ns3:hr>121</ns3:hr>
          </ns3:TrackPointExtension>
        </extensions>
      </trkpt>
      <trkpt lat="48.63816716708242893218994140625" lon="-2.421714551746845245361328125">
        <ele>56.200000762939453125</ele>
        <time>2025-08-18T13:42:47.000Z</time>
        <extensions>
          <ns3:TrackPointExtension>
            <ns3:atemp>30.0</ns3:atemp>
            <ns3:hr>119</ns3:hr>
          </ns3:TrackPointExtension>
        </extensions>
      </trkpt>
      <trkpt lat="48.6381669156253337860107421875" lon="-2.421715557575225830078125">
        <ele>56.40000152587890625</ele>
        <time>2025-08-18T13:42:53.000Z</time>
        <extensions>
          <ns3:TrackPointExtension>
            <ns3:atemp>30.0</ns3:atemp>
            <ns3:hr>118</ns3:hr>
          </ns3:TrackPointExtension>
        </extensions>
      </trkpt>
      <trkpt lat="48.63821879960596561431884765625" lon="-2.4217073433101177215576171875">
        <ele>56.200000762939453125</ele>
        <time>2025-08-18T13:42:59.000Z</time>
        <extensions>
          <ns3:TrackPointExtension>
            <ns3:atemp>30.0</ns3:atemp>
            <ns3:hr>118</ns3:hr>
          </ns3:TrackPointExtension>
        </extensions>
      </trkpt>
      <trkpt lat="48.63831519149243831634521484375" lon="-2.4217442236840724945068359375">
        <ele>56.59999847412109375</ele>
        <time>2025-08-18T13:43:08.000Z</time>
        <extensions>
          <ns3:TrackPointExtension>
            <ns3:atemp>30.0</ns3:atemp>
            <ns3:hr>120</ns3:hr>
          </ns3:TrackPointExtension>
        </extensions>
      </trkpt>
      <trkpt lat="48.6384096555411815643310546875" lon="-2.4217757396399974822998046875">
        <ele>57</ele>
        <time>2025-08-18T13:43:17.000Z</time>
        <extensions>
          <ns3:TrackPointExtension>
            <ns3:atemp>30.0</ns3:atemp>
            <ns3:hr>119</ns3:hr>
          </ns3:TrackPointExtension>
        </extensions>
      </trkpt>
      <trkpt lat="48.638438321650028228759765625" lon="-2.4217925034463405609130859375">
        <ele>57</ele>
        <time>2025-08-18T13:43:20.000Z</time>
        <extensions>
          <ns3:TrackPointExtension>
            <ns3:atemp>30.0</ns3:atemp>
            <ns3:hr>117</ns3:hr>
          </ns3:TrackPointExtension>
        </extensions>
      </trkpt>
      <trkpt lat="48.63845475018024444580078125" lon="-2.4218094348907470703125">
        <ele>57</ele>
        <time>2025-08-18T13:43:22.000Z</time>
        <extensions>
          <ns3:TrackPointExtension>
            <ns3:atemp>30.0</ns3:atemp>
            <ns3:hr>114</ns3:hr>
          </ns3:TrackPointExtension>
        </extensions>
      </trkpt>
      <trkpt lat="48.63847947679460048675537109375" lon="-2.42184002883732318878173828125">
        <ele>57</ele>
        <time>2025-08-18T13:43:25.000Z</time>
        <extensions>
          <ns3:TrackPointExtension>
            <ns3:atemp>30.0</ns3:atemp>
            <ns3:hr>113</ns3:hr>
          </ns3:TrackPointExtension>
        </extensions>
      </trkpt>
      <trkpt lat="48.63854368217289447784423828125" lon="-2.421872131526470184326171875">
        <ele>57.200000762939453125</ele>
        <time>2025-08-18T13:43:32.000Z</time>
        <extensions>
          <ns3:TrackPointExtension>
            <ns3:atemp>31.0</ns3:atemp>
            <ns3:hr>113</ns3:hr>
          </ns3:TrackPointExtension>
        </extensions>
      </trkpt>
      <trkpt lat="48.63858425058424472808837890625" lon="-2.42191747762262821197509765625">
        <ele>57</ele>
        <time>2025-08-18T13:43:37.000Z</time>
        <extensions>
          <ns3:TrackPointExtension>
            <ns3:atemp>31.0</ns3:atemp>
            <ns3:hr>115</ns3:hr>
          </ns3:TrackPointExtension>
        </extensions>
      </trkpt>
      <trkpt lat="48.63859280012547969818115234375" lon="-2.4219207465648651123046875">
        <ele>56.799999237060546875</ele>
        <time>2025-08-18T13:43:40.000Z</time>
        <extensions>
          <ns3:TrackPointExtension>
            <ns3:atemp>31.0</ns3:atemp>
            <ns3:hr>115</ns3:hr>
          </ns3:TrackPointExtension>
        </extensions>
      </trkpt>
      <trkpt lat="48.6385895311832427978515625" lon="-2.42191848345100879669189453125">
        <ele>56.59999847412109375</ele>
        <time>2025-08-18T13:43:44.000Z</time>
        <extensions>
          <ns3:TrackPointExtension>
            <ns3:atemp>31.0</ns3:atemp>
            <ns3:hr>118</ns3:hr>
          </ns3:TrackPointExtension>
        </extensions>
      </trkpt>
      <trkpt lat="48.63859229721128940582275390625" lon="-2.42192435078322887420654296875">
        <ele>56.59999847412109375</ele>
        <time>2025-08-18T13:43:47.000Z</time>
        <extensions>
          <ns3:TrackPointExtension>
            <ns3:atemp>31.0</ns3:atemp>
            <ns3:hr>120</ns3:hr>
          </ns3:TrackPointExtension>
        </extensions>
      </trkpt>
      <trkpt lat="48.63859263248741626739501953125" lon="-2.4219259433448314666748046875">
        <ele>56.799999237060546875</ele>
        <time>2025-08-18T13:43:54.000Z</time>
        <extensions>
          <ns3:TrackPointExtension>
            <ns3:atemp>31.0</ns3:atemp>
            <ns3:hr>123</ns3:hr>
          </ns3:TrackPointExtension>
        </extensions>
      </trkpt>
      <trkpt lat="48.63859263248741626739501953125" lon="-2.4219259433448314666748046875">
        <ele>56.799999237060546875</ele>
        <time>2025-08-18T13:43:57.000Z</time>
        <extensions>
          <ns3:TrackPointExtension>
            <ns3:atemp>31.0</ns3:atemp>
            <ns3:hr>126</ns3:hr>
          </ns3:TrackPointExtension>
        </extensions>
      </trkpt>
      <trkpt lat="48.63860428333282470703125" lon="-2.4219287931919097900390625">
        <ele>56.40000152587890625</ele>
        <time>2025-08-18T13:44:15.000Z</time>
        <extensions>
          <ns3:TrackPointExtension>
            <ns3:atemp>30.0</ns3:atemp>
            <ns3:hr>129</ns3:hr>
          </ns3:TrackPointExtension>
        </extensions>
      </trkpt>
      <trkpt lat="48.63861744292080402374267578125" lon="-2.421947233378887176513671875">
        <ele>56.200000762939453125</ele>
        <time>2025-08-18T13:44:25.000Z</time>
        <extensions>
          <ns3:TrackPointExtension>
            <ns3:atemp>30.0</ns3:atemp>
            <ns3:hr>126</ns3:hr>
          </ns3:TrackPointExtension>
        </extensions>
      </trkpt>
      <trkpt lat="48.63862012512981891632080078125" lon="-2.42195201106369495391845703125">
        <ele>56.200000762939453125</ele>
        <time>2025-08-18T13:44:26.000Z</time>
        <extensions>
          <ns3:TrackPointExtension>
            <ns3:atemp>30.0</ns3:atemp>
            <ns3:hr>125</ns3:hr>
          </ns3:TrackPointExtension>
        </extensions>
      </trkpt>
      <trkpt lat="48.63868785090744495391845703125" lon="-2.4220426194369792938232421875">
        <ele>56.799999237060546875</ele>
        <time>2025-08-18T13:44:35.000Z</time>
        <extensions>
          <ns3:TrackPointExtension>
            <ns3:atemp>30.0</ns3:atemp>
            <ns3:hr>122</ns3:hr>
          </ns3:TrackPointExtension>
        </extensions>
      </trkpt>
      <trkpt lat="48.63876211456954479217529296875" lon="-2.422114871442317962646484375">
        <ele>56.40000152587890625</ele>
        <time>2025-08-18T13:44:44.000Z</time>
        <extensions>
          <ns3:TrackPointExtension>
            <ns3:atemp>30.0</ns3:atemp>
            <ns3:hr>121</ns3:hr>
          </ns3:TrackPointExtension>
        </extensions>
      </trkpt>
      <trkpt lat="48.63884501159191131591796875" lon="-2.42223079316318035125732421875">
        <ele>56.40000152587890625</ele>
        <time>2025-08-18T13:44:55.000Z</time>
        <extensions>
          <ns3:TrackPointExtension>
            <ns3:atemp>30.0</ns3:atemp>
            <ns3:hr>122</ns3:hr>
          </ns3:TrackPointExtension>
        </extensions>
      </trkpt>
      <trkpt lat="48.6389409005641937255859375" lon="-2.42220749147236347198486328125">
        <ele>56.59999847412109375</ele>
        <time>2025-08-18T13:45:04.000Z</time>
        <extensions>
          <ns3:TrackPointExtension>
            <ns3:atemp>30.0</ns3:atemp>
            <ns3:hr>123</ns3:hr>
          </ns3:TrackPointExtension>
        </extensions>
      </trkpt>
      <trkpt lat="48.63894148729741573333740234375" lon="-2.4222112633287906646728515625">
        <ele>55.59999847412109375</ele>
        <time>2025-08-18T13:45:08.000Z</time>
        <extensions>
          <ns3:TrackPointExtension>
            <ns3:atemp>30.0</ns3:atemp>
            <ns3:hr>124</ns3:hr>
          </ns3:TrackPointExtension>
        </extensions>
      </trkpt>
      <trkpt lat="48.63895355723798274993896484375" lon="-2.4222183041274547576904296875">
        <ele>55.59999847412109375</ele>
        <time>2025-08-18T13:45:11.000Z</time>
        <extensions>
          <ns3:TrackPointExtension>
            <ns3:atemp>30.0</ns3:atemp>
            <ns3:hr>126</ns3:hr>
          </ns3:TrackPointExtension>
        </extensions>
      </trkpt>
      <trkpt lat="48.63898809067904949188232421875" lon="-2.42221109569072723388671875">
        <ele>55.799999237060546875</ele>
        <time>2025-08-18T13:45:16.000Z</time>
        <extensions>
          <ns3:TrackPointExtension>
            <ns3:atemp>30.0</ns3:atemp>
            <ns3:hr>125</ns3:hr>
          </ns3:TrackPointExtension>
        </extensions>
      </trkpt>
      <trkpt lat="48.63898440264165401458740234375" lon="-2.42223800159990787506103515625">
        <ele>56</ele>
        <time>2025-08-18T13:52:43.000Z</time>
        <extensions>
          <ns3:TrackPointExtension>
            <ns3:atemp>30.0</ns3:atemp>
            <ns3:hr>101</ns3:hr>
          </ns3:TrackPointExtension>
        </extensions>
      </trkpt>
      <trkpt lat="48.63898440264165401458740234375" lon="-2.42223791778087615966796875">
        <ele>56</ele>
        <time>2025-08-18T13:52:44.000Z</time>
        <extensions>
          <ns3:TrackPointExtension>
            <ns3:atemp>30.0</ns3:atemp>
            <ns3:hr>102</ns3:hr>
          </ns3:TrackPointExtension>
        </extensions>
      </trkpt>
      <trkpt lat="48.63904290832579135894775390625" lon="-2.42226197384297847747802734375">
        <ele>55.799999237060546875</ele>
        <time>2025-08-18T13:52:55.000Z</time>
        <extensions>
          <ns3:TrackPointExtension>
            <ns3:atemp>30.0</ns3:atemp>
            <ns3:hr>101</ns3:hr>
          </ns3:TrackPointExtension>
        </extensions>
      </trkpt>
      <trkpt lat="48.6391489394009113311767578125" lon="-2.42231377400457859039306640625">
        <ele>55.40000152587890625</ele>
        <time>2025-08-18T13:53:04.000Z</time>
        <extensions>
          <ns3:TrackPointExtension>
            <ns3:atemp>30.0</ns3:atemp>
            <ns3:hr>101</ns3:hr>
          </ns3:TrackPointExtension>
        </extensions>
      </trkpt>
      <trkpt lat="48.63914650864899158477783203125" lon="-2.4223105050623416900634765625">
        <ele>54.40000152587890625</ele>
        <time>2025-08-18T13:53:07.000Z</time>
        <extensions>
          <ns3:TrackPointExtension>
            <ns3:atemp>30.0</ns3:atemp>
            <ns3:hr>101</ns3:hr>
          </ns3:TrackPointExtension>
        </extensions>
      </trkpt>
      <trkpt lat="48.6391462571918964385986328125" lon="-2.42231008596718311309814453125">
        <ele>54.40000152587890625</ele>
        <time>2025-08-18T13:53:09.000Z</time>
        <extensions>
          <ns3:TrackPointExtension>
            <ns3:atemp>30.0</ns3:atemp>
            <ns3:hr>100</ns3:hr>
          </ns3:TrackPointExtension>
        </extensions>
      </trkpt>
      <trkpt lat="48.6391714029014110565185546875" lon="-2.42232031188905239105224609375">
        <ele>54.40000152587890625</ele>
        <time>2025-08-18T13:53:14.000Z</time>
        <extensions>
          <ns3:TrackPointExtension>
            <ns3:atemp>30.0</ns3:atemp>
            <ns3:hr>97</ns3:hr>
          </ns3:TrackPointExtension>
        </extensions>
      </trkpt>
      <trkpt lat="48.63919612951576709747314453125" lon="-2.42234076373279094696044921875">
        <ele>54.40000152587890625</ele>
        <time>2025-08-18T13:53:16.000Z</time>
        <extensions>
          <ns3:TrackPointExtension>
            <ns3:atemp>30.0</ns3:atemp>
            <ns3:hr>97</ns3:hr>
          </ns3:TrackPointExtension>
        </extensions>
      </trkpt>
      <trkpt lat="48.63931037485599517822265625" lon="-2.42240396328270435333251953125">
        <ele>53.40000152587890625</ele>
        <time>2025-08-18T13:53:27.000Z</time>
        <extensions>
          <ns3:TrackPointExtension>
            <ns3:atemp>30.0</ns3:atemp>
            <ns3:hr>96</ns3:hr>
          </ns3:TrackPointExtension>
        </extensions>
      </trkpt>
      <trkpt lat="48.63941087387502193450927734375" lon="-2.422438077628612518310546875">
        <ele>52.40000152587890625</ele>
        <time>2025-08-18T13:53:37.000Z</time>
        <extensions>
          <ns3:TrackPointExtension>
            <ns3:atemp>30.0</ns3:atemp>
            <ns3:hr>97</ns3:hr>
          </ns3:TrackPointExtension>
        </extensions>
      </trkpt>
      <trkpt lat="48.63947591744363307952880859375" lon="-2.422407567501068115234375">
        <ele>51.200000762939453125</ele>
        <time>2025-08-18T13:53:44.000Z</time>
        <extensions>
          <ns3:TrackPointExtension>
            <ns3:atemp>30.0</ns3:atemp>
            <ns3:hr>98</ns3:hr>
          </ns3:TrackPointExtension>
        </extensions>
      </trkpt>
      <trkpt lat="48.63948379643261432647705078125" lon="-2.42240547202527523040771484375">
        <ele>51.200000762939453125</ele>
        <time>2025-08-18T13:53:45.000Z</time>
        <extensions>
          <ns3:TrackPointExtension>
            <ns3:atemp>30.0</ns3:atemp>
            <ns3:hr>98</ns3:hr>
          </ns3:TrackPointExtension>
        </extensions>
      </trkpt>
      <trkpt lat="48.63958320580422878265380859375" lon="-2.422391474246978759765625">
        <ele>50.200000762939453125</ele>
        <time>2025-08-18T13:53:54.000Z</time>
        <extensions>
          <ns3:TrackPointExtension>
            <ns3:atemp>31.0</ns3:atemp>
            <ns3:hr>97</ns3:hr>
          </ns3:TrackPointExtension>
        </extensions>
      </trkpt>
      <trkpt lat="48.6396002210676670074462890625" lon="-2.4223943240940570831298828125">
        <ele>50</ele>
        <time>2025-08-18T13:53:56.000Z</time>
        <extensions>
          <ns3:TrackPointExtension>
            <ns3:atemp>31.0</ns3:atemp>
            <ns3:hr>95</ns3:hr>
          </ns3:TrackPointExtension>
        </extensions>
      </trkpt>
      <trkpt lat="48.63960835151374340057373046875" lon="-2.4223946593701839447021484375">
        <ele>50</ele>
        <time>2025-08-18T13:53:57.000Z</time>
        <extensions>
          <ns3:TrackPointExtension>
            <ns3:atemp>31.0</ns3:atemp>
            <ns3:hr>95</ns3:hr>
          </ns3:TrackPointExtension>
        </extensions>
      </trkpt>
      <trkpt lat="48.63964003510773181915283203125" lon="-2.42239415645599365234375">
        <ele>49.40000152587890625</ele>
        <time>2025-08-18T13:54:00.000Z</time>
        <extensions>
          <ns3:TrackPointExtension>
            <ns3:atemp>31.0</ns3:atemp>
            <ns3:hr>94</ns3:hr>
          </ns3:TrackPointExtension>
        </extensions>
      </trkpt>
      <trkpt lat="48.63966383971273899078369140625" lon="-2.42235216312110424041748046875">
        <ele>49</ele>
        <time>2025-08-18T13:54:04.000Z</time>
        <extensions>
          <ns3:TrackPointExtension>
            <ns3:atemp>31.0</ns3:atemp>
            <ns3:hr>94</ns3:hr>
          </ns3:TrackPointExtension>
        </extensions>
      </trkpt>
      <trkpt lat="48.63966333679854869842529296875" lon="-2.42234042845666408538818359375">
        <ele>48.799999237060546875</ele>
        <time>2025-08-18T13:54:05.000Z</time>
        <extensions>
          <ns3:TrackPointExtension>
            <ns3:atemp>31.0</ns3:atemp>
            <ns3:hr>94</ns3:hr>
          </ns3:TrackPointExtension>
        </extensions>
      </trkpt>
      <trkpt lat="48.63965461961925029754638671875" lon="-2.42232584394514560699462890625">
        <ele>48.40000152587890625</ele>
        <time>2025-08-18T13:54:11.000Z</time>
        <extensions>
          <ns3:TrackPointExtension>
            <ns3:atemp>31.0</ns3:atemp>
            <ns3:hr>93</ns3:hr>
          </ns3:TrackPointExtension>
        </extensions>
      </trkpt>
      <trkpt lat="48.639658726751804351806640625" lon="-2.4223239161074161529541015625">
        <ele>48.40000152587890625</ele>
        <time>2025-08-18T13:54:18.000Z</time>
        <extensions>
          <ns3:TrackPointExtension>
            <ns3:atemp>31.0</ns3:atemp>
            <ns3:hr>96</ns3:hr>
          </ns3:TrackPointExtension>
        </extensions>
      </trkpt>
      <trkpt lat="48.639658726751804351806640625" lon="-2.4223239161074161529541015625">
        <ele>48.40000152587890625</ele>
        <time>2025-08-18T13:54:19.000Z</time>
        <extensions>
          <ns3:TrackPointExtension>
            <ns3:atemp>31.0</ns3:atemp>
            <ns3:hr>97</ns3:hr>
          </ns3:TrackPointExtension>
        </extensions>
      </trkpt>
      <trkpt lat="48.639658726751804351806640625" lon="-2.4223239161074161529541015625">
        <ele>48.40000152587890625</ele>
        <time>2025-08-18T13:54:22.000Z</time>
        <extensions>
          <ns3:TrackPointExtension>
            <ns3:atemp>31.0</ns3:atemp>
            <ns3:hr>100</ns3:hr>
          </ns3:TrackPointExtension>
        </extensions>
      </trkpt>
      <trkpt lat="48.639658726751804351806640625" lon="-2.4223239161074161529541015625">
        <ele>48.59999847412109375</ele>
        <time>2025-08-18T13:54:29.000Z</time>
        <extensions>
          <ns3:TrackPointExtension>
            <ns3:atemp>31.0</ns3:atemp>
            <ns3:hr>102</ns3:hr>
          </ns3:TrackPointExtension>
        </extensions>
      </trkpt>
      <trkpt lat="48.6397272907197475433349609375" lon="-2.422301955521106719970703125">
        <ele>48</ele>
        <time>2025-08-18T13:54:34.000Z</time>
        <extensions>
          <ns3:TrackPointExtension>
            <ns3:atemp>31.0</ns3:atemp>
            <ns3:hr>102</ns3:hr>
          </ns3:TrackPointExtension>
        </extensions>
      </trkpt>
      <trkpt lat="48.63984421826899051666259765625" lon="-2.4222882091999053955078125">
        <ele>47.40000152587890625</ele>
        <time>2025-08-18T13:54:42.000Z</time>
        <extensions>
          <ns3:TrackPointExtension>
            <ns3:atemp>31.0</ns3:atemp>
            <ns3:hr>99</ns3:hr>
          </ns3:TrackPointExtension>
        </extensions>
      </trkpt>
      <trkpt lat="48.63986651413142681121826171875" lon="-2.422299943864345550537109375">
        <ele>47.40000152587890625</ele>
        <time>2025-08-18T13:54:44.000Z</time>
        <extensions>
          <ns3:TrackPointExtension>
            <ns3:atemp>31.0</ns3:atemp>
            <ns3:hr>98</ns3:hr>
          </ns3:TrackPointExtension>
        </extensions>
      </trkpt>
      <trkpt lat="48.6399090103805065155029296875" lon="-2.4223450385034084320068359375">
        <ele>47.40000152587890625</ele>
        <time>2025-08-18T13:54:48.000Z</time>
        <extensions>
          <ns3:TrackPointExtension>
            <ns3:atemp>31.0</ns3:atemp>
            <ns3:hr>95</ns3:hr>
          </ns3:TrackPointExtension>
        </extensions>
      </trkpt>
      <trkpt lat="48.63997363485395908355712890625" lon="-2.4223820865154266357421875">
        <ele>47.200000762939453125</ele>
        <time>2025-08-18T13:54:54.000Z</time>
        <extensions>
          <ns3:TrackPointExtension>
            <ns3:atemp>31.0</ns3:atemp>
            <ns3:hr>93</ns3:hr>
          </ns3:TrackPointExtension>
        </extensions>
      </trkpt>
      <trkpt lat="48.64002610556781291961669921875" lon="-2.42235601879656314849853515625">
        <ele>47</ele>
        <time>2025-08-18T13:54:59.000Z</time>
        <extensions>
          <ns3:TrackPointExtension>
            <ns3:atemp>31.0</ns3:atemp>
            <ns3:hr>93</ns3:hr>
          </ns3:TrackPointExtension>
        </extensions>
      </trkpt>
      <trkpt lat="48.6400595493614673614501953125" lon="-2.42234126664698123931884765625">
        <ele>46.40000152587890625</ele>
        <time>2025-08-18T13:55:02.000Z</time>
        <extensions>
          <ns3:TrackPointExtension>
            <ns3:atemp>31.0</ns3:atemp>
            <ns3:hr>93</ns3:hr>
          </ns3:TrackPointExtension>
        </extensions>
      </trkpt>
      <trkpt lat="48.64011830650269985198974609375" lon="-2.4223396740853786468505859375">
        <ele>46</ele>
        <time>2025-08-18T13:55:07.000Z</time>
        <extensions>
          <ns3:TrackPointExtension>
            <ns3:atemp>31.0</ns3:atemp>
            <ns3:hr>96</ns3:hr>
          </ns3:TrackPointExtension>
        </extensions>
      </trkpt>
      <trkpt lat="48.64014311693608760833740234375" lon="-2.422347553074359893798828125">
        <ele>46</ele>
        <time>2025-08-18T13:55:09.000Z</time>
        <extensions>
          <ns3:TrackPointExtension>
            <ns3:atemp>31.0</ns3:atemp>
            <ns3:hr>96</ns3:hr>
          </ns3:TrackPointExtension>
        </extensions>
      </trkpt>
      <trkpt lat="48.6401929892599582672119140625" lon="-2.4223450385034084320068359375">
        <ele>45.799999237060546875</ele>
        <time>2025-08-18T13:55:13.000Z</time>
        <extensions>
          <ns3:TrackPointExtension>
            <ns3:atemp>31.0</ns3:atemp>
            <ns3:hr>97</ns3:hr>
          </ns3:TrackPointExtension>
        </extensions>
      </trkpt>
      <trkpt lat="48.64025727845728397369384765625" lon="-2.4223383329808712005615234375">
        <ele>44.799999237060546875</ele>
        <time>2025-08-18T13:55:19.000Z</time>
        <extensions>
          <ns3:TrackPointExtension>
            <ns3:atemp>31.0</ns3:atemp>
            <ns3:hr>96</ns3:hr>
          </ns3:TrackPointExtension>
        </extensions>
      </trkpt>
      <trkpt lat="48.6402603797614574432373046875" lon="-2.42233372293412685394287109375">
        <ele>44.799999237060546875</ele>
        <time>2025-08-18T13:55:20.000Z</time>
        <extensions>
          <ns3:TrackPointExtension>
            <ns3:atemp>31.0</ns3:atemp>
            <ns3:hr>96</ns3:hr>
          </ns3:TrackPointExtension>
        </extensions>
      </trkpt>
      <trkpt lat="48.64026113413274288177490234375" lon="-2.4223284423351287841796875">
        <ele>44.799999237060546875</ele>
        <time>2025-08-18T13:55:21.000Z</time>
        <extensions>
          <ns3:TrackPointExtension>
            <ns3:atemp>31.0</ns3:atemp>
            <ns3:hr>96</ns3:hr>
          </ns3:TrackPointExtension>
        </extensions>
      </trkpt>
      <trkpt lat="48.640275299549102783203125" lon="-2.42230572737753391265869140625">
        <ele>43.799999237060546875</ele>
        <time>2025-08-18T13:55:26.000Z</time>
        <extensions>
          <ns3:TrackPointExtension>
            <ns3:atemp>31.0</ns3:atemp>
            <ns3:hr>95</ns3:hr>
          </ns3:TrackPointExtension>
        </extensions>
      </trkpt>
      <trkpt lat="48.64031226374208927154541015625" lon="-2.42230606265366077423095703125">
        <ele>43</ele>
        <time>2025-08-18T13:55:32.000Z</time>
        <extensions>
          <ns3:TrackPointExtension>
            <ns3:atemp>31.0</ns3:atemp>
            <ns3:hr>93</ns3:hr>
          </ns3:TrackPointExtension>
        </extensions>
      </trkpt>
      <trkpt lat="48.64030991680920124053955078125" lon="-2.42230757139623165130615234375">
        <ele>43.200000762939453125</ele>
        <time>2025-08-18T13:55:35.000Z</time>
        <extensions>
          <ns3:TrackPointExtension>
            <ns3:atemp>31.0</ns3:atemp>
            <ns3:hr>96</ns3:hr>
          </ns3:TrackPointExtension>
        </extensions>
      </trkpt>
      <trkpt lat="48.64031109027564525604248046875" lon="-2.4223084934055805206298828125">
        <ele>43.200000762939453125</ele>
        <time>2025-08-18T13:55:37.000Z</time>
        <extensions>
          <ns3:TrackPointExtension>
            <ns3:atemp>31.0</ns3:atemp>
            <ns3:hr>96</ns3:hr>
          </ns3:TrackPointExtension>
        </extensions>
      </trkpt>
      <trkpt lat="48.6403106711804866790771484375" lon="-2.42230908013880252838134765625">
        <ele>43.200000762939453125</ele>
        <time>2025-08-18T13:55:40.000Z</time>
        <extensions>
          <ns3:TrackPointExtension>
            <ns3:atemp>31.0</ns3:atemp>
            <ns3:hr>93</ns3:hr>
          </ns3:TrackPointExtension>
        </extensions>
      </trkpt>
      <trkpt lat="48.6403106711804866790771484375" lon="-2.42230908013880252838134765625">
        <ele>43.200000762939453125</ele>
        <time>2025-08-18T13:55:44.000Z</time>
        <extensions>
          <ns3:TrackPointExtension>
            <ns3:atemp>31.0</ns3:atemp>
            <ns3:hr>94</ns3:hr>
          </ns3:TrackPointExtension>
        </extensions>
      </trkpt>
      <trkpt lat="48.64037546329200267791748046875" lon="-2.42235618643462657928466796875">
        <ele>43.200000762939453125</ele>
        <time>2025-08-18T13:55:50.000Z</time>
        <extensions>
          <ns3:TrackPointExtension>
            <ns3:atemp>31.0</ns3:atemp>
            <ns3:hr>94</ns3:hr>
          </ns3:TrackPointExtension>
        </extensions>
      </trkpt>
      <trkpt lat="48.640422821044921875" lon="-2.42237898521125316619873046875">
        <ele>43.200000762939453125</ele>
        <time>2025-08-18T13:55:53.000Z</time>
        <extensions>
          <ns3:TrackPointExtension>
            <ns3:atemp>31.0</ns3:atemp>
            <ns3:hr>96</ns3:hr>
          </ns3:TrackPointExtension>
        </extensions>
      </trkpt>
      <trkpt lat="48.64047353155910968780517578125" lon="-2.42241687141358852386474609375">
        <ele>43.200000762939453125</ele>
        <time>2025-08-18T13:55:57.000Z</time>
        <extensions>
          <ns3:TrackPointExtension>
            <ns3:atemp>31.0</ns3:atemp>
            <ns3:hr>95</ns3:hr>
          </ns3:TrackPointExtension>
        </extensions>
      </trkpt>
      <trkpt lat="48.64058316685259342193603515625" lon="-2.4224751256406307220458984375">
        <ele>43</ele>
        <time>2025-08-18T13:56:06.000Z</time>
        <extensions>
          <ns3:TrackPointExtension>
            <ns3:atemp>31.0</ns3:atemp>
            <ns3:hr>93</ns3:hr>
          </ns3:TrackPointExtension>
        </extensions>
      </trkpt>
      <trkpt lat="48.64066086709499359130859375" lon="-2.4225341342389583587646484375">
        <ele>43</ele>
        <time>2025-08-18T13:56:14.000Z</time>
        <extensions>
          <ns3:TrackPointExtension>
            <ns3:atemp>31.0</ns3:atemp>
            <ns3:hr>92</ns3:hr>
          </ns3:TrackPointExtension>
        </extensions>
      </trkpt>
      <trkpt lat="48.64067084155976772308349609375" lon="-2.42254226468503475189208984375">
        <ele>42.799999237060546875</ele>
        <time>2025-08-18T13:56:15.000Z</time>
        <extensions>
          <ns3:TrackPointExtension>
            <ns3:atemp>31.0</ns3:atemp>
            <ns3:hr>92</ns3:hr>
          </ns3:TrackPointExtension>
        </extensions>
      </trkpt>
      <trkpt lat="48.64068073220551013946533203125" lon="-2.42254494689404964447021484375">
        <ele>42.799999237060546875</ele>
        <time>2025-08-18T13:56:16.000Z</time>
        <extensions>
          <ns3:TrackPointExtension>
            <ns3:atemp>31.0</ns3:atemp>
            <ns3:hr>93</ns3:hr>
          </ns3:TrackPointExtension>
        </extensions>
      </trkpt>
      <trkpt lat="48.64073504693806171417236328125" lon="-2.4225780554115772247314453125">
        <ele>42.799999237060546875</ele>
        <time>2025-08-18T13:56:21.000Z</time>
        <extensions>
          <ns3:TrackPointExtension>
            <ns3:atemp>31.0</ns3:atemp>
            <ns3:hr>93</ns3:hr>
          </ns3:TrackPointExtension>
        </extensions>
      </trkpt>
      <trkpt lat="48.64082557149231433868408203125" lon="-2.422669418156147003173828125">
        <ele>42.799999237060546875</ele>
        <time>2025-08-18T13:56:30.000Z</time>
        <extensions>
          <ns3:TrackPointExtension>
            <ns3:atemp>31.0</ns3:atemp>
            <ns3:hr>94</ns3:hr>
          </ns3:TrackPointExtension>
        </extensions>
      </trkpt>
      <trkpt lat="48.6409096419811248779296875" lon="-2.42281727492809295654296875">
        <ele>43</ele>
        <time>2025-08-18T13:56:40.000Z</time>
        <extensions>
          <ns3:TrackPointExtension>
            <ns3:atemp>32.0</ns3:atemp>
            <ns3:hr>95</ns3:hr>
          </ns3:TrackPointExtension>
        </extensions>
      </trkpt>
      <trkpt lat="48.64094543270766735076904296875" lon="-2.4229545705020427703857421875">
        <ele>43</ele>
        <time>2025-08-18T13:56:48.000Z</time>
        <extensions>
          <ns3:TrackPointExtension>
            <ns3:atemp>32.0</ns3:atemp>
            <ns3:hr>97</ns3:hr>
          </ns3:TrackPointExtension>
        </extensions>
      </trkpt>
      <trkpt lat="48.640952892601490020751953125" lon="-2.42307904176414012908935546875">
        <ele>43</ele>
        <time>2025-08-18T13:56:54.000Z</time>
        <extensions>
          <ns3:TrackPointExtension>
            <ns3:atemp>32.0</ns3:atemp>
            <ns3:hr>98</ns3:hr>
          </ns3:TrackPointExtension>
        </extensions>
      </trkpt>
      <trkpt lat="48.6409564130008220672607421875" lon="-2.42313184775412082672119140625">
        <ele>43</ele>
        <time>2025-08-18T13:56:57.000Z</time>
        <extensions>
          <ns3:TrackPointExtension>
            <ns3:atemp>32.0</ns3:atemp>
            <ns3:hr>98</ns3:hr>
          </ns3:TrackPointExtension>
        </extensions>
      </trkpt>
      <trkpt lat="48.6409426666796207427978515625" lon="-2.423280291259288787841796875">
        <ele>43.59999847412109375</ele>
        <time>2025-08-18T13:57:05.000Z</time>
        <extensions>
          <ns3:TrackPointExtension>
            <ns3:atemp>32.0</ns3:atemp>
            <ns3:hr>98</ns3:hr>
          </ns3:TrackPointExtension>
        </extensions>
      </trkpt>
      <trkpt lat="48.6409118212759494781494140625" lon="-2.42346360348165035247802734375">
        <ele>43.799999237060546875</ele>
        <time>2025-08-18T13:57:15.000Z</time>
        <extensions>
          <ns3:TrackPointExtension>
            <ns3:atemp>32.0</ns3:atemp>
            <ns3:hr>101</ns3:hr>
          </ns3:TrackPointExtension>
        </extensions>
      </trkpt>
      <trkpt lat="48.6409014277160167694091796875" lon="-2.4235381186008453369140625">
        <ele>43.799999237060546875</ele>
        <time>2025-08-18T13:57:20.000Z</time>
        <extensions>
          <ns3:TrackPointExtension>
            <ns3:atemp>32.0</ns3:atemp>
            <ns3:hr>103</ns3:hr>
          </ns3:TrackPointExtension>
        </extensions>
      </trkpt>
      <trkpt lat="48.640894554555416107177734375" lon="-2.42357223294675350189208984375">
        <ele>44</ele>
        <time>2025-08-18T13:57:23.000Z</time>
        <extensions>
          <ns3:TrackPointExtension>
            <ns3:atemp>32.0</ns3:atemp>
            <ns3:hr>103</ns3:hr>
          </ns3:TrackPointExtension>
        </extensions>
      </trkpt>
      <trkpt lat="48.640889860689640045166015625" lon="-2.42358379997313022613525390625">
        <ele>44</ele>
        <time>2025-08-18T13:57:24.000Z</time>
        <extensions>
          <ns3:TrackPointExtension>
            <ns3:atemp>32.0</ns3:atemp>
            <ns3:hr>104</ns3:hr>
          </ns3:TrackPointExtension>
        </extensions>
      </trkpt>
      <trkpt lat="48.64089078269898891448974609375" lon="-2.4236293137073516845703125">
        <ele>44.200000762939453125</ele>
        <time>2025-08-18T13:57:28.000Z</time>
        <extensions>
          <ns3:TrackPointExtension>
            <ns3:atemp>32.0</ns3:atemp>
            <ns3:hr>107</ns3:hr>
          </ns3:TrackPointExtension>
        </extensions>
      </trkpt>
      <trkpt lat="48.64087904803454875946044921875" lon="-2.42369058541953563690185546875">
        <ele>44.59999847412109375</ele>
        <time>2025-08-18T13:57:32.000Z</time>
        <extensions>
          <ns3:TrackPointExtension>
            <ns3:atemp>32.0</ns3:atemp>
            <ns3:hr>110</ns3:hr>
          </ns3:TrackPointExtension>
        </extensions>
      </trkpt>
      <trkpt lat="48.6408702470362186431884765625" lon="-2.42376116104423999786376953125">
        <ele>44.799999237060546875</ele>
        <time>2025-08-18T13:57:37.000Z</time>
        <extensions>
          <ns3:TrackPointExtension>
            <ns3:atemp>32.0</ns3:atemp>
            <ns3:hr>110</ns3:hr>
          </ns3:TrackPointExtension>
        </extensions>
      </trkpt>
      <trkpt lat="48.64087116904556751251220703125" lon="-2.42377817630767822265625">
        <ele>44.799999237060546875</ele>
        <time>2025-08-18T13:57:38.000Z</time>
        <extensions>
          <ns3:TrackPointExtension>
            <ns3:atemp>32.0</ns3:atemp>
            <ns3:hr>110</ns3:hr>
          </ns3:TrackPointExtension>
        </extensions>
      </trkpt>
      <trkpt lat="48.64086144603788852691650390625" lon="-2.4239040724933147430419921875">
        <ele>45.40000152587890625</ele>
        <time>2025-08-18T13:57:44.000Z</time>
        <extensions>
          <ns3:TrackPointExtension>
            <ns3:atemp>32.0</ns3:atemp>
            <ns3:hr>109</ns3:hr>
          </ns3:TrackPointExtension>
        </extensions>
      </trkpt>
      <trkpt lat="48.64085390232503414154052734375" lon="-2.42398361675441265106201171875">
        <ele>45.799999237060546875</ele>
        <time>2025-08-18T13:57:48.000Z</time>
        <extensions>
          <ns3:TrackPointExtension>
            <ns3:atemp>32.0</ns3:atemp>
            <ns3:hr>112</ns3:hr>
          </ns3:TrackPointExtension>
        </extensions>
      </trkpt>
      <trkpt lat="48.64085474051535129547119140625" lon="-2.423998452723026275634765625">
        <ele>46</ele>
        <time>2025-08-18T13:57:49.000Z</time>
        <extensions>
          <ns3:TrackPointExtension>
            <ns3:atemp>32.0</ns3:atemp>
            <ns3:hr>113</ns3:hr>
          </ns3:TrackPointExtension>
        </extensions>
      </trkpt>
      <trkpt lat="48.640856333076953887939453125" lon="-2.42406140081584453582763671875">
        <ele>46.200000762939453125</ele>
        <time>2025-08-18T13:57:52.000Z</time>
        <extensions>
          <ns3:TrackPointExtension>
            <ns3:atemp>32.0</ns3:atemp>
            <ns3:hr>115</ns3:hr>
          </ns3:TrackPointExtension>
        </extensions>
      </trkpt>
      <trkpt lat="48.64085792563855648040771484375" lon="-2.42413415573537349700927734375">
        <ele>46.200000762939453125</ele>
        <time>2025-08-18T13:57:56.000Z</time>
        <extensions>
          <ns3:TrackPointExtension>
            <ns3:atemp>32.0</ns3:atemp>
            <ns3:hr>116</ns3:hr>
          </ns3:TrackPointExtension>
        </extensions>
      </trkpt>
      <trkpt lat="48.64086580462753772735595703125" lon="-2.424196936190128326416015625">
        <ele>46.200000762939453125</ele>
        <time>2025-08-18T13:57:59.000Z</time>
        <extensions>
          <ns3:TrackPointExtension>
            <ns3:atemp>32.0</ns3:atemp>
            <ns3:hr>116</ns3:hr>
          </ns3:TrackPointExtension>
        </extensions>
      </trkpt>
      <trkpt lat="48.6408833228051662445068359375" lon="-2.4243328906595706939697265625">
        <ele>46.40000152587890625</ele>
        <time>2025-08-18T13:58:06.000Z</time>
        <extensions>
          <ns3:TrackPointExtension>
            <ns3:atemp>32.0</ns3:atemp>
            <ns3:hr>113</ns3:hr>
          </ns3:TrackPointExtension>
        </extensions>
      </trkpt>
      <trkpt lat="48.64089078269898891448974609375" lon="-2.42437052540481090545654296875">
        <ele>46.40000152587890625</ele>
        <time>2025-08-18T13:58:08.000Z</time>
        <extensions>
          <ns3:TrackPointExtension>
            <ns3:atemp>32.0</ns3:atemp>
            <ns3:hr>113</ns3:hr>
          </ns3:TrackPointExtension>
        </extensions>
      </trkpt>
      <trkpt lat="48.64093218930065631866455078125" lon="-2.4245290271937847137451171875">
        <ele>46.799999237060546875</ele>
        <time>2025-08-18T13:58:18.000Z</time>
        <extensions>
          <ns3:TrackPointExtension>
            <ns3:atemp>32.0</ns3:atemp>
            <ns3:hr>113</ns3:hr>
          </ns3:TrackPointExtension>
        </extensions>
      </trkpt>
      <trkpt lat="48.64096940495073795318603515625" lon="-2.42456280626356601715087890625">
        <ele>46.799999237060546875</ele>
        <time>2025-08-18T13:58:22.000Z</time>
        <extensions>
          <ns3:TrackPointExtension>
            <ns3:atemp>32.0</ns3:atemp>
            <ns3:hr>113</ns3:hr>
          </ns3:TrackPointExtension>
        </extensions>
      </trkpt>
      <trkpt lat="48.6409815587103366851806640625" lon="-2.42459331639111042022705078125">
        <ele>46.799999237060546875</ele>
        <time>2025-08-18T13:58:24.000Z</time>
        <extensions>
          <ns3:TrackPointExtension>
            <ns3:atemp>32.0</ns3:atemp>
            <ns3:hr>113</ns3:hr>
          </ns3:TrackPointExtension>
        </extensions>
      </trkpt>
      <trkpt lat="48.64100393839180469512939453125" lon="-2.42466204799711704254150390625">
        <ele>47</ele>
        <time>2025-08-18T13:58:28.000Z</time>
        <extensions>
          <ns3:TrackPointExtension>
            <ns3:atemp>32.0</ns3:atemp>
            <ns3:hr>110</ns3:hr>
          </ns3:TrackPointExtension>
        </extensions>
      </trkpt>
      <trkpt lat="48.6410472728312015533447265625" lon="-2.42471451871097087860107421875">
        <ele>47</ele>
        <time>2025-08-18T13:58:33.000Z</time>
        <extensions>
          <ns3:TrackPointExtension>
            <ns3:atemp>32.0</ns3:atemp>
            <ns3:hr>110</ns3:hr>
          </ns3:TrackPointExtension>
        </extensions>
      </trkpt>
      <trkpt lat="48.6410573311150074005126953125" lon="-2.4247218109667301177978515625">
        <ele>47</ele>
        <time>2025-08-18T13:58:34.000Z</time>
        <extensions>
          <ns3:TrackPointExtension>
            <ns3:atemp>32.0</ns3:atemp>
            <ns3:hr>110</ns3:hr>
          </ns3:TrackPointExtension>
        </extensions>
      </trkpt>
      <trkpt lat="48.6410968936979770660400390625" lon="-2.42474838159978389739990234375">
        <ele>47</ele>
        <time>2025-08-18T13:58:38.000Z</time>
        <extensions>
          <ns3:TrackPointExtension>
            <ns3:atemp>32.0</ns3:atemp>
            <ns3:hr>110</ns3:hr>
          </ns3:TrackPointExtension>
        </extensions>
      </trkpt>
      <trkpt lat="48.64110737107694149017333984375" lon="-2.42475056089460849761962890625">
        <ele>47</ele>
        <time>2025-08-18T13:58:39.000Z</time>
        <extensions>
          <ns3:TrackPointExtension>
            <ns3:atemp>32.0</ns3:atemp>
            <ns3:hr>110</ns3:hr>
          </ns3:TrackPointExtension>
        </extensions>
      </trkpt>
      <trkpt lat="48.64111843518912792205810546875" lon="-2.4247477948665618896484375">
        <ele>46.799999237060546875</ele>
        <time>2025-08-18T13:58:40.000Z</time>
        <extensions>
          <ns3:TrackPointExtension>
            <ns3:atemp>32.0</ns3:atemp>
            <ns3:hr>110</ns3:hr>
          </ns3:TrackPointExtension>
        </extensions>
      </trkpt>
      <trkpt lat="48.64116939716041088104248046875" lon="-2.4246941506862640380859375">
        <ele>46.59999847412109375</ele>
        <time>2025-08-18T13:58:46.000Z</time>
        <extensions>
          <ns3:TrackPointExtension>
            <ns3:atemp>32.0</ns3:atemp>
            <ns3:hr>111</ns3:hr>
          </ns3:TrackPointExtension>
        </extensions>
      </trkpt>
      <trkpt lat="48.64127299748361110687255859375" lon="-2.4245967529714107513427734375">
        <ele>46</ele>
        <time>2025-08-18T13:58:56.000Z</time>
        <extensions>
          <ns3:TrackPointExtension>
            <ns3:atemp>32.0</ns3:atemp>
            <ns3:hr>112</ns3:hr>
          </ns3:TrackPointExtension>
        </extensions>
      </trkpt>
      <trkpt lat="48.64128557033836841583251953125" lon="-2.424585856497287750244140625">
        <ele>46</ele>
        <time>2025-08-18T13:58:57.000Z</time>
        <extensions>
          <ns3:TrackPointExtension>
            <ns3:atemp>32.0</ns3:atemp>
            <ns3:hr>112</ns3:hr>
          </ns3:TrackPointExtension>
        </extensions>
      </trkpt>
      <trkpt lat="48.64136050455272197723388671875" lon="-2.424520812928676605224609375">
        <ele>45.40000152587890625</ele>
        <time>2025-08-18T13:59:03.000Z</time>
        <extensions>
          <ns3:TrackPointExtension>
            <ns3:atemp>32.0</ns3:atemp>
            <ns3:hr>111</ns3:hr>
          </ns3:TrackPointExtension>
        </extensions>
      </trkpt>
      <trkpt lat="48.64138565026223659515380859375" lon="-2.42451804690062999725341796875">
        <ele>45.200000762939453125</ele>
        <time>2025-08-18T13:59:05.000Z</time>
        <extensions>
          <ns3:TrackPointExtension>
            <ns3:atemp>32.0</ns3:atemp>
            <ns3:hr>110</ns3:hr>
          </ns3:TrackPointExtension>
        </extensions>
      </trkpt>
      <trkpt lat="48.64144449122250080108642578125" lon="-2.42447563447058200836181640625">
        <ele>44.799999237060546875</ele>
        <time>2025-08-18T13:59:10.000Z</time>
        <extensions>
          <ns3:TrackPointExtension>
            <ns3:atemp>32.0</ns3:atemp>
            <ns3:hr>107</ns3:hr>
          </ns3:TrackPointExtension>
        </extensions>
      </trkpt>
      <trkpt lat="48.6414643563330173492431640625" lon="-2.42446088232100009918212890625">
        <ele>44.799999237060546875</ele>
        <time>2025-08-18T13:59:12.000Z</time>
        <extensions>
          <ns3:TrackPointExtension>
            <ns3:atemp>32.0</ns3:atemp>
            <ns3:hr>107</ns3:hr>
          </ns3:TrackPointExtension>
        </extensions>
      </trkpt>
      <trkpt lat="48.64158312790095806121826171875" lon="-2.42440690286457538604736328125">
        <ele>44.59999847412109375</ele>
        <time>2025-08-18T13:59:22.000Z</time>
        <extensions>
          <ns3:TrackPointExtension>
            <ns3:atemp>32.0</ns3:atemp>
            <ns3:hr>104</ns3:hr>
          </ns3:TrackPointExtension>
        </extensions>
      </trkpt>
      <trkpt lat="48.641644231975078582763671875" lon="-2.4243801645934581756591796875">
        <ele>44.40000152587890625</ele>
        <time>2025-08-18T13:59:28.000Z</time>
        <extensions>
          <ns3:TrackPointExtension>
            <ns3:atemp>32.0</ns3:atemp>
            <ns3:hr>101</ns3:hr>
          </ns3:TrackPointExtension>
        </extensions>
      </trkpt>
      <trkpt lat="48.64165269769728183746337890625" lon="-2.4243737943470478057861328125">
        <ele>44.200000762939453125</ele>
        <time>2025-08-18T13:59:29.000Z</time>
        <extensions>
          <ns3:TrackPointExtension>
            <ns3:atemp>32.0</ns3:atemp>
            <ns3:hr>101</ns3:hr>
          </ns3:TrackPointExtension>
        </extensions>
      </trkpt>
      <trkpt lat="48.64166258834302425384521484375" lon="-2.42436650209128856658935546875">
        <ele>44</ele>
        <time>2025-08-18T13:59:30.000Z</time>
        <extensions>
          <ns3:TrackPointExtension>
            <ns3:atemp>32.0</ns3:atemp>
            <ns3:hr>101</ns3:hr>
          </ns3:TrackPointExtension>
        </extensions>
      </trkpt>
      <trkpt lat="48.6416846327483654022216796875" lon="-2.424358539283275604248046875">
        <ele>43.799999237060546875</ele>
        <time>2025-08-18T13:59:33.000Z</time>
        <extensions>
          <ns3:TrackPointExtension>
            <ns3:atemp>32.0</ns3:atemp>
            <ns3:hr>99</ns3:hr>
          </ns3:TrackPointExtension>
        </extensions>
      </trkpt>
      <trkpt lat="48.641703240573406219482421875" lon="-2.4243476428091526031494140625">
        <ele>43.799999237060546875</ele>
        <time>2025-08-18T13:59:36.000Z</time>
        <extensions>
          <ns3:TrackPointExtension>
            <ns3:atemp>32.0</ns3:atemp>
            <ns3:hr>97</ns3:hr>
          </ns3:TrackPointExtension>
        </extensions>
      </trkpt>
      <trkpt lat="48.641783036291599273681640625" lon="-2.42430950514972209930419921875">
        <ele>43.40000152587890625</ele>
        <time>2025-08-18T13:59:43.000Z</time>
        <extensions>
          <ns3:TrackPointExtension>
            <ns3:atemp>32.0</ns3:atemp>
            <ns3:hr>97</ns3:hr>
          </ns3:TrackPointExtension>
        </extensions>
      </trkpt>
      <trkpt lat="48.64191169850528240203857421875" lon="-2.42423348128795623779296875">
        <ele>43.40000152587890625</ele>
        <time>2025-08-18T13:59:53.000Z</time>
        <extensions>
          <ns3:TrackPointExtension>
            <ns3:atemp>32.0</ns3:atemp>
            <ns3:hr>98</ns3:hr>
          </ns3:TrackPointExtension>
        </extensions>
      </trkpt>
      <trkpt lat="48.64198227412998676300048828125" lon="-2.4241826869547367095947265625">
        <ele>43.200000762939453125</ele>
        <time>2025-08-18T14:00:00.000Z</time>
        <extensions>
          <ns3:TrackPointExtension>
            <ns3:atemp>32.0</ns3:atemp>
            <ns3:hr>97</ns3:hr>
          </ns3:TrackPointExtension>
        </extensions>
      </trkpt>
      <trkpt lat="48.642055951058864593505859375" lon="-2.424136586487293243408203125">
        <ele>43.59999847412109375</ele>
        <time>2025-08-18T14:00:07.000Z</time>
        <extensions>
          <ns3:TrackPointExtension>
            <ns3:atemp>32.0</ns3:atemp>
            <ns3:hr>100</ns3:hr>
          </ns3:TrackPointExtension>
        </extensions>
      </trkpt>
      <trkpt lat="48.642069362103939056396484375" lon="-2.42412979714572429656982421875">
        <ele>43.59999847412109375</ele>
        <time>2025-08-18T14:00:09.000Z</time>
        <extensions>
          <ns3:TrackPointExtension>
            <ns3:atemp>32.0</ns3:atemp>
            <ns3:hr>101</ns3:hr>
          </ns3:TrackPointExtension>
        </extensions>
      </trkpt>
      <trkpt lat="48.64207246340811252593994140625" lon="-2.4241293780505657196044921875">
        <ele>43.799999237060546875</ele>
        <time>2025-08-18T14:00:14.000Z</time>
        <extensions>
          <ns3:TrackPointExtension>
            <ns3:atemp>32.0</ns3:atemp>
            <ns3:hr>102</ns3:hr>
          </ns3:TrackPointExtension>
        </extensions>
      </trkpt>
      <trkpt lat="48.6420805938541889190673828125" lon="-2.42412292398512363433837890625">
        <ele>43.799999237060546875</ele>
        <time>2025-08-18T14:00:20.000Z</time>
        <extensions>
          <ns3:TrackPointExtension>
            <ns3:atemp>32.0</ns3:atemp>
            <ns3:hr>104</ns3:hr>
          </ns3:TrackPointExtension>
        </extensions>
      </trkpt>
      <trkpt lat="48.642133064568042755126953125" lon="-2.42406961508095264434814453125">
        <ele>43.799999237060546875</ele>
        <time>2025-08-18T14:00:27.000Z</time>
        <extensions>
          <ns3:TrackPointExtension>
            <ns3:atemp>32.0</ns3:atemp>
            <ns3:hr>106</ns3:hr>
          </ns3:TrackPointExtension>
        </extensions>
      </trkpt>
      <trkpt lat="48.642228282988071441650390625" lon="-2.42399082519114017486572265625">
        <ele>44.40000152587890625</ele>
        <time>2025-08-18T14:00:36.000Z</time>
        <extensions>
          <ns3:TrackPointExtension>
            <ns3:atemp>32.0</ns3:atemp>
            <ns3:hr>106</ns3:hr>
          </ns3:TrackPointExtension>
        </extensions>
      </trkpt>
      <trkpt lat="48.6422851122915744781494140625" lon="-2.423972971737384796142578125">
        <ele>44.40000152587890625</ele>
        <time>2025-08-18T14:00:41.000Z</time>
        <extensions>
          <ns3:TrackPointExtension>
            <ns3:atemp>32.0</ns3:atemp>
            <ns3:hr>106</ns3:hr>
          </ns3:TrackPointExtension>
        </extensions>
      </trkpt>
      <trkpt lat="48.64229223690927028656005859375" lon="-2.4239422939717769622802734375">
        <ele>44.59999847412109375</ele>
        <time>2025-08-18T14:00:47.000Z</time>
        <extensions>
          <ns3:TrackPointExtension>
            <ns3:atemp>32.0</ns3:atemp>
            <ns3:hr>108</ns3:hr>
          </ns3:TrackPointExtension>
        </extensions>
      </trkpt>
      <trkpt lat="48.6422763951122760772705078125" lon="-2.42395578883588314056396484375">
        <ele>44.799999237060546875</ele>
        <time>2025-08-18T14:00:51.000Z</time>
        <extensions>
          <ns3:TrackPointExtension>
            <ns3:atemp>32.0</ns3:atemp>
            <ns3:hr>109</ns3:hr>
          </ns3:TrackPointExtension>
        </extensions>
      </trkpt>
      <trkpt lat="48.64227497018873691558837890625" lon="-2.42395780049264430999755859375">
        <ele>44.799999237060546875</ele>
        <time>2025-08-18T14:00:54.000Z</time>
        <extensions>
          <ns3:TrackPointExtension>
            <ns3:atemp>32.0</ns3:atemp>
            <ns3:hr>106</ns3:hr>
          </ns3:TrackPointExtension>
        </extensions>
      </trkpt>
      <trkpt lat="48.64227312617003917694091796875" lon="-2.42395897395908832550048828125">
        <ele>45</ele>
        <time>2025-08-18T14:01:10.000Z</time>
        <extensions>
          <ns3:TrackPointExtension>
            <ns3:atemp>32.0</ns3:atemp>
            <ns3:hr>108</ns3:hr>
          </ns3:TrackPointExtension>
        </extensions>
      </trkpt>
      <trkpt lat="48.6422743834555149078369140625" lon="-2.42395930923521518707275390625">
        <ele>45</ele>
        <time>2025-08-18T14:01:14.000Z</time>
        <extensions>
          <ns3:TrackPointExtension>
            <ns3:atemp>32.0</ns3:atemp>
            <ns3:hr>109</ns3:hr>
          </ns3:TrackPointExtension>
        </extensions>
      </trkpt>
      <trkpt lat="48.64204815588891506195068359375" lon="-2.42411948740482330322265625">
        <ele>45.200000762939453125</ele>
        <time>2025-08-18T14:04:22.000Z</time>
        <extensions>
          <ns3:TrackPointExtension>
            <ns3:atemp>33.0</ns3:atemp>
            <ns3:hr>103</ns3:hr>
          </ns3:TrackPointExtension>
        </extensions>
      </trkpt>
      <trkpt lat="48.6420484073460102081298828125" lon="-2.42411873303353786468505859375">
        <ele>45.40000152587890625</ele>
        <time>2025-08-18T14:04:23.000Z</time>
        <extensions>
          <ns3:TrackPointExtension>
            <ns3:atemp>33.0</ns3:atemp>
            <ns3:hr>103</ns3:hr>
          </ns3:TrackPointExtension>
        </extensions>
      </trkpt>
      <trkpt lat="48.64209190942347049713134765625" lon="-2.4240918271243572235107421875">
        <ele>44.59999847412109375</ele>
        <time>2025-08-18T14:04:30.000Z</time>
        <extensions>
          <ns3:TrackPointExtension>
            <ns3:atemp>33.0</ns3:atemp>
            <ns3:hr>104</ns3:hr>
          </ns3:TrackPointExtension>
        </extensions>
      </trkpt>
      <trkpt lat="48.64219374954700469970703125" lon="-2.4240311421453952789306640625">
        <ele>45</ele>
        <time>2025-08-18T14:04:37.000Z</time>
        <extensions>
          <ns3:TrackPointExtension>
            <ns3:atemp>33.0</ns3:atemp>
            <ns3:hr>103</ns3:hr>
          </ns3:TrackPointExtension>
        </extensions>
      </trkpt>
      <trkpt lat="48.64225418306887149810791015625" lon="-2.42401915602385997772216796875">
        <ele>45.799999237060546875</ele>
        <time>2025-08-18T14:04:41.000Z</time>
        <extensions>
          <ns3:TrackPointExtension>
            <ns3:atemp>33.0</ns3:atemp>
            <ns3:hr>106</ns3:hr>
          </ns3:TrackPointExtension>
        </extensions>
      </trkpt>
      <trkpt lat="48.64230967126786708831787109375" lon="-2.42397841997444629669189453125">
        <ele>45.799999237060546875</ele>
        <time>2025-08-18T14:04:46.000Z</time>
        <extensions>
          <ns3:TrackPointExtension>
            <ns3:atemp>33.0</ns3:atemp>
            <ns3:hr>108</ns3:hr>
          </ns3:TrackPointExtension>
        </extensions>
      </trkpt>
      <trkpt lat="48.64242165349423885345458984375" lon="-2.4239101074635982513427734375">
        <ele>46</ele>
        <time>2025-08-18T14:04:56.000Z</time>
        <extensions>
          <ns3:TrackPointExtension>
            <ns3:atemp>32.0</ns3:atemp>
            <ns3:hr>110</ns3:hr>
          </ns3:TrackPointExtension>
        </extensions>
      </trkpt>
      <trkpt lat="48.64242970012128353118896484375" lon="-2.4239050783216953277587890625">
        <ele>46</ele>
        <time>2025-08-18T14:04:57.000Z</time>
        <extensions>
          <ns3:TrackPointExtension>
            <ns3:atemp>32.0</ns3:atemp>
            <ns3:hr>110</ns3:hr>
          </ns3:TrackPointExtension>
        </extensions>
      </trkpt>
      <trkpt lat="48.6425700969994068145751953125" lon="-2.42381413467228412628173828125">
        <ele>46.40000152587890625</ele>
        <time>2025-08-18T14:05:09.000Z</time>
        <extensions>
          <ns3:TrackPointExtension>
            <ns3:atemp>32.0</ns3:atemp>
            <ns3:hr>110</ns3:hr>
          </ns3:TrackPointExtension>
        </extensions>
      </trkpt>
      <trkpt lat="48.64271183498203754425048828125" lon="-2.42371170781552791595458984375">
        <ele>46.40000152587890625</ele>
        <time>2025-08-18T14:05:21.000Z</time>
        <extensions>
          <ns3:TrackPointExtension>
            <ns3:atemp>32.0</ns3:atemp>
            <ns3:hr>108</ns3:hr>
          </ns3:TrackPointExtension>
        </extensions>
      </trkpt>
      <trkpt lat="48.64282968454062938690185546875" lon="-2.42361724376678466796875">
        <ele>46.200000762939453125</ele>
        <time>2025-08-18T14:05:31.000Z</time>
        <extensions>
          <ns3:TrackPointExtension>
            <ns3:atemp>32.0</ns3:atemp>
            <ns3:hr>108</ns3:hr>
          </ns3:TrackPointExtension>
        </extensions>
      </trkpt>
      <trkpt lat="48.642964549362659454345703125" lon="-2.42347751744091510772705078125">
        <ele>45.59999847412109375</ele>
        <time>2025-08-18T14:05:43.000Z</time>
        <extensions>
          <ns3:TrackPointExtension>
            <ns3:atemp>32.0</ns3:atemp>
            <ns3:hr>111</ns3:hr>
          </ns3:TrackPointExtension>
        </extensions>
      </trkpt>
      <trkpt lat="48.64303001202642917633056640625" lon="-2.4234246276319026947021484375">
        <ele>45</ele>
        <time>2025-08-18T14:05:49.000Z</time>
        <extensions>
          <ns3:TrackPointExtension>
            <ns3:atemp>32.0</ns3:atemp>
            <ns3:hr>108</ns3:hr>
          </ns3:TrackPointExtension>
        </extensions>
      </trkpt>
      <trkpt lat="48.6430649645626544952392578125" lon="-2.4233944527804851531982421875">
        <ele>45</ele>
        <time>2025-08-18T14:05:52.000Z</time>
        <extensions>
          <ns3:TrackPointExtension>
            <ns3:atemp>32.0</ns3:atemp>
            <ns3:hr>110</ns3:hr>
          </ns3:TrackPointExtension>
        </extensions>
      </trkpt>
      <trkpt lat="48.64308382384479045867919921875" lon="-2.423375509679317474365234375">
        <ele>45</ele>
        <time>2025-08-18T14:05:54.000Z</time>
        <extensions>
          <ns3:TrackPointExtension>
            <ns3:atemp>32.0</ns3:atemp>
            <ns3:hr>109</ns3:hr>
          </ns3:TrackPointExtension>
        </extensions>
      </trkpt>
      <trkpt lat="48.64312774501740932464599609375" lon="-2.42331574670970439910888671875">
        <ele>44.799999237060546875</ele>
        <time>2025-08-18T14:05:59.000Z</time>
        <extensions>
          <ns3:TrackPointExtension>
            <ns3:atemp>32.0</ns3:atemp>
            <ns3:hr>106</ns3:hr>
          </ns3:TrackPointExtension>
        </extensions>
      </trkpt>
      <trkpt lat="48.6431937105953693389892578125" lon="-2.4232470989227294921875">
        <ele>43.59999847412109375</ele>
        <time>2025-08-18T14:06:05.000Z</time>
        <extensions>
          <ns3:TrackPointExtension>
            <ns3:atemp>32.0</ns3:atemp>
            <ns3:hr>105</ns3:hr>
          </ns3:TrackPointExtension>
        </extensions>
      </trkpt>
      <trkpt lat="48.6432708241045475006103515625" lon="-2.423186413943767547607421875">
        <ele>43</ele>
        <time>2025-08-18T14:06:12.000Z</time>
        <extensions>
          <ns3:TrackPointExtension>
            <ns3:atemp>32.0</ns3:atemp>
            <ns3:hr>105</ns3:hr>
          </ns3:TrackPointExtension>
        </extensions>
      </trkpt>
      <trkpt lat="48.6433087103068828582763671875" lon="-2.4231440015137195587158203125">
        <ele>42.59999847412109375</ele>
        <time>2025-08-18T14:06:16.000Z</time>
        <extensions>
          <ns3:TrackPointExtension>
            <ns3:atemp>32.0</ns3:atemp>
            <ns3:hr>103</ns3:hr>
          </ns3:TrackPointExtension>
        </extensions>
      </trkpt>
      <trkpt lat="48.64334902726113796234130859375" lon="-2.4231128208339214324951171875">
        <ele>42.200000762939453125</ele>
        <time>2025-08-18T14:06:19.000Z</time>
        <extensions>
          <ns3:TrackPointExtension>
            <ns3:atemp>32.0</ns3:atemp>
            <ns3:hr>104</ns3:hr>
          </ns3:TrackPointExtension>
        </extensions>
      </trkpt>
      <trkpt lat="48.643418848514556884765625" lon="-2.42302757687866687774658203125">
        <ele>41.40000152587890625</ele>
        <time>2025-08-18T14:06:25.000Z</time>
        <extensions>
          <ns3:TrackPointExtension>
            <ns3:atemp>32.0</ns3:atemp>
            <ns3:hr>102</ns3:hr>
          </ns3:TrackPointExtension>
        </extensions>
      </trkpt>
      <trkpt lat="48.64346436224877834320068359375" lon="-2.42295146919786930084228515625">
        <ele>40.59999847412109375</ele>
        <time>2025-08-18T14:06:30.000Z</time>
        <extensions>
          <ns3:TrackPointExtension>
            <ns3:atemp>32.0</ns3:atemp>
            <ns3:hr>102</ns3:hr>
          </ns3:TrackPointExtension>
        </extensions>
      </trkpt>
      <trkpt lat="48.64349001087248325347900390625" lon="-2.4229247309267520904541015625">
        <ele>40.40000152587890625</ele>
        <time>2025-08-18T14:06:32.000Z</time>
        <extensions>
          <ns3:TrackPointExtension>
            <ns3:atemp>32.0</ns3:atemp>
            <ns3:hr>102</ns3:hr>
          </ns3:TrackPointExtension>
        </extensions>
      </trkpt>
      <trkpt lat="48.64357776939868927001953125" lon="-2.422819621860980987548828125">
        <ele>39.59999847412109375</ele>
        <time>2025-08-18T14:06:40.000Z</time>
        <extensions>
          <ns3:TrackPointExtension>
            <ns3:atemp>32.0</ns3:atemp>
            <ns3:hr>102</ns3:hr>
          </ns3:TrackPointExtension>
        </extensions>
      </trkpt>
      <trkpt lat="48.6436064355075359344482421875" lon="-2.42278399877250194549560546875">
        <ele>39.40000152587890625</ele>
        <time>2025-08-18T14:06:43.000Z</time>
        <extensions>
          <ns3:TrackPointExtension>
            <ns3:atemp>32.0</ns3:atemp>
            <ns3:hr>102</ns3:hr>
          </ns3:TrackPointExtension>
        </extensions>
      </trkpt>
      <trkpt lat="48.64365798421204090118408203125" lon="-2.422754578292369842529296875">
        <ele>39</ele>
        <time>2025-08-18T14:06:48.000Z</time>
        <extensions>
          <ns3:TrackPointExtension>
            <ns3:atemp>32.0</ns3:atemp>
            <ns3:hr>102</ns3:hr>
          </ns3:TrackPointExtension>
        </extensions>
      </trkpt>
      <trkpt lat="48.64374850876629352569580078125" lon="-2.42267319001257419586181640625">
        <ele>38.59999847412109375</ele>
        <time>2025-08-18T14:06:57.000Z</time>
        <extensions>
          <ns3:TrackPointExtension>
            <ns3:atemp>32.0</ns3:atemp>
            <ns3:hr>102</ns3:hr>
          </ns3:TrackPointExtension>
        </extensions>
      </trkpt>
      <trkpt lat="48.64376946352422237396240234375" lon="-2.4226441048085689544677734375">
        <ele>38.40000152587890625</ele>
        <time>2025-08-18T14:07:00.000Z</time>
        <extensions>
          <ns3:TrackPointExtension>
            <ns3:atemp>32.0</ns3:atemp>
            <ns3:hr>102</ns3:hr>
          </ns3:TrackPointExtension>
        </extensions>
      </trkpt>
      <trkpt lat="48.64380550570785999298095703125" lon="-2.42258258163928985595703125">
        <ele>38</ele>
        <time>2025-08-18T14:07:05.000Z</time>
        <extensions>
          <ns3:TrackPointExtension>
            <ns3:atemp>32.0</ns3:atemp>
            <ns3:hr>103</ns3:hr>
          </ns3:TrackPointExtension>
        </extensions>
      </trkpt>
      <trkpt lat="48.64382721483707427978515625" lon="-2.422530613839626312255859375">
        <ele>38</ele>
        <time>2025-08-18T14:07:10.000Z</time>
        <extensions>
          <ns3:TrackPointExtension>
            <ns3:atemp>32.0</ns3:atemp>
            <ns3:hr>103</ns3:hr>
          </ns3:TrackPointExtension>
        </extensions>
      </trkpt>
      <trkpt lat="48.6438491754233837127685546875" lon="-2.422499097883701324462890625">
        <ele>38</ele>
        <time>2025-08-18T14:07:18.000Z</time>
        <extensions>
          <ns3:TrackPointExtension>
            <ns3:atemp>32.0</ns3:atemp>
            <ns3:hr>103</ns3:hr>
          </ns3:TrackPointExtension>
        </extensions>
      </trkpt>
      <trkpt lat="48.64385412074625492095947265625" lon="-2.42248644120991230010986328125">
        <ele>38</ele>
        <time>2025-08-18T14:07:26.000Z</time>
        <extensions>
          <ns3:TrackPointExtension>
            <ns3:atemp>32.0</ns3:atemp>
            <ns3:hr>100</ns3:hr>
          </ns3:TrackPointExtension>
        </extensions>
      </trkpt>
      <trkpt lat="48.64385428838431835174560546875" lon="-2.42248602211475372314453125">
        <ele>38</ele>
        <time>2025-08-18T14:07:27.000Z</time>
        <extensions>
          <ns3:TrackPointExtension>
            <ns3:atemp>32.0</ns3:atemp>
            <ns3:hr>104</ns3:hr>
          </ns3:TrackPointExtension>
        </extensions>
      </trkpt>
      <trkpt lat="48.64388748072087764739990234375" lon="-2.422468923032283782958984375">
        <ele>38</ele>
        <time>2025-08-18T14:07:35.000Z</time>
        <extensions>
          <ns3:TrackPointExtension>
            <ns3:atemp>32.0</ns3:atemp>
            <ns3:hr>102</ns3:hr>
          </ns3:TrackPointExtension>
        </extensions>
      </trkpt>
      <trkpt lat="48.6439933441579341888427734375" lon="-2.4224358983337879180908203125">
        <ele>38.40000152587890625</ele>
        <time>2025-08-18T14:07:42.000Z</time>
        <extensions>
          <ns3:TrackPointExtension>
            <ns3:atemp>32.0</ns3:atemp>
            <ns3:hr>102</ns3:hr>
          </ns3:TrackPointExtension>
        </extensions>
      </trkpt>
      <trkpt lat="48.6440721340477466583251953125" lon="-2.42240823805332183837890625">
        <ele>38</ele>
        <time>2025-08-18T14:07:48.000Z</time>
        <extensions>
          <ns3:TrackPointExtension>
            <ns3:atemp>32.0</ns3:atemp>
            <ns3:hr>99</ns3:hr>
          </ns3:TrackPointExtension>
        </extensions>
      </trkpt>
      <trkpt lat="48.644110523164272308349609375" lon="-2.422405891120433807373046875">
        <ele>38</ele>
        <time>2025-08-18T14:07:51.000Z</time>
        <extensions>
          <ns3:TrackPointExtension>
            <ns3:atemp>32.0</ns3:atemp>
            <ns3:hr>97</ns3:hr>
          </ns3:TrackPointExtension>
        </extensions>
      </trkpt>
      <trkpt lat="48.6441237665712833404541015625" lon="-2.4224033765494823455810546875">
        <ele>37.799999237060546875</ele>
        <time>2025-08-18T14:07:52.000Z</time>
        <extensions>
          <ns3:TrackPointExtension>
            <ns3:atemp>32.0</ns3:atemp>
            <ns3:hr>96</ns3:hr>
          </ns3:TrackPointExtension>
        </extensions>
      </trkpt>
      <trkpt lat="48.6442280374467372894287109375" lon="-2.4223846010863780975341796875">
        <ele>37.59999847412109375</ele>
        <time>2025-08-18T14:08:01.000Z</time>
        <extensions>
          <ns3:TrackPointExtension>
            <ns3:atemp>32.0</ns3:atemp>
            <ns3:hr>95</ns3:hr>
          </ns3:TrackPointExtension>
        </extensions>
      </trkpt>
      <trkpt lat="48.6442732997238636016845703125" lon="-2.4223795719444751739501953125">
        <ele>37</ele>
        <time>2025-08-18T14:08:05.000Z</time>
        <extensions>
          <ns3:TrackPointExtension>
            <ns3:atemp>31.0</ns3:atemp>
            <ns3:hr>96</ns3:hr>
          </ns3:TrackPointExtension>
        </extensions>
      </trkpt>
      <trkpt lat="48.64430808462202548980712890625" lon="-2.4223789013922214508056640625">
        <ele>36.799999237060546875</ele>
        <time>2025-08-18T14:08:08.000Z</time>
        <extensions>
          <ns3:TrackPointExtension>
            <ns3:atemp>31.0</ns3:atemp>
            <ns3:hr>96</ns3:hr>
          </ns3:TrackPointExtension>
        </extensions>
      </trkpt>
      <trkpt lat="48.6443769000470638275146484375" lon="-2.42238409817218780517578125">
        <ele>36.200000762939453125</ele>
        <time>2025-08-18T14:08:14.000Z</time>
        <extensions>
          <ns3:TrackPointExtension>
            <ns3:atemp>31.0</ns3:atemp>
            <ns3:hr>96</ns3:hr>
          </ns3:TrackPointExtension>
        </extensions>
      </trkpt>
      <trkpt lat="48.6443856172263622283935546875" lon="-2.42238418199121952056884765625">
        <ele>36</ele>
        <time>2025-08-18T14:08:15.000Z</time>
        <extensions>
          <ns3:TrackPointExtension>
            <ns3:atemp>31.0</ns3:atemp>
            <ns3:hr>98</ns3:hr>
          </ns3:TrackPointExtension>
        </extensions>
      </trkpt>
      <trkpt lat="48.6443956755101680755615234375" lon="-2.42238678038120269775390625">
        <ele>35.799999237060546875</ele>
        <time>2025-08-18T14:08:16.000Z</time>
        <extensions>
          <ns3:TrackPointExtension>
            <ns3:atemp>31.0</ns3:atemp>
            <ns3:hr>97</ns3:hr>
          </ns3:TrackPointExtension>
        </extensions>
      </trkpt>
      <trkpt lat="48.6444888822734355926513671875" lon="-2.42241284810006618499755859375">
        <ele>35.200000762939453125</ele>
        <time>2025-08-18T14:08:24.000Z</time>
        <extensions>
          <ns3:TrackPointExtension>
            <ns3:atemp>31.0</ns3:atemp>
            <ns3:hr>96</ns3:hr>
          </ns3:TrackPointExtension>
        </extensions>
      </trkpt>
      <trkpt lat="48.6445522494614124298095703125" lon="-2.42239641956984996795654296875">
        <ele>34.799999237060546875</ele>
        <time>2025-08-18T14:08:29.000Z</time>
        <extensions>
          <ns3:TrackPointExtension>
            <ns3:atemp>31.0</ns3:atemp>
            <ns3:hr>94</ns3:hr>
          </ns3:TrackPointExtension>
        </extensions>
      </trkpt>
      <trkpt lat="48.644573874771595001220703125" lon="-2.42239071987569332122802734375">
        <ele>34.799999237060546875</ele>
        <time>2025-08-18T14:08:31.000Z</time>
        <extensions>
          <ns3:TrackPointExtension>
            <ns3:atemp>31.0</ns3:atemp>
            <ns3:hr>93</ns3:hr>
          </ns3:TrackPointExtension>
        </extensions>
      </trkpt>
      <trkpt lat="48.6445963382720947265625" lon="-2.42238753475248813629150390625">
        <ele>34.59999847412109375</ele>
        <time>2025-08-18T14:08:33.000Z</time>
        <extensions>
          <ns3:TrackPointExtension>
            <ns3:atemp>31.0</ns3:atemp>
            <ns3:hr>96</ns3:hr>
          </ns3:TrackPointExtension>
        </extensions>
      </trkpt>
      <trkpt lat="48.64459969103336334228515625" lon="-2.4223886243999004364013671875">
        <ele>34.59999847412109375</ele>
        <time>2025-08-18T14:08:34.000Z</time>
        <extensions>
          <ns3:TrackPointExtension>
            <ns3:atemp>31.0</ns3:atemp>
            <ns3:hr>93</ns3:hr>
          </ns3:TrackPointExtension>
        </extensions>
      </trkpt>
      <trkpt lat="48.64463950507342815399169921875" lon="-2.4223805777728557586669921875">
        <ele>34.200000762939453125</ele>
        <time>2025-08-18T14:08:40.000Z</time>
        <extensions>
          <ns3:TrackPointExtension>
            <ns3:atemp>31.0</ns3:atemp>
            <ns3:hr>92</ns3:hr>
          </ns3:TrackPointExtension>
        </extensions>
      </trkpt>
      <trkpt lat="48.64472709596157073974609375" lon="-2.4223822541534900665283203125">
        <ele>33.799999237060546875</ele>
        <time>2025-08-18T14:08:47.000Z</time>
        <extensions>
          <ns3:TrackPointExtension>
            <ns3:atemp>31.0</ns3:atemp>
            <ns3:hr>92</ns3:hr>
          </ns3:TrackPointExtension>
        </extensions>
      </trkpt>
      <trkpt lat="48.644738830626010894775390625" lon="-2.42237362079322338104248046875">
        <ele>33.59999847412109375</ele>
        <time>2025-08-18T14:08:48.000Z</time>
        <extensions>
          <ns3:TrackPointExtension>
            <ns3:atemp>31.0</ns3:atemp>
            <ns3:hr>92</ns3:hr>
          </ns3:TrackPointExtension>
        </extensions>
      </trkpt>
      <trkpt lat="48.6447775550186634063720703125" lon="-2.42234931327402591705322265625">
        <ele>33.40000152587890625</ele>
        <time>2025-08-18T14:08:54.000Z</time>
        <extensions>
          <ns3:TrackPointExtension>
            <ns3:atemp>31.0</ns3:atemp>
            <ns3:hr>93</ns3:hr>
          </ns3:TrackPointExtension>
        </extensions>
      </trkpt>
      <trkpt lat="48.64484989084303379058837890625" lon="-2.42236976511776447296142578125">
        <ele>33.200000762939453125</ele>
        <time>2025-08-18T14:09:03.000Z</time>
        <extensions>
          <ns3:TrackPointExtension>
            <ns3:atemp>31.0</ns3:atemp>
            <ns3:hr>95</ns3:hr>
          </ns3:TrackPointExtension>
        </extensions>
      </trkpt>
      <trkpt lat="48.6448784731328487396240234375" lon="-2.42236523889005184173583984375">
        <ele>32.59999847412109375</ele>
        <time>2025-08-18T14:09:07.000Z</time>
        <extensions>
          <ns3:TrackPointExtension>
            <ns3:atemp>31.0</ns3:atemp>
            <ns3:hr>95</ns3:hr>
          </ns3:TrackPointExtension>
        </extensions>
      </trkpt>
      <trkpt lat="48.6448925547301769256591796875" lon="-2.42236641235649585723876953125">
        <ele>32.59999847412109375</ele>
        <time>2025-08-18T14:09:08.000Z</time>
        <extensions>
          <ns3:TrackPointExtension>
            <ns3:atemp>31.0</ns3:atemp>
            <ns3:hr>96</ns3:hr>
          </ns3:TrackPointExtension>
        </extensions>
      </trkpt>
      <trkpt lat="48.64495533518493175506591796875" lon="-2.42236138321459293365478515625">
        <ele>32.59999847412109375</ele>
        <time>2025-08-18T14:09:13.000Z</time>
        <extensions>
          <ns3:TrackPointExtension>
            <ns3:atemp>31.0</ns3:atemp>
            <ns3:hr>95</ns3:hr>
          </ns3:TrackPointExtension>
        </extensions>
      </trkpt>
      <trkpt lat="48.644982911646366119384765625" lon="-2.42235484533011913299560546875">
        <ele>32.40000152587890625</ele>
        <time>2025-08-18T14:09:16.000Z</time>
        <extensions>
          <ns3:TrackPointExtension>
            <ns3:atemp>31.0</ns3:atemp>
            <ns3:hr>95</ns3:hr>
          </ns3:TrackPointExtension>
        </extensions>
      </trkpt>
      <trkpt lat="48.64502943120896816253662109375" lon="-2.42234344594180583953857421875">
        <ele>32.40000152587890625</ele>
        <time>2025-08-18T14:09:21.000Z</time>
        <extensions>
          <ns3:TrackPointExtension>
            <ns3:atemp>31.0</ns3:atemp>
            <ns3:hr>97</ns3:hr>
          </ns3:TrackPointExtension>
        </extensions>
      </trkpt>
      <trkpt lat="48.64511157386004924774169921875" lon="-2.4222927354276180267333984375">
        <ele>32</ele>
        <time>2025-08-18T14:09:27.000Z</time>
        <extensions>
          <ns3:TrackPointExtension>
            <ns3:atemp>31.0</ns3:atemp>
            <ns3:hr>100</ns3:hr>
          </ns3:TrackPointExtension>
        </extensions>
      </trkpt>
      <trkpt lat="48.6451212130486965179443359375" lon="-2.422289885580539703369140625">
        <ele>32</ele>
        <time>2025-08-18T14:09:28.000Z</time>
        <extensions>
          <ns3:TrackPointExtension>
            <ns3:atemp>31.0</ns3:atemp>
            <ns3:hr>100</ns3:hr>
          </ns3:TrackPointExtension>
        </extensions>
      </trkpt>
      <trkpt lat="48.6451339535415172576904296875" lon="-2.4222887121140956878662109375">
        <ele>32</ele>
        <time>2025-08-18T14:09:29.000Z</time>
        <extensions>
          <ns3:TrackPointExtension>
            <ns3:atemp>31.0</ns3:atemp>
            <ns3:hr>100</ns3:hr>
          </ns3:TrackPointExtension>
        </extensions>
      </trkpt>
      <trkpt lat="48.6452258192002773284912109375" lon="-2.4222484789788722991943359375">
        <ele>31.799999237060546875</ele>
        <time>2025-08-18T14:09:36.000Z</time>
        <extensions>
          <ns3:TrackPointExtension>
            <ns3:atemp>31.0</ns3:atemp>
            <ns3:hr>100</ns3:hr>
          </ns3:TrackPointExtension>
        </extensions>
      </trkpt>
      <trkpt lat="48.6452486179769039154052734375" lon="-2.42223381064832210540771484375">
        <ele>31.3999996185302734375</ele>
        <time>2025-08-18T14:09:38.000Z</time>
        <extensions>
          <ns3:TrackPointExtension>
            <ns3:atemp>31.0</ns3:atemp>
            <ns3:hr>99</ns3:hr>
          </ns3:TrackPointExtension>
        </extensions>
      </trkpt>
      <trkpt lat="48.64528574980795383453369140625" lon="-2.422201372683048248291015625">
        <ele>31.200000762939453125</ele>
        <time>2025-08-18T14:09:43.000Z</time>
        <extensions>
          <ns3:TrackPointExtension>
            <ns3:atemp>31.0</ns3:atemp>
            <ns3:hr>97</ns3:hr>
          </ns3:TrackPointExtension>
        </extensions>
      </trkpt>
      <trkpt lat="48.645308129489421844482421875" lon="-2.42217346094548702239990234375">
        <ele>31.3999996185302734375</ele>
        <time>2025-08-18T14:09:47.000Z</time>
        <extensions>
          <ns3:TrackPointExtension>
            <ns3:atemp>31.0</ns3:atemp>
            <ns3:hr>94</ns3:hr>
          </ns3:TrackPointExtension>
        </extensions>
      </trkpt>
      <trkpt lat="48.64532916806638240814208984375" lon="-2.42214144207537174224853515625">
        <ele>31.200000762939453125</ele>
        <time>2025-08-18T14:09:50.000Z</time>
        <extensions>
          <ns3:TrackPointExtension>
            <ns3:atemp>31.0</ns3:atemp>
            <ns3:hr>95</ns3:hr>
          </ns3:TrackPointExtension>
        </extensions>
      </trkpt>
      <trkpt lat="48.6453438363969326019287109375" lon="-2.42212702520191669464111328125">
        <ele>31.200000762939453125</ele>
        <time>2025-08-18T14:09:51.000Z</time>
        <extensions>
          <ns3:TrackPointExtension>
            <ns3:atemp>31.0</ns3:atemp>
            <ns3:hr>98</ns3:hr>
          </ns3:TrackPointExtension>
        </extensions>
      </trkpt>
      <trkpt lat="48.64540393464267253875732421875" lon="-2.42206223309040069580078125">
        <ele>30.3999996185302734375</ele>
        <time>2025-08-18T14:09:57.000Z</time>
        <extensions>
          <ns3:TrackPointExtension>
            <ns3:atemp>31.0</ns3:atemp>
            <ns3:hr>96</ns3:hr>
          </ns3:TrackPointExtension>
        </extensions>
      </trkpt>
      <trkpt lat="48.64548037759959697723388671875" lon="-2.42197799496352672576904296875">
        <ele>30.200000762939453125</ele>
        <time>2025-08-18T14:10:03.000Z</time>
        <extensions>
          <ns3:TrackPointExtension>
            <ns3:atemp>31.0</ns3:atemp>
            <ns3:hr>95</ns3:hr>
          </ns3:TrackPointExtension>
        </extensions>
      </trkpt>
      <trkpt lat="48.6455346085131168365478515625" lon="-2.4219088442623615264892578125">
        <ele>29.799999237060546875</ele>
        <time>2025-08-18T14:10:09.000Z</time>
        <extensions>
          <ns3:TrackPointExtension>
            <ns3:atemp>31.0</ns3:atemp>
            <ns3:hr>95</ns3:hr>
          </ns3:TrackPointExtension>
        </extensions>
      </trkpt>
      <trkpt lat="48.64556134678423404693603515625" lon="-2.421852685511112213134765625">
        <ele>29.3999996185302734375</ele>
        <time>2025-08-18T14:10:14.000Z</time>
        <extensions>
          <ns3:TrackPointExtension>
            <ns3:atemp>31.0</ns3:atemp>
            <ns3:hr>95</ns3:hr>
          </ns3:TrackPointExtension>
        </extensions>
      </trkpt>
      <trkpt lat="48.64558272063732147216796875" lon="-2.4218253605067729949951171875">
        <ele>29.3999996185302734375</ele>
        <time>2025-08-18T14:10:16.000Z</time>
        <extensions>
          <ns3:TrackPointExtension>
            <ns3:atemp>31.0</ns3:atemp>
            <ns3:hr>95</ns3:hr>
          </ns3:TrackPointExtension>
        </extensions>
      </trkpt>
      <trkpt lat="48.6456532962620258331298828125" lon="-2.42173709906637668609619140625">
        <ele>28.799999237060546875</ele>
        <time>2025-08-18T14:10:23.000Z</time>
        <extensions>
          <ns3:TrackPointExtension>
            <ns3:atemp>31.0</ns3:atemp>
            <ns3:hr>95</ns3:hr>
          </ns3:TrackPointExtension>
        </extensions>
      </trkpt>
      <trkpt lat="48.6456603370606899261474609375" lon="-2.42172519676387310028076171875">
        <ele>28.799999237060546875</ele>
        <time>2025-08-18T14:10:24.000Z</time>
        <extensions>
          <ns3:TrackPointExtension>
            <ns3:atemp>30.0</ns3:atemp>
            <ns3:hr>95</ns3:hr>
          </ns3:TrackPointExtension>
        </extensions>
      </trkpt>
      <trkpt lat="48.64569964818656444549560546875" lon="-2.4216605722904205322265625">
        <ele>28.3999996185302734375</ele>
        <time>2025-08-18T14:10:30.000Z</time>
        <extensions>
          <ns3:TrackPointExtension>
            <ns3:atemp>30.0</ns3:atemp>
            <ns3:hr>93</ns3:hr>
          </ns3:TrackPointExtension>
        </extensions>
      </trkpt>
      <trkpt lat="48.64570601843297481536865234375" lon="-2.4216459877789020538330078125">
        <ele>28.3999996185302734375</ele>
        <time>2025-08-18T14:10:31.000Z</time>
        <extensions>
          <ns3:TrackPointExtension>
            <ns3:atemp>30.0</ns3:atemp>
            <ns3:hr>92</ns3:hr>
          </ns3:TrackPointExtension>
        </extensions>
      </trkpt>
      <trkpt lat="48.645791597664356231689453125" lon="-2.42156527005136013031005859375">
        <ele>28</ele>
        <time>2025-08-18T14:10:39.000Z</time>
        <extensions>
          <ns3:TrackPointExtension>
            <ns3:atemp>30.0</ns3:atemp>
            <ns3:hr>90</ns3:hr>
          </ns3:TrackPointExtension>
        </extensions>
      </trkpt>
      <trkpt lat="48.64581297151744365692138671875" lon="-2.42154188454151153564453125">
        <ele>28</ele>
        <time>2025-08-18T14:10:41.000Z</time>
        <extensions>
          <ns3:TrackPointExtension>
            <ns3:atemp>30.0</ns3:atemp>
            <ns3:hr>90</ns3:hr>
          </ns3:TrackPointExtension>
        </extensions>
      </trkpt>
      <trkpt lat="48.64591808058321475982666015625" lon="-2.42148631252348423004150390625">
        <ele>27.799999237060546875</ele>
        <time>2025-08-18T14:10:48.000Z</time>
        <extensions>
          <ns3:TrackPointExtension>
            <ns3:atemp>30.0</ns3:atemp>
            <ns3:hr>88</ns3:hr>
          </ns3:TrackPointExtension>
        </extensions>
      </trkpt>
      <trkpt lat="48.64594389684498310089111328125" lon="-2.4214760027825832366943359375">
        <ele>27.3999996185302734375</ele>
        <time>2025-08-18T14:10:50.000Z</time>
        <extensions>
          <ns3:TrackPointExtension>
            <ns3:atemp>30.0</ns3:atemp>
            <ns3:hr>87</ns3:hr>
          </ns3:TrackPointExtension>
        </extensions>
      </trkpt>
      <trkpt lat="48.646025620400905609130859375" lon="-2.421441972255706787109375">
        <ele>26.200000762939453125</ele>
        <time>2025-08-18T14:10:55.000Z</time>
        <extensions>
          <ns3:TrackPointExtension>
            <ns3:atemp>30.0</ns3:atemp>
            <ns3:hr>88</ns3:hr>
          </ns3:TrackPointExtension>
        </extensions>
      </trkpt>
      <trkpt lat="48.6460412107408046722412109375" lon="-2.42143920622766017913818359375">
        <ele>26</ele>
        <time>2025-08-18T14:10:56.000Z</time>
        <extensions>
          <ns3:TrackPointExtension>
            <ns3:atemp>30.0</ns3:atemp>
            <ns3:hr>88</ns3:hr>
          </ns3:TrackPointExtension>
        </extensions>
      </trkpt>
      <trkpt lat="48.6461193300783634185791015625" lon="-2.42143467999994754791259765625">
        <ele>25.200000762939453125</ele>
        <time>2025-08-18T14:11:01.000Z</time>
        <extensions>
          <ns3:TrackPointExtension>
            <ns3:atemp>30.0</ns3:atemp>
            <ns3:hr>90</ns3:hr>
          </ns3:TrackPointExtension>
        </extensions>
      </trkpt>
      <trkpt lat="48.64619937725365161895751953125" lon="-2.42147893644869327545166015625">
        <ele>24.3999996185302734375</ele>
        <time>2025-08-18T14:11:06.000Z</time>
        <extensions>
          <ns3:TrackPointExtension>
            <ns3:atemp>30.0</ns3:atemp>
            <ns3:hr>92</ns3:hr>
          </ns3:TrackPointExtension>
        </extensions>
      </trkpt>
      <trkpt lat="48.64622184075415134429931640625" lon="-2.4214674532413482666015625">
        <ele>24.200000762939453125</ele>
        <time>2025-08-18T14:11:08.000Z</time>
        <extensions>
          <ns3:TrackPointExtension>
            <ns3:atemp>30.0</ns3:atemp>
            <ns3:hr>93</ns3:hr>
          </ns3:TrackPointExtension>
        </extensions>
      </trkpt>
      <trkpt lat="48.64623223431408405303955078125" lon="-2.421461753547191619873046875">
        <ele>23.799999237060546875</ele>
        <time>2025-08-18T14:11:09.000Z</time>
        <extensions>
          <ns3:TrackPointExtension>
            <ns3:atemp>30.0</ns3:atemp>
            <ns3:hr>93</ns3:hr>
          </ns3:TrackPointExtension>
        </extensions>
      </trkpt>
      <trkpt lat="48.64626006223261356353759765625" lon="-2.421442978084087371826171875">
        <ele>23.3999996185302734375</ele>
        <time>2025-08-18T14:11:12.000Z</time>
        <extensions>
          <ns3:TrackPointExtension>
            <ns3:atemp>30.0</ns3:atemp>
            <ns3:hr>94</ns3:hr>
          </ns3:TrackPointExtension>
        </extensions>
      </trkpt>
      <trkpt lat="48.6462873034179210662841796875" lon="-2.42144306190311908721923828125">
        <ele>22.6000003814697265625</ele>
        <time>2025-08-18T14:11:14.000Z</time>
        <extensions>
          <ns3:TrackPointExtension>
            <ns3:atemp>30.0</ns3:atemp>
            <ns3:hr>94</ns3:hr>
          </ns3:TrackPointExtension>
        </extensions>
      </trkpt>
      <trkpt lat="48.6463161371648311614990234375" lon="-2.42145680822432041168212890625">
        <ele>22.200000762939453125</ele>
        <time>2025-08-18T14:11:17.000Z</time>
        <extensions>
          <ns3:TrackPointExtension>
            <ns3:atemp>30.0</ns3:atemp>
            <ns3:hr>94</ns3:hr>
          </ns3:TrackPointExtension>
        </extensions>
      </trkpt>
      <trkpt lat="48.64633373916149139404296875" lon="-2.4214639328420162200927734375">
        <ele>21.3999996185302734375</ele>
        <time>2025-08-18T14:11:19.000Z</time>
        <extensions>
          <ns3:TrackPointExtension>
            <ns3:atemp>30.0</ns3:atemp>
            <ns3:hr>94</ns3:hr>
          </ns3:TrackPointExtension>
        </extensions>
      </trkpt>
      <trkpt lat="48.64634312689304351806640625" lon="-2.42146410048007965087890625">
        <ele>21.3999996185302734375</ele>
        <time>2025-08-18T14:11:20.000Z</time>
        <extensions>
          <ns3:TrackPointExtension>
            <ns3:atemp>30.0</ns3:atemp>
            <ns3:hr>95</ns3:hr>
          </ns3:TrackPointExtension>
        </extensions>
      </trkpt>
      <trkpt lat="48.64637455902993679046630859375" lon="-2.421479858458042144775390625">
        <ele>20.3999996185302734375</ele>
        <time>2025-08-18T14:11:23.000Z</time>
        <extensions>
          <ns3:TrackPointExtension>
            <ns3:atemp>30.0</ns3:atemp>
            <ns3:hr>94</ns3:hr>
          </ns3:TrackPointExtension>
        </extensions>
      </trkpt>
      <trkpt lat="48.64638361148536205291748046875" lon="-2.42148329503834247589111328125">
        <ele>20</ele>
        <time>2025-08-18T14:11:24.000Z</time>
        <extensions>
          <ns3:TrackPointExtension>
            <ns3:atemp>30.0</ns3:atemp>
            <ns3:hr>93</ns3:hr>
          </ns3:TrackPointExtension>
        </extensions>
      </trkpt>
      <trkpt lat="48.6464033089578151702880859375" lon="-2.42148597724735736846923828125">
        <ele>19.200000762939453125</ele>
        <time>2025-08-18T14:11:27.000Z</time>
        <extensions>
          <ns3:TrackPointExtension>
            <ns3:atemp>30.0</ns3:atemp>
            <ns3:hr>91</ns3:hr>
          </ns3:TrackPointExtension>
        </extensions>
      </trkpt>
      <trkpt lat="48.64642359316349029541015625" lon="-2.4214920960366725921630859375">
        <ele>18.6000003814697265625</ele>
        <time>2025-08-18T14:11:29.000Z</time>
        <extensions>
          <ns3:TrackPointExtension>
            <ns3:atemp>30.0</ns3:atemp>
            <ns3:hr>89</ns3:hr>
          </ns3:TrackPointExtension>
        </extensions>
      </trkpt>
      <trkpt lat="48.6464438773691654205322265625" lon="-2.4215048365294933319091796875">
        <ele>18.200000762939453125</ele>
        <time>2025-08-18T14:11:31.000Z</time>
        <extensions>
          <ns3:TrackPointExtension>
            <ns3:atemp>30.0</ns3:atemp>
            <ns3:hr>88</ns3:hr>
          </ns3:TrackPointExtension>
        </extensions>
      </trkpt>
      <trkpt lat="48.646460808813571929931640625" lon="-2.4215159006416797637939453125">
        <ele>17.3999996185302734375</ele>
        <time>2025-08-18T14:11:36.000Z</time>
        <extensions>
          <ns3:TrackPointExtension>
            <ns3:atemp>30.0</ns3:atemp>
            <ns3:hr>86</ns3:hr>
          </ns3:TrackPointExtension>
        </extensions>
      </trkpt>
      <trkpt lat="48.64645846188068389892578125" lon="-2.42151916958391666412353515625">
        <ele>17.200000762939453125</ele>
        <time>2025-08-18T14:11:46.000Z</time>
        <extensions>
          <ns3:TrackPointExtension>
            <ns3:atemp>30.0</ns3:atemp>
            <ns3:hr>85</ns3:hr>
          </ns3:TrackPointExtension>
        </extensions>
      </trkpt>
      <trkpt lat="48.64645821042358875274658203125" lon="-2.4215195886790752410888671875">
        <ele>17</ele>
        <time>2025-08-18T14:11:54.000Z</time>
        <extensions>
          <ns3:TrackPointExtension>
            <ns3:atemp>30.0</ns3:atemp>
            <ns3:hr>86</ns3:hr>
          </ns3:TrackPointExtension>
        </extensions>
      </trkpt>
      <trkpt lat="48.64651671610772609710693359375" lon="-2.42158035747706890106201171875">
        <ele>16.200000762939453125</ele>
        <time>2025-08-18T14:12:01.000Z</time>
        <extensions>
          <ns3:TrackPointExtension>
            <ns3:atemp>30.0</ns3:atemp>
            <ns3:hr>86</ns3:hr>
          </ns3:TrackPointExtension>
        </extensions>
      </trkpt>
      <trkpt lat="48.646525181829929351806640625" lon="-2.42159963585436344146728515625">
        <ele>16</ele>
        <time>2025-08-18T14:12:02.000Z</time>
        <extensions>
          <ns3:TrackPointExtension>
            <ns3:atemp>30.0</ns3:atemp>
            <ns3:hr>86</ns3:hr>
          </ns3:TrackPointExtension>
        </extensions>
      </trkpt>
      <trkpt lat="48.64657371304929256439208984375" lon="-2.4217231012880802154541015625">
        <ele>15.3999996185302734375</ele>
        <time>2025-08-18T14:12:09.000Z</time>
        <extensions>
          <ns3:TrackPointExtension>
            <ns3:atemp>30.0</ns3:atemp>
            <ns3:hr>88</ns3:hr>
          </ns3:TrackPointExtension>
        </extensions>
      </trkpt>
      <trkpt lat="48.64659525454044342041015625" lon="-2.4218297190964221954345703125">
        <ele>15.6000003814697265625</ele>
        <time>2025-08-18T14:12:16.000Z</time>
        <extensions>
          <ns3:TrackPointExtension>
            <ns3:atemp>30.0</ns3:atemp>
            <ns3:hr>89</ns3:hr>
          </ns3:TrackPointExtension>
        </extensions>
      </trkpt>
      <trkpt lat="48.6465880461037158966064453125" lon="-2.42191328667104244232177734375">
        <ele>15.6000003814697265625</ele>
        <time>2025-08-18T14:12:21.000Z</time>
        <extensions>
          <ns3:TrackPointExtension>
            <ns3:atemp>30.0</ns3:atemp>
            <ns3:hr>88</ns3:hr>
          </ns3:TrackPointExtension>
        </extensions>
      </trkpt>
      <trkpt lat="48.64659391343593597412109375" lon="-2.42194396443665027618408203125">
        <ele>15.6000003814697265625</ele>
        <time>2025-08-18T14:12:23.000Z</time>
        <extensions>
          <ns3:TrackPointExtension>
            <ns3:atemp>30.0</ns3:atemp>
            <ns3:hr>87</ns3:hr>
          </ns3:TrackPointExtension>
        </extensions>
      </trkpt>
      <trkpt lat="48.6465940810739994049072265625" lon="-2.42204957641661167144775390625">
        <ele>16.200000762939453125</ele>
        <time>2025-08-18T14:12:31.000Z</time>
        <extensions>
          <ns3:TrackPointExtension>
            <ns3:atemp>30.0</ns3:atemp>
            <ns3:hr>88</ns3:hr>
          </ns3:TrackPointExtension>
        </extensions>
      </trkpt>
      <trkpt lat="48.6466138623654842376708984375" lon="-2.42216885089874267578125">
        <ele>16.200000762939453125</ele>
        <time>2025-08-18T14:12:39.000Z</time>
        <extensions>
          <ns3:TrackPointExtension>
            <ns3:atemp>30.0</ns3:atemp>
            <ns3:hr>90</ns3:hr>
          </ns3:TrackPointExtension>
        </extensions>
      </trkpt>
      <trkpt lat="48.64663003943860530853271484375" lon="-2.42217446677386760711669921875">
        <ele>16</ele>
        <time>2025-08-18T14:12:42.000Z</time>
        <extensions>
          <ns3:TrackPointExtension>
            <ns3:atemp>30.0</ns3:atemp>
            <ns3:hr>90</ns3:hr>
          </ns3:TrackPointExtension>
        </extensions>
      </trkpt>
    </trkseg>
  </trk>
</gpx>
