<?xml version="1.0" encoding="UTF-8"?>
<gpx creator="Garmin Connect App" xmlns:xsi="http://www.w3.org/2001/XMLSchema-instance" xsi:schemaLocation="http://www.topografix.com/GPX/1/1 http://www.topografix.com/GPX/1/1/gpx.xsd http://www.garmin.com/xmlschemas/GpxExtensions/v3 http://www.garmin.com/xmlschemas/GpxExtensionsv3.xsd http://www.garmin.com/xmlschemas/TrackPointExtension/v1 http://www.garmin.com/xmlschemas/TrackPointExtensionv1.xsd" version="1.1" xmlns="http://www.topografix.com/GPX/1/1" xmlns:gpxtpx="http://www.garmin.com/xmlschemas/TrackPointExtension/v1" xmlns:gpxx="http://www.garmin.com/xmlschemas/GpxExtensions/v3">
	<metadata>
		<link href="https://gotoes.org/">
			<text>GOTOES STRAVA TOOLS</text>
		</link>
		<desc>Created with GOTOES STRAVA TOOLS Version 43.1</desc>
		<time>2024-08-18T11:01:49Z</time>
	</metadata>
	<trk>
		<name>GOTOES Export</name>
		<type>Walk</type>
		<trkseg>
			<trkpt lat="48.604166" lon="-2.151317">
				<ele>21.200001</ele>
				<time>2024-08-18T11:01:49Z</time>
				<extensions>
					<gpxtpx:TrackPointExtension>
						<gpxtpx:hr>88</gpxtpx:hr>
						<gpxtpx:atemp>32</gpxtpx:atemp>
					</gpxtpx:TrackPointExtension>
				</extensions>
			</trkpt>
			<trkpt lat="48.604166" lon="-2.151317">
				<ele>21.200001</ele>
				<time>2024-08-18T11:01:50Z</time>
				<extensions>
					<gpxtpx:TrackPointExtension>
						<gpxtpx:hr>89</gpxtpx:hr>
						<gpxtpx:atemp>32</gpxtpx:atemp>
					</gpxtpx:TrackPointExtension>
				</extensions>
			</trkpt>
			<trkpt lat="48.604158" lon="-2.151321">
				<ele>21.4</ele>
				<time>2024-08-18T11:02:04Z</time>
				<extensions>
					<gpxtpx:TrackPointExtension>
						<gpxtpx:hr>86</gpxtpx:hr>
						<gpxtpx:atemp>32</gpxtpx:atemp>
					</gpxtpx:TrackPointExtension>
				</extensions>
			</trkpt>
			<trkpt lat="48.604109" lon="-2.151245">
				<ele>21.200001</ele>
				<time>2024-08-18T11:02:10Z</time>
				<extensions>
					<gpxtpx:TrackPointExtension>
						<gpxtpx:hr>88</gpxtpx:hr>
						<gpxtpx:atemp>32</gpxtpx:atemp>
					</gpxtpx:TrackPointExtension>
				</extensions>
			</trkpt>
			<trkpt lat="48.604008" lon="-2.151121">
				<ele>21.200001</ele>
				<time>2024-08-18T11:02:20Z</time>
				<extensions>
					<gpxtpx:TrackPointExtension>
						<gpxtpx:hr>87</gpxtpx:hr>
						<gpxtpx:atemp>32</gpxtpx:atemp>
					</gpxtpx:TrackPointExtension>
				</extensions>
			</trkpt>
			<trkpt lat="48.603926" lon="-2.1511">
				<ele>21.4</ele>
				<time>2024-08-18T11:02:28Z</time>
				<extensions>
					<gpxtpx:TrackPointExtension>
						<gpxtpx:hr>88</gpxtpx:hr>
						<gpxtpx:atemp>32</gpxtpx:atemp>
					</gpxtpx:TrackPointExtension>
				</extensions>
			</trkpt>
			<trkpt lat="48.603914" lon="-2.151098">
				<ele>21.4</ele>
				<time>2024-08-18T11:02:29Z</time>
				<extensions>
					<gpxtpx:TrackPointExtension>
						<gpxtpx:hr>91</gpxtpx:hr>
						<gpxtpx:atemp>32</gpxtpx:atemp>
					</gpxtpx:TrackPointExtension>
				</extensions>
			</trkpt>
			<trkpt lat="48.603903" lon="-2.151095">
				<ele>21.4</ele>
				<time>2024-08-18T11:02:30Z</time>
				<extensions>
					<gpxtpx:TrackPointExtension>
						<gpxtpx:hr>94</gpxtpx:hr>
						<gpxtpx:atemp>32</gpxtpx:atemp>
					</gpxtpx:TrackPointExtension>
				</extensions>
			</trkpt>
			<trkpt lat="48.603886" lon="-2.151074">
				<ele>21.4</ele>
				<time>2024-08-18T11:02:32Z</time>
				<extensions>
					<gpxtpx:TrackPointExtension>
						<gpxtpx:hr>98</gpxtpx:hr>
						<gpxtpx:atemp>32</gpxtpx:atemp>
					</gpxtpx:TrackPointExtension>
				</extensions>
			</trkpt>
			<trkpt lat="48.603888" lon="-2.151002">
				<ele>21.6</ele>
				<time>2024-08-18T11:02:36Z</time>
				<extensions>
					<gpxtpx:TrackPointExtension>
						<gpxtpx:hr>101</gpxtpx:hr>
						<gpxtpx:atemp>32</gpxtpx:atemp>
					</gpxtpx:TrackPointExtension>
				</extensions>
			</trkpt>
			<trkpt lat="48.603881" lon="-2.150948">
				<ele>21.799999</ele>
				<time>2024-08-18T11:02:40Z</time>
				<extensions>
					<gpxtpx:TrackPointExtension>
						<gpxtpx:hr>103</gpxtpx:hr>
						<gpxtpx:atemp>32</gpxtpx:atemp>
					</gpxtpx:TrackPointExtension>
				</extensions>
			</trkpt>
			<trkpt lat="48.603861" lon="-2.150936">
				<ele>22.200001</ele>
				<time>2024-08-18T11:02:42Z</time>
				<extensions>
					<gpxtpx:TrackPointExtension>
						<gpxtpx:hr>103</gpxtpx:hr>
						<gpxtpx:atemp>32</gpxtpx:atemp>
					</gpxtpx:TrackPointExtension>
				</extensions>
			</trkpt>
			<trkpt lat="48.603851" lon="-2.150932">
				<ele>22.200001</ele>
				<time>2024-08-18T11:02:43Z</time>
				<extensions>
					<gpxtpx:TrackPointExtension>
						<gpxtpx:hr>103</gpxtpx:hr>
						<gpxtpx:atemp>32</gpxtpx:atemp>
					</gpxtpx:TrackPointExtension>
				</extensions>
			</trkpt>
			<trkpt lat="48.603842" lon="-2.150929">
				<ele>22.200001</ele>
				<time>2024-08-18T11:02:44Z</time>
				<extensions>
					<gpxtpx:TrackPointExtension>
						<gpxtpx:hr>104</gpxtpx:hr>
						<gpxtpx:atemp>32</gpxtpx:atemp>
					</gpxtpx:TrackPointExtension>
				</extensions>
			</trkpt>
			<trkpt lat="48.603823" lon="-2.150931">
				<ele>22.200001</ele>
				<time>2024-08-18T11:02:46Z</time>
				<extensions>
					<gpxtpx:TrackPointExtension>
						<gpxtpx:hr>105</gpxtpx:hr>
						<gpxtpx:atemp>32</gpxtpx:atemp>
					</gpxtpx:TrackPointExtension>
				</extensions>
			</trkpt>
			<trkpt lat="48.603802" lon="-2.150932">
				<ele>22.4</ele>
				<time>2024-08-18T11:02:48Z</time>
				<extensions>
					<gpxtpx:TrackPointExtension>
						<gpxtpx:hr>108</gpxtpx:hr>
						<gpxtpx:atemp>32</gpxtpx:atemp>
					</gpxtpx:TrackPointExtension>
				</extensions>
			</trkpt>
			<trkpt lat="48.603778" lon="-2.150923">
				<ele>22.4</ele>
				<time>2024-08-18T11:02:50Z</time>
				<extensions>
					<gpxtpx:TrackPointExtension>
						<gpxtpx:hr>109</gpxtpx:hr>
						<gpxtpx:atemp>32</gpxtpx:atemp>
					</gpxtpx:TrackPointExtension>
				</extensions>
			</trkpt>
			<trkpt lat="48.603747" lon="-2.150916">
				<ele>22.4</ele>
				<time>2024-08-18T11:02:52Z</time>
				<extensions>
					<gpxtpx:TrackPointExtension>
						<gpxtpx:hr>108</gpxtpx:hr>
						<gpxtpx:atemp>32</gpxtpx:atemp>
					</gpxtpx:TrackPointExtension>
				</extensions>
			</trkpt>
			<trkpt lat="48.603712" lon="-2.150878">
				<ele>22.6</ele>
				<time>2024-08-18T11:02:55Z</time>
				<extensions>
					<gpxtpx:TrackPointExtension>
						<gpxtpx:hr>108</gpxtpx:hr>
						<gpxtpx:atemp>32</gpxtpx:atemp>
					</gpxtpx:TrackPointExtension>
				</extensions>
			</trkpt>
			<trkpt lat="48.603651" lon="-2.150813">
				<ele>22.200001</ele>
				<time>2024-08-18T11:03:02Z</time>
				<extensions>
					<gpxtpx:TrackPointExtension>
						<gpxtpx:hr>110</gpxtpx:hr>
						<gpxtpx:atemp>32</gpxtpx:atemp>
					</gpxtpx:TrackPointExtension>
				</extensions>
			</trkpt>
			<trkpt lat="48.603572" lon="-2.150787">
				<ele>22.6</ele>
				<time>2024-08-18T11:03:09Z</time>
				<extensions>
					<gpxtpx:TrackPointExtension>
						<gpxtpx:hr>113</gpxtpx:hr>
						<gpxtpx:atemp>32</gpxtpx:atemp>
					</gpxtpx:TrackPointExtension>
				</extensions>
			</trkpt>
			<trkpt lat="48.603554" lon="-2.150788">
				<ele>22.6</ele>
				<time>2024-08-18T11:03:11Z</time>
				<extensions>
					<gpxtpx:TrackPointExtension>
						<gpxtpx:hr>114</gpxtpx:hr>
						<gpxtpx:atemp>32</gpxtpx:atemp>
					</gpxtpx:TrackPointExtension>
				</extensions>
			</trkpt>
			<trkpt lat="48.60347" lon="-2.150756">
				<ele>22.6</ele>
				<time>2024-08-18T11:03:19Z</time>
				<extensions>
					<gpxtpx:TrackPointExtension>
						<gpxtpx:hr>114</gpxtpx:hr>
						<gpxtpx:atemp>32</gpxtpx:atemp>
					</gpxtpx:TrackPointExtension>
				</extensions>
			</trkpt>
			<trkpt lat="48.603367" lon="-2.15073">
				<ele>22.4</ele>
				<time>2024-08-18T11:03:29Z</time>
				<extensions>
					<gpxtpx:TrackPointExtension>
						<gpxtpx:hr>113</gpxtpx:hr>
						<gpxtpx:atemp>33</gpxtpx:atemp>
					</gpxtpx:TrackPointExtension>
				</extensions>
			</trkpt>
			<trkpt lat="48.603294" lon="-2.150717">
				<ele>22.6</ele>
				<time>2024-08-18T11:03:35Z</time>
				<extensions>
					<gpxtpx:TrackPointExtension>
						<gpxtpx:hr>116</gpxtpx:hr>
						<gpxtpx:atemp>33</gpxtpx:atemp>
					</gpxtpx:TrackPointExtension>
				</extensions>
			</trkpt>
			<trkpt lat="48.603257" lon="-2.15072">
				<ele>22.6</ele>
				<time>2024-08-18T11:03:38Z</time>
				<extensions>
					<gpxtpx:TrackPointExtension>
						<gpxtpx:hr>116</gpxtpx:hr>
						<gpxtpx:atemp>33</gpxtpx:atemp>
					</gpxtpx:TrackPointExtension>
				</extensions>
			</trkpt>
			<trkpt lat="48.603245" lon="-2.150723">
				<ele>22.6</ele>
				<time>2024-08-18T11:03:39Z</time>
				<extensions>
					<gpxtpx:TrackPointExtension>
						<gpxtpx:hr>115</gpxtpx:hr>
						<gpxtpx:atemp>33</gpxtpx:atemp>
					</gpxtpx:TrackPointExtension>
				</extensions>
			</trkpt>
			<trkpt lat="48.603176" lon="-2.15073">
				<ele>22.799999</ele>
				<time>2024-08-18T11:03:45Z</time>
				<extensions>
					<gpxtpx:TrackPointExtension>
						<gpxtpx:hr>113</gpxtpx:hr>
						<gpxtpx:atemp>33</gpxtpx:atemp>
					</gpxtpx:TrackPointExtension>
				</extensions>
			</trkpt>
			<trkpt lat="48.603057" lon="-2.150708">
				<ele>23</ele>
				<time>2024-08-18T11:03:55Z</time>
				<extensions>
					<gpxtpx:TrackPointExtension>
						<gpxtpx:hr>114</gpxtpx:hr>
						<gpxtpx:atemp>33</gpxtpx:atemp>
					</gpxtpx:TrackPointExtension>
				</extensions>
			</trkpt>
			<trkpt lat="48.602995" lon="-2.150716">
				<ele>23.200001</ele>
				<time>2024-08-18T11:04:00Z</time>
				<extensions>
					<gpxtpx:TrackPointExtension>
						<gpxtpx:hr>113</gpxtpx:hr>
						<gpxtpx:atemp>33</gpxtpx:atemp>
					</gpxtpx:TrackPointExtension>
				</extensions>
			</trkpt>
			<trkpt lat="48.602923" lon="-2.150709">
				<ele>23.200001</ele>
				<time>2024-08-18T11:04:06Z</time>
				<extensions>
					<gpxtpx:TrackPointExtension>
						<gpxtpx:hr>110</gpxtpx:hr>
						<gpxtpx:atemp>33</gpxtpx:atemp>
					</gpxtpx:TrackPointExtension>
				</extensions>
			</trkpt>
			<trkpt lat="48.602859" lon="-2.150695">
				<ele>23.4</ele>
				<time>2024-08-18T11:04:11Z</time>
				<extensions>
					<gpxtpx:TrackPointExtension>
						<gpxtpx:hr>107</gpxtpx:hr>
						<gpxtpx:atemp>33</gpxtpx:atemp>
					</gpxtpx:TrackPointExtension>
				</extensions>
			</trkpt>
			<trkpt lat="48.602846" lon="-2.150694">
				<ele>23.4</ele>
				<time>2024-08-18T11:04:12Z</time>
				<extensions>
					<gpxtpx:TrackPointExtension>
						<gpxtpx:hr>107</gpxtpx:hr>
						<gpxtpx:atemp>33</gpxtpx:atemp>
					</gpxtpx:TrackPointExtension>
				</extensions>
			</trkpt>
			<trkpt lat="48.602813" lon="-2.150687">
				<ele>23.4</ele>
				<time>2024-08-18T11:04:15Z</time>
				<extensions>
					<gpxtpx:TrackPointExtension>
						<gpxtpx:hr>106</gpxtpx:hr>
						<gpxtpx:atemp>33</gpxtpx:atemp>
					</gpxtpx:TrackPointExtension>
				</extensions>
			</trkpt>
			<trkpt lat="48.602794" lon="-2.150685">
				<ele>23.4</ele>
				<time>2024-08-18T11:04:17Z</time>
				<extensions>
					<gpxtpx:TrackPointExtension>
						<gpxtpx:hr>107</gpxtpx:hr>
						<gpxtpx:atemp>33</gpxtpx:atemp>
					</gpxtpx:TrackPointExtension>
				</extensions>
			</trkpt>
			<trkpt lat="48.602746" lon="-2.150673">
				<ele>23.4</ele>
				<time>2024-08-18T11:04:21Z</time>
				<extensions>
					<gpxtpx:TrackPointExtension>
						<gpxtpx:hr>108</gpxtpx:hr>
						<gpxtpx:atemp>33</gpxtpx:atemp>
					</gpxtpx:TrackPointExtension>
				</extensions>
			</trkpt>
			<trkpt lat="48.60265" lon="-2.150651">
				<ele>23.6</ele>
				<time>2024-08-18T11:04:29Z</time>
				<extensions>
					<gpxtpx:TrackPointExtension>
						<gpxtpx:hr>106</gpxtpx:hr>
						<gpxtpx:atemp>33</gpxtpx:atemp>
					</gpxtpx:TrackPointExtension>
				</extensions>
			</trkpt>
			<trkpt lat="48.602504" lon="-2.150617">
				<ele>23.799999</ele>
				<time>2024-08-18T11:04:41Z</time>
				<extensions>
					<gpxtpx:TrackPointExtension>
						<gpxtpx:hr>103</gpxtpx:hr>
						<gpxtpx:atemp>33</gpxtpx:atemp>
					</gpxtpx:TrackPointExtension>
				</extensions>
			</trkpt>
			<trkpt lat="48.60243" lon="-2.150595">
				<ele>23.799999</ele>
				<time>2024-08-18T11:04:47Z</time>
				<extensions>
					<gpxtpx:TrackPointExtension>
						<gpxtpx:hr>106</gpxtpx:hr>
						<gpxtpx:atemp>33</gpxtpx:atemp>
					</gpxtpx:TrackPointExtension>
				</extensions>
			</trkpt>
			<trkpt lat="48.602378" lon="-2.150588">
				<ele>23.799999</ele>
				<time>2024-08-18T11:04:51Z</time>
				<extensions>
					<gpxtpx:TrackPointExtension>
						<gpxtpx:hr>107</gpxtpx:hr>
						<gpxtpx:atemp>33</gpxtpx:atemp>
					</gpxtpx:TrackPointExtension>
				</extensions>
			</trkpt>
			<trkpt lat="48.602296" lon="-2.15057">
				<ele>23.799999</ele>
				<time>2024-08-18T11:04:58Z</time>
				<extensions>
					<gpxtpx:TrackPointExtension>
						<gpxtpx:hr>105</gpxtpx:hr>
						<gpxtpx:atemp>33</gpxtpx:atemp>
					</gpxtpx:TrackPointExtension>
				</extensions>
			</trkpt>
			<trkpt lat="48.602274" lon="-2.150564">
				<ele>23.799999</ele>
				<time>2024-08-18T11:05:00Z</time>
				<extensions>
					<gpxtpx:TrackPointExtension>
						<gpxtpx:hr>105</gpxtpx:hr>
						<gpxtpx:atemp>33</gpxtpx:atemp>
					</gpxtpx:TrackPointExtension>
				</extensions>
			</trkpt>
			<trkpt lat="48.602177" lon="-2.150548">
				<ele>24</ele>
				<time>2024-08-18T11:05:08Z</time>
				<extensions>
					<gpxtpx:TrackPointExtension>
						<gpxtpx:hr>104</gpxtpx:hr>
						<gpxtpx:atemp>33</gpxtpx:atemp>
					</gpxtpx:TrackPointExtension>
				</extensions>
			</trkpt>
			<trkpt lat="48.602127" lon="-2.150538">
				<ele>24.200001</ele>
				<time>2024-08-18T11:05:12Z</time>
				<extensions>
					<gpxtpx:TrackPointExtension>
						<gpxtpx:hr>105</gpxtpx:hr>
						<gpxtpx:atemp>33</gpxtpx:atemp>
					</gpxtpx:TrackPointExtension>
				</extensions>
			</trkpt>
			<trkpt lat="48.602105" lon="-2.150532">
				<ele>24.6</ele>
				<time>2024-08-18T11:05:14Z</time>
				<extensions>
					<gpxtpx:TrackPointExtension>
						<gpxtpx:hr>108</gpxtpx:hr>
						<gpxtpx:atemp>33</gpxtpx:atemp>
					</gpxtpx:TrackPointExtension>
				</extensions>
			</trkpt>
			<trkpt lat="48.602033" lon="-2.150513">
				<ele>24.6</ele>
				<time>2024-08-18T11:05:20Z</time>
				<extensions>
					<gpxtpx:TrackPointExtension>
						<gpxtpx:hr>110</gpxtpx:hr>
						<gpxtpx:atemp>34</gpxtpx:atemp>
					</gpxtpx:TrackPointExtension>
				</extensions>
			</trkpt>
			<trkpt lat="48.60195" lon="-2.150495">
				<ele>24.4</ele>
				<time>2024-08-18T11:05:27Z</time>
				<extensions>
					<gpxtpx:TrackPointExtension>
						<gpxtpx:hr>107</gpxtpx:hr>
						<gpxtpx:atemp>34</gpxtpx:atemp>
					</gpxtpx:TrackPointExtension>
				</extensions>
			</trkpt>
			<trkpt lat="48.601926" lon="-2.150491">
				<ele>24.4</ele>
				<time>2024-08-18T11:05:29Z</time>
				<extensions>
					<gpxtpx:TrackPointExtension>
						<gpxtpx:hr>105</gpxtpx:hr>
						<gpxtpx:atemp>34</gpxtpx:atemp>
					</gpxtpx:TrackPointExtension>
				</extensions>
			</trkpt>
			<trkpt lat="48.601893" lon="-2.150478">
				<ele>24.4</ele>
				<time>2024-08-18T11:05:32Z</time>
				<extensions>
					<gpxtpx:TrackPointExtension>
						<gpxtpx:hr>102</gpxtpx:hr>
						<gpxtpx:atemp>34</gpxtpx:atemp>
					</gpxtpx:TrackPointExtension>
				</extensions>
			</trkpt>
			<trkpt lat="48.601807" lon="-2.150463">
				<ele>24.6</ele>
				<time>2024-08-18T11:05:39Z</time>
				<extensions>
					<gpxtpx:TrackPointExtension>
						<gpxtpx:hr>101</gpxtpx:hr>
						<gpxtpx:atemp>34</gpxtpx:atemp>
					</gpxtpx:TrackPointExtension>
				</extensions>
			</trkpt>
			<trkpt lat="48.601793" lon="-2.15046">
				<ele>24.6</ele>
				<time>2024-08-18T11:05:40Z</time>
				<extensions>
					<gpxtpx:TrackPointExtension>
						<gpxtpx:hr>101</gpxtpx:hr>
						<gpxtpx:atemp>34</gpxtpx:atemp>
					</gpxtpx:TrackPointExtension>
				</extensions>
			</trkpt>
			<trkpt lat="48.601746" lon="-2.150449">
				<ele>24.799999</ele>
				<time>2024-08-18T11:05:44Z</time>
				<extensions>
					<gpxtpx:TrackPointExtension>
						<gpxtpx:hr>104</gpxtpx:hr>
						<gpxtpx:atemp>34</gpxtpx:atemp>
					</gpxtpx:TrackPointExtension>
				</extensions>
			</trkpt>
			<trkpt lat="48.601722" lon="-2.150446">
				<ele>24.799999</ele>
				<time>2024-08-18T11:05:46Z</time>
				<extensions>
					<gpxtpx:TrackPointExtension>
						<gpxtpx:hr>107</gpxtpx:hr>
						<gpxtpx:atemp>34</gpxtpx:atemp>
					</gpxtpx:TrackPointExtension>
				</extensions>
			</trkpt>
			<trkpt lat="48.601668" lon="-2.150439">
				<ele>25</ele>
				<time>2024-08-18T11:05:50Z</time>
				<extensions>
					<gpxtpx:TrackPointExtension>
						<gpxtpx:hr>109</gpxtpx:hr>
						<gpxtpx:atemp>34</gpxtpx:atemp>
					</gpxtpx:TrackPointExtension>
				</extensions>
			</trkpt>
			<trkpt lat="48.601607" lon="-2.150424">
				<ele>25</ele>
				<time>2024-08-18T11:05:57Z</time>
				<extensions>
					<gpxtpx:TrackPointExtension>
						<gpxtpx:hr>110</gpxtpx:hr>
						<gpxtpx:atemp>34</gpxtpx:atemp>
					</gpxtpx:TrackPointExtension>
				</extensions>
			</trkpt>
			<trkpt lat="48.601597" lon="-2.150423">
				<ele>25</ele>
				<time>2024-08-18T11:05:58Z</time>
				<extensions>
					<gpxtpx:TrackPointExtension>
						<gpxtpx:hr>110</gpxtpx:hr>
						<gpxtpx:atemp>34</gpxtpx:atemp>
					</gpxtpx:TrackPointExtension>
				</extensions>
			</trkpt>
			<trkpt lat="48.601547" lon="-2.150421">
				<ele>25.200001</ele>
				<time>2024-08-18T11:06:02Z</time>
				<extensions>
					<gpxtpx:TrackPointExtension>
						<gpxtpx:hr>110</gpxtpx:hr>
						<gpxtpx:atemp>34</gpxtpx:atemp>
					</gpxtpx:TrackPointExtension>
				</extensions>
			</trkpt>
			<trkpt lat="48.601524" lon="-2.150419">
				<ele>25.4</ele>
				<time>2024-08-18T11:06:04Z</time>
				<extensions>
					<gpxtpx:TrackPointExtension>
						<gpxtpx:hr>109</gpxtpx:hr>
						<gpxtpx:atemp>34</gpxtpx:atemp>
					</gpxtpx:TrackPointExtension>
				</extensions>
			</trkpt>
			<trkpt lat="48.60138" lon="-2.150394">
				<ele>25.200001</ele>
				<time>2024-08-18T11:06:15Z</time>
				<extensions>
					<gpxtpx:TrackPointExtension>
						<gpxtpx:hr>111</gpxtpx:hr>
						<gpxtpx:atemp>34</gpxtpx:atemp>
					</gpxtpx:TrackPointExtension>
				</extensions>
			</trkpt>
			<trkpt lat="48.601255" lon="-2.150367">
				<ele>25.200001</ele>
				<time>2024-08-18T11:06:25Z</time>
				<extensions>
					<gpxtpx:TrackPointExtension>
						<gpxtpx:hr>111</gpxtpx:hr>
						<gpxtpx:atemp>35</gpxtpx:atemp>
					</gpxtpx:TrackPointExtension>
				</extensions>
			</trkpt>
			<trkpt lat="48.601093" lon="-2.150336">
				<ele>25.6</ele>
				<time>2024-08-18T11:06:37Z</time>
				<extensions>
					<gpxtpx:TrackPointExtension>
						<gpxtpx:hr>114</gpxtpx:hr>
						<gpxtpx:atemp>35</gpxtpx:atemp>
					</gpxtpx:TrackPointExtension>
				</extensions>
			</trkpt>
			<trkpt lat="48.60106" lon="-2.15032">
				<ele>25.6</ele>
				<time>2024-08-18T11:06:40Z</time>
				<extensions>
					<gpxtpx:TrackPointExtension>
						<gpxtpx:hr>114</gpxtpx:hr>
						<gpxtpx:atemp>35</gpxtpx:atemp>
					</gpxtpx:TrackPointExtension>
				</extensions>
			</trkpt>
			<trkpt lat="48.601036" lon="-2.150315">
				<ele>26</ele>
				<time>2024-08-18T11:06:42Z</time>
				<extensions>
					<gpxtpx:TrackPointExtension>
						<gpxtpx:hr>114</gpxtpx:hr>
						<gpxtpx:atemp>35</gpxtpx:atemp>
					</gpxtpx:TrackPointExtension>
				</extensions>
			</trkpt>
			<trkpt lat="48.601025" lon="-2.150311">
				<ele>26.200001</ele>
				<time>2024-08-18T11:06:43Z</time>
				<extensions>
					<gpxtpx:TrackPointExtension>
						<gpxtpx:hr>113</gpxtpx:hr>
						<gpxtpx:atemp>35</gpxtpx:atemp>
					</gpxtpx:TrackPointExtension>
				</extensions>
			</trkpt>
			<trkpt lat="48.600971" lon="-2.150315">
				<ele>26.4</ele>
				<time>2024-08-18T11:06:51Z</time>
				<extensions>
					<gpxtpx:TrackPointExtension>
						<gpxtpx:hr>111</gpxtpx:hr>
						<gpxtpx:atemp>35</gpxtpx:atemp>
					</gpxtpx:TrackPointExtension>
				</extensions>
			</trkpt>
			<trkpt lat="48.600958" lon="-2.150381">
				<ele>26.200001</ele>
				<time>2024-08-18T11:06:58Z</time>
				<extensions>
					<gpxtpx:TrackPointExtension>
						<gpxtpx:hr>112</gpxtpx:hr>
						<gpxtpx:atemp>35</gpxtpx:atemp>
					</gpxtpx:TrackPointExtension>
				</extensions>
			</trkpt>
			<trkpt lat="48.600899" lon="-2.150421">
				<ele>26.200001</ele>
				<time>2024-08-18T11:07:03Z</time>
				<extensions>
					<gpxtpx:TrackPointExtension>
						<gpxtpx:hr>112</gpxtpx:hr>
						<gpxtpx:atemp>35</gpxtpx:atemp>
					</gpxtpx:TrackPointExtension>
				</extensions>
			</trkpt>
			<trkpt lat="48.600848" lon="-2.150404">
				<ele>26.200001</ele>
				<time>2024-08-18T11:07:08Z</time>
				<extensions>
					<gpxtpx:TrackPointExtension>
						<gpxtpx:hr>109</gpxtpx:hr>
						<gpxtpx:atemp>35</gpxtpx:atemp>
					</gpxtpx:TrackPointExtension>
				</extensions>
			</trkpt>
			<trkpt lat="48.600784" lon="-2.15038">
				<ele>26.4</ele>
				<time>2024-08-18T11:07:14Z</time>
				<extensions>
					<gpxtpx:TrackPointExtension>
						<gpxtpx:hr>110</gpxtpx:hr>
						<gpxtpx:atemp>35</gpxtpx:atemp>
					</gpxtpx:TrackPointExtension>
				</extensions>
			</trkpt>
			<trkpt lat="48.600732" lon="-2.150368">
				<ele>26.4</ele>
				<time>2024-08-18T11:07:18Z</time>
				<extensions>
					<gpxtpx:TrackPointExtension>
						<gpxtpx:hr>113</gpxtpx:hr>
						<gpxtpx:atemp>35</gpxtpx:atemp>
					</gpxtpx:TrackPointExtension>
				</extensions>
			</trkpt>
			<trkpt lat="48.600649" lon="-2.15035">
				<ele>26.4</ele>
				<time>2024-08-18T11:07:24Z</time>
				<extensions>
					<gpxtpx:TrackPointExtension>
						<gpxtpx:hr>114</gpxtpx:hr>
						<gpxtpx:atemp>35</gpxtpx:atemp>
					</gpxtpx:TrackPointExtension>
				</extensions>
			</trkpt>
			<trkpt lat="48.60053" lon="-2.150325">
				<ele>26.6</ele>
				<time>2024-08-18T11:07:33Z</time>
				<extensions>
					<gpxtpx:TrackPointExtension>
						<gpxtpx:hr>116</gpxtpx:hr>
						<gpxtpx:atemp>35</gpxtpx:atemp>
					</gpxtpx:TrackPointExtension>
				</extensions>
			</trkpt>
			<trkpt lat="48.600493" lon="-2.15033">
				<ele>26.799999</ele>
				<time>2024-08-18T11:07:38Z</time>
				<extensions>
					<gpxtpx:TrackPointExtension>
						<gpxtpx:hr>117</gpxtpx:hr>
						<gpxtpx:atemp>35</gpxtpx:atemp>
					</gpxtpx:TrackPointExtension>
				</extensions>
			</trkpt>
			<trkpt lat="48.600416" lon="-2.150292">
				<ele>26.6</ele>
				<time>2024-08-18T11:07:45Z</time>
				<extensions>
					<gpxtpx:TrackPointExtension>
						<gpxtpx:hr>117</gpxtpx:hr>
						<gpxtpx:atemp>35</gpxtpx:atemp>
					</gpxtpx:TrackPointExtension>
				</extensions>
			</trkpt>
			<trkpt lat="48.60033" lon="-2.150272">
				<ele>27</ele>
				<time>2024-08-18T11:07:52Z</time>
				<extensions>
					<gpxtpx:TrackPointExtension>
						<gpxtpx:hr>115</gpxtpx:hr>
						<gpxtpx:atemp>35</gpxtpx:atemp>
					</gpxtpx:TrackPointExtension>
				</extensions>
			</trkpt>
			<trkpt lat="48.600182" lon="-2.150222">
				<ele>27.200001</ele>
				<time>2024-08-18T11:08:04Z</time>
				<extensions>
					<gpxtpx:TrackPointExtension>
						<gpxtpx:hr>116</gpxtpx:hr>
						<gpxtpx:atemp>35</gpxtpx:atemp>
					</gpxtpx:TrackPointExtension>
				</extensions>
			</trkpt>
			<trkpt lat="48.600154" lon="-2.150207">
				<ele>27.200001</ele>
				<time>2024-08-18T11:08:07Z</time>
				<extensions>
					<gpxtpx:TrackPointExtension>
						<gpxtpx:hr>116</gpxtpx:hr>
						<gpxtpx:atemp>35</gpxtpx:atemp>
					</gpxtpx:TrackPointExtension>
				</extensions>
			</trkpt>
			<trkpt lat="48.600142" lon="-2.150206">
				<ele>27.200001</ele>
				<time>2024-08-18T11:08:09Z</time>
				<extensions>
					<gpxtpx:TrackPointExtension>
						<gpxtpx:hr>117</gpxtpx:hr>
						<gpxtpx:atemp>35</gpxtpx:atemp>
					</gpxtpx:TrackPointExtension>
				</extensions>
			</trkpt>
			<trkpt lat="48.600133" lon="-2.1502">
				<ele>27.4</ele>
				<time>2024-08-18T11:08:10Z</time>
				<extensions>
					<gpxtpx:TrackPointExtension>
						<gpxtpx:hr>118</gpxtpx:hr>
						<gpxtpx:atemp>35</gpxtpx:atemp>
					</gpxtpx:TrackPointExtension>
				</extensions>
			</trkpt>
			<trkpt lat="48.60005" lon="-2.150167">
				<ele>27.200001</ele>
				<time>2024-08-18T11:08:17Z</time>
				<extensions>
					<gpxtpx:TrackPointExtension>
						<gpxtpx:hr>120</gpxtpx:hr>
						<gpxtpx:atemp>35</gpxtpx:atemp>
					</gpxtpx:TrackPointExtension>
				</extensions>
			</trkpt>
			<trkpt lat="48.599963" lon="-2.150168">
				<ele>28.200001</ele>
				<time>2024-08-18T11:08:24Z</time>
				<extensions>
					<gpxtpx:TrackPointExtension>
						<gpxtpx:hr>118</gpxtpx:hr>
						<gpxtpx:atemp>35</gpxtpx:atemp>
					</gpxtpx:TrackPointExtension>
				</extensions>
			</trkpt>
			<trkpt lat="48.599892" lon="-2.150147">
				<ele>28.200001</ele>
				<time>2024-08-18T11:08:32Z</time>
				<extensions>
					<gpxtpx:TrackPointExtension>
						<gpxtpx:hr>119</gpxtpx:hr>
						<gpxtpx:atemp>35</gpxtpx:atemp>
					</gpxtpx:TrackPointExtension>
				</extensions>
			</trkpt>
			<trkpt lat="48.599816" lon="-2.150109">
				<ele>28.4</ele>
				<time>2024-08-18T11:08:39Z</time>
				<extensions>
					<gpxtpx:TrackPointExtension>
						<gpxtpx:hr>121</gpxtpx:hr>
						<gpxtpx:atemp>35</gpxtpx:atemp>
					</gpxtpx:TrackPointExtension>
				</extensions>
			</trkpt>
			<trkpt lat="48.599773" lon="-2.150094">
				<ele>28.4</ele>
				<time>2024-08-18T11:08:43Z</time>
				<extensions>
					<gpxtpx:TrackPointExtension>
						<gpxtpx:hr>121</gpxtpx:hr>
						<gpxtpx:atemp>35</gpxtpx:atemp>
					</gpxtpx:TrackPointExtension>
				</extensions>
			</trkpt>
			<trkpt lat="48.59968" lon="-2.150133">
				<ele>28.4</ele>
				<time>2024-08-18T11:08:52Z</time>
				<extensions>
					<gpxtpx:TrackPointExtension>
						<gpxtpx:hr>122</gpxtpx:hr>
						<gpxtpx:atemp>35</gpxtpx:atemp>
					</gpxtpx:TrackPointExtension>
				</extensions>
			</trkpt>
			<trkpt lat="48.599652" lon="-2.15017">
				<ele>28.200001</ele>
				<time>2024-08-18T11:08:55Z</time>
				<extensions>
					<gpxtpx:TrackPointExtension>
						<gpxtpx:hr>122</gpxtpx:hr>
						<gpxtpx:atemp>35</gpxtpx:atemp>
					</gpxtpx:TrackPointExtension>
				</extensions>
			</trkpt>
			<trkpt lat="48.599651" lon="-2.150239">
				<ele>28</ele>
				<time>2024-08-18T11:08:59Z</time>
				<extensions>
					<gpxtpx:TrackPointExtension>
						<gpxtpx:hr>120</gpxtpx:hr>
						<gpxtpx:atemp>35</gpxtpx:atemp>
					</gpxtpx:TrackPointExtension>
				</extensions>
			</trkpt>
			<trkpt lat="48.599651" lon="-2.150278">
				<ele>28</ele>
				<time>2024-08-18T11:09:01Z</time>
				<extensions>
					<gpxtpx:TrackPointExtension>
						<gpxtpx:hr>117</gpxtpx:hr>
						<gpxtpx:atemp>35</gpxtpx:atemp>
					</gpxtpx:TrackPointExtension>
				</extensions>
			</trkpt>
			<trkpt lat="48.599652" lon="-2.150331">
				<ele>28</ele>
				<time>2024-08-18T11:09:04Z</time>
				<extensions>
					<gpxtpx:TrackPointExtension>
						<gpxtpx:hr>113</gpxtpx:hr>
						<gpxtpx:atemp>35</gpxtpx:atemp>
					</gpxtpx:TrackPointExtension>
				</extensions>
			</trkpt>
			<trkpt lat="48.599648" lon="-2.150456">
				<ele>27.4</ele>
				<time>2024-08-18T11:09:11Z</time>
				<extensions>
					<gpxtpx:TrackPointExtension>
						<gpxtpx:hr>113</gpxtpx:hr>
						<gpxtpx:atemp>35</gpxtpx:atemp>
					</gpxtpx:TrackPointExtension>
				</extensions>
			</trkpt>
			<trkpt lat="48.599648" lon="-2.150475">
				<ele>27.200001</ele>
				<time>2024-08-18T11:09:12Z</time>
				<extensions>
					<gpxtpx:TrackPointExtension>
						<gpxtpx:hr>112</gpxtpx:hr>
						<gpxtpx:atemp>35</gpxtpx:atemp>
					</gpxtpx:TrackPointExtension>
				</extensions>
			</trkpt>
			<trkpt lat="48.599649" lon="-2.150576">
				<ele>27</ele>
				<time>2024-08-18T11:09:17Z</time>
				<extensions>
					<gpxtpx:TrackPointExtension>
						<gpxtpx:hr>109</gpxtpx:hr>
						<gpxtpx:atemp>35</gpxtpx:atemp>
					</gpxtpx:TrackPointExtension>
				</extensions>
			</trkpt>
			<trkpt lat="48.599649" lon="-2.150612">
				<ele>26.799999</ele>
				<time>2024-08-18T11:09:19Z</time>
				<extensions>
					<gpxtpx:TrackPointExtension>
						<gpxtpx:hr>108</gpxtpx:hr>
						<gpxtpx:atemp>35</gpxtpx:atemp>
					</gpxtpx:TrackPointExtension>
				</extensions>
			</trkpt>
			<trkpt lat="48.599648" lon="-2.15065">
				<ele>26.200001</ele>
				<time>2024-08-18T11:09:21Z</time>
				<extensions>
					<gpxtpx:TrackPointExtension>
						<gpxtpx:hr>108</gpxtpx:hr>
						<gpxtpx:atemp>35</gpxtpx:atemp>
					</gpxtpx:TrackPointExtension>
				</extensions>
			</trkpt>
			<trkpt lat="48.599651" lon="-2.150805">
				<ele>25.799999</ele>
				<time>2024-08-18T11:09:29Z</time>
				<extensions>
					<gpxtpx:TrackPointExtension>
						<gpxtpx:hr>110</gpxtpx:hr>
						<gpxtpx:atemp>35</gpxtpx:atemp>
					</gpxtpx:TrackPointExtension>
				</extensions>
			</trkpt>
			<trkpt lat="48.599649" lon="-2.150856">
				<ele>25.4</ele>
				<time>2024-08-18T11:09:32Z</time>
				<extensions>
					<gpxtpx:TrackPointExtension>
						<gpxtpx:hr>110</gpxtpx:hr>
						<gpxtpx:atemp>35</gpxtpx:atemp>
					</gpxtpx:TrackPointExtension>
				</extensions>
			</trkpt>
			<trkpt lat="48.599647" lon="-2.150863">
				<ele>25.200001</ele>
				<time>2024-08-18T11:09:33Z</time>
				<extensions>
					<gpxtpx:TrackPointExtension>
						<gpxtpx:hr>110</gpxtpx:hr>
						<gpxtpx:atemp>35</gpxtpx:atemp>
					</gpxtpx:TrackPointExtension>
				</extensions>
			</trkpt>
			<trkpt lat="48.599646" lon="-2.150897">
				<ele>25</ele>
				<time>2024-08-18T11:09:36Z</time>
				<extensions>
					<gpxtpx:TrackPointExtension>
						<gpxtpx:hr>107</gpxtpx:hr>
						<gpxtpx:atemp>35</gpxtpx:atemp>
					</gpxtpx:TrackPointExtension>
				</extensions>
			</trkpt>
			<trkpt lat="48.599649" lon="-2.150951">
				<ele>24.6</ele>
				<time>2024-08-18T11:09:39Z</time>
				<extensions>
					<gpxtpx:TrackPointExtension>
						<gpxtpx:hr>103</gpxtpx:hr>
						<gpxtpx:atemp>35</gpxtpx:atemp>
					</gpxtpx:TrackPointExtension>
				</extensions>
			</trkpt>
			<trkpt lat="48.599634" lon="-2.151043">
				<ele>24.200001</ele>
				<time>2024-08-18T11:09:43Z</time>
				<extensions>
					<gpxtpx:TrackPointExtension>
						<gpxtpx:hr>102</gpxtpx:hr>
						<gpxtpx:atemp>34</gpxtpx:atemp>
					</gpxtpx:TrackPointExtension>
				</extensions>
			</trkpt>
			<trkpt lat="48.599633" lon="-2.151066">
				<ele>24</ele>
				<time>2024-08-18T11:09:44Z</time>
				<extensions>
					<gpxtpx:TrackPointExtension>
						<gpxtpx:hr>100</gpxtpx:hr>
						<gpxtpx:atemp>34</gpxtpx:atemp>
					</gpxtpx:TrackPointExtension>
				</extensions>
			</trkpt>
			<trkpt lat="48.599628" lon="-2.151144">
				<ele>23.4</ele>
				<time>2024-08-18T11:09:48Z</time>
				<extensions>
					<gpxtpx:TrackPointExtension>
						<gpxtpx:hr>97</gpxtpx:hr>
						<gpxtpx:atemp>34</gpxtpx:atemp>
					</gpxtpx:TrackPointExtension>
				</extensions>
			</trkpt>
			<trkpt lat="48.599625" lon="-2.151167">
				<ele>23.200001</ele>
				<time>2024-08-18T11:09:49Z</time>
				<extensions>
					<gpxtpx:TrackPointExtension>
						<gpxtpx:hr>96</gpxtpx:hr>
						<gpxtpx:atemp>34</gpxtpx:atemp>
					</gpxtpx:TrackPointExtension>
				</extensions>
			</trkpt>
			<trkpt lat="48.599613" lon="-2.151237">
				<ele>23</ele>
				<time>2024-08-18T11:09:52Z</time>
				<extensions>
					<gpxtpx:TrackPointExtension>
						<gpxtpx:hr>94</gpxtpx:hr>
						<gpxtpx:atemp>34</gpxtpx:atemp>
					</gpxtpx:TrackPointExtension>
				</extensions>
			</trkpt>
			<trkpt lat="48.599606" lon="-2.151279">
				<ele>22.4</ele>
				<time>2024-08-18T11:09:54Z</time>
				<extensions>
					<gpxtpx:TrackPointExtension>
						<gpxtpx:hr>94</gpxtpx:hr>
						<gpxtpx:atemp>34</gpxtpx:atemp>
					</gpxtpx:TrackPointExtension>
				</extensions>
			</trkpt>
			<trkpt lat="48.5996" lon="-2.151349">
				<ele>21.799999</ele>
				<time>2024-08-18T11:09:58Z</time>
				<extensions>
					<gpxtpx:TrackPointExtension>
						<gpxtpx:hr>96</gpxtpx:hr>
						<gpxtpx:atemp>34</gpxtpx:atemp>
					</gpxtpx:TrackPointExtension>
				</extensions>
			</trkpt>
			<trkpt lat="48.599595" lon="-2.151391">
				<ele>21.799999</ele>
				<time>2024-08-18T11:10:00Z</time>
				<extensions>
					<gpxtpx:TrackPointExtension>
						<gpxtpx:hr>101</gpxtpx:hr>
						<gpxtpx:atemp>34</gpxtpx:atemp>
					</gpxtpx:TrackPointExtension>
				</extensions>
			</trkpt>
			<trkpt lat="48.599586" lon="-2.151433">
				<ele>21.799999</ele>
				<time>2024-08-18T11:10:02Z</time>
				<extensions>
					<gpxtpx:TrackPointExtension>
						<gpxtpx:hr>104</gpxtpx:hr>
						<gpxtpx:atemp>34</gpxtpx:atemp>
					</gpxtpx:TrackPointExtension>
				</extensions>
			</trkpt>
			<trkpt lat="48.599584" lon="-2.15145">
				<ele>21.799999</ele>
				<time>2024-08-18T11:10:03Z</time>
				<extensions>
					<gpxtpx:TrackPointExtension>
						<gpxtpx:hr>105</gpxtpx:hr>
						<gpxtpx:atemp>34</gpxtpx:atemp>
					</gpxtpx:TrackPointExtension>
				</extensions>
			</trkpt>
			<trkpt lat="48.599573" lon="-2.15153">
				<ele>21.6</ele>
				<time>2024-08-18T11:10:07Z</time>
				<extensions>
					<gpxtpx:TrackPointExtension>
						<gpxtpx:hr>108</gpxtpx:hr>
						<gpxtpx:atemp>34</gpxtpx:atemp>
					</gpxtpx:TrackPointExtension>
				</extensions>
			</trkpt>
			<trkpt lat="48.599567" lon="-2.151574">
				<ele>21.4</ele>
				<time>2024-08-18T11:10:09Z</time>
				<extensions>
					<gpxtpx:TrackPointExtension>
						<gpxtpx:hr>109</gpxtpx:hr>
						<gpxtpx:atemp>34</gpxtpx:atemp>
					</gpxtpx:TrackPointExtension>
				</extensions>
			</trkpt>
			<trkpt lat="48.599554" lon="-2.151696">
				<ele>20.799999</ele>
				<time>2024-08-18T11:10:15Z</time>
				<extensions>
					<gpxtpx:TrackPointExtension>
						<gpxtpx:hr>109</gpxtpx:hr>
						<gpxtpx:atemp>34</gpxtpx:atemp>
					</gpxtpx:TrackPointExtension>
				</extensions>
			</trkpt>
			<trkpt lat="48.599531" lon="-2.151889">
				<ele>20</ele>
				<time>2024-08-18T11:10:26Z</time>
				<extensions>
					<gpxtpx:TrackPointExtension>
						<gpxtpx:hr>107</gpxtpx:hr>
						<gpxtpx:atemp>33</gpxtpx:atemp>
					</gpxtpx:TrackPointExtension>
				</extensions>
			</trkpt>
			<trkpt lat="48.599526" lon="-2.151949">
				<ele>19.6</ele>
				<time>2024-08-18T11:10:29Z</time>
				<extensions>
					<gpxtpx:TrackPointExtension>
						<gpxtpx:hr>106</gpxtpx:hr>
						<gpxtpx:atemp>33</gpxtpx:atemp>
					</gpxtpx:TrackPointExtension>
				</extensions>
			</trkpt>
			<trkpt lat="48.599515" lon="-2.152062">
				<ele>18.799999</ele>
				<time>2024-08-18T11:10:35Z</time>
				<extensions>
					<gpxtpx:TrackPointExtension>
						<gpxtpx:hr>105</gpxtpx:hr>
						<gpxtpx:atemp>33</gpxtpx:atemp>
					</gpxtpx:TrackPointExtension>
				</extensions>
			</trkpt>
			<trkpt lat="48.599511" lon="-2.152102">
				<ele>18.6</ele>
				<time>2024-08-18T11:10:37Z</time>
				<extensions>
					<gpxtpx:TrackPointExtension>
						<gpxtpx:hr>105</gpxtpx:hr>
						<gpxtpx:atemp>33</gpxtpx:atemp>
					</gpxtpx:TrackPointExtension>
				</extensions>
			</trkpt>
			<trkpt lat="48.59951" lon="-2.15212">
				<ele>18.4</ele>
				<time>2024-08-18T11:10:38Z</time>
				<extensions>
					<gpxtpx:TrackPointExtension>
						<gpxtpx:hr>104</gpxtpx:hr>
						<gpxtpx:atemp>33</gpxtpx:atemp>
					</gpxtpx:TrackPointExtension>
				</extensions>
			</trkpt>
			<trkpt lat="48.599505" lon="-2.152214">
				<ele>17.6</ele>
				<time>2024-08-18T11:10:43Z</time>
				<extensions>
					<gpxtpx:TrackPointExtension>
						<gpxtpx:hr>104</gpxtpx:hr>
						<gpxtpx:atemp>33</gpxtpx:atemp>
					</gpxtpx:TrackPointExtension>
				</extensions>
			</trkpt>
			<trkpt lat="48.599506" lon="-2.152247">
				<ele>17.200001</ele>
				<time>2024-08-18T11:10:45Z</time>
				<extensions>
					<gpxtpx:TrackPointExtension>
						<gpxtpx:hr>103</gpxtpx:hr>
						<gpxtpx:atemp>33</gpxtpx:atemp>
					</gpxtpx:TrackPointExtension>
				</extensions>
			</trkpt>
			<trkpt lat="48.599489" lon="-2.15235">
				<ele>16.799999</ele>
				<time>2024-08-18T11:10:52Z</time>
				<extensions>
					<gpxtpx:TrackPointExtension>
						<gpxtpx:hr>103</gpxtpx:hr>
						<gpxtpx:atemp>33</gpxtpx:atemp>
					</gpxtpx:TrackPointExtension>
				</extensions>
			</trkpt>
			<trkpt lat="48.599481" lon="-2.152415">
				<ele>16.4</ele>
				<time>2024-08-18T11:10:56Z</time>
				<extensions>
					<gpxtpx:TrackPointExtension>
						<gpxtpx:hr>103</gpxtpx:hr>
						<gpxtpx:atemp>33</gpxtpx:atemp>
					</gpxtpx:TrackPointExtension>
				</extensions>
			</trkpt>
			<trkpt lat="48.599465" lon="-2.152513">
				<ele>16.200001</ele>
				<time>2024-08-18T11:11:01Z</time>
				<extensions>
					<gpxtpx:TrackPointExtension>
						<gpxtpx:hr>100</gpxtpx:hr>
						<gpxtpx:atemp>33</gpxtpx:atemp>
					</gpxtpx:TrackPointExtension>
				</extensions>
			</trkpt>
			<trkpt lat="48.599461" lon="-2.15253">
				<ele>16.200001</ele>
				<time>2024-08-18T11:11:02Z</time>
				<extensions>
					<gpxtpx:TrackPointExtension>
						<gpxtpx:hr>100</gpxtpx:hr>
						<gpxtpx:atemp>33</gpxtpx:atemp>
					</gpxtpx:TrackPointExtension>
				</extensions>
			</trkpt>
			<trkpt lat="48.599456" lon="-2.152547">
				<ele>16</ele>
				<time>2024-08-18T11:11:03Z</time>
				<extensions>
					<gpxtpx:TrackPointExtension>
						<gpxtpx:hr>99</gpxtpx:hr>
						<gpxtpx:atemp>33</gpxtpx:atemp>
					</gpxtpx:TrackPointExtension>
				</extensions>
			</trkpt>
			<trkpt lat="48.599436" lon="-2.152589">
				<ele>15.4</ele>
				<time>2024-08-18T11:11:07Z</time>
				<extensions>
					<gpxtpx:TrackPointExtension>
						<gpxtpx:hr>98</gpxtpx:hr>
						<gpxtpx:atemp>33</gpxtpx:atemp>
					</gpxtpx:TrackPointExtension>
				</extensions>
			</trkpt>
			<trkpt lat="48.599432" lon="-2.152624">
				<ele>15</ele>
				<time>2024-08-18T11:11:09Z</time>
				<extensions>
					<gpxtpx:TrackPointExtension>
						<gpxtpx:hr>99</gpxtpx:hr>
						<gpxtpx:atemp>33</gpxtpx:atemp>
					</gpxtpx:TrackPointExtension>
				</extensions>
			</trkpt>
			<trkpt lat="48.599419" lon="-2.152714">
				<ele>14.8</ele>
				<time>2024-08-18T11:11:14Z</time>
				<extensions>
					<gpxtpx:TrackPointExtension>
						<gpxtpx:hr>102</gpxtpx:hr>
						<gpxtpx:atemp>33</gpxtpx:atemp>
					</gpxtpx:TrackPointExtension>
				</extensions>
			</trkpt>
			<trkpt lat="48.599398" lon="-2.152803">
				<ele>14.2</ele>
				<time>2024-08-18T11:11:18Z</time>
				<extensions>
					<gpxtpx:TrackPointExtension>
						<gpxtpx:hr>103</gpxtpx:hr>
						<gpxtpx:atemp>33</gpxtpx:atemp>
					</gpxtpx:TrackPointExtension>
				</extensions>
			</trkpt>
			<trkpt lat="48.599394" lon="-2.152823">
				<ele>14</ele>
				<time>2024-08-18T11:11:19Z</time>
				<extensions>
					<gpxtpx:TrackPointExtension>
						<gpxtpx:hr>102</gpxtpx:hr>
						<gpxtpx:atemp>33</gpxtpx:atemp>
					</gpxtpx:TrackPointExtension>
				</extensions>
			</trkpt>
			<trkpt lat="48.599343" lon="-2.153013">
				<ele>13.4</ele>
				<time>2024-08-18T11:11:29Z</time>
				<extensions>
					<gpxtpx:TrackPointExtension>
						<gpxtpx:hr>105</gpxtpx:hr>
						<gpxtpx:atemp>32</gpxtpx:atemp>
					</gpxtpx:TrackPointExtension>
				</extensions>
			</trkpt>
			<trkpt lat="48.599336" lon="-2.153032">
				<ele>13.2</ele>
				<time>2024-08-18T11:11:30Z</time>
				<extensions>
					<gpxtpx:TrackPointExtension>
						<gpxtpx:hr>105</gpxtpx:hr>
						<gpxtpx:atemp>32</gpxtpx:atemp>
					</gpxtpx:TrackPointExtension>
				</extensions>
			</trkpt>
			<trkpt lat="48.599284" lon="-2.153177">
				<ele>12.4</ele>
				<time>2024-08-18T11:11:38Z</time>
				<extensions>
					<gpxtpx:TrackPointExtension>
						<gpxtpx:hr>102</gpxtpx:hr>
						<gpxtpx:atemp>32</gpxtpx:atemp>
					</gpxtpx:TrackPointExtension>
				</extensions>
			</trkpt>
			<trkpt lat="48.59927" lon="-2.15323">
				<ele>12.2</ele>
				<time>2024-08-18T11:11:41Z</time>
				<extensions>
					<gpxtpx:TrackPointExtension>
						<gpxtpx:hr>101</gpxtpx:hr>
						<gpxtpx:atemp>32</gpxtpx:atemp>
					</gpxtpx:TrackPointExtension>
				</extensions>
			</trkpt>
			<trkpt lat="48.599248" lon="-2.153285">
				<ele>11.4</ele>
				<time>2024-08-18T11:11:44Z</time>
				<extensions>
					<gpxtpx:TrackPointExtension>
						<gpxtpx:hr>103</gpxtpx:hr>
						<gpxtpx:atemp>32</gpxtpx:atemp>
					</gpxtpx:TrackPointExtension>
				</extensions>
			</trkpt>
			<trkpt lat="48.599229" lon="-2.153339">
				<ele>11.2</ele>
				<time>2024-08-18T11:11:47Z</time>
				<extensions>
					<gpxtpx:TrackPointExtension>
						<gpxtpx:hr>104</gpxtpx:hr>
						<gpxtpx:atemp>32</gpxtpx:atemp>
					</gpxtpx:TrackPointExtension>
				</extensions>
			</trkpt>
			<trkpt lat="48.599167" lon="-2.153515">
				<ele>10.2</ele>
				<time>2024-08-18T11:11:56Z</time>
				<extensions>
					<gpxtpx:TrackPointExtension>
						<gpxtpx:hr>106</gpxtpx:hr>
						<gpxtpx:atemp>32</gpxtpx:atemp>
					</gpxtpx:TrackPointExtension>
				</extensions>
			</trkpt>
			<trkpt lat="48.599163" lon="-2.153529">
				<ele>10.2</ele>
				<time>2024-08-18T11:11:57Z</time>
				<extensions>
					<gpxtpx:TrackPointExtension>
						<gpxtpx:hr>106</gpxtpx:hr>
						<gpxtpx:atemp>32</gpxtpx:atemp>
					</gpxtpx:TrackPointExtension>
				</extensions>
			</trkpt>
			<trkpt lat="48.599149" lon="-2.153552">
				<ele>10</ele>
				<time>2024-08-18T11:11:59Z</time>
				<extensions>
					<gpxtpx:TrackPointExtension>
						<gpxtpx:hr>104</gpxtpx:hr>
						<gpxtpx:atemp>32</gpxtpx:atemp>
					</gpxtpx:TrackPointExtension>
				</extensions>
			</trkpt>
			<trkpt lat="48.599125" lon="-2.153556">
				<ele>9.8</ele>
				<time>2024-08-18T11:12:02Z</time>
				<extensions>
					<gpxtpx:TrackPointExtension>
						<gpxtpx:hr>103</gpxtpx:hr>
						<gpxtpx:atemp>32</gpxtpx:atemp>
					</gpxtpx:TrackPointExtension>
				</extensions>
			</trkpt>
			<trkpt lat="48.599118" lon="-2.153555">
				<ele>10</ele>
				<time>2024-08-18T11:12:08Z</time>
				<extensions>
					<gpxtpx:TrackPointExtension>
						<gpxtpx:hr>102</gpxtpx:hr>
						<gpxtpx:atemp>32</gpxtpx:atemp>
					</gpxtpx:TrackPointExtension>
				</extensions>
			</trkpt>
			<trkpt lat="48.599098" lon="-2.153588">
				<ele>9.6</ele>
				<time>2024-08-18T11:12:15Z</time>
				<extensions>
					<gpxtpx:TrackPointExtension>
						<gpxtpx:hr>102</gpxtpx:hr>
						<gpxtpx:atemp>32</gpxtpx:atemp>
					</gpxtpx:TrackPointExtension>
				</extensions>
			</trkpt>
			<trkpt lat="48.59908" lon="-2.153647">
				<ele>9.4</ele>
				<time>2024-08-18T11:12:19Z</time>
				<extensions>
					<gpxtpx:TrackPointExtension>
						<gpxtpx:hr>105</gpxtpx:hr>
						<gpxtpx:atemp>32</gpxtpx:atemp>
					</gpxtpx:TrackPointExtension>
				</extensions>
			</trkpt>
			<trkpt lat="48.599078" lon="-2.153702">
				<ele>9.2</ele>
				<time>2024-08-18T11:12:22Z</time>
				<extensions>
					<gpxtpx:TrackPointExtension>
						<gpxtpx:hr>107</gpxtpx:hr>
						<gpxtpx:atemp>32</gpxtpx:atemp>
					</gpxtpx:TrackPointExtension>
				</extensions>
			</trkpt>
			<trkpt lat="48.599082" lon="-2.153723">
				<ele>9.2</ele>
				<time>2024-08-18T11:12:23Z</time>
				<extensions>
					<gpxtpx:TrackPointExtension>
						<gpxtpx:hr>108</gpxtpx:hr>
						<gpxtpx:atemp>32</gpxtpx:atemp>
					</gpxtpx:TrackPointExtension>
				</extensions>
			</trkpt>
			<trkpt lat="48.599093" lon="-2.153797">
				<ele>9</ele>
				<time>2024-08-18T11:12:27Z</time>
				<extensions>
					<gpxtpx:TrackPointExtension>
						<gpxtpx:hr>105</gpxtpx:hr>
						<gpxtpx:atemp>32</gpxtpx:atemp>
					</gpxtpx:TrackPointExtension>
				</extensions>
			</trkpt>
			<trkpt lat="48.599109" lon="-2.153885">
				<ele>8.6</ele>
				<time>2024-08-18T11:12:32Z</time>
				<extensions>
					<gpxtpx:TrackPointExtension>
						<gpxtpx:hr>105</gpxtpx:hr>
						<gpxtpx:atemp>32</gpxtpx:atemp>
					</gpxtpx:TrackPointExtension>
				</extensions>
			</trkpt>
			<trkpt lat="48.599107" lon="-2.153907">
				<ele>8.6</ele>
				<time>2024-08-18T11:12:34Z</time>
				<extensions>
					<gpxtpx:TrackPointExtension>
						<gpxtpx:hr>105</gpxtpx:hr>
						<gpxtpx:atemp>32</gpxtpx:atemp>
					</gpxtpx:TrackPointExtension>
				</extensions>
			</trkpt>
			<trkpt lat="48.599107" lon="-2.153904">
				<ele>8.6</ele>
				<time>2024-08-18T11:12:37Z</time>
				<extensions>
					<gpxtpx:TrackPointExtension>
						<gpxtpx:hr>105</gpxtpx:hr>
						<gpxtpx:atemp>32</gpxtpx:atemp>
					</gpxtpx:TrackPointExtension>
				</extensions>
			</trkpt>
			<trkpt lat="48.599106" lon="-2.153934">
				<ele>8.6</ele>
				<time>2024-08-18T11:12:45Z</time>
				<extensions>
					<gpxtpx:TrackPointExtension>
						<gpxtpx:hr>104</gpxtpx:hr>
						<gpxtpx:atemp>32</gpxtpx:atemp>
					</gpxtpx:TrackPointExtension>
				</extensions>
			</trkpt>
			<trkpt lat="48.599108" lon="-2.154069">
				<ele>8.2</ele>
				<time>2024-08-18T11:12:52Z</time>
				<extensions>
					<gpxtpx:TrackPointExtension>
						<gpxtpx:hr>103</gpxtpx:hr>
						<gpxtpx:atemp>32</gpxtpx:atemp>
					</gpxtpx:TrackPointExtension>
				</extensions>
			</trkpt>
			<trkpt lat="48.599108" lon="-2.15409">
				<ele>8.2</ele>
				<time>2024-08-18T11:12:53Z</time>
				<extensions>
					<gpxtpx:TrackPointExtension>
						<gpxtpx:hr>102</gpxtpx:hr>
						<gpxtpx:atemp>32</gpxtpx:atemp>
					</gpxtpx:TrackPointExtension>
				</extensions>
			</trkpt>
			<trkpt lat="48.599103" lon="-2.154296">
				<ele>7.8</ele>
				<time>2024-08-18T11:13:03Z</time>
				<extensions>
					<gpxtpx:TrackPointExtension>
						<gpxtpx:hr>102</gpxtpx:hr>
						<gpxtpx:atemp>32</gpxtpx:atemp>
					</gpxtpx:TrackPointExtension>
				</extensions>
			</trkpt>
			<trkpt lat="48.59911" lon="-2.154346">
				<ele>7.6</ele>
				<time>2024-08-18T11:13:06Z</time>
				<extensions>
					<gpxtpx:TrackPointExtension>
						<gpxtpx:hr>105</gpxtpx:hr>
						<gpxtpx:atemp>32</gpxtpx:atemp>
					</gpxtpx:TrackPointExtension>
				</extensions>
			</trkpt>
			<trkpt lat="48.599136" lon="-2.154441">
				<ele>7.2</ele>
				<time>2024-08-18T11:13:11Z</time>
				<extensions>
					<gpxtpx:TrackPointExtension>
						<gpxtpx:hr>108</gpxtpx:hr>
						<gpxtpx:atemp>32</gpxtpx:atemp>
					</gpxtpx:TrackPointExtension>
				</extensions>
			</trkpt>
			<trkpt lat="48.599139" lon="-2.154496">
				<ele>7.2</ele>
				<time>2024-08-18T11:13:14Z</time>
				<extensions>
					<gpxtpx:TrackPointExtension>
						<gpxtpx:hr>111</gpxtpx:hr>
						<gpxtpx:atemp>32</gpxtpx:atemp>
					</gpxtpx:TrackPointExtension>
				</extensions>
			</trkpt>
			<trkpt lat="48.599128" lon="-2.154581">
				<ele>7.4</ele>
				<time>2024-08-18T11:13:18Z</time>
				<extensions>
					<gpxtpx:TrackPointExtension>
						<gpxtpx:hr>111</gpxtpx:hr>
						<gpxtpx:atemp>32</gpxtpx:atemp>
					</gpxtpx:TrackPointExtension>
				</extensions>
			</trkpt>
			<trkpt lat="48.599122" lon="-2.154618">
				<ele>7.6</ele>
				<time>2024-08-18T11:13:20Z</time>
				<extensions>
					<gpxtpx:TrackPointExtension>
						<gpxtpx:hr>110</gpxtpx:hr>
						<gpxtpx:atemp>32</gpxtpx:atemp>
					</gpxtpx:TrackPointExtension>
				</extensions>
			</trkpt>
			<trkpt lat="48.599125" lon="-2.15463">
				<ele>7.6</ele>
				<time>2024-08-18T11:13:21Z</time>
				<extensions>
					<gpxtpx:TrackPointExtension>
						<gpxtpx:hr>109</gpxtpx:hr>
						<gpxtpx:atemp>32</gpxtpx:atemp>
					</gpxtpx:TrackPointExtension>
				</extensions>
			</trkpt>
			<trkpt lat="48.599128" lon="-2.154643">
				<ele>7.6</ele>
				<time>2024-08-18T11:13:22Z</time>
				<extensions>
					<gpxtpx:TrackPointExtension>
						<gpxtpx:hr>109</gpxtpx:hr>
						<gpxtpx:atemp>32</gpxtpx:atemp>
					</gpxtpx:TrackPointExtension>
				</extensions>
			</trkpt>
			<trkpt lat="48.599133" lon="-2.154659">
				<ele>7.6</ele>
				<time>2024-08-18T11:13:23Z</time>
				<extensions>
					<gpxtpx:TrackPointExtension>
						<gpxtpx:hr>109</gpxtpx:hr>
						<gpxtpx:atemp>32</gpxtpx:atemp>
					</gpxtpx:TrackPointExtension>
				</extensions>
			</trkpt>
			<trkpt lat="48.599139" lon="-2.15475">
				<ele>7</ele>
				<time>2024-08-18T11:13:27Z</time>
				<extensions>
					<gpxtpx:TrackPointExtension>
						<gpxtpx:hr>110</gpxtpx:hr>
						<gpxtpx:atemp>32</gpxtpx:atemp>
					</gpxtpx:TrackPointExtension>
				</extensions>
			</trkpt>
			<trkpt lat="48.599132" lon="-2.154852">
				<ele>6.6</ele>
				<time>2024-08-18T11:13:32Z</time>
				<extensions>
					<gpxtpx:TrackPointExtension>
						<gpxtpx:hr>110</gpxtpx:hr>
						<gpxtpx:atemp>32</gpxtpx:atemp>
					</gpxtpx:TrackPointExtension>
				</extensions>
			</trkpt>
			<trkpt lat="48.599117" lon="-2.155">
				<ele>6.2</ele>
				<time>2024-08-18T11:13:40Z</time>
				<extensions>
					<gpxtpx:TrackPointExtension>
						<gpxtpx:hr>111</gpxtpx:hr>
						<gpxtpx:atemp>32</gpxtpx:atemp>
					</gpxtpx:TrackPointExtension>
				</extensions>
			</trkpt>
			<trkpt lat="48.5991" lon="-2.155045">
				<ele>6</ele>
				<time>2024-08-18T11:13:43Z</time>
				<extensions>
					<gpxtpx:TrackPointExtension>
						<gpxtpx:hr>111</gpxtpx:hr>
						<gpxtpx:atemp>32</gpxtpx:atemp>
					</gpxtpx:TrackPointExtension>
				</extensions>
			</trkpt>
			<trkpt lat="48.599099" lon="-2.155058">
				<ele>6</ele>
				<time>2024-08-18T11:13:44Z</time>
				<extensions>
					<gpxtpx:TrackPointExtension>
						<gpxtpx:hr>111</gpxtpx:hr>
						<gpxtpx:atemp>32</gpxtpx:atemp>
					</gpxtpx:TrackPointExtension>
				</extensions>
			</trkpt>
			<trkpt lat="48.599094" lon="-2.15509">
				<ele>6</ele>
				<time>2024-08-18T11:13:46Z</time>
				<extensions>
					<gpxtpx:TrackPointExtension>
						<gpxtpx:hr>112</gpxtpx:hr>
						<gpxtpx:atemp>32</gpxtpx:atemp>
					</gpxtpx:TrackPointExtension>
				</extensions>
			</trkpt>
			<trkpt lat="48.599064" lon="-2.155171">
				<ele>5.6</ele>
				<time>2024-08-18T11:13:51Z</time>
				<extensions>
					<gpxtpx:TrackPointExtension>
						<gpxtpx:hr>109</gpxtpx:hr>
						<gpxtpx:atemp>32</gpxtpx:atemp>
					</gpxtpx:TrackPointExtension>
				</extensions>
			</trkpt>
			<trkpt lat="48.599053" lon="-2.155224">
				<ele>5.6</ele>
				<time>2024-08-18T11:13:54Z</time>
				<extensions>
					<gpxtpx:TrackPointExtension>
						<gpxtpx:hr>106</gpxtpx:hr>
						<gpxtpx:atemp>32</gpxtpx:atemp>
					</gpxtpx:TrackPointExtension>
				</extensions>
			</trkpt>
			<trkpt lat="48.598997" lon="-2.155418">
				<ele>5.2</ele>
				<time>2024-08-18T11:14:05Z</time>
				<extensions>
					<gpxtpx:TrackPointExtension>
						<gpxtpx:hr>105</gpxtpx:hr>
						<gpxtpx:atemp>32</gpxtpx:atemp>
					</gpxtpx:TrackPointExtension>
				</extensions>
			</trkpt>
			<trkpt lat="48.598978" lon="-2.155469">
				<ele>5.2</ele>
				<time>2024-08-18T11:14:08Z</time>
				<extensions>
					<gpxtpx:TrackPointExtension>
						<gpxtpx:hr>108</gpxtpx:hr>
						<gpxtpx:atemp>32</gpxtpx:atemp>
					</gpxtpx:TrackPointExtension>
				</extensions>
			</trkpt>
			<trkpt lat="48.598937" lon="-2.155559">
				<ele>5</ele>
				<time>2024-08-18T11:14:14Z</time>
				<extensions>
					<gpxtpx:TrackPointExtension>
						<gpxtpx:hr>111</gpxtpx:hr>
						<gpxtpx:atemp>32</gpxtpx:atemp>
					</gpxtpx:TrackPointExtension>
				</extensions>
			</trkpt>
			<trkpt lat="48.598932" lon="-2.155574">
				<ele>5</ele>
				<time>2024-08-18T11:14:15Z</time>
				<extensions>
					<gpxtpx:TrackPointExtension>
						<gpxtpx:hr>111</gpxtpx:hr>
						<gpxtpx:atemp>32</gpxtpx:atemp>
					</gpxtpx:TrackPointExtension>
				</extensions>
			</trkpt>
			<trkpt lat="48.598926" lon="-2.155602">
				<ele>5</ele>
				<time>2024-08-18T11:14:17Z</time>
				<extensions>
					<gpxtpx:TrackPointExtension>
						<gpxtpx:hr>111</gpxtpx:hr>
						<gpxtpx:atemp>32</gpxtpx:atemp>
					</gpxtpx:TrackPointExtension>
				</extensions>
			</trkpt>
			<trkpt lat="48.598912" lon="-2.155705">
				<ele>4.6</ele>
				<time>2024-08-18T11:14:23Z</time>
				<extensions>
					<gpxtpx:TrackPointExtension>
						<gpxtpx:hr>110</gpxtpx:hr>
						<gpxtpx:atemp>32</gpxtpx:atemp>
					</gpxtpx:TrackPointExtension>
				</extensions>
			</trkpt>
			<trkpt lat="48.598893" lon="-2.155781">
				<ele>4.4</ele>
				<time>2024-08-18T11:14:27Z</time>
				<extensions>
					<gpxtpx:TrackPointExtension>
						<gpxtpx:hr>107</gpxtpx:hr>
						<gpxtpx:atemp>32</gpxtpx:atemp>
					</gpxtpx:TrackPointExtension>
				</extensions>
			</trkpt>
			<trkpt lat="48.598868" lon="-2.155907">
				<ele>4.4</ele>
				<time>2024-08-18T11:14:34Z</time>
				<extensions>
					<gpxtpx:TrackPointExtension>
						<gpxtpx:hr>107</gpxtpx:hr>
						<gpxtpx:atemp>32</gpxtpx:atemp>
					</gpxtpx:TrackPointExtension>
				</extensions>
			</trkpt>
			<trkpt lat="48.598857" lon="-2.15598">
				<ele>4.4</ele>
				<time>2024-08-18T11:14:38Z</time>
				<extensions>
					<gpxtpx:TrackPointExtension>
						<gpxtpx:hr>110</gpxtpx:hr>
						<gpxtpx:atemp>32</gpxtpx:atemp>
					</gpxtpx:TrackPointExtension>
				</extensions>
			</trkpt>
			<trkpt lat="48.598828" lon="-2.156085">
				<ele>4.2</ele>
				<time>2024-08-18T11:14:44Z</time>
				<extensions>
					<gpxtpx:TrackPointExtension>
						<gpxtpx:hr>112</gpxtpx:hr>
						<gpxtpx:atemp>32</gpxtpx:atemp>
					</gpxtpx:TrackPointExtension>
				</extensions>
			</trkpt>
			<trkpt lat="48.598812" lon="-2.156138">
				<ele>4</ele>
				<time>2024-08-18T11:14:47Z</time>
				<extensions>
					<gpxtpx:TrackPointExtension>
						<gpxtpx:hr>113</gpxtpx:hr>
						<gpxtpx:atemp>32</gpxtpx:atemp>
					</gpxtpx:TrackPointExtension>
				</extensions>
			</trkpt>
			<trkpt lat="48.598801" lon="-2.156196">
				<ele>3.8</ele>
				<time>2024-08-18T11:14:50Z</time>
				<extensions>
					<gpxtpx:TrackPointExtension>
						<gpxtpx:hr>113</gpxtpx:hr>
						<gpxtpx:atemp>32</gpxtpx:atemp>
					</gpxtpx:TrackPointExtension>
				</extensions>
			</trkpt>
			<trkpt lat="48.598791" lon="-2.156252">
				<ele>3.8</ele>
				<time>2024-08-18T11:14:53Z</time>
				<extensions>
					<gpxtpx:TrackPointExtension>
						<gpxtpx:hr>113</gpxtpx:hr>
						<gpxtpx:atemp>32</gpxtpx:atemp>
					</gpxtpx:TrackPointExtension>
				</extensions>
			</trkpt>
			<trkpt lat="48.598782" lon="-2.156306">
				<ele>3.8</ele>
				<time>2024-08-18T11:14:56Z</time>
				<extensions>
					<gpxtpx:TrackPointExtension>
						<gpxtpx:hr>110</gpxtpx:hr>
						<gpxtpx:atemp>32</gpxtpx:atemp>
					</gpxtpx:TrackPointExtension>
				</extensions>
			</trkpt>
			<trkpt lat="48.598759" lon="-2.156468">
				<ele>3.6</ele>
				<time>2024-08-18T11:15:05Z</time>
				<extensions>
					<gpxtpx:TrackPointExtension>
						<gpxtpx:hr>111</gpxtpx:hr>
						<gpxtpx:atemp>32</gpxtpx:atemp>
					</gpxtpx:TrackPointExtension>
				</extensions>
			</trkpt>
			<trkpt lat="48.598717" lon="-2.156657">
				<ele>3.8</ele>
				<time>2024-08-18T11:15:15Z</time>
				<extensions>
					<gpxtpx:TrackPointExtension>
						<gpxtpx:hr>112</gpxtpx:hr>
						<gpxtpx:atemp>32</gpxtpx:atemp>
					</gpxtpx:TrackPointExtension>
				</extensions>
			</trkpt>
			<trkpt lat="48.598672" lon="-2.156842">
				<ele>3.4</ele>
				<time>2024-08-18T11:15:26Z</time>
				<extensions>
					<gpxtpx:TrackPointExtension>
						<gpxtpx:hr>109</gpxtpx:hr>
						<gpxtpx:atemp>32</gpxtpx:atemp>
					</gpxtpx:TrackPointExtension>
				</extensions>
			</trkpt>
			<trkpt lat="48.598667" lon="-2.156858">
				<ele>3.4</ele>
				<time>2024-08-18T11:15:27Z</time>
				<extensions>
					<gpxtpx:TrackPointExtension>
						<gpxtpx:hr>109</gpxtpx:hr>
						<gpxtpx:atemp>32</gpxtpx:atemp>
					</gpxtpx:TrackPointExtension>
				</extensions>
			</trkpt>
			<trkpt lat="48.598662" lon="-2.156864">
				<ele>3.4</ele>
				<time>2024-08-18T11:15:30Z</time>
				<extensions>
					<gpxtpx:TrackPointExtension>
						<gpxtpx:hr>108</gpxtpx:hr>
						<gpxtpx:atemp>32</gpxtpx:atemp>
					</gpxtpx:TrackPointExtension>
				</extensions>
			</trkpt>
			<trkpt lat="48.598656" lon="-2.156927">
				<ele>3</ele>
				<time>2024-08-18T11:15:35Z</time>
				<extensions>
					<gpxtpx:TrackPointExtension>
						<gpxtpx:hr>106</gpxtpx:hr>
						<gpxtpx:atemp>32</gpxtpx:atemp>
					</gpxtpx:TrackPointExtension>
				</extensions>
			</trkpt>
			<trkpt lat="48.598631" lon="-2.157024">
				<ele>2.8</ele>
				<time>2024-08-18T11:15:40Z</time>
				<extensions>
					<gpxtpx:TrackPointExtension>
						<gpxtpx:hr>106</gpxtpx:hr>
						<gpxtpx:atemp>32</gpxtpx:atemp>
					</gpxtpx:TrackPointExtension>
				</extensions>
			</trkpt>
			<trkpt lat="48.598619" lon="-2.157076">
				<ele>2.8</ele>
				<time>2024-08-18T11:15:43Z</time>
				<extensions>
					<gpxtpx:TrackPointExtension>
						<gpxtpx:hr>105</gpxtpx:hr>
						<gpxtpx:atemp>32</gpxtpx:atemp>
					</gpxtpx:TrackPointExtension>
				</extensions>
			</trkpt>
			<trkpt lat="48.598565" lon="-2.1572">
				<ele>2.8</ele>
				<time>2024-08-18T11:15:50Z</time>
				<extensions>
					<gpxtpx:TrackPointExtension>
						<gpxtpx:hr>108</gpxtpx:hr>
						<gpxtpx:atemp>32</gpxtpx:atemp>
					</gpxtpx:TrackPointExtension>
				</extensions>
			</trkpt>
			<trkpt lat="48.598556" lon="-2.157216">
				<ele>2.8</ele>
				<time>2024-08-18T11:15:51Z</time>
				<extensions>
					<gpxtpx:TrackPointExtension>
						<gpxtpx:hr>108</gpxtpx:hr>
						<gpxtpx:atemp>32</gpxtpx:atemp>
					</gpxtpx:TrackPointExtension>
				</extensions>
			</trkpt>
			<trkpt lat="48.598481" lon="-2.157358">
				<ele>3</ele>
				<time>2024-08-18T11:16:00Z</time>
				<extensions>
					<gpxtpx:TrackPointExtension>
						<gpxtpx:hr>111</gpxtpx:hr>
						<gpxtpx:atemp>32</gpxtpx:atemp>
					</gpxtpx:TrackPointExtension>
				</extensions>
			</trkpt>
			<trkpt lat="48.598462" lon="-2.157394">
				<ele>3</ele>
				<time>2024-08-18T11:16:02Z</time>
				<extensions>
					<gpxtpx:TrackPointExtension>
						<gpxtpx:hr>112</gpxtpx:hr>
						<gpxtpx:atemp>32</gpxtpx:atemp>
					</gpxtpx:TrackPointExtension>
				</extensions>
			</trkpt>
			<trkpt lat="48.598447" lon="-2.15742">
				<ele>2.8</ele>
				<time>2024-08-18T11:16:04Z</time>
				<extensions>
					<gpxtpx:TrackPointExtension>
						<gpxtpx:hr>113</gpxtpx:hr>
						<gpxtpx:atemp>32</gpxtpx:atemp>
					</gpxtpx:TrackPointExtension>
				</extensions>
			</trkpt>
			<trkpt lat="48.598386" lon="-2.157534">
				<ele>2.8</ele>
				<time>2024-08-18T11:16:11Z</time>
				<extensions>
					<gpxtpx:TrackPointExtension>
						<gpxtpx:hr>115</gpxtpx:hr>
						<gpxtpx:atemp>32</gpxtpx:atemp>
					</gpxtpx:TrackPointExtension>
				</extensions>
			</trkpt>
			<trkpt lat="48.59835" lon="-2.15767">
				<ele>2.8</ele>
				<time>2024-08-18T11:16:20Z</time>
				<extensions>
					<gpxtpx:TrackPointExtension>
						<gpxtpx:hr>115</gpxtpx:hr>
						<gpxtpx:atemp>32</gpxtpx:atemp>
					</gpxtpx:TrackPointExtension>
				</extensions>
			</trkpt>
			<trkpt lat="48.598328" lon="-2.157788">
				<ele>2.8</ele>
				<time>2024-08-18T11:16:27Z</time>
				<extensions>
					<gpxtpx:TrackPointExtension>
						<gpxtpx:hr>116</gpxtpx:hr>
						<gpxtpx:atemp>32</gpxtpx:atemp>
					</gpxtpx:TrackPointExtension>
				</extensions>
			</trkpt>
			<trkpt lat="48.598327" lon="-2.157923">
				<ele>2.8</ele>
				<time>2024-08-18T11:16:35Z</time>
				<extensions>
					<gpxtpx:TrackPointExtension>
						<gpxtpx:hr>115</gpxtpx:hr>
						<gpxtpx:atemp>32</gpxtpx:atemp>
					</gpxtpx:TrackPointExtension>
				</extensions>
			</trkpt>
			<trkpt lat="48.598324" lon="-2.15793">
				<ele>2.6</ele>
				<time>2024-08-18T11:16:36Z</time>
				<extensions>
					<gpxtpx:TrackPointExtension>
						<gpxtpx:hr>115</gpxtpx:hr>
						<gpxtpx:atemp>32</gpxtpx:atemp>
					</gpxtpx:TrackPointExtension>
				</extensions>
			</trkpt>
			<trkpt lat="48.598322" lon="-2.157928">
				<ele>2.8</ele>
				<time>2024-08-18T11:16:41Z</time>
				<extensions>
					<gpxtpx:TrackPointExtension>
						<gpxtpx:hr>112</gpxtpx:hr>
						<gpxtpx:atemp>32</gpxtpx:atemp>
					</gpxtpx:TrackPointExtension>
				</extensions>
			</trkpt>
			<trkpt lat="48.598322" lon="-2.157929">
				<ele>2.8</ele>
				<time>2024-08-18T11:16:42Z</time>
				<extensions>
					<gpxtpx:TrackPointExtension>
						<gpxtpx:hr>112</gpxtpx:hr>
						<gpxtpx:atemp>32</gpxtpx:atemp>
					</gpxtpx:TrackPointExtension>
				</extensions>
			</trkpt>
			<trkpt lat="48.598336" lon="-2.15798">
				<ele>2.6</ele>
				<time>2024-08-18T11:16:50Z</time>
				<extensions>
					<gpxtpx:TrackPointExtension>
						<gpxtpx:hr>114</gpxtpx:hr>
						<gpxtpx:atemp>32</gpxtpx:atemp>
					</gpxtpx:TrackPointExtension>
				</extensions>
			</trkpt>
			<trkpt lat="48.598366" lon="-2.158192">
				<ele>2.2</ele>
				<time>2024-08-18T11:17:01Z</time>
				<extensions>
					<gpxtpx:TrackPointExtension>
						<gpxtpx:hr>114</gpxtpx:hr>
						<gpxtpx:atemp>32</gpxtpx:atemp>
					</gpxtpx:TrackPointExtension>
				</extensions>
			</trkpt>
			<trkpt lat="48.598402" lon="-2.158418">
				<ele>2</ele>
				<time>2024-08-18T11:17:13Z</time>
				<extensions>
					<gpxtpx:TrackPointExtension>
						<gpxtpx:hr>113</gpxtpx:hr>
						<gpxtpx:atemp>32</gpxtpx:atemp>
					</gpxtpx:TrackPointExtension>
				</extensions>
			</trkpt>
			<trkpt lat="48.598428" lon="-2.158582">
				<ele>2.6</ele>
				<time>2024-08-18T11:17:22Z</time>
				<extensions>
					<gpxtpx:TrackPointExtension>
						<gpxtpx:hr>112</gpxtpx:hr>
						<gpxtpx:atemp>32</gpxtpx:atemp>
					</gpxtpx:TrackPointExtension>
				</extensions>
			</trkpt>
			<trkpt lat="48.598448" lon="-2.158729">
				<ele>3</ele>
				<time>2024-08-18T11:17:31Z</time>
				<extensions>
					<gpxtpx:TrackPointExtension>
						<gpxtpx:hr>114</gpxtpx:hr>
						<gpxtpx:atemp>32</gpxtpx:atemp>
					</gpxtpx:TrackPointExtension>
				</extensions>
			</trkpt>
			<trkpt lat="48.598461" lon="-2.158771">
				<ele>2.8</ele>
				<time>2024-08-18T11:17:37Z</time>
				<extensions>
					<gpxtpx:TrackPointExtension>
						<gpxtpx:hr>111</gpxtpx:hr>
						<gpxtpx:atemp>32</gpxtpx:atemp>
					</gpxtpx:TrackPointExtension>
				</extensions>
			</trkpt>
			<trkpt lat="48.598461" lon="-2.158787">
				<ele>2.6</ele>
				<time>2024-08-18T11:17:38Z</time>
				<extensions>
					<gpxtpx:TrackPointExtension>
						<gpxtpx:hr>111</gpxtpx:hr>
						<gpxtpx:atemp>32</gpxtpx:atemp>
					</gpxtpx:TrackPointExtension>
				</extensions>
			</trkpt>
			<trkpt lat="48.598478" lon="-2.158893">
				<ele>2.6</ele>
				<time>2024-08-18T11:17:44Z</time>
				<extensions>
					<gpxtpx:TrackPointExtension>
						<gpxtpx:hr>114</gpxtpx:hr>
						<gpxtpx:atemp>32</gpxtpx:atemp>
					</gpxtpx:TrackPointExtension>
				</extensions>
			</trkpt>
			<trkpt lat="48.598492" lon="-2.158992">
				<ele>2.6</ele>
				<time>2024-08-18T11:17:49Z</time>
				<extensions>
					<gpxtpx:TrackPointExtension>
						<gpxtpx:hr>114</gpxtpx:hr>
						<gpxtpx:atemp>32</gpxtpx:atemp>
					</gpxtpx:TrackPointExtension>
				</extensions>
			</trkpt>
			<trkpt lat="48.598513" lon="-2.15909">
				<ele>2.4</ele>
				<time>2024-08-18T11:17:54Z</time>
				<extensions>
					<gpxtpx:TrackPointExtension>
						<gpxtpx:hr>111</gpxtpx:hr>
						<gpxtpx:atemp>31</gpxtpx:atemp>
					</gpxtpx:TrackPointExtension>
				</extensions>
			</trkpt>
			<trkpt lat="48.59852" lon="-2.15914">
				<ele>2.6</ele>
				<time>2024-08-18T11:17:57Z</time>
				<extensions>
					<gpxtpx:TrackPointExtension>
						<gpxtpx:hr>111</gpxtpx:hr>
						<gpxtpx:atemp>31</gpxtpx:atemp>
					</gpxtpx:TrackPointExtension>
				</extensions>
			</trkpt>
			<trkpt lat="48.598528" lon="-2.159291">
				<ele>2.4</ele>
				<time>2024-08-18T11:18:05Z</time>
				<extensions>
					<gpxtpx:TrackPointExtension>
						<gpxtpx:hr>111</gpxtpx:hr>
						<gpxtpx:atemp>31</gpxtpx:atemp>
					</gpxtpx:TrackPointExtension>
				</extensions>
			</trkpt>
			<trkpt lat="48.598536" lon="-2.159403">
				<ele>2.8</ele>
				<time>2024-08-18T11:18:11Z</time>
				<extensions>
					<gpxtpx:TrackPointExtension>
						<gpxtpx:hr>108</gpxtpx:hr>
						<gpxtpx:atemp>31</gpxtpx:atemp>
					</gpxtpx:TrackPointExtension>
				</extensions>
			</trkpt>
			<trkpt lat="48.598539" lon="-2.159444">
				<ele>3</ele>
				<time>2024-08-18T11:18:13Z</time>
				<extensions>
					<gpxtpx:TrackPointExtension>
						<gpxtpx:hr>107</gpxtpx:hr>
						<gpxtpx:atemp>31</gpxtpx:atemp>
					</gpxtpx:TrackPointExtension>
				</extensions>
			</trkpt>
			<trkpt lat="48.598561" lon="-2.159584">
				<ele>2.4</ele>
				<time>2024-08-18T11:18:21Z</time>
				<extensions>
					<gpxtpx:TrackPointExtension>
						<gpxtpx:hr>106</gpxtpx:hr>
						<gpxtpx:atemp>31</gpxtpx:atemp>
					</gpxtpx:TrackPointExtension>
				</extensions>
			</trkpt>
			<trkpt lat="48.598568" lon="-2.159683">
				<ele>2</ele>
				<time>2024-08-18T11:18:27Z</time>
				<extensions>
					<gpxtpx:TrackPointExtension>
						<gpxtpx:hr>109</gpxtpx:hr>
						<gpxtpx:atemp>31</gpxtpx:atemp>
					</gpxtpx:TrackPointExtension>
				</extensions>
			</trkpt>
			<trkpt lat="48.598567" lon="-2.159703">
				<ele>1.8</ele>
				<time>2024-08-18T11:18:28Z</time>
				<extensions>
					<gpxtpx:TrackPointExtension>
						<gpxtpx:hr>110</gpxtpx:hr>
						<gpxtpx:atemp>31</gpxtpx:atemp>
					</gpxtpx:TrackPointExtension>
				</extensions>
			</trkpt>
			<trkpt lat="48.598562" lon="-2.159739">
				<ele>2</ele>
				<time>2024-08-18T11:18:30Z</time>
				<extensions>
					<gpxtpx:TrackPointExtension>
						<gpxtpx:hr>111</gpxtpx:hr>
						<gpxtpx:atemp>31</gpxtpx:atemp>
					</gpxtpx:TrackPointExtension>
				</extensions>
			</trkpt>
			<trkpt lat="48.59854" lon="-2.159944">
				<ele>2.4</ele>
				<time>2024-08-18T11:18:41Z</time>
				<extensions>
					<gpxtpx:TrackPointExtension>
						<gpxtpx:hr>113</gpxtpx:hr>
						<gpxtpx:atemp>31</gpxtpx:atemp>
					</gpxtpx:TrackPointExtension>
				</extensions>
			</trkpt>
			<trkpt lat="48.598525" lon="-2.160018">
				<ele>2.2</ele>
				<time>2024-08-18T11:18:45Z</time>
				<extensions>
					<gpxtpx:TrackPointExtension>
						<gpxtpx:hr>116</gpxtpx:hr>
						<gpxtpx:atemp>31</gpxtpx:atemp>
					</gpxtpx:TrackPointExtension>
				</extensions>
			</trkpt>
			<trkpt lat="48.598512" lon="-2.160109">
				<ele>2.4</ele>
				<time>2024-08-18T11:18:50Z</time>
				<extensions>
					<gpxtpx:TrackPointExtension>
						<gpxtpx:hr>117</gpxtpx:hr>
						<gpxtpx:atemp>31</gpxtpx:atemp>
					</gpxtpx:TrackPointExtension>
				</extensions>
			</trkpt>
			<trkpt lat="48.598467" lon="-2.160224">
				<ele>2.8</ele>
				<time>2024-08-18T11:18:57Z</time>
				<extensions>
					<gpxtpx:TrackPointExtension>
						<gpxtpx:hr>117</gpxtpx:hr>
						<gpxtpx:atemp>31</gpxtpx:atemp>
					</gpxtpx:TrackPointExtension>
				</extensions>
			</trkpt>
			<trkpt lat="48.598405" lon="-2.160391">
				<ele>2.4</ele>
				<time>2024-08-18T11:19:07Z</time>
				<extensions>
					<gpxtpx:TrackPointExtension>
						<gpxtpx:hr>114</gpxtpx:hr>
						<gpxtpx:atemp>31</gpxtpx:atemp>
					</gpxtpx:TrackPointExtension>
				</extensions>
			</trkpt>
			<trkpt lat="48.598383" lon="-2.160441">
				<ele>2.4</ele>
				<time>2024-08-18T11:19:10Z</time>
				<extensions>
					<gpxtpx:TrackPointExtension>
						<gpxtpx:hr>113</gpxtpx:hr>
						<gpxtpx:atemp>31</gpxtpx:atemp>
					</gpxtpx:TrackPointExtension>
				</extensions>
			</trkpt>
			<trkpt lat="48.59837" lon="-2.160475">
				<ele>2.4</ele>
				<time>2024-08-18T11:19:12Z</time>
				<extensions>
					<gpxtpx:TrackPointExtension>
						<gpxtpx:hr>114</gpxtpx:hr>
						<gpxtpx:atemp>31</gpxtpx:atemp>
					</gpxtpx:TrackPointExtension>
				</extensions>
			</trkpt>
			<trkpt lat="48.598276" lon="-2.160682">
				<ele>2.8</ele>
				<time>2024-08-18T11:19:25Z</time>
				<extensions>
					<gpxtpx:TrackPointExtension>
						<gpxtpx:hr>113</gpxtpx:hr>
						<gpxtpx:atemp>30</gpxtpx:atemp>
					</gpxtpx:TrackPointExtension>
				</extensions>
			</trkpt>
			<trkpt lat="48.598221" lon="-2.160824">
				<ele>3</ele>
				<time>2024-08-18T11:19:34Z</time>
				<extensions>
					<gpxtpx:TrackPointExtension>
						<gpxtpx:hr>113</gpxtpx:hr>
						<gpxtpx:atemp>30</gpxtpx:atemp>
					</gpxtpx:TrackPointExtension>
				</extensions>
			</trkpt>
			<trkpt lat="48.598201" lon="-2.160903">
				<ele>2.4</ele>
				<time>2024-08-18T11:19:39Z</time>
				<extensions>
					<gpxtpx:TrackPointExtension>
						<gpxtpx:hr>113</gpxtpx:hr>
						<gpxtpx:atemp>30</gpxtpx:atemp>
					</gpxtpx:TrackPointExtension>
				</extensions>
			</trkpt>
			<trkpt lat="48.598149" lon="-2.161042">
				<ele>3.4</ele>
				<time>2024-08-18T11:19:49Z</time>
				<extensions>
					<gpxtpx:TrackPointExtension>
						<gpxtpx:hr>112</gpxtpx:hr>
						<gpxtpx:atemp>30</gpxtpx:atemp>
					</gpxtpx:TrackPointExtension>
				</extensions>
			</trkpt>
			<trkpt lat="48.5981" lon="-2.161207">
				<ele>3.2</ele>
				<time>2024-08-18T11:19:59Z</time>
				<extensions>
					<gpxtpx:TrackPointExtension>
						<gpxtpx:hr>110</gpxtpx:hr>
						<gpxtpx:atemp>30</gpxtpx:atemp>
					</gpxtpx:TrackPointExtension>
				</extensions>
			</trkpt>
			<trkpt lat="48.598078" lon="-2.161257">
				<ele>3</ele>
				<time>2024-08-18T11:20:02Z</time>
				<extensions>
					<gpxtpx:TrackPointExtension>
						<gpxtpx:hr>109</gpxtpx:hr>
						<gpxtpx:atemp>30</gpxtpx:atemp>
					</gpxtpx:TrackPointExtension>
				</extensions>
			</trkpt>
			<trkpt lat="48.598055" lon="-2.161308">
				<ele>3</ele>
				<time>2024-08-18T11:20:05Z</time>
				<extensions>
					<gpxtpx:TrackPointExtension>
						<gpxtpx:hr>106</gpxtpx:hr>
						<gpxtpx:atemp>30</gpxtpx:atemp>
					</gpxtpx:TrackPointExtension>
				</extensions>
			</trkpt>
			<trkpt lat="48.598021" lon="-2.161389">
				<ele>3.2</ele>
				<time>2024-08-18T11:20:10Z</time>
				<extensions>
					<gpxtpx:TrackPointExtension>
						<gpxtpx:hr>106</gpxtpx:hr>
						<gpxtpx:atemp>30</gpxtpx:atemp>
					</gpxtpx:TrackPointExtension>
				</extensions>
			</trkpt>
			<trkpt lat="48.597965" lon="-2.161526">
				<ele>3</ele>
				<time>2024-08-18T11:20:18Z</time>
				<extensions>
					<gpxtpx:TrackPointExtension>
						<gpxtpx:hr>108</gpxtpx:hr>
						<gpxtpx:atemp>29</gpxtpx:atemp>
					</gpxtpx:TrackPointExtension>
				</extensions>
			</trkpt>
			<trkpt lat="48.597904" lon="-2.161697">
				<ele>2.2</ele>
				<time>2024-08-18T11:20:28Z</time>
				<extensions>
					<gpxtpx:TrackPointExtension>
						<gpxtpx:hr>105</gpxtpx:hr>
						<gpxtpx:atemp>29</gpxtpx:atemp>
					</gpxtpx:TrackPointExtension>
				</extensions>
			</trkpt>
			<trkpt lat="48.597841" lon="-2.161854">
				<ele>2.4</ele>
				<time>2024-08-18T11:20:38Z</time>
				<extensions>
					<gpxtpx:TrackPointExtension>
						<gpxtpx:hr>107</gpxtpx:hr>
						<gpxtpx:atemp>29</gpxtpx:atemp>
					</gpxtpx:TrackPointExtension>
				</extensions>
			</trkpt>
			<trkpt lat="48.597813" lon="-2.161937">
				<ele>2</ele>
				<time>2024-08-18T11:20:43Z</time>
				<extensions>
					<gpxtpx:TrackPointExtension>
						<gpxtpx:hr>109</gpxtpx:hr>
						<gpxtpx:atemp>29</gpxtpx:atemp>
					</gpxtpx:TrackPointExtension>
				</extensions>
			</trkpt>
			<trkpt lat="48.597738" lon="-2.162118">
				<ele>2.8</ele>
				<time>2024-08-18T11:20:54Z</time>
				<extensions>
					<gpxtpx:TrackPointExtension>
						<gpxtpx:hr>109</gpxtpx:hr>
						<gpxtpx:atemp>29</gpxtpx:atemp>
					</gpxtpx:TrackPointExtension>
				</extensions>
			</trkpt>
			<trkpt lat="48.597659" lon="-2.162296">
				<ele>3.2</ele>
				<time>2024-08-18T11:21:06Z</time>
				<extensions>
					<gpxtpx:TrackPointExtension>
						<gpxtpx:hr>107</gpxtpx:hr>
						<gpxtpx:atemp>29</gpxtpx:atemp>
					</gpxtpx:TrackPointExtension>
				</extensions>
			</trkpt>
			<trkpt lat="48.597596" lon="-2.162469">
				<ele>3.2</ele>
				<time>2024-08-18T11:21:17Z</time>
				<extensions>
					<gpxtpx:TrackPointExtension>
						<gpxtpx:hr>107</gpxtpx:hr>
						<gpxtpx:atemp>29</gpxtpx:atemp>
					</gpxtpx:TrackPointExtension>
				</extensions>
			</trkpt>
			<trkpt lat="48.597585" lon="-2.162485">
				<ele>3</ele>
				<time>2024-08-18T11:21:19Z</time>
				<extensions>
					<gpxtpx:TrackPointExtension>
						<gpxtpx:hr>108</gpxtpx:hr>
						<gpxtpx:atemp>29</gpxtpx:atemp>
					</gpxtpx:TrackPointExtension>
				</extensions>
			</trkpt>
			<trkpt lat="48.597585" lon="-2.162463">
				<ele>3</ele>
				<time>2024-08-18T11:21:22Z</time>
				<extensions>
					<gpxtpx:TrackPointExtension>
						<gpxtpx:hr>107</gpxtpx:hr>
						<gpxtpx:atemp>29</gpxtpx:atemp>
					</gpxtpx:TrackPointExtension>
				</extensions>
			</trkpt>
			<trkpt lat="48.597608" lon="-2.162428">
				<ele>2.8</ele>
				<time>2024-08-18T11:21:29Z</time>
				<extensions>
					<gpxtpx:TrackPointExtension>
						<gpxtpx:hr>108</gpxtpx:hr>
						<gpxtpx:atemp>29</gpxtpx:atemp>
					</gpxtpx:TrackPointExtension>
				</extensions>
			</trkpt>
			<trkpt lat="48.59761" lon="-2.162429">
				<ele>2.6</ele>
				<time>2024-08-18T11:21:41Z</time>
				<extensions>
					<gpxtpx:TrackPointExtension>
						<gpxtpx:hr>111</gpxtpx:hr>
						<gpxtpx:atemp>29</gpxtpx:atemp>
					</gpxtpx:TrackPointExtension>
				</extensions>
			</trkpt>
			<trkpt lat="48.59761" lon="-2.162428">
				<ele>2.2</ele>
				<time>2024-08-18T11:21:58Z</time>
				<extensions>
					<gpxtpx:TrackPointExtension>
						<gpxtpx:hr>108</gpxtpx:hr>
						<gpxtpx:atemp>29</gpxtpx:atemp>
					</gpxtpx:TrackPointExtension>
				</extensions>
			</trkpt>
			<trkpt lat="48.59761" lon="-2.162428">
				<ele>2.4</ele>
				<time>2024-08-18T11:22:02Z</time>
				<extensions>
					<gpxtpx:TrackPointExtension>
						<gpxtpx:hr>110</gpxtpx:hr>
						<gpxtpx:atemp>29</gpxtpx:atemp>
					</gpxtpx:TrackPointExtension>
				</extensions>
			</trkpt>
			<trkpt lat="48.597582" lon="-2.162529">
				<ele>2.4</ele>
				<time>2024-08-18T11:22:19Z</time>
				<extensions>
					<gpxtpx:TrackPointExtension>
						<gpxtpx:hr>108</gpxtpx:hr>
						<gpxtpx:atemp>29</gpxtpx:atemp>
					</gpxtpx:TrackPointExtension>
				</extensions>
			</trkpt>
			<trkpt lat="48.597499" lon="-2.162775">
				<ele>2.8</ele>
				<time>2024-08-18T11:22:32Z</time>
				<extensions>
					<gpxtpx:TrackPointExtension>
						<gpxtpx:hr>106</gpxtpx:hr>
						<gpxtpx:atemp>29</gpxtpx:atemp>
					</gpxtpx:TrackPointExtension>
				</extensions>
			</trkpt>
			<trkpt lat="48.597494" lon="-2.162791">
				<ele>2.8</ele>
				<time>2024-08-18T11:22:33Z</time>
				<extensions>
					<gpxtpx:TrackPointExtension>
						<gpxtpx:hr>106</gpxtpx:hr>
						<gpxtpx:atemp>29</gpxtpx:atemp>
					</gpxtpx:TrackPointExtension>
				</extensions>
			</trkpt>
			<trkpt lat="48.597459" lon="-2.16292">
				<ele>3</ele>
				<time>2024-08-18T11:22:40Z</time>
				<extensions>
					<gpxtpx:TrackPointExtension>
						<gpxtpx:hr>103</gpxtpx:hr>
						<gpxtpx:atemp>29</gpxtpx:atemp>
					</gpxtpx:TrackPointExtension>
				</extensions>
			</trkpt>
			<trkpt lat="48.597437" lon="-2.162985">
				<ele>3</ele>
				<time>2024-08-18T11:22:44Z</time>
				<extensions>
					<gpxtpx:TrackPointExtension>
						<gpxtpx:hr>101</gpxtpx:hr>
						<gpxtpx:atemp>29</gpxtpx:atemp>
					</gpxtpx:TrackPointExtension>
				</extensions>
			</trkpt>
			<trkpt lat="48.597418" lon="-2.163036">
				<ele>3</ele>
				<time>2024-08-18T11:22:47Z</time>
				<extensions>
					<gpxtpx:TrackPointExtension>
						<gpxtpx:hr>104</gpxtpx:hr>
						<gpxtpx:atemp>29</gpxtpx:atemp>
					</gpxtpx:TrackPointExtension>
				</extensions>
			</trkpt>
			<trkpt lat="48.597403" lon="-2.163085">
				<ele>2.8</ele>
				<time>2024-08-18T11:22:50Z</time>
				<extensions>
					<gpxtpx:TrackPointExtension>
						<gpxtpx:hr>108</gpxtpx:hr>
						<gpxtpx:atemp>29</gpxtpx:atemp>
					</gpxtpx:TrackPointExtension>
				</extensions>
			</trkpt>
			<trkpt lat="48.597323" lon="-2.163302">
				<ele>2.8</ele>
				<time>2024-08-18T11:23:03Z</time>
				<extensions>
					<gpxtpx:TrackPointExtension>
						<gpxtpx:hr>107</gpxtpx:hr>
						<gpxtpx:atemp>29</gpxtpx:atemp>
					</gpxtpx:TrackPointExtension>
				</extensions>
			</trkpt>
			<trkpt lat="48.597286" lon="-2.163416">
				<ele>2.8</ele>
				<time>2024-08-18T11:23:10Z</time>
				<extensions>
					<gpxtpx:TrackPointExtension>
						<gpxtpx:hr>108</gpxtpx:hr>
						<gpxtpx:atemp>29</gpxtpx:atemp>
					</gpxtpx:TrackPointExtension>
				</extensions>
			</trkpt>
			<trkpt lat="48.597267" lon="-2.163469">
				<ele>2.8</ele>
				<time>2024-08-18T11:23:13Z</time>
				<extensions>
					<gpxtpx:TrackPointExtension>
						<gpxtpx:hr>108</gpxtpx:hr>
						<gpxtpx:atemp>29</gpxtpx:atemp>
					</gpxtpx:TrackPointExtension>
				</extensions>
			</trkpt>
			<trkpt lat="48.597239" lon="-2.163533">
				<ele>2.8</ele>
				<time>2024-08-18T11:23:17Z</time>
				<extensions>
					<gpxtpx:TrackPointExtension>
						<gpxtpx:hr>111</gpxtpx:hr>
						<gpxtpx:atemp>29</gpxtpx:atemp>
					</gpxtpx:TrackPointExtension>
				</extensions>
			</trkpt>
			<trkpt lat="48.597216" lon="-2.163584">
				<ele>3</ele>
				<time>2024-08-18T11:23:20Z</time>
				<extensions>
					<gpxtpx:TrackPointExtension>
						<gpxtpx:hr>114</gpxtpx:hr>
						<gpxtpx:atemp>29</gpxtpx:atemp>
					</gpxtpx:TrackPointExtension>
				</extensions>
			</trkpt>
			<trkpt lat="48.597158" lon="-2.163729">
				<ele>3</ele>
				<time>2024-08-18T11:23:29Z</time>
				<extensions>
					<gpxtpx:TrackPointExtension>
						<gpxtpx:hr>115</gpxtpx:hr>
						<gpxtpx:atemp>29</gpxtpx:atemp>
					</gpxtpx:TrackPointExtension>
				</extensions>
			</trkpt>
			<trkpt lat="48.597106" lon="-2.163875">
				<ele>3.2</ele>
				<time>2024-08-18T11:23:38Z</time>
				<extensions>
					<gpxtpx:TrackPointExtension>
						<gpxtpx:hr>118</gpxtpx:hr>
						<gpxtpx:atemp>29</gpxtpx:atemp>
					</gpxtpx:TrackPointExtension>
				</extensions>
			</trkpt>
			<trkpt lat="48.597082" lon="-2.163919">
				<ele>3.4</ele>
				<time>2024-08-18T11:23:41Z</time>
				<extensions>
					<gpxtpx:TrackPointExtension>
						<gpxtpx:hr>118</gpxtpx:hr>
						<gpxtpx:atemp>29</gpxtpx:atemp>
					</gpxtpx:TrackPointExtension>
				</extensions>
			</trkpt>
			<trkpt lat="48.597052" lon="-2.163995">
				<ele>3.4</ele>
				<time>2024-08-18T11:23:45Z</time>
				<extensions>
					<gpxtpx:TrackPointExtension>
						<gpxtpx:hr>114</gpxtpx:hr>
						<gpxtpx:atemp>29</gpxtpx:atemp>
					</gpxtpx:TrackPointExtension>
				</extensions>
			</trkpt>
			<trkpt lat="48.597021" lon="-2.164072">
				<ele>3.2</ele>
				<time>2024-08-18T11:23:50Z</time>
				<extensions>
					<gpxtpx:TrackPointExtension>
						<gpxtpx:hr>112</gpxtpx:hr>
						<gpxtpx:atemp>29</gpxtpx:atemp>
					</gpxtpx:TrackPointExtension>
				</extensions>
			</trkpt>
			<trkpt lat="48.596976" lon="-2.164169">
				<ele>3.2</ele>
				<time>2024-08-18T11:23:57Z</time>
				<extensions>
					<gpxtpx:TrackPointExtension>
						<gpxtpx:hr>114</gpxtpx:hr>
						<gpxtpx:atemp>29</gpxtpx:atemp>
					</gpxtpx:TrackPointExtension>
				</extensions>
			</trkpt>
			<trkpt lat="48.59692" lon="-2.164381">
				<ele>3.2</ele>
				<time>2024-08-18T11:24:08Z</time>
				<extensions>
					<gpxtpx:TrackPointExtension>
						<gpxtpx:hr>113</gpxtpx:hr>
						<gpxtpx:atemp>29</gpxtpx:atemp>
					</gpxtpx:TrackPointExtension>
				</extensions>
			</trkpt>
			<trkpt lat="48.596915" lon="-2.164441">
				<ele>3.2</ele>
				<time>2024-08-18T11:24:12Z</time>
				<extensions>
					<gpxtpx:TrackPointExtension>
						<gpxtpx:hr>116</gpxtpx:hr>
						<gpxtpx:atemp>29</gpxtpx:atemp>
					</gpxtpx:TrackPointExtension>
				</extensions>
			</trkpt>
			<trkpt lat="48.596899" lon="-2.164488">
				<ele>3.4</ele>
				<time>2024-08-18T11:24:15Z</time>
				<extensions>
					<gpxtpx:TrackPointExtension>
						<gpxtpx:hr>116</gpxtpx:hr>
						<gpxtpx:atemp>29</gpxtpx:atemp>
					</gpxtpx:TrackPointExtension>
				</extensions>
			</trkpt>
			<trkpt lat="48.596847" lon="-2.164621">
				<ele>3.6</ele>
				<time>2024-08-18T11:24:22Z</time>
				<extensions>
					<gpxtpx:TrackPointExtension>
						<gpxtpx:hr>119</gpxtpx:hr>
						<gpxtpx:atemp>29</gpxtpx:atemp>
					</gpxtpx:TrackPointExtension>
				</extensions>
			</trkpt>
			<trkpt lat="48.596787" lon="-2.164744">
				<ele>3.6</ele>
				<time>2024-08-18T11:24:29Z</time>
				<extensions>
					<gpxtpx:TrackPointExtension>
						<gpxtpx:hr>114</gpxtpx:hr>
						<gpxtpx:atemp>29</gpxtpx:atemp>
					</gpxtpx:TrackPointExtension>
				</extensions>
			</trkpt>
			<trkpt lat="48.596766" lon="-2.164778">
				<ele>3.6</ele>
				<time>2024-08-18T11:24:32Z</time>
				<extensions>
					<gpxtpx:TrackPointExtension>
						<gpxtpx:hr>114</gpxtpx:hr>
						<gpxtpx:atemp>29</gpxtpx:atemp>
					</gpxtpx:TrackPointExtension>
				</extensions>
			</trkpt>
			<trkpt lat="48.596762" lon="-2.164783">
				<ele>3.4</ele>
				<time>2024-08-18T11:24:33Z</time>
				<extensions>
					<gpxtpx:TrackPointExtension>
						<gpxtpx:hr>115</gpxtpx:hr>
						<gpxtpx:atemp>29</gpxtpx:atemp>
					</gpxtpx:TrackPointExtension>
				</extensions>
			</trkpt>
			<trkpt lat="48.596744" lon="-2.164832">
				<ele>3.4</ele>
				<time>2024-08-18T11:24:37Z</time>
				<extensions>
					<gpxtpx:TrackPointExtension>
						<gpxtpx:hr>118</gpxtpx:hr>
						<gpxtpx:atemp>29</gpxtpx:atemp>
					</gpxtpx:TrackPointExtension>
				</extensions>
			</trkpt>
			<trkpt lat="48.596738" lon="-2.164844">
				<ele>3.4</ele>
				<time>2024-08-18T11:24:38Z</time>
				<extensions>
					<gpxtpx:TrackPointExtension>
						<gpxtpx:hr>118</gpxtpx:hr>
						<gpxtpx:atemp>29</gpxtpx:atemp>
					</gpxtpx:TrackPointExtension>
				</extensions>
			</trkpt>
			<trkpt lat="48.59671" lon="-2.164945">
				<ele>3.6</ele>
				<time>2024-08-18T11:24:45Z</time>
				<extensions>
					<gpxtpx:TrackPointExtension>
						<gpxtpx:hr>119</gpxtpx:hr>
						<gpxtpx:atemp>29</gpxtpx:atemp>
					</gpxtpx:TrackPointExtension>
				</extensions>
			</trkpt>
			<trkpt lat="48.59665" lon="-2.165107">
				<ele>3.4</ele>
				<time>2024-08-18T11:24:55Z</time>
				<extensions>
					<gpxtpx:TrackPointExtension>
						<gpxtpx:hr>115</gpxtpx:hr>
						<gpxtpx:atemp>30</gpxtpx:atemp>
					</gpxtpx:TrackPointExtension>
				</extensions>
			</trkpt>
			<trkpt lat="48.596579" lon="-2.165295">
				<ele>3</ele>
				<time>2024-08-18T11:25:06Z</time>
				<extensions>
					<gpxtpx:TrackPointExtension>
						<gpxtpx:hr>115</gpxtpx:hr>
						<gpxtpx:atemp>30</gpxtpx:atemp>
					</gpxtpx:TrackPointExtension>
				</extensions>
			</trkpt>
			<trkpt lat="48.596573" lon="-2.165312">
				<ele>3</ele>
				<time>2024-08-18T11:25:07Z</time>
				<extensions>
					<gpxtpx:TrackPointExtension>
						<gpxtpx:hr>115</gpxtpx:hr>
						<gpxtpx:atemp>30</gpxtpx:atemp>
					</gpxtpx:TrackPointExtension>
				</extensions>
			</trkpt>
			<trkpt lat="48.596489" lon="-2.165515">
				<ele>2.8</ele>
				<time>2024-08-18T11:25:19Z</time>
				<extensions>
					<gpxtpx:TrackPointExtension>
						<gpxtpx:hr>114</gpxtpx:hr>
						<gpxtpx:atemp>30</gpxtpx:atemp>
					</gpxtpx:TrackPointExtension>
				</extensions>
			</trkpt>
			<trkpt lat="48.596461" lon="-2.165669">
				<ele>3.4</ele>
				<time>2024-08-18T11:25:28Z</time>
				<extensions>
					<gpxtpx:TrackPointExtension>
						<gpxtpx:hr>113</gpxtpx:hr>
						<gpxtpx:atemp>30</gpxtpx:atemp>
					</gpxtpx:TrackPointExtension>
				</extensions>
			</trkpt>
			<trkpt lat="48.5964" lon="-2.165851">
				<ele>3.6</ele>
				<time>2024-08-18T11:25:39Z</time>
				<extensions>
					<gpxtpx:TrackPointExtension>
						<gpxtpx:hr>115</gpxtpx:hr>
						<gpxtpx:atemp>30</gpxtpx:atemp>
					</gpxtpx:TrackPointExtension>
				</extensions>
			</trkpt>
			<trkpt lat="48.596334" lon="-2.166024">
				<ele>3.8</ele>
				<time>2024-08-18T11:25:51Z</time>
				<extensions>
					<gpxtpx:TrackPointExtension>
						<gpxtpx:hr>113</gpxtpx:hr>
						<gpxtpx:atemp>30</gpxtpx:atemp>
					</gpxtpx:TrackPointExtension>
				</extensions>
			</trkpt>
			<trkpt lat="48.596332" lon="-2.166035">
				<ele>3.8</ele>
				<time>2024-08-18T11:25:57Z</time>
				<extensions>
					<gpxtpx:TrackPointExtension>
						<gpxtpx:hr>114</gpxtpx:hr>
						<gpxtpx:atemp>30</gpxtpx:atemp>
					</gpxtpx:TrackPointExtension>
				</extensions>
			</trkpt>
			<trkpt lat="48.59632" lon="-2.166071">
				<ele>3.6</ele>
				<time>2024-08-18T11:26:03Z</time>
				<extensions>
					<gpxtpx:TrackPointExtension>
						<gpxtpx:hr>117</gpxtpx:hr>
						<gpxtpx:atemp>30</gpxtpx:atemp>
					</gpxtpx:TrackPointExtension>
				</extensions>
			</trkpt>
			<trkpt lat="48.596314" lon="-2.166087">
				<ele>3.6</ele>
				<time>2024-08-18T11:26:04Z</time>
				<extensions>
					<gpxtpx:TrackPointExtension>
						<gpxtpx:hr>119</gpxtpx:hr>
						<gpxtpx:atemp>30</gpxtpx:atemp>
					</gpxtpx:TrackPointExtension>
				</extensions>
			</trkpt>
			<trkpt lat="48.596276" lon="-2.166178">
				<ele>3.6</ele>
				<time>2024-08-18T11:26:10Z</time>
				<extensions>
					<gpxtpx:TrackPointExtension>
						<gpxtpx:hr>122</gpxtpx:hr>
						<gpxtpx:atemp>30</gpxtpx:atemp>
					</gpxtpx:TrackPointExtension>
				</extensions>
			</trkpt>
			<trkpt lat="48.596247" lon="-2.166223">
				<ele>3.8</ele>
				<time>2024-08-18T11:26:13Z</time>
				<extensions>
					<gpxtpx:TrackPointExtension>
						<gpxtpx:hr>120</gpxtpx:hr>
						<gpxtpx:atemp>30</gpxtpx:atemp>
					</gpxtpx:TrackPointExtension>
				</extensions>
			</trkpt>
			<trkpt lat="48.59622" lon="-2.166288">
				<ele>4</ele>
				<time>2024-08-18T11:26:17Z</time>
				<extensions>
					<gpxtpx:TrackPointExtension>
						<gpxtpx:hr>116</gpxtpx:hr>
						<gpxtpx:atemp>30</gpxtpx:atemp>
					</gpxtpx:TrackPointExtension>
				</extensions>
			</trkpt>
			<trkpt lat="48.596197" lon="-2.166332">
				<ele>4</ele>
				<time>2024-08-18T11:26:20Z</time>
				<extensions>
					<gpxtpx:TrackPointExtension>
						<gpxtpx:hr>115</gpxtpx:hr>
						<gpxtpx:atemp>30</gpxtpx:atemp>
					</gpxtpx:TrackPointExtension>
				</extensions>
			</trkpt>
			<trkpt lat="48.596137" lon="-2.166457">
				<ele>4.4</ele>
				<time>2024-08-18T11:26:28Z</time>
				<extensions>
					<gpxtpx:TrackPointExtension>
						<gpxtpx:hr>112</gpxtpx:hr>
						<gpxtpx:atemp>30</gpxtpx:atemp>
					</gpxtpx:TrackPointExtension>
				</extensions>
			</trkpt>
			<trkpt lat="48.596114" lon="-2.166506">
				<ele>4.6</ele>
				<time>2024-08-18T11:26:31Z</time>
				<extensions>
					<gpxtpx:TrackPointExtension>
						<gpxtpx:hr>109</gpxtpx:hr>
						<gpxtpx:atemp>30</gpxtpx:atemp>
					</gpxtpx:TrackPointExtension>
				</extensions>
			</trkpt>
			<trkpt lat="48.596066" lon="-2.166602">
				<ele>4.6</ele>
				<time>2024-08-18T11:26:37Z</time>
				<extensions>
					<gpxtpx:TrackPointExtension>
						<gpxtpx:hr>111</gpxtpx:hr>
						<gpxtpx:atemp>30</gpxtpx:atemp>
					</gpxtpx:TrackPointExtension>
				</extensions>
			</trkpt>
			<trkpt lat="48.595981" lon="-2.16673">
				<ele>4.4</ele>
				<time>2024-08-18T11:26:46Z</time>
				<extensions>
					<gpxtpx:TrackPointExtension>
						<gpxtpx:hr>112</gpxtpx:hr>
						<gpxtpx:atemp>30</gpxtpx:atemp>
					</gpxtpx:TrackPointExtension>
				</extensions>
			</trkpt>
			<trkpt lat="48.595908" lon="-2.166789">
				<ele>4.2</ele>
				<time>2024-08-18T11:26:53Z</time>
				<extensions>
					<gpxtpx:TrackPointExtension>
						<gpxtpx:hr>112</gpxtpx:hr>
						<gpxtpx:atemp>30</gpxtpx:atemp>
					</gpxtpx:TrackPointExtension>
				</extensions>
			</trkpt>
			<trkpt lat="48.595803" lon="-2.166904">
				<ele>4</ele>
				<time>2024-08-18T11:27:02Z</time>
				<extensions>
					<gpxtpx:TrackPointExtension>
						<gpxtpx:hr>114</gpxtpx:hr>
						<gpxtpx:atemp>30</gpxtpx:atemp>
					</gpxtpx:TrackPointExtension>
				</extensions>
			</trkpt>
			<trkpt lat="48.595743" lon="-2.166972">
				<ele>3.8</ele>
				<time>2024-08-18T11:27:09Z</time>
				<extensions>
					<gpxtpx:TrackPointExtension>
						<gpxtpx:hr>114</gpxtpx:hr>
						<gpxtpx:atemp>30</gpxtpx:atemp>
					</gpxtpx:TrackPointExtension>
				</extensions>
			</trkpt>
			<trkpt lat="48.595706" lon="-2.167">
				<ele>3.6</ele>
				<time>2024-08-18T11:27:12Z</time>
				<extensions>
					<gpxtpx:TrackPointExtension>
						<gpxtpx:hr>111</gpxtpx:hr>
						<gpxtpx:atemp>30</gpxtpx:atemp>
					</gpxtpx:TrackPointExtension>
				</extensions>
			</trkpt>
			<trkpt lat="48.595675" lon="-2.167032">
				<ele>3.6</ele>
				<time>2024-08-18T11:27:16Z</time>
				<extensions>
					<gpxtpx:TrackPointExtension>
						<gpxtpx:hr>108</gpxtpx:hr>
						<gpxtpx:atemp>30</gpxtpx:atemp>
					</gpxtpx:TrackPointExtension>
				</extensions>
			</trkpt>
			<trkpt lat="48.595664" lon="-2.167039">
				<ele>3.6</ele>
				<time>2024-08-18T11:27:18Z</time>
				<extensions>
					<gpxtpx:TrackPointExtension>
						<gpxtpx:hr>108</gpxtpx:hr>
						<gpxtpx:atemp>30</gpxtpx:atemp>
					</gpxtpx:TrackPointExtension>
				</extensions>
			</trkpt>
			<trkpt lat="48.595547" lon="-2.167127">
				<ele>3.6</ele>
				<time>2024-08-18T11:27:27Z</time>
				<extensions>
					<gpxtpx:TrackPointExtension>
						<gpxtpx:hr>110</gpxtpx:hr>
						<gpxtpx:atemp>30</gpxtpx:atemp>
					</gpxtpx:TrackPointExtension>
				</extensions>
			</trkpt>
			<trkpt lat="48.595536" lon="-2.167132">
				<ele>3.6</ele>
				<time>2024-08-18T11:27:28Z</time>
				<extensions>
					<gpxtpx:TrackPointExtension>
						<gpxtpx:hr>109</gpxtpx:hr>
						<gpxtpx:atemp>30</gpxtpx:atemp>
					</gpxtpx:TrackPointExtension>
				</extensions>
			</trkpt>
			<trkpt lat="48.595449" lon="-2.167183">
				<ele>3.6</ele>
				<time>2024-08-18T11:27:35Z</time>
				<extensions>
					<gpxtpx:TrackPointExtension>
						<gpxtpx:hr>109</gpxtpx:hr>
						<gpxtpx:atemp>30</gpxtpx:atemp>
					</gpxtpx:TrackPointExtension>
				</extensions>
			</trkpt>
			<trkpt lat="48.595375" lon="-2.167252">
				<ele>3.4</ele>
				<time>2024-08-18T11:27:41Z</time>
				<extensions>
					<gpxtpx:TrackPointExtension>
						<gpxtpx:hr>112</gpxtpx:hr>
						<gpxtpx:atemp>30</gpxtpx:atemp>
					</gpxtpx:TrackPointExtension>
				</extensions>
			</trkpt>
			<trkpt lat="48.595336" lon="-2.167277">
				<ele>3.6</ele>
				<time>2024-08-18T11:27:44Z</time>
				<extensions>
					<gpxtpx:TrackPointExtension>
						<gpxtpx:hr>113</gpxtpx:hr>
						<gpxtpx:atemp>30</gpxtpx:atemp>
					</gpxtpx:TrackPointExtension>
				</extensions>
			</trkpt>
			<trkpt lat="48.595299" lon="-2.167303">
				<ele>3.6</ele>
				<time>2024-08-18T11:27:47Z</time>
				<extensions>
					<gpxtpx:TrackPointExtension>
						<gpxtpx:hr>114</gpxtpx:hr>
						<gpxtpx:atemp>30</gpxtpx:atemp>
					</gpxtpx:TrackPointExtension>
				</extensions>
			</trkpt>
			<trkpt lat="48.595253" lon="-2.167331">
				<ele>3.4</ele>
				<time>2024-08-18T11:27:51Z</time>
				<extensions>
					<gpxtpx:TrackPointExtension>
						<gpxtpx:hr>114</gpxtpx:hr>
						<gpxtpx:atemp>30</gpxtpx:atemp>
					</gpxtpx:TrackPointExtension>
				</extensions>
			</trkpt>
			<trkpt lat="48.595151" lon="-2.167416">
				<ele>3.4</ele>
				<time>2024-08-18T11:28:00Z</time>
				<extensions>
					<gpxtpx:TrackPointExtension>
						<gpxtpx:hr>113</gpxtpx:hr>
						<gpxtpx:atemp>30</gpxtpx:atemp>
					</gpxtpx:TrackPointExtension>
				</extensions>
			</trkpt>
			<trkpt lat="48.595127" lon="-2.167431">
				<ele>3.4</ele>
				<time>2024-08-18T11:28:02Z</time>
				<extensions>
					<gpxtpx:TrackPointExtension>
						<gpxtpx:hr>112</gpxtpx:hr>
						<gpxtpx:atemp>30</gpxtpx:atemp>
					</gpxtpx:TrackPointExtension>
				</extensions>
			</trkpt>
			<trkpt lat="48.595106" lon="-2.167451">
				<ele>3.4</ele>
				<time>2024-08-18T11:28:04Z</time>
				<extensions>
					<gpxtpx:TrackPointExtension>
						<gpxtpx:hr>113</gpxtpx:hr>
						<gpxtpx:atemp>30</gpxtpx:atemp>
					</gpxtpx:TrackPointExtension>
				</extensions>
			</trkpt>
			<trkpt lat="48.595051" lon="-2.167505">
				<ele>3.6</ele>
				<time>2024-08-18T11:28:09Z</time>
				<extensions>
					<gpxtpx:TrackPointExtension>
						<gpxtpx:hr>113</gpxtpx:hr>
						<gpxtpx:atemp>30</gpxtpx:atemp>
					</gpxtpx:TrackPointExtension>
				</extensions>
			</trkpt>
			<trkpt lat="48.594989" lon="-2.167545">
				<ele>3.4</ele>
				<time>2024-08-18T11:28:14Z</time>
				<extensions>
					<gpxtpx:TrackPointExtension>
						<gpxtpx:hr>116</gpxtpx:hr>
						<gpxtpx:atemp>30</gpxtpx:atemp>
					</gpxtpx:TrackPointExtension>
				</extensions>
			</trkpt>
			<trkpt lat="48.594963" lon="-2.167565">
				<ele>3.4</ele>
				<time>2024-08-18T11:28:17Z</time>
				<extensions>
					<gpxtpx:TrackPointExtension>
						<gpxtpx:hr>117</gpxtpx:hr>
						<gpxtpx:atemp>30</gpxtpx:atemp>
					</gpxtpx:TrackPointExtension>
				</extensions>
			</trkpt>
			<trkpt lat="48.594853" lon="-2.167634">
				<ele>3.2</ele>
				<time>2024-08-18T11:28:26Z</time>
				<extensions>
					<gpxtpx:TrackPointExtension>
						<gpxtpx:hr>116</gpxtpx:hr>
						<gpxtpx:atemp>30</gpxtpx:atemp>
					</gpxtpx:TrackPointExtension>
				</extensions>
			</trkpt>
			<trkpt lat="48.594762" lon="-2.167721">
				<ele>3</ele>
				<time>2024-08-18T11:28:35Z</time>
				<extensions>
					<gpxtpx:TrackPointExtension>
						<gpxtpx:hr>116</gpxtpx:hr>
						<gpxtpx:atemp>30</gpxtpx:atemp>
					</gpxtpx:TrackPointExtension>
				</extensions>
			</trkpt>
			<trkpt lat="48.594712" lon="-2.167767">
				<ele>3.2</ele>
				<time>2024-08-18T11:28:40Z</time>
				<extensions>
					<gpxtpx:TrackPointExtension>
						<gpxtpx:hr>116</gpxtpx:hr>
						<gpxtpx:atemp>30</gpxtpx:atemp>
					</gpxtpx:TrackPointExtension>
				</extensions>
			</trkpt>
			<trkpt lat="48.594647" lon="-2.1678">
				<ele>3.2</ele>
				<time>2024-08-18T11:28:45Z</time>
				<extensions>
					<gpxtpx:TrackPointExtension>
						<gpxtpx:hr>115</gpxtpx:hr>
						<gpxtpx:atemp>30</gpxtpx:atemp>
					</gpxtpx:TrackPointExtension>
				</extensions>
			</trkpt>
			<trkpt lat="48.594501" lon="-2.167852">
				<ele>3.6</ele>
				<time>2024-08-18T11:28:57Z</time>
				<extensions>
					<gpxtpx:TrackPointExtension>
						<gpxtpx:hr>115</gpxtpx:hr>
						<gpxtpx:atemp>30</gpxtpx:atemp>
					</gpxtpx:TrackPointExtension>
				</extensions>
			</trkpt>
			<trkpt lat="48.594429" lon="-2.16788">
				<ele>3.6</ele>
				<time>2024-08-18T11:29:03Z</time>
				<extensions>
					<gpxtpx:TrackPointExtension>
						<gpxtpx:hr>114</gpxtpx:hr>
						<gpxtpx:atemp>30</gpxtpx:atemp>
					</gpxtpx:TrackPointExtension>
				</extensions>
			</trkpt>
			<trkpt lat="48.594404" lon="-2.167887">
				<ele>3.6</ele>
				<time>2024-08-18T11:29:05Z</time>
				<extensions>
					<gpxtpx:TrackPointExtension>
						<gpxtpx:hr>114</gpxtpx:hr>
						<gpxtpx:atemp>30</gpxtpx:atemp>
					</gpxtpx:TrackPointExtension>
				</extensions>
			</trkpt>
			<trkpt lat="48.594288" lon="-2.16792">
				<ele>4.2</ele>
				<time>2024-08-18T11:29:14Z</time>
				<extensions>
					<gpxtpx:TrackPointExtension>
						<gpxtpx:hr>115</gpxtpx:hr>
						<gpxtpx:atemp>30</gpxtpx:atemp>
					</gpxtpx:TrackPointExtension>
				</extensions>
			</trkpt>
			<trkpt lat="48.594152" lon="-2.16798">
				<ele>4.2</ele>
				<time>2024-08-18T11:29:25Z</time>
				<extensions>
					<gpxtpx:TrackPointExtension>
						<gpxtpx:hr>116</gpxtpx:hr>
						<gpxtpx:atemp>30</gpxtpx:atemp>
					</gpxtpx:TrackPointExtension>
				</extensions>
			</trkpt>
			<trkpt lat="48.593987" lon="-2.168031">
				<ele>4.2</ele>
				<time>2024-08-18T11:29:38Z</time>
				<extensions>
					<gpxtpx:TrackPointExtension>
						<gpxtpx:hr>118</gpxtpx:hr>
						<gpxtpx:atemp>30</gpxtpx:atemp>
					</gpxtpx:TrackPointExtension>
				</extensions>
			</trkpt>
			<trkpt lat="48.593896" lon="-2.168067">
				<ele>4.6</ele>
				<time>2024-08-18T11:29:46Z</time>
				<extensions>
					<gpxtpx:TrackPointExtension>
						<gpxtpx:hr>117</gpxtpx:hr>
						<gpxtpx:atemp>30</gpxtpx:atemp>
					</gpxtpx:TrackPointExtension>
				</extensions>
			</trkpt>
			<trkpt lat="48.593856" lon="-2.168089">
				<ele>4.6</ele>
				<time>2024-08-18T11:29:49Z</time>
				<extensions>
					<gpxtpx:TrackPointExtension>
						<gpxtpx:hr>114</gpxtpx:hr>
						<gpxtpx:atemp>30</gpxtpx:atemp>
					</gpxtpx:TrackPointExtension>
				</extensions>
			</trkpt>
			<trkpt lat="48.593744" lon="-2.168139">
				<ele>4.6</ele>
				<time>2024-08-18T11:29:58Z</time>
				<extensions>
					<gpxtpx:TrackPointExtension>
						<gpxtpx:hr>114</gpxtpx:hr>
						<gpxtpx:atemp>30</gpxtpx:atemp>
					</gpxtpx:TrackPointExtension>
				</extensions>
			</trkpt>
			<trkpt lat="48.593645" lon="-2.16817">
				<ele>4.6</ele>
				<time>2024-08-18T11:30:06Z</time>
				<extensions>
					<gpxtpx:TrackPointExtension>
						<gpxtpx:hr>114</gpxtpx:hr>
						<gpxtpx:atemp>30</gpxtpx:atemp>
					</gpxtpx:TrackPointExtension>
				</extensions>
			</trkpt>
			<trkpt lat="48.593571" lon="-2.168193">
				<ele>4.4</ele>
				<time>2024-08-18T11:30:13Z</time>
				<extensions>
					<gpxtpx:TrackPointExtension>
						<gpxtpx:hr>114</gpxtpx:hr>
						<gpxtpx:atemp>31</gpxtpx:atemp>
					</gpxtpx:TrackPointExtension>
				</extensions>
			</trkpt>
			<trkpt lat="48.593565" lon="-2.168183">
				<ele>4.4</ele>
				<time>2024-08-18T11:30:14Z</time>
				<extensions>
					<gpxtpx:TrackPointExtension>
						<gpxtpx:hr>114</gpxtpx:hr>
						<gpxtpx:atemp>31</gpxtpx:atemp>
					</gpxtpx:TrackPointExtension>
				</extensions>
			</trkpt>
			<trkpt lat="48.593566" lon="-2.168171">
				<ele>4.4</ele>
				<time>2024-08-18T11:30:15Z</time>
				<extensions>
					<gpxtpx:TrackPointExtension>
						<gpxtpx:hr>114</gpxtpx:hr>
						<gpxtpx:atemp>31</gpxtpx:atemp>
					</gpxtpx:TrackPointExtension>
				</extensions>
			</trkpt>
			<trkpt lat="48.593567" lon="-2.168144">
				<ele>4.2</ele>
				<time>2024-08-18T11:30:19Z</time>
				<extensions>
					<gpxtpx:TrackPointExtension>
						<gpxtpx:hr>114</gpxtpx:hr>
						<gpxtpx:atemp>31</gpxtpx:atemp>
					</gpxtpx:TrackPointExtension>
				</extensions>
			</trkpt>
			<trkpt lat="48.593577" lon="-2.168028">
				<ele>4</ele>
				<time>2024-08-18T11:30:26Z</time>
				<extensions>
					<gpxtpx:TrackPointExtension>
						<gpxtpx:hr>117</gpxtpx:hr>
						<gpxtpx:atemp>31</gpxtpx:atemp>
					</gpxtpx:TrackPointExtension>
				</extensions>
			</trkpt>
			<trkpt lat="48.59358" lon="-2.168008">
				<ele>4</ele>
				<time>2024-08-18T11:30:27Z</time>
				<extensions>
					<gpxtpx:TrackPointExtension>
						<gpxtpx:hr>117</gpxtpx:hr>
						<gpxtpx:atemp>31</gpxtpx:atemp>
					</gpxtpx:TrackPointExtension>
				</extensions>
			</trkpt>
			<trkpt lat="48.593592" lon="-2.16795">
				<ele>3.8</ele>
				<time>2024-08-18T11:30:30Z</time>
				<extensions>
					<gpxtpx:TrackPointExtension>
						<gpxtpx:hr>115</gpxtpx:hr>
						<gpxtpx:atemp>31</gpxtpx:atemp>
					</gpxtpx:TrackPointExtension>
				</extensions>
			</trkpt>
			<trkpt lat="48.593635" lon="-2.167847">
				<ele>3.4</ele>
				<time>2024-08-18T11:30:36Z</time>
				<extensions>
					<gpxtpx:TrackPointExtension>
						<gpxtpx:hr>115</gpxtpx:hr>
						<gpxtpx:atemp>31</gpxtpx:atemp>
					</gpxtpx:TrackPointExtension>
				</extensions>
			</trkpt>
			<trkpt lat="48.593667" lon="-2.167787">
				<ele>3.4</ele>
				<time>2024-08-18T11:30:40Z</time>
				<extensions>
					<gpxtpx:TrackPointExtension>
						<gpxtpx:hr>111</gpxtpx:hr>
						<gpxtpx:atemp>31</gpxtpx:atemp>
					</gpxtpx:TrackPointExtension>
				</extensions>
			</trkpt>
			<trkpt lat="48.593694" lon="-2.16773">
				<ele>3.4</ele>
				<time>2024-08-18T11:30:44Z</time>
				<extensions>
					<gpxtpx:TrackPointExtension>
						<gpxtpx:hr>112</gpxtpx:hr>
						<gpxtpx:atemp>31</gpxtpx:atemp>
					</gpxtpx:TrackPointExtension>
				</extensions>
			</trkpt>
			<trkpt lat="48.593736" lon="-2.167588">
				<ele>3.6</ele>
				<time>2024-08-18T11:30:53Z</time>
				<extensions>
					<gpxtpx:TrackPointExtension>
						<gpxtpx:hr>112</gpxtpx:hr>
						<gpxtpx:atemp>31</gpxtpx:atemp>
					</gpxtpx:TrackPointExtension>
				</extensions>
			</trkpt>
			<trkpt lat="48.593762" lon="-2.167459">
				<ele>3.6</ele>
				<time>2024-08-18T11:31:01Z</time>
				<extensions>
					<gpxtpx:TrackPointExtension>
						<gpxtpx:hr>111</gpxtpx:hr>
						<gpxtpx:atemp>31</gpxtpx:atemp>
					</gpxtpx:TrackPointExtension>
				</extensions>
			</trkpt>
			<trkpt lat="48.593784" lon="-2.167198">
				<ele>3.8</ele>
				<time>2024-08-18T11:31:14Z</time>
				<extensions>
					<gpxtpx:TrackPointExtension>
						<gpxtpx:hr>113</gpxtpx:hr>
						<gpxtpx:atemp>31</gpxtpx:atemp>
					</gpxtpx:TrackPointExtension>
				</extensions>
			</trkpt>
			<trkpt lat="48.593771" lon="-2.167099">
				<ele>4</ele>
				<time>2024-08-18T11:31:19Z</time>
				<extensions>
					<gpxtpx:TrackPointExtension>
						<gpxtpx:hr>116</gpxtpx:hr>
						<gpxtpx:atemp>31</gpxtpx:atemp>
					</gpxtpx:TrackPointExtension>
				</extensions>
			</trkpt>
			<trkpt lat="48.593758" lon="-2.16705">
				<ele>3.8</ele>
				<time>2024-08-18T11:31:22Z</time>
				<extensions>
					<gpxtpx:TrackPointExtension>
						<gpxtpx:hr>116</gpxtpx:hr>
						<gpxtpx:atemp>31</gpxtpx:atemp>
					</gpxtpx:TrackPointExtension>
				</extensions>
			</trkpt>
			<trkpt lat="48.593746" lon="-2.16702">
				<ele>3.8</ele>
				<time>2024-08-18T11:31:24Z</time>
				<extensions>
					<gpxtpx:TrackPointExtension>
						<gpxtpx:hr>116</gpxtpx:hr>
						<gpxtpx:atemp>31</gpxtpx:atemp>
					</gpxtpx:TrackPointExtension>
				</extensions>
			</trkpt>
			<trkpt lat="48.593691" lon="-2.166842">
				<ele>3.6</ele>
				<time>2024-08-18T11:31:34Z</time>
				<extensions>
					<gpxtpx:TrackPointExtension>
						<gpxtpx:hr>116</gpxtpx:hr>
						<gpxtpx:atemp>31</gpxtpx:atemp>
					</gpxtpx:TrackPointExtension>
				</extensions>
			</trkpt>
			<trkpt lat="48.593631" lon="-2.166691">
				<ele>3.6</ele>
				<time>2024-08-18T11:31:44Z</time>
				<extensions>
					<gpxtpx:TrackPointExtension>
						<gpxtpx:hr>118</gpxtpx:hr>
						<gpxtpx:atemp>31</gpxtpx:atemp>
					</gpxtpx:TrackPointExtension>
				</extensions>
			</trkpt>
			<trkpt lat="48.593583" lon="-2.16655">
				<ele>4.4</ele>
				<time>2024-08-18T11:31:55Z</time>
				<extensions>
					<gpxtpx:TrackPointExtension>
						<gpxtpx:hr>118</gpxtpx:hr>
						<gpxtpx:atemp>32</gpxtpx:atemp>
					</gpxtpx:TrackPointExtension>
				</extensions>
			</trkpt>
			<trkpt lat="48.593579" lon="-2.166536">
				<ele>4.4</ele>
				<time>2024-08-18T11:31:56Z</time>
				<extensions>
					<gpxtpx:TrackPointExtension>
						<gpxtpx:hr>121</gpxtpx:hr>
						<gpxtpx:atemp>32</gpxtpx:atemp>
					</gpxtpx:TrackPointExtension>
				</extensions>
			</trkpt>
			<trkpt lat="48.593562" lon="-2.166481">
				<ele>4.6</ele>
				<time>2024-08-18T11:32:00Z</time>
				<extensions>
					<gpxtpx:TrackPointExtension>
						<gpxtpx:hr>124</gpxtpx:hr>
						<gpxtpx:atemp>32</gpxtpx:atemp>
					</gpxtpx:TrackPointExtension>
				</extensions>
			</trkpt>
			<trkpt lat="48.593542" lon="-2.166377">
				<ele>4.4</ele>
				<time>2024-08-18T11:32:06Z</time>
				<extensions>
					<gpxtpx:TrackPointExtension>
						<gpxtpx:hr>125</gpxtpx:hr>
						<gpxtpx:atemp>32</gpxtpx:atemp>
					</gpxtpx:TrackPointExtension>
				</extensions>
			</trkpt>
			<trkpt lat="48.59354" lon="-2.16628">
				<ele>4.6</ele>
				<time>2024-08-18T11:32:12Z</time>
				<extensions>
					<gpxtpx:TrackPointExtension>
						<gpxtpx:hr>126</gpxtpx:hr>
						<gpxtpx:atemp>32</gpxtpx:atemp>
					</gpxtpx:TrackPointExtension>
				</extensions>
			</trkpt>
			<trkpt lat="48.59354" lon="-2.166174">
				<ele>4.6</ele>
				<time>2024-08-18T11:32:18Z</time>
				<extensions>
					<gpxtpx:TrackPointExtension>
						<gpxtpx:hr>124</gpxtpx:hr>
						<gpxtpx:atemp>32</gpxtpx:atemp>
					</gpxtpx:TrackPointExtension>
				</extensions>
			</trkpt>
			<trkpt lat="48.593565" lon="-2.165983">
				<ele>4.4</ele>
				<time>2024-08-18T11:32:28Z</time>
				<extensions>
					<gpxtpx:TrackPointExtension>
						<gpxtpx:hr>125</gpxtpx:hr>
						<gpxtpx:atemp>32</gpxtpx:atemp>
					</gpxtpx:TrackPointExtension>
				</extensions>
			</trkpt>
			<trkpt lat="48.593582" lon="-2.165931">
				<ele>4.4</ele>
				<time>2024-08-18T11:32:32Z</time>
				<extensions>
					<gpxtpx:TrackPointExtension>
						<gpxtpx:hr>126</gpxtpx:hr>
						<gpxtpx:atemp>32</gpxtpx:atemp>
					</gpxtpx:TrackPointExtension>
				</extensions>
			</trkpt>
			<trkpt lat="48.593584" lon="-2.165901">
				<ele>4.4</ele>
				<time>2024-08-18T11:32:35Z</time>
				<extensions>
					<gpxtpx:TrackPointExtension>
						<gpxtpx:hr>126</gpxtpx:hr>
						<gpxtpx:atemp>32</gpxtpx:atemp>
					</gpxtpx:TrackPointExtension>
				</extensions>
			</trkpt>
			<trkpt lat="48.593614" lon="-2.165796">
				<ele>4.2</ele>
				<time>2024-08-18T11:32:41Z</time>
				<extensions>
					<gpxtpx:TrackPointExtension>
						<gpxtpx:hr>125</gpxtpx:hr>
						<gpxtpx:atemp>32</gpxtpx:atemp>
					</gpxtpx:TrackPointExtension>
				</extensions>
			</trkpt>
			<trkpt lat="48.59363" lon="-2.165765">
				<ele>4.2</ele>
				<time>2024-08-18T11:32:44Z</time>
				<extensions>
					<gpxtpx:TrackPointExtension>
						<gpxtpx:hr>125</gpxtpx:hr>
						<gpxtpx:atemp>32</gpxtpx:atemp>
					</gpxtpx:TrackPointExtension>
				</extensions>
			</trkpt>
			<trkpt lat="48.59366" lon="-2.165623">
				<ele>4.2</ele>
				<time>2024-08-18T11:32:53Z</time>
				<extensions>
					<gpxtpx:TrackPointExtension>
						<gpxtpx:hr>125</gpxtpx:hr>
						<gpxtpx:atemp>33</gpxtpx:atemp>
					</gpxtpx:TrackPointExtension>
				</extensions>
			</trkpt>
			<trkpt lat="48.593672" lon="-2.165579">
				<ele>4.2</ele>
				<time>2024-08-18T11:32:56Z</time>
				<extensions>
					<gpxtpx:TrackPointExtension>
						<gpxtpx:hr>120</gpxtpx:hr>
						<gpxtpx:atemp>33</gpxtpx:atemp>
					</gpxtpx:TrackPointExtension>
				</extensions>
			</trkpt>
			<trkpt lat="48.593693" lon="-2.165517">
				<ele>4.2</ele>
				<time>2024-08-18T11:33:00Z</time>
				<extensions>
					<gpxtpx:TrackPointExtension>
						<gpxtpx:hr>117</gpxtpx:hr>
						<gpxtpx:atemp>33</gpxtpx:atemp>
					</gpxtpx:TrackPointExtension>
				</extensions>
			</trkpt>
			<trkpt lat="48.593701" lon="-2.165471">
				<ele>4.4</ele>
				<time>2024-08-18T11:33:03Z</time>
				<extensions>
					<gpxtpx:TrackPointExtension>
						<gpxtpx:hr>117</gpxtpx:hr>
						<gpxtpx:atemp>33</gpxtpx:atemp>
					</gpxtpx:TrackPointExtension>
				</extensions>
			</trkpt>
			<trkpt lat="48.593713" lon="-2.165425">
				<ele>4.6</ele>
				<time>2024-08-18T11:33:06Z</time>
				<extensions>
					<gpxtpx:TrackPointExtension>
						<gpxtpx:hr>117</gpxtpx:hr>
						<gpxtpx:atemp>33</gpxtpx:atemp>
					</gpxtpx:TrackPointExtension>
				</extensions>
			</trkpt>
			<trkpt lat="48.593715" lon="-2.165265">
				<ele>4.8</ele>
				<time>2024-08-18T11:33:16Z</time>
				<extensions>
					<gpxtpx:TrackPointExtension>
						<gpxtpx:hr>117</gpxtpx:hr>
						<gpxtpx:atemp>33</gpxtpx:atemp>
					</gpxtpx:TrackPointExtension>
				</extensions>
			</trkpt>
			<trkpt lat="48.593623" lon="-2.165129">
				<ele>4.6</ele>
				<time>2024-08-18T11:33:26Z</time>
				<extensions>
					<gpxtpx:TrackPointExtension>
						<gpxtpx:hr>118</gpxtpx:hr>
						<gpxtpx:atemp>33</gpxtpx:atemp>
					</gpxtpx:TrackPointExtension>
				</extensions>
			</trkpt>
			<trkpt lat="48.593543" lon="-2.16503">
				<ele>4.4</ele>
				<time>2024-08-18T11:33:35Z</time>
				<extensions>
					<gpxtpx:TrackPointExtension>
						<gpxtpx:hr>118</gpxtpx:hr>
						<gpxtpx:atemp>33</gpxtpx:atemp>
					</gpxtpx:TrackPointExtension>
				</extensions>
			</trkpt>
			<trkpt lat="48.593537" lon="-2.165008">
				<ele>4.6</ele>
				<time>2024-08-18T11:33:40Z</time>
				<extensions>
					<gpxtpx:TrackPointExtension>
						<gpxtpx:hr>117</gpxtpx:hr>
						<gpxtpx:atemp>33</gpxtpx:atemp>
					</gpxtpx:TrackPointExtension>
				</extensions>
			</trkpt>
			<trkpt lat="48.593538" lon="-2.165003">
				<ele>4.6</ele>
				<time>2024-08-18T11:33:48Z</time>
				<extensions>
					<gpxtpx:TrackPointExtension>
						<gpxtpx:hr>121</gpxtpx:hr>
						<gpxtpx:atemp>33</gpxtpx:atemp>
					</gpxtpx:TrackPointExtension>
				</extensions>
			</trkpt>
			<trkpt lat="48.593538" lon="-2.165003">
				<ele>4.6</ele>
				<time>2024-08-18T11:33:49Z</time>
				<extensions>
					<gpxtpx:TrackPointExtension>
						<gpxtpx:hr>123</gpxtpx:hr>
						<gpxtpx:atemp>33</gpxtpx:atemp>
					</gpxtpx:TrackPointExtension>
				</extensions>
			</trkpt>
			<trkpt lat="48.593538" lon="-2.165003">
				<ele>4.6</ele>
				<time>2024-08-18T11:33:51Z</time>
				<extensions>
					<gpxtpx:TrackPointExtension>
						<gpxtpx:hr>122</gpxtpx:hr>
						<gpxtpx:atemp>33</gpxtpx:atemp>
					</gpxtpx:TrackPointExtension>
				</extensions>
			</trkpt>
			<trkpt lat="48.593538" lon="-2.165003">
				<ele>5</ele>
				<time>2024-08-18T11:33:54Z</time>
				<extensions>
					<gpxtpx:TrackPointExtension>
						<gpxtpx:hr>125</gpxtpx:hr>
						<gpxtpx:atemp>33</gpxtpx:atemp>
					</gpxtpx:TrackPointExtension>
				</extensions>
			</trkpt>
			<trkpt lat="48.593538" lon="-2.165003">
				<ele>5</ele>
				<time>2024-08-18T11:33:56Z</time>
				<extensions>
					<gpxtpx:TrackPointExtension>
						<gpxtpx:hr>128</gpxtpx:hr>
						<gpxtpx:atemp>33</gpxtpx:atemp>
					</gpxtpx:TrackPointExtension>
				</extensions>
			</trkpt>
			<trkpt lat="48.593538" lon="-2.165003">
				<ele>4.8</ele>
				<time>2024-08-18T11:33:58Z</time>
				<extensions>
					<gpxtpx:TrackPointExtension>
						<gpxtpx:hr>131</gpxtpx:hr>
						<gpxtpx:atemp>33</gpxtpx:atemp>
					</gpxtpx:TrackPointExtension>
				</extensions>
			</trkpt>
			<trkpt lat="48.593488" lon="-2.16494">
				<ele>4.6</ele>
				<time>2024-08-18T11:34:03Z</time>
				<extensions>
					<gpxtpx:TrackPointExtension>
						<gpxtpx:hr>130</gpxtpx:hr>
						<gpxtpx:atemp>33</gpxtpx:atemp>
					</gpxtpx:TrackPointExtension>
				</extensions>
			</trkpt>
			<trkpt lat="48.59344" lon="-2.164875">
				<ele>4.8</ele>
				<time>2024-08-18T11:34:07Z</time>
				<extensions>
					<gpxtpx:TrackPointExtension>
						<gpxtpx:hr>126</gpxtpx:hr>
						<gpxtpx:atemp>33</gpxtpx:atemp>
					</gpxtpx:TrackPointExtension>
				</extensions>
			</trkpt>
			<trkpt lat="48.593423" lon="-2.164842">
				<ele>4.8</ele>
				<time>2024-08-18T11:34:09Z</time>
				<extensions>
					<gpxtpx:TrackPointExtension>
						<gpxtpx:hr>121</gpxtpx:hr>
						<gpxtpx:atemp>33</gpxtpx:atemp>
					</gpxtpx:TrackPointExtension>
				</extensions>
			</trkpt>
			<trkpt lat="48.593407" lon="-2.164814">
				<ele>4.6</ele>
				<time>2024-08-18T11:34:11Z</time>
				<extensions>
					<gpxtpx:TrackPointExtension>
						<gpxtpx:hr>118</gpxtpx:hr>
						<gpxtpx:atemp>33</gpxtpx:atemp>
					</gpxtpx:TrackPointExtension>
				</extensions>
			</trkpt>
			<trkpt lat="48.593394" lon="-2.164783">
				<ele>4.6</ele>
				<time>2024-08-18T11:34:13Z</time>
				<extensions>
					<gpxtpx:TrackPointExtension>
						<gpxtpx:hr>116</gpxtpx:hr>
						<gpxtpx:atemp>33</gpxtpx:atemp>
					</gpxtpx:TrackPointExtension>
				</extensions>
			</trkpt>
			<trkpt lat="48.593374" lon="-2.16474">
				<ele>4.6</ele>
				<time>2024-08-18T11:34:16Z</time>
				<extensions>
					<gpxtpx:TrackPointExtension>
						<gpxtpx:hr>113</gpxtpx:hr>
						<gpxtpx:atemp>33</gpxtpx:atemp>
					</gpxtpx:TrackPointExtension>
				</extensions>
			</trkpt>
			<trkpt lat="48.59333" lon="-2.16462">
				<ele>4.6</ele>
				<time>2024-08-18T11:34:23Z</time>
				<extensions>
					<gpxtpx:TrackPointExtension>
						<gpxtpx:hr>111</gpxtpx:hr>
						<gpxtpx:atemp>33</gpxtpx:atemp>
					</gpxtpx:TrackPointExtension>
				</extensions>
			</trkpt>
			<trkpt lat="48.59328" lon="-2.164389">
				<ele>4.4</ele>
				<time>2024-08-18T11:34:37Z</time>
				<extensions>
					<gpxtpx:TrackPointExtension>
						<gpxtpx:hr>110</gpxtpx:hr>
						<gpxtpx:atemp>33</gpxtpx:atemp>
					</gpxtpx:TrackPointExtension>
				</extensions>
			</trkpt>
			<trkpt lat="48.593197" lon="-2.164225">
				<ele>4.2</ele>
				<time>2024-08-18T11:34:48Z</time>
				<extensions>
					<gpxtpx:TrackPointExtension>
						<gpxtpx:hr>112</gpxtpx:hr>
						<gpxtpx:atemp>33</gpxtpx:atemp>
					</gpxtpx:TrackPointExtension>
				</extensions>
			</trkpt>
			<trkpt lat="48.593142" lon="-2.164171">
				<ele>4.6</ele>
				<time>2024-08-18T11:34:53Z</time>
				<extensions>
					<gpxtpx:TrackPointExtension>
						<gpxtpx:hr>115</gpxtpx:hr>
						<gpxtpx:atemp>33</gpxtpx:atemp>
					</gpxtpx:TrackPointExtension>
				</extensions>
			</trkpt>
			<trkpt lat="48.593103" lon="-2.164129">
				<ele>4.6</ele>
				<time>2024-08-18T11:34:57Z</time>
				<extensions>
					<gpxtpx:TrackPointExtension>
						<gpxtpx:hr>118</gpxtpx:hr>
						<gpxtpx:atemp>33</gpxtpx:atemp>
					</gpxtpx:TrackPointExtension>
				</extensions>
			</trkpt>
			<trkpt lat="48.593093" lon="-2.164118">
				<ele>4.6</ele>
				<time>2024-08-18T11:34:58Z</time>
				<extensions>
					<gpxtpx:TrackPointExtension>
						<gpxtpx:hr>118</gpxtpx:hr>
						<gpxtpx:atemp>33</gpxtpx:atemp>
					</gpxtpx:TrackPointExtension>
				</extensions>
			</trkpt>
			<trkpt lat="48.593063" lon="-2.164081">
				<ele>4.6</ele>
				<time>2024-08-18T11:35:03Z</time>
				<extensions>
					<gpxtpx:TrackPointExtension>
						<gpxtpx:hr>120</gpxtpx:hr>
						<gpxtpx:atemp>33</gpxtpx:atemp>
					</gpxtpx:TrackPointExtension>
				</extensions>
			</trkpt>
			<trkpt lat="48.593063" lon="-2.164081">
				<ele>4.8</ele>
				<time>2024-08-18T11:35:05Z</time>
				<extensions>
					<gpxtpx:TrackPointExtension>
						<gpxtpx:hr>120</gpxtpx:hr>
						<gpxtpx:atemp>33</gpxtpx:atemp>
					</gpxtpx:TrackPointExtension>
				</extensions>
			</trkpt>
			<trkpt lat="48.59306" lon="-2.164077">
				<ele>4.8</ele>
				<time>2024-08-18T11:35:13Z</time>
				<extensions>
					<gpxtpx:TrackPointExtension>
						<gpxtpx:hr>119</gpxtpx:hr>
						<gpxtpx:atemp>33</gpxtpx:atemp>
					</gpxtpx:TrackPointExtension>
				</extensions>
			</trkpt>
			<trkpt lat="48.59306" lon="-2.164078">
				<ele>5.4</ele>
				<time>2024-08-18T11:35:25Z</time>
				<extensions>
					<gpxtpx:TrackPointExtension>
						<gpxtpx:hr>122</gpxtpx:hr>
						<gpxtpx:atemp>33</gpxtpx:atemp>
					</gpxtpx:TrackPointExtension>
				</extensions>
			</trkpt>
			<trkpt lat="48.59306" lon="-2.164078">
				<ele>5.4</ele>
				<time>2024-08-18T11:35:27Z</time>
				<extensions>
					<gpxtpx:TrackPointExtension>
						<gpxtpx:hr>120</gpxtpx:hr>
						<gpxtpx:atemp>33</gpxtpx:atemp>
					</gpxtpx:TrackPointExtension>
				</extensions>
			</trkpt>
			<trkpt lat="48.59306" lon="-2.164081">
				<ele>5.6</ele>
				<time>2024-08-18T11:35:30Z</time>
				<extensions>
					<gpxtpx:TrackPointExtension>
						<gpxtpx:hr>123</gpxtpx:hr>
						<gpxtpx:atemp>33</gpxtpx:atemp>
					</gpxtpx:TrackPointExtension>
				</extensions>
			</trkpt>
			<trkpt lat="48.593056" lon="-2.164081">
				<ele>5.4</ele>
				<time>2024-08-18T11:35:37Z</time>
				<extensions>
					<gpxtpx:TrackPointExtension>
						<gpxtpx:hr>126</gpxtpx:hr>
						<gpxtpx:atemp>33</gpxtpx:atemp>
					</gpxtpx:TrackPointExtension>
				</extensions>
			</trkpt>
			<trkpt lat="48.593046" lon="-2.164068">
				<ele>5.4</ele>
				<time>2024-08-18T11:35:38Z</time>
				<extensions>
					<gpxtpx:TrackPointExtension>
						<gpxtpx:hr>127</gpxtpx:hr>
						<gpxtpx:atemp>33</gpxtpx:atemp>
					</gpxtpx:TrackPointExtension>
				</extensions>
			</trkpt>
			<trkpt lat="48.593011" lon="-2.164028">
				<ele>5.4</ele>
				<time>2024-08-18T11:35:41Z</time>
				<extensions>
					<gpxtpx:TrackPointExtension>
						<gpxtpx:hr>130</gpxtpx:hr>
						<gpxtpx:atemp>33</gpxtpx:atemp>
					</gpxtpx:TrackPointExtension>
				</extensions>
			</trkpt>
			<trkpt lat="48.592992" lon="-2.164003">
				<ele>5.4</ele>
				<time>2024-08-18T11:35:43Z</time>
				<extensions>
					<gpxtpx:TrackPointExtension>
						<gpxtpx:hr>133</gpxtpx:hr>
						<gpxtpx:atemp>33</gpxtpx:atemp>
					</gpxtpx:TrackPointExtension>
				</extensions>
			</trkpt>
			<trkpt lat="48.592986" lon="-2.163994">
				<ele>5.4</ele>
				<time>2024-08-18T11:35:44Z</time>
				<extensions>
					<gpxtpx:TrackPointExtension>
						<gpxtpx:hr>136</gpxtpx:hr>
						<gpxtpx:atemp>33</gpxtpx:atemp>
					</gpxtpx:TrackPointExtension>
				</extensions>
			</trkpt>
			<trkpt lat="48.59297" lon="-2.163975">
				<ele>5.4</ele>
				<time>2024-08-18T11:35:46Z</time>
				<extensions>
					<gpxtpx:TrackPointExtension>
						<gpxtpx:hr>138</gpxtpx:hr>
						<gpxtpx:atemp>33</gpxtpx:atemp>
					</gpxtpx:TrackPointExtension>
				</extensions>
			</trkpt>
			<trkpt lat="48.592881" lon="-2.163858">
				<ele>4.8</ele>
				<time>2024-08-18T11:35:56Z</time>
				<extensions>
					<gpxtpx:TrackPointExtension>
						<gpxtpx:hr>141</gpxtpx:hr>
						<gpxtpx:atemp>33</gpxtpx:atemp>
					</gpxtpx:TrackPointExtension>
				</extensions>
			</trkpt>
			<trkpt lat="48.59283" lon="-2.163801">
				<ele>4.4</ele>
				<time>2024-08-18T11:36:01Z</time>
				<extensions>
					<gpxtpx:TrackPointExtension>
						<gpxtpx:hr>137</gpxtpx:hr>
						<gpxtpx:atemp>33</gpxtpx:atemp>
					</gpxtpx:TrackPointExtension>
				</extensions>
			</trkpt>
			<trkpt lat="48.592795" lon="-2.163777">
				<ele>4.4</ele>
				<time>2024-08-18T11:36:04Z</time>
				<extensions>
					<gpxtpx:TrackPointExtension>
						<gpxtpx:hr>134</gpxtpx:hr>
						<gpxtpx:atemp>33</gpxtpx:atemp>
					</gpxtpx:TrackPointExtension>
				</extensions>
			</trkpt>
			<trkpt lat="48.592774" lon="-2.163755">
				<ele>4.4</ele>
				<time>2024-08-18T11:36:06Z</time>
				<extensions>
					<gpxtpx:TrackPointExtension>
						<gpxtpx:hr>131</gpxtpx:hr>
						<gpxtpx:atemp>33</gpxtpx:atemp>
					</gpxtpx:TrackPointExtension>
				</extensions>
			</trkpt>
			<trkpt lat="48.592761" lon="-2.163744">
				<ele>4.4</ele>
				<time>2024-08-18T11:36:07Z</time>
				<extensions>
					<gpxtpx:TrackPointExtension>
						<gpxtpx:hr>130</gpxtpx:hr>
						<gpxtpx:atemp>33</gpxtpx:atemp>
					</gpxtpx:TrackPointExtension>
				</extensions>
			</trkpt>
			<trkpt lat="48.592748" lon="-2.163734">
				<ele>4.4</ele>
				<time>2024-08-18T11:36:08Z</time>
				<extensions>
					<gpxtpx:TrackPointExtension>
						<gpxtpx:hr>122</gpxtpx:hr>
						<gpxtpx:atemp>33</gpxtpx:atemp>
					</gpxtpx:TrackPointExtension>
				</extensions>
			</trkpt>
			<trkpt lat="48.592735" lon="-2.163725">
				<ele>4.4</ele>
				<time>2024-08-18T11:36:09Z</time>
				<extensions>
					<gpxtpx:TrackPointExtension>
						<gpxtpx:hr>117</gpxtpx:hr>
						<gpxtpx:atemp>33</gpxtpx:atemp>
					</gpxtpx:TrackPointExtension>
				</extensions>
			</trkpt>
			<trkpt lat="48.592647" lon="-2.16361">
				<ele>4.8</ele>
				<time>2024-08-18T11:36:18Z</time>
				<extensions>
					<gpxtpx:TrackPointExtension>
						<gpxtpx:hr>114</gpxtpx:hr>
						<gpxtpx:atemp>33</gpxtpx:atemp>
					</gpxtpx:TrackPointExtension>
				</extensions>
			</trkpt>
			<trkpt lat="48.592638" lon="-2.163596">
				<ele>4.8</ele>
				<time>2024-08-18T11:36:19Z</time>
				<extensions>
					<gpxtpx:TrackPointExtension>
						<gpxtpx:hr>114</gpxtpx:hr>
						<gpxtpx:atemp>32</gpxtpx:atemp>
					</gpxtpx:TrackPointExtension>
				</extensions>
			</trkpt>
			<trkpt lat="48.592538" lon="-2.16346">
				<ele>4.2</ele>
				<time>2024-08-18T11:36:31Z</time>
				<extensions>
					<gpxtpx:TrackPointExtension>
						<gpxtpx:hr>114</gpxtpx:hr>
						<gpxtpx:atemp>32</gpxtpx:atemp>
					</gpxtpx:TrackPointExtension>
				</extensions>
			</trkpt>
			<trkpt lat="48.592447" lon="-2.163355">
				<ele>4.2</ele>
				<time>2024-08-18T11:36:40Z</time>
				<extensions>
					<gpxtpx:TrackPointExtension>
						<gpxtpx:hr>117</gpxtpx:hr>
						<gpxtpx:atemp>32</gpxtpx:atemp>
					</gpxtpx:TrackPointExtension>
				</extensions>
			</trkpt>
			<trkpt lat="48.592437" lon="-2.163341">
				<ele>4.2</ele>
				<time>2024-08-18T11:36:42Z</time>
				<extensions>
					<gpxtpx:TrackPointExtension>
						<gpxtpx:hr>120</gpxtpx:hr>
						<gpxtpx:atemp>32</gpxtpx:atemp>
					</gpxtpx:TrackPointExtension>
				</extensions>
			</trkpt>
			<trkpt lat="48.592418" lon="-2.163333">
				<ele>4</ele>
				<time>2024-08-18T11:36:46Z</time>
				<extensions>
					<gpxtpx:TrackPointExtension>
						<gpxtpx:hr>121</gpxtpx:hr>
						<gpxtpx:atemp>32</gpxtpx:atemp>
					</gpxtpx:TrackPointExtension>
				</extensions>
			</trkpt>
			<trkpt lat="48.592354" lon="-2.163257">
				<ele>4.2</ele>
				<time>2024-08-18T11:36:53Z</time>
				<extensions>
					<gpxtpx:TrackPointExtension>
						<gpxtpx:hr>119</gpxtpx:hr>
						<gpxtpx:atemp>32</gpxtpx:atemp>
					</gpxtpx:TrackPointExtension>
				</extensions>
			</trkpt>
			<trkpt lat="48.592292" lon="-2.163195">
				<ele>3.8</ele>
				<time>2024-08-18T11:36:59Z</time>
				<extensions>
					<gpxtpx:TrackPointExtension>
						<gpxtpx:hr>118</gpxtpx:hr>
						<gpxtpx:atemp>32</gpxtpx:atemp>
					</gpxtpx:TrackPointExtension>
				</extensions>
			</trkpt>
			<trkpt lat="48.592261" lon="-2.16316">
				<ele>3.6</ele>
				<time>2024-08-18T11:37:02Z</time>
				<extensions>
					<gpxtpx:TrackPointExtension>
						<gpxtpx:hr>115</gpxtpx:hr>
						<gpxtpx:atemp>32</gpxtpx:atemp>
					</gpxtpx:TrackPointExtension>
				</extensions>
			</trkpt>
			<trkpt lat="48.592244" lon="-2.163134">
				<ele>3.6</ele>
				<time>2024-08-18T11:37:04Z</time>
				<extensions>
					<gpxtpx:TrackPointExtension>
						<gpxtpx:hr>113</gpxtpx:hr>
						<gpxtpx:atemp>32</gpxtpx:atemp>
					</gpxtpx:TrackPointExtension>
				</extensions>
			</trkpt>
			<trkpt lat="48.592146" lon="-2.163011">
				<ele>3.4</ele>
				<time>2024-08-18T11:37:15Z</time>
				<extensions>
					<gpxtpx:TrackPointExtension>
						<gpxtpx:hr>111</gpxtpx:hr>
						<gpxtpx:atemp>32</gpxtpx:atemp>
					</gpxtpx:TrackPointExtension>
				</extensions>
			</trkpt>
			<trkpt lat="48.592137" lon="-2.162995">
				<ele>3.4</ele>
				<time>2024-08-18T11:37:16Z</time>
				<extensions>
					<gpxtpx:TrackPointExtension>
						<gpxtpx:hr>110</gpxtpx:hr>
						<gpxtpx:atemp>32</gpxtpx:atemp>
					</gpxtpx:TrackPointExtension>
				</extensions>
			</trkpt>
			<trkpt lat="48.592064" lon="-2.16289">
				<ele>3.4</ele>
				<time>2024-08-18T11:37:24Z</time>
				<extensions>
					<gpxtpx:TrackPointExtension>
						<gpxtpx:hr>111</gpxtpx:hr>
						<gpxtpx:atemp>32</gpxtpx:atemp>
					</gpxtpx:TrackPointExtension>
				</extensions>
			</trkpt>
			<trkpt lat="48.591972" lon="-2.162767">
				<ele>3.2</ele>
				<time>2024-08-18T11:37:33Z</time>
				<extensions>
					<gpxtpx:TrackPointExtension>
						<gpxtpx:hr>114</gpxtpx:hr>
						<gpxtpx:atemp>32</gpxtpx:atemp>
					</gpxtpx:TrackPointExtension>
				</extensions>
			</trkpt>
			<trkpt lat="48.591963" lon="-2.162755">
				<ele>3</ele>
				<time>2024-08-18T11:37:34Z</time>
				<extensions>
					<gpxtpx:TrackPointExtension>
						<gpxtpx:hr>115</gpxtpx:hr>
						<gpxtpx:atemp>32</gpxtpx:atemp>
					</gpxtpx:TrackPointExtension>
				</extensions>
			</trkpt>
			<trkpt lat="48.591881" lon="-2.162604">
				<ele>2.8</ele>
				<time>2024-08-18T11:37:45Z</time>
				<extensions>
					<gpxtpx:TrackPointExtension>
						<gpxtpx:hr>116</gpxtpx:hr>
						<gpxtpx:atemp>32</gpxtpx:atemp>
					</gpxtpx:TrackPointExtension>
				</extensions>
			</trkpt>
			<trkpt lat="48.59185" lon="-2.162564">
				<ele>2.8</ele>
				<time>2024-08-18T11:37:49Z</time>
				<extensions>
					<gpxtpx:TrackPointExtension>
						<gpxtpx:hr>113</gpxtpx:hr>
						<gpxtpx:atemp>32</gpxtpx:atemp>
					</gpxtpx:TrackPointExtension>
				</extensions>
			</trkpt>
			<trkpt lat="48.591849" lon="-2.162563">
				<ele>2.8</ele>
				<time>2024-08-18T11:37:51Z</time>
				<extensions>
					<gpxtpx:TrackPointExtension>
						<gpxtpx:hr>113</gpxtpx:hr>
						<gpxtpx:atemp>32</gpxtpx:atemp>
					</gpxtpx:TrackPointExtension>
				</extensions>
			</trkpt>
			<trkpt lat="48.591856" lon="-2.162569">
				<ele>2.8</ele>
				<time>2024-08-18T11:37:52Z</time>
				<extensions>
					<gpxtpx:TrackPointExtension>
						<gpxtpx:hr>114</gpxtpx:hr>
						<gpxtpx:atemp>32</gpxtpx:atemp>
					</gpxtpx:TrackPointExtension>
				</extensions>
			</trkpt>
			<trkpt lat="48.59193" lon="-2.162645">
				<ele>3</ele>
				<time>2024-08-18T11:38:00Z</time>
				<extensions>
					<gpxtpx:TrackPointExtension>
						<gpxtpx:hr>114</gpxtpx:hr>
						<gpxtpx:atemp>33</gpxtpx:atemp>
					</gpxtpx:TrackPointExtension>
				</extensions>
			</trkpt>
			<trkpt lat="48.591951" lon="-2.162696">
				<ele>2.8</ele>
				<time>2024-08-18T11:38:04Z</time>
				<extensions>
					<gpxtpx:TrackPointExtension>
						<gpxtpx:hr>114</gpxtpx:hr>
						<gpxtpx:atemp>33</gpxtpx:atemp>
					</gpxtpx:TrackPointExtension>
				</extensions>
			</trkpt>
			<trkpt lat="48.591955" lon="-2.162712">
				<ele>2.6</ele>
				<time>2024-08-18T11:38:06Z</time>
				<extensions>
					<gpxtpx:TrackPointExtension>
						<gpxtpx:hr>110</gpxtpx:hr>
						<gpxtpx:atemp>33</gpxtpx:atemp>
					</gpxtpx:TrackPointExtension>
				</extensions>
			</trkpt>
			<trkpt lat="48.591956" lon="-2.162714">
				<ele>2.6</ele>
				<time>2024-08-18T11:38:07Z</time>
				<extensions>
					<gpxtpx:TrackPointExtension>
						<gpxtpx:hr>110</gpxtpx:hr>
						<gpxtpx:atemp>33</gpxtpx:atemp>
					</gpxtpx:TrackPointExtension>
				</extensions>
			</trkpt>
			<trkpt lat="48.591952" lon="-2.162717">
				<ele>3.2</ele>
				<time>2024-08-18T11:38:18Z</time>
				<extensions>
					<gpxtpx:TrackPointExtension>
						<gpxtpx:hr>112</gpxtpx:hr>
						<gpxtpx:atemp>33</gpxtpx:atemp>
					</gpxtpx:TrackPointExtension>
				</extensions>
			</trkpt>
			<trkpt lat="48.591952" lon="-2.162717">
				<ele>3.4</ele>
				<time>2024-08-18T11:38:21Z</time>
				<extensions>
					<gpxtpx:TrackPointExtension>
						<gpxtpx:hr>116</gpxtpx:hr>
						<gpxtpx:atemp>33</gpxtpx:atemp>
					</gpxtpx:TrackPointExtension>
				</extensions>
			</trkpt>
			<trkpt lat="48.591952" lon="-2.162717">
				<ele>3.4</ele>
				<time>2024-08-18T11:38:22Z</time>
				<extensions>
					<gpxtpx:TrackPointExtension>
						<gpxtpx:hr>119</gpxtpx:hr>
						<gpxtpx:atemp>33</gpxtpx:atemp>
					</gpxtpx:TrackPointExtension>
				</extensions>
			</trkpt>
			<trkpt lat="48.591952" lon="-2.162717">
				<ele>3.6</ele>
				<time>2024-08-18T11:38:24Z</time>
				<extensions>
					<gpxtpx:TrackPointExtension>
						<gpxtpx:hr>123</gpxtpx:hr>
						<gpxtpx:atemp>33</gpxtpx:atemp>
					</gpxtpx:TrackPointExtension>
				</extensions>
			</trkpt>
			<trkpt lat="48.591905" lon="-2.162647">
				<ele>3</ele>
				<time>2024-08-18T11:38:36Z</time>
				<extensions>
					<gpxtpx:TrackPointExtension>
						<gpxtpx:hr>124</gpxtpx:hr>
						<gpxtpx:atemp>33</gpxtpx:atemp>
					</gpxtpx:TrackPointExtension>
				</extensions>
			</trkpt>
			<trkpt lat="48.591812" lon="-2.162525">
				<ele>3.2</ele>
				<time>2024-08-18T11:38:45Z</time>
				<extensions>
					<gpxtpx:TrackPointExtension>
						<gpxtpx:hr>122</gpxtpx:hr>
						<gpxtpx:atemp>33</gpxtpx:atemp>
					</gpxtpx:TrackPointExtension>
				</extensions>
			</trkpt>
			<trkpt lat="48.591795" lon="-2.162499">
				<ele>3</ele>
				<time>2024-08-18T11:38:47Z</time>
				<extensions>
					<gpxtpx:TrackPointExtension>
						<gpxtpx:hr>121</gpxtpx:hr>
						<gpxtpx:atemp>33</gpxtpx:atemp>
					</gpxtpx:TrackPointExtension>
				</extensions>
			</trkpt>
			<trkpt lat="48.591722" lon="-2.162427">
				<ele>3</ele>
				<time>2024-08-18T11:38:55Z</time>
				<extensions>
					<gpxtpx:TrackPointExtension>
						<gpxtpx:hr>118</gpxtpx:hr>
						<gpxtpx:atemp>33</gpxtpx:atemp>
					</gpxtpx:TrackPointExtension>
				</extensions>
			</trkpt>
			<trkpt lat="48.591683" lon="-2.16238">
				<ele>3</ele>
				<time>2024-08-18T11:38:59Z</time>
				<extensions>
					<gpxtpx:TrackPointExtension>
						<gpxtpx:hr>115</gpxtpx:hr>
						<gpxtpx:atemp>33</gpxtpx:atemp>
					</gpxtpx:TrackPointExtension>
				</extensions>
			</trkpt>
			<trkpt lat="48.591671" lon="-2.162369">
				<ele>3</ele>
				<time>2024-08-18T11:39:00Z</time>
				<extensions>
					<gpxtpx:TrackPointExtension>
						<gpxtpx:hr>113</gpxtpx:hr>
						<gpxtpx:atemp>33</gpxtpx:atemp>
					</gpxtpx:TrackPointExtension>
				</extensions>
			</trkpt>
			<trkpt lat="48.591611" lon="-2.162311">
				<ele>3</ele>
				<time>2024-08-18T11:39:06Z</time>
				<extensions>
					<gpxtpx:TrackPointExtension>
						<gpxtpx:hr>110</gpxtpx:hr>
						<gpxtpx:atemp>33</gpxtpx:atemp>
					</gpxtpx:TrackPointExtension>
				</extensions>
			</trkpt>
			<trkpt lat="48.591528" lon="-2.162236">
				<ele>2.8</ele>
				<time>2024-08-18T11:39:14Z</time>
				<extensions>
					<gpxtpx:TrackPointExtension>
						<gpxtpx:hr>108</gpxtpx:hr>
						<gpxtpx:atemp>33</gpxtpx:atemp>
					</gpxtpx:TrackPointExtension>
				</extensions>
			</trkpt>
			<trkpt lat="48.591482" lon="-2.162213">
				<ele>2.4</ele>
				<time>2024-08-18T11:39:22Z</time>
				<extensions>
					<gpxtpx:TrackPointExtension>
						<gpxtpx:hr>106</gpxtpx:hr>
						<gpxtpx:atemp>33</gpxtpx:atemp>
					</gpxtpx:TrackPointExtension>
				</extensions>
			</trkpt>
			<trkpt lat="48.591476" lon="-2.162227">
				<ele>3</ele>
				<time>2024-08-18T11:39:28Z</time>
				<extensions>
					<gpxtpx:TrackPointExtension>
						<gpxtpx:hr>105</gpxtpx:hr>
						<gpxtpx:atemp>33</gpxtpx:atemp>
					</gpxtpx:TrackPointExtension>
				</extensions>
			</trkpt>
			<trkpt lat="48.591475" lon="-2.162228">
				<ele>3.2</ele>
				<time>2024-08-18T11:39:34Z</time>
				<extensions>
					<gpxtpx:TrackPointExtension>
						<gpxtpx:hr>108</gpxtpx:hr>
						<gpxtpx:atemp>33</gpxtpx:atemp>
					</gpxtpx:TrackPointExtension>
				</extensions>
			</trkpt>
			<trkpt lat="48.591475" lon="-2.162228">
				<ele>3</ele>
				<time>2024-08-18T11:39:37Z</time>
				<extensions>
					<gpxtpx:TrackPointExtension>
						<gpxtpx:hr>111</gpxtpx:hr>
						<gpxtpx:atemp>33</gpxtpx:atemp>
					</gpxtpx:TrackPointExtension>
				</extensions>
			</trkpt>
			<trkpt lat="48.591457" lon="-2.162232">
				<ele>3</ele>
				<time>2024-08-18T11:39:40Z</time>
				<extensions>
					<gpxtpx:TrackPointExtension>
						<gpxtpx:hr>112</gpxtpx:hr>
						<gpxtpx:atemp>33</gpxtpx:atemp>
					</gpxtpx:TrackPointExtension>
				</extensions>
			</trkpt>
			<trkpt lat="48.591369" lon="-2.162242">
				<ele>3</ele>
				<time>2024-08-18T11:39:46Z</time>
				<extensions>
					<gpxtpx:TrackPointExtension>
						<gpxtpx:hr>115</gpxtpx:hr>
						<gpxtpx:atemp>32</gpxtpx:atemp>
					</gpxtpx:TrackPointExtension>
				</extensions>
			</trkpt>
			<trkpt lat="48.591344" lon="-2.162249">
				<ele>2.8</ele>
				<time>2024-08-18T11:39:48Z</time>
				<extensions>
					<gpxtpx:TrackPointExtension>
						<gpxtpx:hr>115</gpxtpx:hr>
						<gpxtpx:atemp>32</gpxtpx:atemp>
					</gpxtpx:TrackPointExtension>
				</extensions>
			</trkpt>
			<trkpt lat="48.591288" lon="-2.162304">
				<ele>2.6</ele>
				<time>2024-08-18T11:39:55Z</time>
				<extensions>
					<gpxtpx:TrackPointExtension>
						<gpxtpx:hr>111</gpxtpx:hr>
						<gpxtpx:atemp>32</gpxtpx:atemp>
					</gpxtpx:TrackPointExtension>
				</extensions>
			</trkpt>
			<trkpt lat="48.59128" lon="-2.162306">
				<ele>2.8</ele>
				<time>2024-08-18T11:39:56Z</time>
				<extensions>
					<gpxtpx:TrackPointExtension>
						<gpxtpx:hr>110</gpxtpx:hr>
						<gpxtpx:atemp>32</gpxtpx:atemp>
					</gpxtpx:TrackPointExtension>
				</extensions>
			</trkpt>
			<trkpt lat="48.591274" lon="-2.162307">
				<ele>2.8</ele>
				<time>2024-08-18T11:39:57Z</time>
				<extensions>
					<gpxtpx:TrackPointExtension>
						<gpxtpx:hr>109</gpxtpx:hr>
						<gpxtpx:atemp>32</gpxtpx:atemp>
					</gpxtpx:TrackPointExtension>
				</extensions>
			</trkpt>
			<trkpt lat="48.591268" lon="-2.162308">
				<ele>3.8</ele>
				<time>2024-08-18T11:40:00Z</time>
				<extensions>
					<gpxtpx:TrackPointExtension>
						<gpxtpx:hr>107</gpxtpx:hr>
						<gpxtpx:atemp>32</gpxtpx:atemp>
					</gpxtpx:TrackPointExtension>
				</extensions>
			</trkpt>
			<trkpt lat="48.591263" lon="-2.162306">
				<ele>3.8</ele>
				<time>2024-08-18T11:40:03Z</time>
				<extensions>
					<gpxtpx:TrackPointExtension>
						<gpxtpx:hr>105</gpxtpx:hr>
						<gpxtpx:atemp>32</gpxtpx:atemp>
					</gpxtpx:TrackPointExtension>
				</extensions>
			</trkpt>
			<trkpt lat="48.591284" lon="-2.162288">
				<ele>3.6</ele>
				<time>2024-08-18T11:40:09Z</time>
				<extensions>
					<gpxtpx:TrackPointExtension>
						<gpxtpx:hr>107</gpxtpx:hr>
						<gpxtpx:atemp>32</gpxtpx:atemp>
					</gpxtpx:TrackPointExtension>
				</extensions>
			</trkpt>
			<trkpt lat="48.591357" lon="-2.162238">
				<ele>3.6</ele>
				<time>2024-08-18T11:40:15Z</time>
				<extensions>
					<gpxtpx:TrackPointExtension>
						<gpxtpx:hr>106</gpxtpx:hr>
						<gpxtpx:atemp>32</gpxtpx:atemp>
					</gpxtpx:TrackPointExtension>
				</extensions>
			</trkpt>
			<trkpt lat="48.591387" lon="-2.162202">
				<ele>3.4</ele>
				<time>2024-08-18T11:40:19Z</time>
				<extensions>
					<gpxtpx:TrackPointExtension>
						<gpxtpx:hr>105</gpxtpx:hr>
						<gpxtpx:atemp>32</gpxtpx:atemp>
					</gpxtpx:TrackPointExtension>
				</extensions>
			</trkpt>
			<trkpt lat="48.591408" lon="-2.162199">
				<ele>3.4</ele>
				<time>2024-08-18T11:40:21Z</time>
				<extensions>
					<gpxtpx:TrackPointExtension>
						<gpxtpx:hr>105</gpxtpx:hr>
						<gpxtpx:atemp>32</gpxtpx:atemp>
					</gpxtpx:TrackPointExtension>
				</extensions>
			</trkpt>
			<trkpt lat="48.591421" lon="-2.162185">
				<ele>3.2</ele>
				<time>2024-08-18T11:40:23Z</time>
				<extensions>
					<gpxtpx:TrackPointExtension>
						<gpxtpx:hr>106</gpxtpx:hr>
						<gpxtpx:atemp>32</gpxtpx:atemp>
					</gpxtpx:TrackPointExtension>
				</extensions>
			</trkpt>
			<trkpt lat="48.591408" lon="-2.162144">
				<ele>3.2</ele>
				<time>2024-08-18T11:40:26Z</time>
				<extensions>
					<gpxtpx:TrackPointExtension>
						<gpxtpx:hr>107</gpxtpx:hr>
						<gpxtpx:atemp>32</gpxtpx:atemp>
					</gpxtpx:TrackPointExtension>
				</extensions>
			</trkpt>
			<trkpt lat="48.591311" lon="-2.161989">
				<ele>3.2</ele>
				<time>2024-08-18T11:40:38Z</time>
				<extensions>
					<gpxtpx:TrackPointExtension>
						<gpxtpx:hr>109</gpxtpx:hr>
						<gpxtpx:atemp>32</gpxtpx:atemp>
					</gpxtpx:TrackPointExtension>
				</extensions>
			</trkpt>
			<trkpt lat="48.591291" lon="-2.161967">
				<ele>3.2</ele>
				<time>2024-08-18T11:40:40Z</time>
				<extensions>
					<gpxtpx:TrackPointExtension>
						<gpxtpx:hr>112</gpxtpx:hr>
						<gpxtpx:atemp>32</gpxtpx:atemp>
					</gpxtpx:TrackPointExtension>
				</extensions>
			</trkpt>
			<trkpt lat="48.591202" lon="-2.161871">
				<ele>2.8</ele>
				<time>2024-08-18T11:40:49Z</time>
				<extensions>
					<gpxtpx:TrackPointExtension>
						<gpxtpx:hr>111</gpxtpx:hr>
						<gpxtpx:atemp>32</gpxtpx:atemp>
					</gpxtpx:TrackPointExtension>
				</extensions>
			</trkpt>
			<trkpt lat="48.591145" lon="-2.161812">
				<ele>2.8</ele>
				<time>2024-08-18T11:40:55Z</time>
				<extensions>
					<gpxtpx:TrackPointExtension>
						<gpxtpx:hr>113</gpxtpx:hr>
						<gpxtpx:atemp>33</gpxtpx:atemp>
					</gpxtpx:TrackPointExtension>
				</extensions>
			</trkpt>
			<trkpt lat="48.59107" lon="-2.161733">
				<ele>2.6</ele>
				<time>2024-08-18T11:41:03Z</time>
				<extensions>
					<gpxtpx:TrackPointExtension>
						<gpxtpx:hr>111</gpxtpx:hr>
						<gpxtpx:atemp>33</gpxtpx:atemp>
					</gpxtpx:TrackPointExtension>
				</extensions>
			</trkpt>
			<trkpt lat="48.59101" lon="-2.161677">
				<ele>2.4</ele>
				<time>2024-08-18T11:41:09Z</time>
				<extensions>
					<gpxtpx:TrackPointExtension>
						<gpxtpx:hr>114</gpxtpx:hr>
						<gpxtpx:atemp>33</gpxtpx:atemp>
					</gpxtpx:TrackPointExtension>
				</extensions>
			</trkpt>
			<trkpt lat="48.590961" lon="-2.161637">
				<ele>2.4</ele>
				<time>2024-08-18T11:41:14Z</time>
				<extensions>
					<gpxtpx:TrackPointExtension>
						<gpxtpx:hr>115</gpxtpx:hr>
						<gpxtpx:atemp>33</gpxtpx:atemp>
					</gpxtpx:TrackPointExtension>
				</extensions>
			</trkpt>
			<trkpt lat="48.590894" lon="-2.161557">
				<ele>2.4</ele>
				<time>2024-08-18T11:41:21Z</time>
				<extensions>
					<gpxtpx:TrackPointExtension>
						<gpxtpx:hr>112</gpxtpx:hr>
						<gpxtpx:atemp>33</gpxtpx:atemp>
					</gpxtpx:TrackPointExtension>
				</extensions>
			</trkpt>
			<trkpt lat="48.590828" lon="-2.161482">
				<ele>2.6</ele>
				<time>2024-08-18T11:41:28Z</time>
				<extensions>
					<gpxtpx:TrackPointExtension>
						<gpxtpx:hr>109</gpxtpx:hr>
						<gpxtpx:atemp>32</gpxtpx:atemp>
					</gpxtpx:TrackPointExtension>
				</extensions>
			</trkpt>
			<trkpt lat="48.590817" lon="-2.16147">
				<ele>2.8</ele>
				<time>2024-08-18T11:41:29Z</time>
				<extensions>
					<gpxtpx:TrackPointExtension>
						<gpxtpx:hr>109</gpxtpx:hr>
						<gpxtpx:atemp>32</gpxtpx:atemp>
					</gpxtpx:TrackPointExtension>
				</extensions>
			</trkpt>
			<trkpt lat="48.590744" lon="-2.161396">
				<ele>2.8</ele>
				<time>2024-08-18T11:41:36Z</time>
				<extensions>
					<gpxtpx:TrackPointExtension>
						<gpxtpx:hr>112</gpxtpx:hr>
						<gpxtpx:atemp>32</gpxtpx:atemp>
					</gpxtpx:TrackPointExtension>
				</extensions>
			</trkpt>
			<trkpt lat="48.590683" lon="-2.161322">
				<ele>2.8</ele>
				<time>2024-08-18T11:41:42Z</time>
				<extensions>
					<gpxtpx:TrackPointExtension>
						<gpxtpx:hr>113</gpxtpx:hr>
						<gpxtpx:atemp>32</gpxtpx:atemp>
					</gpxtpx:TrackPointExtension>
				</extensions>
			</trkpt>
			<trkpt lat="48.59059" lon="-2.161221">
				<ele>2.6</ele>
				<time>2024-08-18T11:41:52Z</time>
				<extensions>
					<gpxtpx:TrackPointExtension>
						<gpxtpx:hr>110</gpxtpx:hr>
						<gpxtpx:atemp>32</gpxtpx:atemp>
					</gpxtpx:TrackPointExtension>
				</extensions>
			</trkpt>
			<trkpt lat="48.590564" lon="-2.161193">
				<ele>2.6</ele>
				<time>2024-08-18T11:41:55Z</time>
				<extensions>
					<gpxtpx:TrackPointExtension>
						<gpxtpx:hr>107</gpxtpx:hr>
						<gpxtpx:atemp>32</gpxtpx:atemp>
					</gpxtpx:TrackPointExtension>
				</extensions>
			</trkpt>
			<trkpt lat="48.590448" lon="-2.161084">
				<ele>2.6</ele>
				<time>2024-08-18T11:42:07Z</time>
				<extensions>
					<gpxtpx:TrackPointExtension>
						<gpxtpx:hr>104</gpxtpx:hr>
						<gpxtpx:atemp>32</gpxtpx:atemp>
					</gpxtpx:TrackPointExtension>
				</extensions>
			</trkpt>
			<trkpt lat="48.590428" lon="-2.161066">
				<ele>2.6</ele>
				<time>2024-08-18T11:42:09Z</time>
				<extensions>
					<gpxtpx:TrackPointExtension>
						<gpxtpx:hr>105</gpxtpx:hr>
						<gpxtpx:atemp>32</gpxtpx:atemp>
					</gpxtpx:TrackPointExtension>
				</extensions>
			</trkpt>
			<trkpt lat="48.590369" lon="-2.161009">
				<ele>2.8</ele>
				<time>2024-08-18T11:42:15Z</time>
				<extensions>
					<gpxtpx:TrackPointExtension>
						<gpxtpx:hr>108</gpxtpx:hr>
						<gpxtpx:atemp>32</gpxtpx:atemp>
					</gpxtpx:TrackPointExtension>
				</extensions>
			</trkpt>
			<trkpt lat="48.590329" lon="-2.160974">
				<ele>2.8</ele>
				<time>2024-08-18T11:42:19Z</time>
				<extensions>
					<gpxtpx:TrackPointExtension>
						<gpxtpx:hr>108</gpxtpx:hr>
						<gpxtpx:atemp>32</gpxtpx:atemp>
					</gpxtpx:TrackPointExtension>
				</extensions>
			</trkpt>
			<trkpt lat="48.590281" lon="-2.160929">
				<ele>3</ele>
				<time>2024-08-18T11:42:24Z</time>
				<extensions>
					<gpxtpx:TrackPointExtension>
						<gpxtpx:hr>107</gpxtpx:hr>
						<gpxtpx:atemp>32</gpxtpx:atemp>
					</gpxtpx:TrackPointExtension>
				</extensions>
			</trkpt>
			<trkpt lat="48.590229" lon="-2.160866">
				<ele>3</ele>
				<time>2024-08-18T11:42:30Z</time>
				<extensions>
					<gpxtpx:TrackPointExtension>
						<gpxtpx:hr>110</gpxtpx:hr>
						<gpxtpx:atemp>33</gpxtpx:atemp>
					</gpxtpx:TrackPointExtension>
				</extensions>
			</trkpt>
			<trkpt lat="48.59019" lon="-2.160831">
				<ele>3</ele>
				<time>2024-08-18T11:42:34Z</time>
				<extensions>
					<gpxtpx:TrackPointExtension>
						<gpxtpx:hr>111</gpxtpx:hr>
						<gpxtpx:atemp>33</gpxtpx:atemp>
					</gpxtpx:TrackPointExtension>
				</extensions>
			</trkpt>
			<trkpt lat="48.590074" lon="-2.160714">
				<ele>2.8</ele>
				<time>2024-08-18T11:42:46Z</time>
				<extensions>
					<gpxtpx:TrackPointExtension>
						<gpxtpx:hr>108</gpxtpx:hr>
						<gpxtpx:atemp>33</gpxtpx:atemp>
					</gpxtpx:TrackPointExtension>
				</extensions>
			</trkpt>
			<trkpt lat="48.590063" lon="-2.160704">
				<ele>2.8</ele>
				<time>2024-08-18T11:42:47Z</time>
				<extensions>
					<gpxtpx:TrackPointExtension>
						<gpxtpx:hr>107</gpxtpx:hr>
						<gpxtpx:atemp>33</gpxtpx:atemp>
					</gpxtpx:TrackPointExtension>
				</extensions>
			</trkpt>
			<trkpt lat="48.58998" lon="-2.160626">
				<ele>2.8</ele>
				<time>2024-08-18T11:42:55Z</time>
				<extensions>
					<gpxtpx:TrackPointExtension>
						<gpxtpx:hr>110</gpxtpx:hr>
						<gpxtpx:atemp>33</gpxtpx:atemp>
					</gpxtpx:TrackPointExtension>
				</extensions>
			</trkpt>
			<trkpt lat="48.589938" lon="-2.160583">
				<ele>2.6</ele>
				<time>2024-08-18T11:42:59Z</time>
				<extensions>
					<gpxtpx:TrackPointExtension>
						<gpxtpx:hr>110</gpxtpx:hr>
						<gpxtpx:atemp>33</gpxtpx:atemp>
					</gpxtpx:TrackPointExtension>
				</extensions>
			</trkpt>
			<trkpt lat="48.589843" lon="-2.160492">
				<ele>2.6</ele>
				<time>2024-08-18T11:43:08Z</time>
				<extensions>
					<gpxtpx:TrackPointExtension>
						<gpxtpx:hr>113</gpxtpx:hr>
						<gpxtpx:atemp>33</gpxtpx:atemp>
					</gpxtpx:TrackPointExtension>
				</extensions>
			</trkpt>
			<trkpt lat="48.589813" lon="-2.160453">
				<ele>2.6</ele>
				<time>2024-08-18T11:43:11Z</time>
				<extensions>
					<gpxtpx:TrackPointExtension>
						<gpxtpx:hr>113</gpxtpx:hr>
						<gpxtpx:atemp>33</gpxtpx:atemp>
					</gpxtpx:TrackPointExtension>
				</extensions>
			</trkpt>
			<trkpt lat="48.589699" lon="-2.16033">
				<ele>2.6</ele>
				<time>2024-08-18T11:43:23Z</time>
				<extensions>
					<gpxtpx:TrackPointExtension>
						<gpxtpx:hr>111</gpxtpx:hr>
						<gpxtpx:atemp>32</gpxtpx:atemp>
					</gpxtpx:TrackPointExtension>
				</extensions>
			</trkpt>
			<trkpt lat="48.58964" lon="-2.160259">
				<ele>2.6</ele>
				<time>2024-08-18T11:43:31Z</time>
				<extensions>
					<gpxtpx:TrackPointExtension>
						<gpxtpx:hr>112</gpxtpx:hr>
						<gpxtpx:atemp>32</gpxtpx:atemp>
					</gpxtpx:TrackPointExtension>
				</extensions>
			</trkpt>
			<trkpt lat="48.58964" lon="-2.160257">
				<ele>2.4</ele>
				<time>2024-08-18T11:43:32Z</time>
				<extensions>
					<gpxtpx:TrackPointExtension>
						<gpxtpx:hr>111</gpxtpx:hr>
						<gpxtpx:atemp>32</gpxtpx:atemp>
					</gpxtpx:TrackPointExtension>
				</extensions>
			</trkpt>
			<trkpt lat="48.589639" lon="-2.160258">
				<ele>2.4</ele>
				<time>2024-08-18T11:43:38Z</time>
				<extensions>
					<gpxtpx:TrackPointExtension>
						<gpxtpx:hr>110</gpxtpx:hr>
						<gpxtpx:atemp>32</gpxtpx:atemp>
					</gpxtpx:TrackPointExtension>
				</extensions>
			</trkpt>
			<trkpt lat="48.589577" lon="-2.160195">
				<ele>3</ele>
				<time>2024-08-18T11:43:45Z</time>
				<extensions>
					<gpxtpx:TrackPointExtension>
						<gpxtpx:hr>111</gpxtpx:hr>
						<gpxtpx:atemp>32</gpxtpx:atemp>
					</gpxtpx:TrackPointExtension>
				</extensions>
			</trkpt>
			<trkpt lat="48.589513" lon="-2.16011">
				<ele>3.2</ele>
				<time>2024-08-18T11:43:52Z</time>
				<extensions>
					<gpxtpx:TrackPointExtension>
						<gpxtpx:hr>114</gpxtpx:hr>
						<gpxtpx:atemp>32</gpxtpx:atemp>
					</gpxtpx:TrackPointExtension>
				</extensions>
			</trkpt>
			<trkpt lat="48.589479" lon="-2.160055">
				<ele>3.2</ele>
				<time>2024-08-18T11:43:56Z</time>
				<extensions>
					<gpxtpx:TrackPointExtension>
						<gpxtpx:hr>113</gpxtpx:hr>
						<gpxtpx:atemp>32</gpxtpx:atemp>
					</gpxtpx:TrackPointExtension>
				</extensions>
			</trkpt>
			<trkpt lat="48.589405" lon="-2.159941">
				<ele>3.2</ele>
				<time>2024-08-18T11:44:05Z</time>
				<extensions>
					<gpxtpx:TrackPointExtension>
						<gpxtpx:hr>111</gpxtpx:hr>
						<gpxtpx:atemp>33</gpxtpx:atemp>
					</gpxtpx:TrackPointExtension>
				</extensions>
			</trkpt>
			<trkpt lat="48.589354" lon="-2.15987">
				<ele>3</ele>
				<time>2024-08-18T11:44:11Z</time>
				<extensions>
					<gpxtpx:TrackPointExtension>
						<gpxtpx:hr>108</gpxtpx:hr>
						<gpxtpx:atemp>33</gpxtpx:atemp>
					</gpxtpx:TrackPointExtension>
				</extensions>
			</trkpt>
			<trkpt lat="48.589312" lon="-2.159782">
				<ele>2.8</ele>
				<time>2024-08-18T11:44:17Z</time>
				<extensions>
					<gpxtpx:TrackPointExtension>
						<gpxtpx:hr>108</gpxtpx:hr>
						<gpxtpx:atemp>33</gpxtpx:atemp>
					</gpxtpx:TrackPointExtension>
				</extensions>
			</trkpt>
			<trkpt lat="48.589268" lon="-2.159677">
				<ele>3</ele>
				<time>2024-08-18T11:44:25Z</time>
				<extensions>
					<gpxtpx:TrackPointExtension>
						<gpxtpx:hr>107</gpxtpx:hr>
						<gpxtpx:atemp>33</gpxtpx:atemp>
					</gpxtpx:TrackPointExtension>
				</extensions>
			</trkpt>
			<trkpt lat="48.589266" lon="-2.159667">
				<ele>3</ele>
				<time>2024-08-18T11:44:26Z</time>
				<extensions>
					<gpxtpx:TrackPointExtension>
						<gpxtpx:hr>107</gpxtpx:hr>
						<gpxtpx:atemp>33</gpxtpx:atemp>
					</gpxtpx:TrackPointExtension>
				</extensions>
			</trkpt>
			<trkpt lat="48.589206" lon="-2.159501">
				<ele>3.2</ele>
				<time>2024-08-18T11:44:37Z</time>
				<extensions>
					<gpxtpx:TrackPointExtension>
						<gpxtpx:hr>110</gpxtpx:hr>
						<gpxtpx:atemp>33</gpxtpx:atemp>
					</gpxtpx:TrackPointExtension>
				</extensions>
			</trkpt>
			<trkpt lat="48.589195" lon="-2.159466">
				<ele>3.2</ele>
				<time>2024-08-18T11:44:39Z</time>
				<extensions>
					<gpxtpx:TrackPointExtension>
						<gpxtpx:hr>113</gpxtpx:hr>
						<gpxtpx:atemp>33</gpxtpx:atemp>
					</gpxtpx:TrackPointExtension>
				</extensions>
			</trkpt>
			<trkpt lat="48.589184" lon="-2.15943">
				<ele>3</ele>
				<time>2024-08-18T11:44:41Z</time>
				<extensions>
					<gpxtpx:TrackPointExtension>
						<gpxtpx:hr>116</gpxtpx:hr>
						<gpxtpx:atemp>33</gpxtpx:atemp>
					</gpxtpx:TrackPointExtension>
				</extensions>
			</trkpt>
			<trkpt lat="48.589125" lon="-2.159302">
				<ele>3.2</ele>
				<time>2024-08-18T11:44:50Z</time>
				<extensions>
					<gpxtpx:TrackPointExtension>
						<gpxtpx:hr>113</gpxtpx:hr>
						<gpxtpx:atemp>33</gpxtpx:atemp>
					</gpxtpx:TrackPointExtension>
				</extensions>
			</trkpt>
			<trkpt lat="48.589094" lon="-2.159246">
				<ele>3</ele>
				<time>2024-08-18T11:44:54Z</time>
				<extensions>
					<gpxtpx:TrackPointExtension>
						<gpxtpx:hr>110</gpxtpx:hr>
						<gpxtpx:atemp>33</gpxtpx:atemp>
					</gpxtpx:TrackPointExtension>
				</extensions>
			</trkpt>
			<trkpt lat="48.589042" lon="-2.159136">
				<ele>3</ele>
				<time>2024-08-18T11:45:02Z</time>
				<extensions>
					<gpxtpx:TrackPointExtension>
						<gpxtpx:hr>110</gpxtpx:hr>
						<gpxtpx:atemp>33</gpxtpx:atemp>
					</gpxtpx:TrackPointExtension>
				</extensions>
			</trkpt>
			<trkpt lat="48.588981" lon="-2.158976">
				<ele>3.2</ele>
				<time>2024-08-18T11:45:13Z</time>
				<extensions>
					<gpxtpx:TrackPointExtension>
						<gpxtpx:hr>110</gpxtpx:hr>
						<gpxtpx:atemp>33</gpxtpx:atemp>
					</gpxtpx:TrackPointExtension>
				</extensions>
			</trkpt>
			<trkpt lat="48.58896" lon="-2.158932">
				<ele>3.2</ele>
				<time>2024-08-18T11:45:16Z</time>
				<extensions>
					<gpxtpx:TrackPointExtension>
						<gpxtpx:hr>110</gpxtpx:hr>
						<gpxtpx:atemp>33</gpxtpx:atemp>
					</gpxtpx:TrackPointExtension>
				</extensions>
			</trkpt>
			<trkpt lat="48.58891" lon="-2.158825">
				<ele>3.4</ele>
				<time>2024-08-18T11:45:23Z</time>
				<extensions>
					<gpxtpx:TrackPointExtension>
						<gpxtpx:hr>111</gpxtpx:hr>
						<gpxtpx:atemp>33</gpxtpx:atemp>
					</gpxtpx:TrackPointExtension>
				</extensions>
			</trkpt>
			<trkpt lat="48.588839" lon="-2.158659">
				<ele>3.4</ele>
				<time>2024-08-18T11:45:33Z</time>
				<extensions>
					<gpxtpx:TrackPointExtension>
						<gpxtpx:hr>112</gpxtpx:hr>
						<gpxtpx:atemp>33</gpxtpx:atemp>
					</gpxtpx:TrackPointExtension>
				</extensions>
			</trkpt>
			<trkpt lat="48.588769" lon="-2.158508">
				<ele>3.4</ele>
				<time>2024-08-18T11:45:43Z</time>
				<extensions>
					<gpxtpx:TrackPointExtension>
						<gpxtpx:hr>111</gpxtpx:hr>
						<gpxtpx:atemp>34</gpxtpx:atemp>
					</gpxtpx:TrackPointExtension>
				</extensions>
			</trkpt>
			<trkpt lat="48.588692" lon="-2.158316">
				<ele>3.6</ele>
				<time>2024-08-18T11:45:55Z</time>
				<extensions>
					<gpxtpx:TrackPointExtension>
						<gpxtpx:hr>112</gpxtpx:hr>
						<gpxtpx:atemp>34</gpxtpx:atemp>
					</gpxtpx:TrackPointExtension>
				</extensions>
			</trkpt>
			<trkpt lat="48.588688" lon="-2.158299">
				<ele>3.6</ele>
				<time>2024-08-18T11:45:56Z</time>
				<extensions>
					<gpxtpx:TrackPointExtension>
						<gpxtpx:hr>113</gpxtpx:hr>
						<gpxtpx:atemp>34</gpxtpx:atemp>
					</gpxtpx:TrackPointExtension>
				</extensions>
			</trkpt>
			<trkpt lat="48.588654" lon="-2.158232">
				<ele>3.6</ele>
				<time>2024-08-18T11:46:01Z</time>
				<extensions>
					<gpxtpx:TrackPointExtension>
						<gpxtpx:hr>112</gpxtpx:hr>
						<gpxtpx:atemp>34</gpxtpx:atemp>
					</gpxtpx:TrackPointExtension>
				</extensions>
			</trkpt>
			<trkpt lat="48.588636" lon="-2.158201">
				<ele>3.4</ele>
				<time>2024-08-18T11:46:04Z</time>
				<extensions>
					<gpxtpx:TrackPointExtension>
						<gpxtpx:hr>110</gpxtpx:hr>
						<gpxtpx:atemp>34</gpxtpx:atemp>
					</gpxtpx:TrackPointExtension>
				</extensions>
			</trkpt>
			<trkpt lat="48.588644" lon="-2.158207">
				<ele>3.4</ele>
				<time>2024-08-18T11:46:06Z</time>
				<extensions>
					<gpxtpx:TrackPointExtension>
						<gpxtpx:hr>110</gpxtpx:hr>
						<gpxtpx:atemp>34</gpxtpx:atemp>
					</gpxtpx:TrackPointExtension>
				</extensions>
			</trkpt>
			<trkpt lat="48.588684" lon="-2.158296">
				<ele>3.4</ele>
				<time>2024-08-18T11:46:14Z</time>
				<extensions>
					<gpxtpx:TrackPointExtension>
						<gpxtpx:hr>108</gpxtpx:hr>
						<gpxtpx:atemp>34</gpxtpx:atemp>
					</gpxtpx:TrackPointExtension>
				</extensions>
			</trkpt>
			<trkpt lat="48.58869" lon="-2.158316">
				<ele>3.8</ele>
				<time>2024-08-18T11:46:20Z</time>
				<extensions>
					<gpxtpx:TrackPointExtension>
						<gpxtpx:hr>107</gpxtpx:hr>
						<gpxtpx:atemp>34</gpxtpx:atemp>
					</gpxtpx:TrackPointExtension>
				</extensions>
			</trkpt>
			<trkpt lat="48.588687" lon="-2.158313">
				<ele>3.6</ele>
				<time>2024-08-18T11:46:30Z</time>
				<extensions>
					<gpxtpx:TrackPointExtension>
						<gpxtpx:hr>111</gpxtpx:hr>
						<gpxtpx:atemp>34</gpxtpx:atemp>
					</gpxtpx:TrackPointExtension>
				</extensions>
			</trkpt>
			<trkpt lat="48.588687" lon="-2.158312">
				<ele>3.8</ele>
				<time>2024-08-18T11:46:32Z</time>
				<extensions>
					<gpxtpx:TrackPointExtension>
						<gpxtpx:hr>115</gpxtpx:hr>
						<gpxtpx:atemp>34</gpxtpx:atemp>
					</gpxtpx:TrackPointExtension>
				</extensions>
			</trkpt>
			<trkpt lat="48.588687" lon="-2.158312">
				<ele>3.8</ele>
				<time>2024-08-18T11:46:34Z</time>
				<extensions>
					<gpxtpx:TrackPointExtension>
						<gpxtpx:hr>118</gpxtpx:hr>
						<gpxtpx:atemp>34</gpxtpx:atemp>
					</gpxtpx:TrackPointExtension>
				</extensions>
			</trkpt>
			<trkpt lat="48.588649" lon="-2.158229">
				<ele>3.8</ele>
				<time>2024-08-18T11:46:46Z</time>
				<extensions>
					<gpxtpx:TrackPointExtension>
						<gpxtpx:hr>118</gpxtpx:hr>
						<gpxtpx:atemp>34</gpxtpx:atemp>
					</gpxtpx:TrackPointExtension>
				</extensions>
			</trkpt>
			<trkpt lat="48.588632" lon="-2.158191">
				<ele>3.8</ele>
				<time>2024-08-18T11:46:48Z</time>
				<extensions>
					<gpxtpx:TrackPointExtension>
						<gpxtpx:hr>114</gpxtpx:hr>
						<gpxtpx:atemp>34</gpxtpx:atemp>
					</gpxtpx:TrackPointExtension>
				</extensions>
			</trkpt>
			<trkpt lat="48.588597" lon="-2.158111">
				<ele>3.8</ele>
				<time>2024-08-18T11:46:52Z</time>
				<extensions>
					<gpxtpx:TrackPointExtension>
						<gpxtpx:hr>110</gpxtpx:hr>
						<gpxtpx:atemp>33</gpxtpx:atemp>
					</gpxtpx:TrackPointExtension>
				</extensions>
			</trkpt>
			<trkpt lat="48.588551" lon="-2.158">
				<ele>3.6</ele>
				<time>2024-08-18T11:46:59Z</time>
				<extensions>
					<gpxtpx:TrackPointExtension>
						<gpxtpx:hr>109</gpxtpx:hr>
						<gpxtpx:atemp>33</gpxtpx:atemp>
					</gpxtpx:TrackPointExtension>
				</extensions>
			</trkpt>
			<trkpt lat="48.588489" lon="-2.157839">
				<ele>3.6</ele>
				<time>2024-08-18T11:47:09Z</time>
				<extensions>
					<gpxtpx:TrackPointExtension>
						<gpxtpx:hr>106</gpxtpx:hr>
						<gpxtpx:atemp>34</gpxtpx:atemp>
					</gpxtpx:TrackPointExtension>
				</extensions>
			</trkpt>
			<trkpt lat="48.588475" lon="-2.157812">
				<ele>3.6</ele>
				<time>2024-08-18T11:47:11Z</time>
				<extensions>
					<gpxtpx:TrackPointExtension>
						<gpxtpx:hr>106</gpxtpx:hr>
						<gpxtpx:atemp>34</gpxtpx:atemp>
					</gpxtpx:TrackPointExtension>
				</extensions>
			</trkpt>
			<trkpt lat="48.58838" lon="-2.157636">
				<ele>3.4</ele>
				<time>2024-08-18T11:47:24Z</time>
				<extensions>
					<gpxtpx:TrackPointExtension>
						<gpxtpx:hr>103</gpxtpx:hr>
						<gpxtpx:atemp>34</gpxtpx:atemp>
					</gpxtpx:TrackPointExtension>
				</extensions>
			</trkpt>
			<trkpt lat="48.588347" lon="-2.157585">
				<ele>3.4</ele>
				<time>2024-08-18T11:47:28Z</time>
				<extensions>
					<gpxtpx:TrackPointExtension>
						<gpxtpx:hr>102</gpxtpx:hr>
						<gpxtpx:atemp>34</gpxtpx:atemp>
					</gpxtpx:TrackPointExtension>
				</extensions>
			</trkpt>
			<trkpt lat="48.588303" lon="-2.157515">
				<ele>3.6</ele>
				<time>2024-08-18T11:47:33Z</time>
				<extensions>
					<gpxtpx:TrackPointExtension>
						<gpxtpx:hr>105</gpxtpx:hr>
						<gpxtpx:atemp>34</gpxtpx:atemp>
					</gpxtpx:TrackPointExtension>
				</extensions>
			</trkpt>
			<trkpt lat="48.588219" lon="-2.157407">
				<ele>3.4</ele>
				<time>2024-08-18T11:47:42Z</time>
				<extensions>
					<gpxtpx:TrackPointExtension>
						<gpxtpx:hr>108</gpxtpx:hr>
						<gpxtpx:atemp>34</gpxtpx:atemp>
					</gpxtpx:TrackPointExtension>
				</extensions>
			</trkpt>
			<trkpt lat="48.588208" lon="-2.157399">
				<ele>3.4</ele>
				<time>2024-08-18T11:47:43Z</time>
				<extensions>
					<gpxtpx:TrackPointExtension>
						<gpxtpx:hr>109</gpxtpx:hr>
						<gpxtpx:atemp>34</gpxtpx:atemp>
					</gpxtpx:TrackPointExtension>
				</extensions>
			</trkpt>
			<trkpt lat="48.588184" lon="-2.15739">
				<ele>3.4</ele>
				<time>2024-08-18T11:47:45Z</time>
				<extensions>
					<gpxtpx:TrackPointExtension>
						<gpxtpx:hr>112</gpxtpx:hr>
						<gpxtpx:atemp>34</gpxtpx:atemp>
					</gpxtpx:TrackPointExtension>
				</extensions>
			</trkpt>
			<trkpt lat="48.588101" lon="-2.157368">
				<ele>3.6</ele>
				<time>2024-08-18T11:47:52Z</time>
				<extensions>
					<gpxtpx:TrackPointExtension>
						<gpxtpx:hr>112</gpxtpx:hr>
						<gpxtpx:atemp>34</gpxtpx:atemp>
					</gpxtpx:TrackPointExtension>
				</extensions>
			</trkpt>
			<trkpt lat="48.587968" lon="-2.15731">
				<ele>3.6</ele>
				<time>2024-08-18T11:48:03Z</time>
				<extensions>
					<gpxtpx:TrackPointExtension>
						<gpxtpx:hr>110</gpxtpx:hr>
						<gpxtpx:atemp>34</gpxtpx:atemp>
					</gpxtpx:TrackPointExtension>
				</extensions>
			</trkpt>
			<trkpt lat="48.587783" lon="-2.157268">
				<ele>3.4</ele>
				<time>2024-08-18T11:48:18Z</time>
				<extensions>
					<gpxtpx:TrackPointExtension>
						<gpxtpx:hr>111</gpxtpx:hr>
						<gpxtpx:atemp>34</gpxtpx:atemp>
					</gpxtpx:TrackPointExtension>
				</extensions>
			</trkpt>
			<trkpt lat="48.587719" lon="-2.157243">
				<ele>3.6</ele>
				<time>2024-08-18T11:48:24Z</time>
				<extensions>
					<gpxtpx:TrackPointExtension>
						<gpxtpx:hr>114</gpxtpx:hr>
						<gpxtpx:atemp>34</gpxtpx:atemp>
					</gpxtpx:TrackPointExtension>
				</extensions>
			</trkpt>
			<trkpt lat="48.587714" lon="-2.157235">
				<ele>3.6</ele>
				<time>2024-08-18T11:48:25Z</time>
				<extensions>
					<gpxtpx:TrackPointExtension>
						<gpxtpx:hr>115</gpxtpx:hr>
						<gpxtpx:atemp>34</gpxtpx:atemp>
					</gpxtpx:TrackPointExtension>
				</extensions>
			</trkpt>
			<trkpt lat="48.587712" lon="-2.157204">
				<ele>4</ele>
				<time>2024-08-18T11:48:30Z</time>
				<extensions>
					<gpxtpx:TrackPointExtension>
						<gpxtpx:hr>114</gpxtpx:hr>
						<gpxtpx:atemp>34</gpxtpx:atemp>
					</gpxtpx:TrackPointExtension>
				</extensions>
			</trkpt>
			<trkpt lat="48.587687" lon="-2.157157">
				<ele>4.6</ele>
				<time>2024-08-18T11:48:36Z</time>
				<extensions>
					<gpxtpx:TrackPointExtension>
						<gpxtpx:hr>117</gpxtpx:hr>
						<gpxtpx:atemp>34</gpxtpx:atemp>
					</gpxtpx:TrackPointExtension>
				</extensions>
			</trkpt>
			<trkpt lat="48.587682" lon="-2.157144">
				<ele>4.6</ele>
				<time>2024-08-18T11:48:37Z</time>
				<extensions>
					<gpxtpx:TrackPointExtension>
						<gpxtpx:hr>117</gpxtpx:hr>
						<gpxtpx:atemp>34</gpxtpx:atemp>
					</gpxtpx:TrackPointExtension>
				</extensions>
			</trkpt>
			<trkpt lat="48.587674" lon="-2.157117">
				<ele>4.6</ele>
				<time>2024-08-18T11:48:39Z</time>
				<extensions>
					<gpxtpx:TrackPointExtension>
						<gpxtpx:hr>120</gpxtpx:hr>
						<gpxtpx:atemp>34</gpxtpx:atemp>
					</gpxtpx:TrackPointExtension>
				</extensions>
			</trkpt>
			<trkpt lat="48.587669" lon="-2.157114">
				<ele>4.6</ele>
				<time>2024-08-18T11:48:41Z</time>
				<extensions>
					<gpxtpx:TrackPointExtension>
						<gpxtpx:hr>123</gpxtpx:hr>
						<gpxtpx:atemp>34</gpxtpx:atemp>
					</gpxtpx:TrackPointExtension>
				</extensions>
			</trkpt>
			<trkpt lat="48.587659" lon="-2.157087">
				<ele>4.4</ele>
				<time>2024-08-18T11:48:44Z</time>
				<extensions>
					<gpxtpx:TrackPointExtension>
						<gpxtpx:hr>125</gpxtpx:hr>
						<gpxtpx:atemp>34</gpxtpx:atemp>
					</gpxtpx:TrackPointExtension>
				</extensions>
			</trkpt>
			<trkpt lat="48.587659" lon="-2.157041">
				<ele>4.4</ele>
				<time>2024-08-18T11:48:47Z</time>
				<extensions>
					<gpxtpx:TrackPointExtension>
						<gpxtpx:hr>121</gpxtpx:hr>
						<gpxtpx:atemp>34</gpxtpx:atemp>
					</gpxtpx:TrackPointExtension>
				</extensions>
			</trkpt>
			<trkpt lat="48.587656" lon="-2.157017">
				<ele>4.6</ele>
				<time>2024-08-18T11:48:49Z</time>
				<extensions>
					<gpxtpx:TrackPointExtension>
						<gpxtpx:hr>118</gpxtpx:hr>
						<gpxtpx:atemp>34</gpxtpx:atemp>
					</gpxtpx:TrackPointExtension>
				</extensions>
			</trkpt>
			<trkpt lat="48.587659" lon="-2.156983">
				<ele>4.8</ele>
				<time>2024-08-18T11:48:52Z</time>
				<extensions>
					<gpxtpx:TrackPointExtension>
						<gpxtpx:hr>119</gpxtpx:hr>
						<gpxtpx:atemp>34</gpxtpx:atemp>
					</gpxtpx:TrackPointExtension>
				</extensions>
			</trkpt>
			<trkpt lat="48.58767" lon="-2.156956">
				<ele>4.8</ele>
				<time>2024-08-18T11:48:54Z</time>
				<extensions>
					<gpxtpx:TrackPointExtension>
						<gpxtpx:hr>119</gpxtpx:hr>
						<gpxtpx:atemp>34</gpxtpx:atemp>
					</gpxtpx:TrackPointExtension>
				</extensions>
			</trkpt>
			<trkpt lat="48.587713" lon="-2.156876">
				<ele>4.8</ele>
				<time>2024-08-18T11:49:00Z</time>
				<extensions>
					<gpxtpx:TrackPointExtension>
						<gpxtpx:hr>119</gpxtpx:hr>
						<gpxtpx:atemp>34</gpxtpx:atemp>
					</gpxtpx:TrackPointExtension>
				</extensions>
			</trkpt>
			<trkpt lat="48.587753" lon="-2.15681">
				<ele>4.6</ele>
				<time>2024-08-18T11:49:05Z</time>
				<extensions>
					<gpxtpx:TrackPointExtension>
						<gpxtpx:hr>114</gpxtpx:hr>
						<gpxtpx:atemp>34</gpxtpx:atemp>
					</gpxtpx:TrackPointExtension>
				</extensions>
			</trkpt>
			<trkpt lat="48.587806" lon="-2.156763">
				<ele>4.8</ele>
				<time>2024-08-18T11:49:10Z</time>
				<extensions>
					<gpxtpx:TrackPointExtension>
						<gpxtpx:hr>112</gpxtpx:hr>
						<gpxtpx:atemp>34</gpxtpx:atemp>
					</gpxtpx:TrackPointExtension>
				</extensions>
			</trkpt>
			<trkpt lat="48.587893" lon="-2.156664">
				<ele>4.8</ele>
				<time>2024-08-18T11:49:19Z</time>
				<extensions>
					<gpxtpx:TrackPointExtension>
						<gpxtpx:hr>112</gpxtpx:hr>
						<gpxtpx:atemp>34</gpxtpx:atemp>
					</gpxtpx:TrackPointExtension>
				</extensions>
			</trkpt>
			<trkpt lat="48.588024" lon="-2.156569">
				<ele>5.2</ele>
				<time>2024-08-18T11:49:31Z</time>
				<extensions>
					<gpxtpx:TrackPointExtension>
						<gpxtpx:hr>111</gpxtpx:hr>
						<gpxtpx:atemp>34</gpxtpx:atemp>
					</gpxtpx:TrackPointExtension>
				</extensions>
			</trkpt>
			<trkpt lat="48.58804" lon="-2.156526">
				<ele>5.4</ele>
				<time>2024-08-18T11:49:35Z</time>
				<extensions>
					<gpxtpx:TrackPointExtension>
						<gpxtpx:hr>113</gpxtpx:hr>
						<gpxtpx:atemp>34</gpxtpx:atemp>
					</gpxtpx:TrackPointExtension>
				</extensions>
			</trkpt>
			<trkpt lat="48.58804" lon="-2.156503">
				<ele>5.4</ele>
				<time>2024-08-18T11:49:37Z</time>
				<extensions>
					<gpxtpx:TrackPointExtension>
						<gpxtpx:hr>116</gpxtpx:hr>
						<gpxtpx:atemp>34</gpxtpx:atemp>
					</gpxtpx:TrackPointExtension>
				</extensions>
			</trkpt>
			<trkpt lat="48.588039" lon="-2.156496">
				<ele>5.4</ele>
				<time>2024-08-18T11:49:38Z</time>
				<extensions>
					<gpxtpx:TrackPointExtension>
						<gpxtpx:hr>117</gpxtpx:hr>
						<gpxtpx:atemp>34</gpxtpx:atemp>
					</gpxtpx:TrackPointExtension>
				</extensions>
			</trkpt>
			<trkpt lat="48.588013" lon="-2.156372">
				<ele>6</ele>
				<time>2024-08-18T11:49:47Z</time>
				<extensions>
					<gpxtpx:TrackPointExtension>
						<gpxtpx:hr>118</gpxtpx:hr>
						<gpxtpx:atemp>34</gpxtpx:atemp>
					</gpxtpx:TrackPointExtension>
				</extensions>
			</trkpt>
			<trkpt lat="48.588009" lon="-2.156325">
				<ele>6.4</ele>
				<time>2024-08-18T11:49:50Z</time>
				<extensions>
					<gpxtpx:TrackPointExtension>
						<gpxtpx:hr>118</gpxtpx:hr>
						<gpxtpx:atemp>34</gpxtpx:atemp>
					</gpxtpx:TrackPointExtension>
				</extensions>
			</trkpt>
			<trkpt lat="48.588003" lon="-2.156291">
				<ele>6.6</ele>
				<time>2024-08-18T11:49:54Z</time>
				<extensions>
					<gpxtpx:TrackPointExtension>
						<gpxtpx:hr>115</gpxtpx:hr>
						<gpxtpx:atemp>34</gpxtpx:atemp>
					</gpxtpx:TrackPointExtension>
				</extensions>
			</trkpt>
			<trkpt lat="48.587954" lon="-2.156081">
				<ele>6.8</ele>
				<time>2024-08-18T11:50:06Z</time>
				<extensions>
					<gpxtpx:TrackPointExtension>
						<gpxtpx:hr>116</gpxtpx:hr>
						<gpxtpx:atemp>34</gpxtpx:atemp>
					</gpxtpx:TrackPointExtension>
				</extensions>
			</trkpt>
			<trkpt lat="48.587948" lon="-2.156039">
				<ele>6.8</ele>
				<time>2024-08-18T11:50:08Z</time>
				<extensions>
					<gpxtpx:TrackPointExtension>
						<gpxtpx:hr>113</gpxtpx:hr>
						<gpxtpx:atemp>34</gpxtpx:atemp>
					</gpxtpx:TrackPointExtension>
				</extensions>
			</trkpt>
			<trkpt lat="48.587937" lon="-2.155983">
				<ele>6.8</ele>
				<time>2024-08-18T11:50:11Z</time>
				<extensions>
					<gpxtpx:TrackPointExtension>
						<gpxtpx:hr>110</gpxtpx:hr>
						<gpxtpx:atemp>34</gpxtpx:atemp>
					</gpxtpx:TrackPointExtension>
				</extensions>
			</trkpt>
			<trkpt lat="48.587933" lon="-2.155964">
				<ele>7</ele>
				<time>2024-08-18T11:50:12Z</time>
				<extensions>
					<gpxtpx:TrackPointExtension>
						<gpxtpx:hr>110</gpxtpx:hr>
						<gpxtpx:atemp>34</gpxtpx:atemp>
					</gpxtpx:TrackPointExtension>
				</extensions>
			</trkpt>
			<trkpt lat="48.587905" lon="-2.155811">
				<ele>7.4</ele>
				<time>2024-08-18T11:50:20Z</time>
				<extensions>
					<gpxtpx:TrackPointExtension>
						<gpxtpx:hr>109</gpxtpx:hr>
						<gpxtpx:atemp>34</gpxtpx:atemp>
					</gpxtpx:TrackPointExtension>
				</extensions>
			</trkpt>
			<trkpt lat="48.587899" lon="-2.155776">
				<ele>7.2</ele>
				<time>2024-08-18T11:50:22Z</time>
				<extensions>
					<gpxtpx:TrackPointExtension>
						<gpxtpx:hr>105</gpxtpx:hr>
						<gpxtpx:atemp>34</gpxtpx:atemp>
					</gpxtpx:TrackPointExtension>
				</extensions>
			</trkpt>
			<trkpt lat="48.587889" lon="-2.155724">
				<ele>7</ele>
				<time>2024-08-18T11:50:25Z</time>
				<extensions>
					<gpxtpx:TrackPointExtension>
						<gpxtpx:hr>108</gpxtpx:hr>
						<gpxtpx:atemp>34</gpxtpx:atemp>
					</gpxtpx:TrackPointExtension>
				</extensions>
			</trkpt>
			<trkpt lat="48.587864" lon="-2.155601">
				<ele>6.4</ele>
				<time>2024-08-18T11:50:32Z</time>
				<extensions>
					<gpxtpx:TrackPointExtension>
						<gpxtpx:hr>109</gpxtpx:hr>
						<gpxtpx:atemp>34</gpxtpx:atemp>
					</gpxtpx:TrackPointExtension>
				</extensions>
			</trkpt>
			<trkpt lat="48.58783" lon="-2.155416">
				<ele>6.6</ele>
				<time>2024-08-18T11:50:42Z</time>
				<extensions>
					<gpxtpx:TrackPointExtension>
						<gpxtpx:hr>112</gpxtpx:hr>
						<gpxtpx:atemp>34</gpxtpx:atemp>
					</gpxtpx:TrackPointExtension>
				</extensions>
			</trkpt>
			<trkpt lat="48.587811" lon="-2.155252">
				<ele>6.8</ele>
				<time>2024-08-18T11:50:51Z</time>
				<extensions>
					<gpxtpx:TrackPointExtension>
						<gpxtpx:hr>113</gpxtpx:hr>
						<gpxtpx:atemp>34</gpxtpx:atemp>
					</gpxtpx:TrackPointExtension>
				</extensions>
			</trkpt>
			<trkpt lat="48.587764" lon="-2.155046">
				<ele>6.8</ele>
				<time>2024-08-18T11:51:03Z</time>
				<extensions>
					<gpxtpx:TrackPointExtension>
						<gpxtpx:hr>114</gpxtpx:hr>
						<gpxtpx:atemp>34</gpxtpx:atemp>
					</gpxtpx:TrackPointExtension>
				</extensions>
			</trkpt>
			<trkpt lat="48.587725" lon="-2.154824">
				<ele>7</ele>
				<time>2024-08-18T11:51:15Z</time>
				<extensions>
					<gpxtpx:TrackPointExtension>
						<gpxtpx:hr>114</gpxtpx:hr>
						<gpxtpx:atemp>34</gpxtpx:atemp>
					</gpxtpx:TrackPointExtension>
				</extensions>
			</trkpt>
			<trkpt lat="48.587703" lon="-2.154708">
				<ele>6.8</ele>
				<time>2024-08-18T11:51:22Z</time>
				<extensions>
					<gpxtpx:TrackPointExtension>
						<gpxtpx:hr>111</gpxtpx:hr>
						<gpxtpx:atemp>34</gpxtpx:atemp>
					</gpxtpx:TrackPointExtension>
				</extensions>
			</trkpt>
			<trkpt lat="48.587685" lon="-2.154588">
				<ele>7</ele>
				<time>2024-08-18T11:51:29Z</time>
				<extensions>
					<gpxtpx:TrackPointExtension>
						<gpxtpx:hr>113</gpxtpx:hr>
						<gpxtpx:atemp>34</gpxtpx:atemp>
					</gpxtpx:TrackPointExtension>
				</extensions>
			</trkpt>
			<trkpt lat="48.587679" lon="-2.15455">
				<ele>8</ele>
				<time>2024-08-18T11:51:31Z</time>
				<extensions>
					<gpxtpx:TrackPointExtension>
						<gpxtpx:hr>112</gpxtpx:hr>
						<gpxtpx:atemp>34</gpxtpx:atemp>
					</gpxtpx:TrackPointExtension>
				</extensions>
			</trkpt>
			<trkpt lat="48.587632" lon="-2.154377">
				<ele>8.2</ele>
				<time>2024-08-18T11:51:40Z</time>
				<extensions>
					<gpxtpx:TrackPointExtension>
						<gpxtpx:hr>112</gpxtpx:hr>
						<gpxtpx:atemp>34</gpxtpx:atemp>
					</gpxtpx:TrackPointExtension>
				</extensions>
			</trkpt>
			<trkpt lat="48.587601" lon="-2.15427">
				<ele>7.6</ele>
				<time>2024-08-18T11:51:47Z</time>
				<extensions>
					<gpxtpx:TrackPointExtension>
						<gpxtpx:hr>110</gpxtpx:hr>
						<gpxtpx:atemp>34</gpxtpx:atemp>
					</gpxtpx:TrackPointExtension>
				</extensions>
			</trkpt>
			<trkpt lat="48.58759" lon="-2.15427">
				<ele>7.4</ele>
				<time>2024-08-18T11:51:49Z</time>
				<extensions>
					<gpxtpx:TrackPointExtension>
						<gpxtpx:hr>110</gpxtpx:hr>
						<gpxtpx:atemp>34</gpxtpx:atemp>
					</gpxtpx:TrackPointExtension>
				</extensions>
			</trkpt>
			<trkpt lat="48.587585" lon="-2.154273">
				<ele>6.8</ele>
				<time>2024-08-18T11:51:51Z</time>
				<extensions>
					<gpxtpx:TrackPointExtension>
						<gpxtpx:hr>111</gpxtpx:hr>
						<gpxtpx:atemp>34</gpxtpx:atemp>
					</gpxtpx:TrackPointExtension>
				</extensions>
			</trkpt>
			<trkpt lat="48.587579" lon="-2.154277">
				<ele>6</ele>
				<time>2024-08-18T11:51:54Z</time>
				<extensions>
					<gpxtpx:TrackPointExtension>
						<gpxtpx:hr>111</gpxtpx:hr>
						<gpxtpx:atemp>34</gpxtpx:atemp>
					</gpxtpx:TrackPointExtension>
				</extensions>
			</trkpt>
			<trkpt lat="48.587562" lon="-2.154281">
				<ele>5.6</ele>
				<time>2024-08-18T11:51:59Z</time>
				<extensions>
					<gpxtpx:TrackPointExtension>
						<gpxtpx:hr>112</gpxtpx:hr>
						<gpxtpx:atemp>34</gpxtpx:atemp>
					</gpxtpx:TrackPointExtension>
				</extensions>
			</trkpt>
			<trkpt lat="48.587551" lon="-2.154283">
				<ele>4.4</ele>
				<time>2024-08-18T11:52:02Z</time>
				<extensions>
					<gpxtpx:TrackPointExtension>
						<gpxtpx:hr>115</gpxtpx:hr>
						<gpxtpx:atemp>34</gpxtpx:atemp>
					</gpxtpx:TrackPointExtension>
				</extensions>
			</trkpt>
			<trkpt lat="48.587545" lon="-2.154285">
				<ele>4.4</ele>
				<time>2024-08-18T11:52:03Z</time>
				<extensions>
					<gpxtpx:TrackPointExtension>
						<gpxtpx:hr>117</gpxtpx:hr>
						<gpxtpx:atemp>34</gpxtpx:atemp>
					</gpxtpx:TrackPointExtension>
				</extensions>
			</trkpt>
			<trkpt lat="48.587487" lon="-2.154292">
				<ele>3.6</ele>
				<time>2024-08-18T11:52:10Z</time>
				<extensions>
					<gpxtpx:TrackPointExtension>
						<gpxtpx:hr>118</gpxtpx:hr>
						<gpxtpx:atemp>34</gpxtpx:atemp>
					</gpxtpx:TrackPointExtension>
				</extensions>
			</trkpt>
			<trkpt lat="48.587489" lon="-2.154293">
				<ele>3.6</ele>
				<time>2024-08-18T11:52:12Z</time>
				<extensions>
					<gpxtpx:TrackPointExtension>
						<gpxtpx:hr>115</gpxtpx:hr>
						<gpxtpx:atemp>34</gpxtpx:atemp>
					</gpxtpx:TrackPointExtension>
				</extensions>
			</trkpt>
			<trkpt lat="48.587487" lon="-2.154295">
				<ele>3.6</ele>
				<time>2024-08-18T11:52:15Z</time>
				<extensions>
					<gpxtpx:TrackPointExtension>
						<gpxtpx:hr>114</gpxtpx:hr>
						<gpxtpx:atemp>34</gpxtpx:atemp>
					</gpxtpx:TrackPointExtension>
				</extensions>
			</trkpt>
			<trkpt lat="48.587469" lon="-2.154306">
				<ele>3.4</ele>
				<time>2024-08-18T11:52:18Z</time>
				<extensions>
					<gpxtpx:TrackPointExtension>
						<gpxtpx:hr>114</gpxtpx:hr>
						<gpxtpx:atemp>34</gpxtpx:atemp>
					</gpxtpx:TrackPointExtension>
				</extensions>
			</trkpt>
			<trkpt lat="48.587427" lon="-2.154332">
				<ele>3.4</ele>
				<time>2024-08-18T11:52:23Z</time>
				<extensions>
					<gpxtpx:TrackPointExtension>
						<gpxtpx:hr>113</gpxtpx:hr>
						<gpxtpx:atemp>34</gpxtpx:atemp>
					</gpxtpx:TrackPointExtension>
				</extensions>
			</trkpt>
			<trkpt lat="48.587375" lon="-2.154368">
				<ele>3.2</ele>
				<time>2024-08-18T11:52:31Z</time>
				<extensions>
					<gpxtpx:TrackPointExtension>
						<gpxtpx:hr>112</gpxtpx:hr>
						<gpxtpx:atemp>34</gpxtpx:atemp>
					</gpxtpx:TrackPointExtension>
				</extensions>
			</trkpt>
			<trkpt lat="48.58734" lon="-2.154415">
				<ele>3.6</ele>
				<time>2024-08-18T11:52:37Z</time>
				<extensions>
					<gpxtpx:TrackPointExtension>
						<gpxtpx:hr>110</gpxtpx:hr>
						<gpxtpx:atemp>34</gpxtpx:atemp>
					</gpxtpx:TrackPointExtension>
				</extensions>
			</trkpt>
			<trkpt lat="48.587335" lon="-2.154422">
				<ele>3.2</ele>
				<time>2024-08-18T11:52:43Z</time>
				<extensions>
					<gpxtpx:TrackPointExtension>
						<gpxtpx:hr>108</gpxtpx:hr>
						<gpxtpx:atemp>34</gpxtpx:atemp>
					</gpxtpx:TrackPointExtension>
				</extensions>
			</trkpt>
			<trkpt lat="48.587336" lon="-2.154419">
				<ele>3.6</ele>
				<time>2024-08-18T11:52:48Z</time>
				<extensions>
					<gpxtpx:TrackPointExtension>
						<gpxtpx:hr>108</gpxtpx:hr>
						<gpxtpx:atemp>34</gpxtpx:atemp>
					</gpxtpx:TrackPointExtension>
				</extensions>
			</trkpt>
			<trkpt lat="48.587363" lon="-2.154415">
				<ele>3.6</ele>
				<time>2024-08-18T11:52:53Z</time>
				<extensions>
					<gpxtpx:TrackPointExtension>
						<gpxtpx:hr>110</gpxtpx:hr>
						<gpxtpx:atemp>34</gpxtpx:atemp>
					</gpxtpx:TrackPointExtension>
				</extensions>
			</trkpt>
			<trkpt lat="48.587363" lon="-2.154414">
				<ele>3.4</ele>
				<time>2024-08-18T11:53:05Z</time>
				<extensions>
					<gpxtpx:TrackPointExtension>
						<gpxtpx:hr>109</gpxtpx:hr>
						<gpxtpx:atemp>34</gpxtpx:atemp>
					</gpxtpx:TrackPointExtension>
				</extensions>
			</trkpt>
			<trkpt lat="48.587363" lon="-2.154414">
				<ele>3.6</ele>
				<time>2024-08-18T11:53:10Z</time>
				<extensions>
					<gpxtpx:TrackPointExtension>
						<gpxtpx:hr>113</gpxtpx:hr>
						<gpxtpx:atemp>34</gpxtpx:atemp>
					</gpxtpx:TrackPointExtension>
				</extensions>
			</trkpt>
			<trkpt lat="48.587363" lon="-2.154415">
				<ele>3.6</ele>
				<time>2024-08-18T11:53:15Z</time>
				<extensions>
					<gpxtpx:TrackPointExtension>
						<gpxtpx:hr>116</gpxtpx:hr>
						<gpxtpx:atemp>34</gpxtpx:atemp>
					</gpxtpx:TrackPointExtension>
				</extensions>
			</trkpt>
			<trkpt lat="48.587361" lon="-2.154417">
				<ele>3.4</ele>
				<time>2024-08-18T11:53:34Z</time>
				<extensions>
					<gpxtpx:TrackPointExtension>
						<gpxtpx:hr>119</gpxtpx:hr>
						<gpxtpx:atemp>34</gpxtpx:atemp>
					</gpxtpx:TrackPointExtension>
				</extensions>
			</trkpt>
			<trkpt lat="48.587364" lon="-2.154422">
				<ele>3.2</ele>
				<time>2024-08-18T11:53:53Z</time>
				<extensions>
					<gpxtpx:TrackPointExtension>
						<gpxtpx:hr>116</gpxtpx:hr>
						<gpxtpx:atemp>34</gpxtpx:atemp>
					</gpxtpx:TrackPointExtension>
				</extensions>
			</trkpt>
			<trkpt lat="48.587365" lon="-2.154424">
				<ele>3.2</ele>
				<time>2024-08-18T11:53:55Z</time>
				<extensions>
					<gpxtpx:TrackPointExtension>
						<gpxtpx:hr>113</gpxtpx:hr>
						<gpxtpx:atemp>34</gpxtpx:atemp>
					</gpxtpx:TrackPointExtension>
				</extensions>
			</trkpt>
			<trkpt lat="48.587365" lon="-2.154425">
				<ele>2.8</ele>
				<time>2024-08-18T11:54:31Z</time>
				<extensions>
					<gpxtpx:TrackPointExtension>
						<gpxtpx:hr>110</gpxtpx:hr>
						<gpxtpx:atemp>34</gpxtpx:atemp>
					</gpxtpx:TrackPointExtension>
				</extensions>
			</trkpt>
			<trkpt lat="48.587366" lon="-2.154424">
				<ele>2.8</ele>
				<time>2024-08-18T11:54:35Z</time>
				<extensions>
					<gpxtpx:TrackPointExtension>
						<gpxtpx:hr>107</gpxtpx:hr>
						<gpxtpx:atemp>34</gpxtpx:atemp>
					</gpxtpx:TrackPointExtension>
				</extensions>
			</trkpt>
			<trkpt lat="48.587367" lon="-2.154424">
				<ele>3.4</ele>
				<time>2024-08-18T11:54:43Z</time>
				<extensions>
					<gpxtpx:TrackPointExtension>
						<gpxtpx:hr>104</gpxtpx:hr>
						<gpxtpx:atemp>34</gpxtpx:atemp>
					</gpxtpx:TrackPointExtension>
				</extensions>
			</trkpt>
			<trkpt lat="48.587368" lon="-2.154423">
				<ele>3.2</ele>
				<time>2024-08-18T11:54:50Z</time>
				<extensions>
					<gpxtpx:TrackPointExtension>
						<gpxtpx:hr>101</gpxtpx:hr>
						<gpxtpx:atemp>34</gpxtpx:atemp>
					</gpxtpx:TrackPointExtension>
				</extensions>
			</trkpt>
			<trkpt lat="48.587369" lon="-2.154431">
				<ele>3.2</ele>
				<time>2024-08-18T11:55:07Z</time>
				<extensions>
					<gpxtpx:TrackPointExtension>
						<gpxtpx:hr>104</gpxtpx:hr>
						<gpxtpx:atemp>33</gpxtpx:atemp>
					</gpxtpx:TrackPointExtension>
				</extensions>
			</trkpt>
			<trkpt lat="48.587369" lon="-2.154432">
				<ele>3.2</ele>
				<time>2024-08-18T11:55:09Z</time>
				<extensions>
					<gpxtpx:TrackPointExtension>
						<gpxtpx:hr>107</gpxtpx:hr>
						<gpxtpx:atemp>33</gpxtpx:atemp>
					</gpxtpx:TrackPointExtension>
				</extensions>
			</trkpt>
			<trkpt lat="48.587369" lon="-2.154433">
				<ele>3.2</ele>
				<time>2024-08-18T11:55:11Z</time>
				<extensions>
					<gpxtpx:TrackPointExtension>
						<gpxtpx:hr>106</gpxtpx:hr>
						<gpxtpx:atemp>33</gpxtpx:atemp>
					</gpxtpx:TrackPointExtension>
				</extensions>
			</trkpt>
			<trkpt lat="48.587369" lon="-2.154439">
				<ele>3.4</ele>
				<time>2024-08-18T11:55:23Z</time>
				<extensions>
					<gpxtpx:TrackPointExtension>
						<gpxtpx:hr>109</gpxtpx:hr>
						<gpxtpx:atemp>33</gpxtpx:atemp>
					</gpxtpx:TrackPointExtension>
				</extensions>
			</trkpt>
			<trkpt lat="48.587339" lon="-2.154507">
				<ele>4.2</ele>
				<time>2024-08-18T11:55:38Z</time>
				<extensions>
					<gpxtpx:TrackPointExtension>
						<gpxtpx:hr>107</gpxtpx:hr>
						<gpxtpx:atemp>33</gpxtpx:atemp>
					</gpxtpx:TrackPointExtension>
				</extensions>
			</trkpt>
			<trkpt lat="48.587319" lon="-2.154615">
				<ele>4.2</ele>
				<time>2024-08-18T11:55:45Z</time>
				<extensions>
					<gpxtpx:TrackPointExtension>
						<gpxtpx:hr>106</gpxtpx:hr>
						<gpxtpx:atemp>33</gpxtpx:atemp>
					</gpxtpx:TrackPointExtension>
				</extensions>
			</trkpt>
			<trkpt lat="48.587316" lon="-2.154641">
				<ele>4</ele>
				<time>2024-08-18T11:55:49Z</time>
				<extensions>
					<gpxtpx:TrackPointExtension>
						<gpxtpx:hr>109</gpxtpx:hr>
						<gpxtpx:atemp>33</gpxtpx:atemp>
					</gpxtpx:TrackPointExtension>
				</extensions>
			</trkpt>
			<trkpt lat="48.587312" lon="-2.154645">
				<ele>4</ele>
				<time>2024-08-18T11:55:51Z</time>
				<extensions>
					<gpxtpx:TrackPointExtension>
						<gpxtpx:hr>109</gpxtpx:hr>
						<gpxtpx:atemp>33</gpxtpx:atemp>
					</gpxtpx:TrackPointExtension>
				</extensions>
			</trkpt>
			<trkpt lat="48.587271" lon="-2.154735">
				<ele>4</ele>
				<time>2024-08-18T11:55:58Z</time>
				<extensions>
					<gpxtpx:TrackPointExtension>
						<gpxtpx:hr>112</gpxtpx:hr>
						<gpxtpx:atemp>33</gpxtpx:atemp>
					</gpxtpx:TrackPointExtension>
				</extensions>
			</trkpt>
			<trkpt lat="48.587204" lon="-2.154821">
				<ele>4</ele>
				<time>2024-08-18T11:56:07Z</time>
				<extensions>
					<gpxtpx:TrackPointExtension>
						<gpxtpx:hr>110</gpxtpx:hr>
						<gpxtpx:atemp>33</gpxtpx:atemp>
					</gpxtpx:TrackPointExtension>
				</extensions>
			</trkpt>
			<trkpt lat="48.587144" lon="-2.154866">
				<ele>4</ele>
				<time>2024-08-18T11:56:13Z</time>
				<extensions>
					<gpxtpx:TrackPointExtension>
						<gpxtpx:hr>107</gpxtpx:hr>
						<gpxtpx:atemp>33</gpxtpx:atemp>
					</gpxtpx:TrackPointExtension>
				</extensions>
			</trkpt>
			<trkpt lat="48.587083" lon="-2.154919">
				<ele>3.8</ele>
				<time>2024-08-18T11:56:19Z</time>
				<extensions>
					<gpxtpx:TrackPointExtension>
						<gpxtpx:hr>106</gpxtpx:hr>
						<gpxtpx:atemp>33</gpxtpx:atemp>
					</gpxtpx:TrackPointExtension>
				</extensions>
			</trkpt>
			<trkpt lat="48.586988" lon="-2.155006">
				<ele>3.8</ele>
				<time>2024-08-18T11:56:28Z</time>
				<extensions>
					<gpxtpx:TrackPointExtension>
						<gpxtpx:hr>105</gpxtpx:hr>
						<gpxtpx:atemp>33</gpxtpx:atemp>
					</gpxtpx:TrackPointExtension>
				</extensions>
			</trkpt>
			<trkpt lat="48.58698" lon="-2.15501">
				<ele>3.8</ele>
				<time>2024-08-18T11:56:29Z</time>
				<extensions>
					<gpxtpx:TrackPointExtension>
						<gpxtpx:hr>106</gpxtpx:hr>
						<gpxtpx:atemp>33</gpxtpx:atemp>
					</gpxtpx:TrackPointExtension>
				</extensions>
			</trkpt>
			<trkpt lat="48.586929" lon="-2.155045">
				<ele>4.2</ele>
				<time>2024-08-18T11:56:35Z</time>
				<extensions>
					<gpxtpx:TrackPointExtension>
						<gpxtpx:hr>106</gpxtpx:hr>
						<gpxtpx:atemp>33</gpxtpx:atemp>
					</gpxtpx:TrackPointExtension>
				</extensions>
			</trkpt>
			<trkpt lat="48.586877" lon="-2.155115">
				<ele>4.2</ele>
				<time>2024-08-18T11:56:40Z</time>
				<extensions>
					<gpxtpx:TrackPointExtension>
						<gpxtpx:hr>110</gpxtpx:hr>
						<gpxtpx:atemp>33</gpxtpx:atemp>
					</gpxtpx:TrackPointExtension>
				</extensions>
			</trkpt>
			<trkpt lat="48.586842" lon="-2.155139">
				<ele>4.4</ele>
				<time>2024-08-18T11:56:43Z</time>
				<extensions>
					<gpxtpx:TrackPointExtension>
						<gpxtpx:hr>109</gpxtpx:hr>
						<gpxtpx:atemp>33</gpxtpx:atemp>
					</gpxtpx:TrackPointExtension>
				</extensions>
			</trkpt>
			<trkpt lat="48.586829" lon="-2.155145">
				<ele>4.4</ele>
				<time>2024-08-18T11:56:44Z</time>
				<extensions>
					<gpxtpx:TrackPointExtension>
						<gpxtpx:hr>109</gpxtpx:hr>
						<gpxtpx:atemp>33</gpxtpx:atemp>
					</gpxtpx:TrackPointExtension>
				</extensions>
			</trkpt>
			<trkpt lat="48.586751" lon="-2.155171">
				<ele>4.6</ele>
				<time>2024-08-18T11:56:51Z</time>
				<extensions>
					<gpxtpx:TrackPointExtension>
						<gpxtpx:hr>110</gpxtpx:hr>
						<gpxtpx:atemp>33</gpxtpx:atemp>
					</gpxtpx:TrackPointExtension>
				</extensions>
			</trkpt>
			<trkpt lat="48.586685" lon="-2.155189">
				<ele>5</ele>
				<time>2024-08-18T11:56:58Z</time>
				<extensions>
					<gpxtpx:TrackPointExtension>
						<gpxtpx:hr>112</gpxtpx:hr>
						<gpxtpx:atemp>33</gpxtpx:atemp>
					</gpxtpx:TrackPointExtension>
				</extensions>
			</trkpt>
			<trkpt lat="48.586633" lon="-2.155236">
				<ele>5.2</ele>
				<time>2024-08-18T11:57:06Z</time>
				<extensions>
					<gpxtpx:TrackPointExtension>
						<gpxtpx:hr>112</gpxtpx:hr>
						<gpxtpx:atemp>33</gpxtpx:atemp>
					</gpxtpx:TrackPointExtension>
				</extensions>
			</trkpt>
			<trkpt lat="48.586573" lon="-2.155271">
				<ele>5.4</ele>
				<time>2024-08-18T11:57:11Z</time>
				<extensions>
					<gpxtpx:TrackPointExtension>
						<gpxtpx:hr>110</gpxtpx:hr>
						<gpxtpx:atemp>33</gpxtpx:atemp>
					</gpxtpx:TrackPointExtension>
				</extensions>
			</trkpt>
			<trkpt lat="48.586554" lon="-2.155285">
				<ele>5.6</ele>
				<time>2024-08-18T11:57:13Z</time>
				<extensions>
					<gpxtpx:TrackPointExtension>
						<gpxtpx:hr>110</gpxtpx:hr>
						<gpxtpx:atemp>33</gpxtpx:atemp>
					</gpxtpx:TrackPointExtension>
				</extensions>
			</trkpt>
			<trkpt lat="48.586502" lon="-2.155334">
				<ele>5.6</ele>
				<time>2024-08-18T11:57:19Z</time>
				<extensions>
					<gpxtpx:TrackPointExtension>
						<gpxtpx:hr>107</gpxtpx:hr>
						<gpxtpx:atemp>33</gpxtpx:atemp>
					</gpxtpx:TrackPointExtension>
				</extensions>
			</trkpt>
			<trkpt lat="48.586487" lon="-2.155356">
				<ele>5.6</ele>
				<time>2024-08-18T11:57:21Z</time>
				<extensions>
					<gpxtpx:TrackPointExtension>
						<gpxtpx:hr>106</gpxtpx:hr>
						<gpxtpx:atemp>33</gpxtpx:atemp>
					</gpxtpx:TrackPointExtension>
				</extensions>
			</trkpt>
			<trkpt lat="48.586441" lon="-2.155411">
				<ele>5.6</ele>
				<time>2024-08-18T11:57:28Z</time>
				<extensions>
					<gpxtpx:TrackPointExtension>
						<gpxtpx:hr>108</gpxtpx:hr>
						<gpxtpx:atemp>32</gpxtpx:atemp>
					</gpxtpx:TrackPointExtension>
				</extensions>
			</trkpt>
			<trkpt lat="48.586391" lon="-2.155439">
				<ele>5.6</ele>
				<time>2024-08-18T11:57:31Z</time>
				<extensions>
					<gpxtpx:TrackPointExtension>
						<gpxtpx:hr>106</gpxtpx:hr>
						<gpxtpx:atemp>32</gpxtpx:atemp>
					</gpxtpx:TrackPointExtension>
				</extensions>
			</trkpt>
			<trkpt lat="48.586301" lon="-2.155484">
				<ele>6</ele>
				<time>2024-08-18T11:57:37Z</time>
				<extensions>
					<gpxtpx:TrackPointExtension>
						<gpxtpx:hr>108</gpxtpx:hr>
						<gpxtpx:atemp>32</gpxtpx:atemp>
					</gpxtpx:TrackPointExtension>
				</extensions>
			</trkpt>
			<trkpt lat="48.586205" lon="-2.155524">
				<ele>6.2</ele>
				<time>2024-08-18T11:57:45Z</time>
				<extensions>
					<gpxtpx:TrackPointExtension>
						<gpxtpx:hr>107</gpxtpx:hr>
						<gpxtpx:atemp>32</gpxtpx:atemp>
					</gpxtpx:TrackPointExtension>
				</extensions>
			</trkpt>
			<trkpt lat="48.586149" lon="-2.155528">
				<ele>6.4</ele>
				<time>2024-08-18T11:57:49Z</time>
				<extensions>
					<gpxtpx:TrackPointExtension>
						<gpxtpx:hr>110</gpxtpx:hr>
						<gpxtpx:atemp>32</gpxtpx:atemp>
					</gpxtpx:TrackPointExtension>
				</extensions>
			</trkpt>
			<trkpt lat="48.586094" lon="-2.155533">
				<ele>6.2</ele>
				<time>2024-08-18T11:57:53Z</time>
				<extensions>
					<gpxtpx:TrackPointExtension>
						<gpxtpx:hr>110</gpxtpx:hr>
						<gpxtpx:atemp>32</gpxtpx:atemp>
					</gpxtpx:TrackPointExtension>
				</extensions>
			</trkpt>
			<trkpt lat="48.585974" lon="-2.155544">
				<ele>6</ele>
				<time>2024-08-18T11:58:02Z</time>
				<extensions>
					<gpxtpx:TrackPointExtension>
						<gpxtpx:hr>108</gpxtpx:hr>
						<gpxtpx:atemp>32</gpxtpx:atemp>
					</gpxtpx:TrackPointExtension>
				</extensions>
			</trkpt>
			<trkpt lat="48.585905" lon="-2.155558">
				<ele>6.4</ele>
				<time>2024-08-18T11:58:07Z</time>
				<extensions>
					<gpxtpx:TrackPointExtension>
						<gpxtpx:hr>108</gpxtpx:hr>
						<gpxtpx:atemp>32</gpxtpx:atemp>
					</gpxtpx:TrackPointExtension>
				</extensions>
			</trkpt>
			<trkpt lat="48.585892" lon="-2.155556">
				<ele>6.4</ele>
				<time>2024-08-18T11:58:08Z</time>
				<extensions>
					<gpxtpx:TrackPointExtension>
						<gpxtpx:hr>108</gpxtpx:hr>
						<gpxtpx:atemp>32</gpxtpx:atemp>
					</gpxtpx:TrackPointExtension>
				</extensions>
			</trkpt>
			<trkpt lat="48.585878" lon="-2.155555">
				<ele>6.6</ele>
				<time>2024-08-18T11:58:09Z</time>
				<extensions>
					<gpxtpx:TrackPointExtension>
						<gpxtpx:hr>107</gpxtpx:hr>
						<gpxtpx:atemp>32</gpxtpx:atemp>
					</gpxtpx:TrackPointExtension>
				</extensions>
			</trkpt>
			<trkpt lat="48.585736" lon="-2.15558">
				<ele>6</ele>
				<time>2024-08-18T11:58:20Z</time>
				<extensions>
					<gpxtpx:TrackPointExtension>
						<gpxtpx:hr>107</gpxtpx:hr>
						<gpxtpx:atemp>32</gpxtpx:atemp>
					</gpxtpx:TrackPointExtension>
				</extensions>
			</trkpt>
			<trkpt lat="48.58557" lon="-2.155596">
				<ele>6.4</ele>
				<time>2024-08-18T11:58:33Z</time>
				<extensions>
					<gpxtpx:TrackPointExtension>
						<gpxtpx:hr>106</gpxtpx:hr>
						<gpxtpx:atemp>32</gpxtpx:atemp>
					</gpxtpx:TrackPointExtension>
				</extensions>
			</trkpt>
			<trkpt lat="48.585485" lon="-2.155608">
				<ele>5.8</ele>
				<time>2024-08-18T11:58:40Z</time>
				<extensions>
					<gpxtpx:TrackPointExtension>
						<gpxtpx:hr>106</gpxtpx:hr>
						<gpxtpx:atemp>32</gpxtpx:atemp>
					</gpxtpx:TrackPointExtension>
				</extensions>
			</trkpt>
			<trkpt lat="48.585461" lon="-2.155615">
				<ele>5.6</ele>
				<time>2024-08-18T11:58:42Z</time>
				<extensions>
					<gpxtpx:TrackPointExtension>
						<gpxtpx:hr>107</gpxtpx:hr>
						<gpxtpx:atemp>32</gpxtpx:atemp>
					</gpxtpx:TrackPointExtension>
				</extensions>
			</trkpt>
			<trkpt lat="48.585374" lon="-2.15564">
				<ele>5.8</ele>
				<time>2024-08-18T11:58:49Z</time>
				<extensions>
					<gpxtpx:TrackPointExtension>
						<gpxtpx:hr>104</gpxtpx:hr>
						<gpxtpx:atemp>32</gpxtpx:atemp>
					</gpxtpx:TrackPointExtension>
				</extensions>
			</trkpt>
			<trkpt lat="48.585312" lon="-2.155642">
				<ele>5.8</ele>
				<time>2024-08-18T11:58:54Z</time>
				<extensions>
					<gpxtpx:TrackPointExtension>
						<gpxtpx:hr>104</gpxtpx:hr>
						<gpxtpx:atemp>32</gpxtpx:atemp>
					</gpxtpx:TrackPointExtension>
				</extensions>
			</trkpt>
			<trkpt lat="48.585243" lon="-2.155636">
				<ele>5.8</ele>
				<time>2024-08-18T11:59:00Z</time>
				<extensions>
					<gpxtpx:TrackPointExtension>
						<gpxtpx:hr>107</gpxtpx:hr>
						<gpxtpx:atemp>31</gpxtpx:atemp>
					</gpxtpx:TrackPointExtension>
				</extensions>
			</trkpt>
			<trkpt lat="48.585232" lon="-2.155638">
				<ele>5.6</ele>
				<time>2024-08-18T11:59:01Z</time>
				<extensions>
					<gpxtpx:TrackPointExtension>
						<gpxtpx:hr>107</gpxtpx:hr>
						<gpxtpx:atemp>31</gpxtpx:atemp>
					</gpxtpx:TrackPointExtension>
				</extensions>
			</trkpt>
			<trkpt lat="48.585144" lon="-2.155644">
				<ele>5.8</ele>
				<time>2024-08-18T11:59:08Z</time>
				<extensions>
					<gpxtpx:TrackPointExtension>
						<gpxtpx:hr>107</gpxtpx:hr>
						<gpxtpx:atemp>31</gpxtpx:atemp>
					</gpxtpx:TrackPointExtension>
				</extensions>
			</trkpt>
			<trkpt lat="48.58513" lon="-2.155642">
				<ele>5.6</ele>
				<time>2024-08-18T11:59:09Z</time>
				<extensions>
					<gpxtpx:TrackPointExtension>
						<gpxtpx:hr>108</gpxtpx:hr>
						<gpxtpx:atemp>31</gpxtpx:atemp>
					</gpxtpx:TrackPointExtension>
				</extensions>
			</trkpt>
			<trkpt lat="48.585081" lon="-2.155645">
				<ele>5.4</ele>
				<time>2024-08-18T11:59:13Z</time>
				<extensions>
					<gpxtpx:TrackPointExtension>
						<gpxtpx:hr>108</gpxtpx:hr>
						<gpxtpx:atemp>31</gpxtpx:atemp>
					</gpxtpx:TrackPointExtension>
				</extensions>
			</trkpt>
			<trkpt lat="48.585028" lon="-2.155649">
				<ele>5.4</ele>
				<time>2024-08-18T11:59:17Z</time>
				<extensions>
					<gpxtpx:TrackPointExtension>
						<gpxtpx:hr>110</gpxtpx:hr>
						<gpxtpx:atemp>31</gpxtpx:atemp>
					</gpxtpx:TrackPointExtension>
				</extensions>
			</trkpt>
			<trkpt lat="48.584981" lon="-2.155646">
				<ele>5.4</ele>
				<time>2024-08-18T11:59:21Z</time>
				<extensions>
					<gpxtpx:TrackPointExtension>
						<gpxtpx:hr>110</gpxtpx:hr>
						<gpxtpx:atemp>31</gpxtpx:atemp>
					</gpxtpx:TrackPointExtension>
				</extensions>
			</trkpt>
			<trkpt lat="48.584932" lon="-2.155646">
				<ele>5.2</ele>
				<time>2024-08-18T11:59:25Z</time>
				<extensions>
					<gpxtpx:TrackPointExtension>
						<gpxtpx:hr>110</gpxtpx:hr>
						<gpxtpx:atemp>31</gpxtpx:atemp>
					</gpxtpx:TrackPointExtension>
				</extensions>
			</trkpt>
			<trkpt lat="48.584813" lon="-2.155675">
				<ele>5.6</ele>
				<time>2024-08-18T11:59:35Z</time>
				<extensions>
					<gpxtpx:TrackPointExtension>
						<gpxtpx:hr>106</gpxtpx:hr>
						<gpxtpx:atemp>31</gpxtpx:atemp>
					</gpxtpx:TrackPointExtension>
				</extensions>
			</trkpt>
			<trkpt lat="48.58473" lon="-2.155786">
				<ele>6.2</ele>
				<time>2024-08-18T11:59:45Z</time>
				<extensions>
					<gpxtpx:TrackPointExtension>
						<gpxtpx:hr>108</gpxtpx:hr>
						<gpxtpx:atemp>31</gpxtpx:atemp>
					</gpxtpx:TrackPointExtension>
				</extensions>
			</trkpt>
			<trkpt lat="48.584676" lon="-2.155855">
				<ele>6.2</ele>
				<time>2024-08-18T11:59:53Z</time>
				<extensions>
					<gpxtpx:TrackPointExtension>
						<gpxtpx:hr>109</gpxtpx:hr>
						<gpxtpx:atemp>31</gpxtpx:atemp>
					</gpxtpx:TrackPointExtension>
				</extensions>
			</trkpt>
			<trkpt lat="48.584662" lon="-2.155842">
				<ele>5.8</ele>
				<time>2024-08-18T11:59:56Z</time>
				<extensions>
					<gpxtpx:TrackPointExtension>
						<gpxtpx:hr>109</gpxtpx:hr>
						<gpxtpx:atemp>31</gpxtpx:atemp>
					</gpxtpx:TrackPointExtension>
				</extensions>
			</trkpt>
			<trkpt lat="48.58463" lon="-2.155766">
				<ele>6</ele>
				<time>2024-08-18T12:00:03Z</time>
				<extensions>
					<gpxtpx:TrackPointExtension>
						<gpxtpx:hr>110</gpxtpx:hr>
						<gpxtpx:atemp>31</gpxtpx:atemp>
					</gpxtpx:TrackPointExtension>
				</extensions>
			</trkpt>
			<trkpt lat="48.584539" lon="-2.155703">
				<ele>6</ele>
				<time>2024-08-18T12:00:13Z</time>
				<extensions>
					<gpxtpx:TrackPointExtension>
						<gpxtpx:hr>110</gpxtpx:hr>
						<gpxtpx:atemp>31</gpxtpx:atemp>
					</gpxtpx:TrackPointExtension>
				</extensions>
			</trkpt>
			<trkpt lat="48.584506" lon="-2.155662">
				<ele>6.2</ele>
				<time>2024-08-18T12:00:17Z</time>
				<extensions>
					<gpxtpx:TrackPointExtension>
						<gpxtpx:hr>107</gpxtpx:hr>
						<gpxtpx:atemp>31</gpxtpx:atemp>
					</gpxtpx:TrackPointExtension>
				</extensions>
			</trkpt>
			<trkpt lat="48.5845" lon="-2.155655">
				<ele>6.4</ele>
				<time>2024-08-18T12:00:22Z</time>
				<extensions>
					<gpxtpx:TrackPointExtension>
						<gpxtpx:hr>107</gpxtpx:hr>
						<gpxtpx:atemp>31</gpxtpx:atemp>
					</gpxtpx:TrackPointExtension>
				</extensions>
			</trkpt>
			<trkpt lat="48.584499" lon="-2.155651">
				<ele>6.4</ele>
				<time>2024-08-18T12:00:25Z</time>
				<extensions>
					<gpxtpx:TrackPointExtension>
						<gpxtpx:hr>110</gpxtpx:hr>
						<gpxtpx:atemp>31</gpxtpx:atemp>
					</gpxtpx:TrackPointExtension>
				</extensions>
			</trkpt>
			<trkpt lat="48.584499" lon="-2.155653">
				<ele>6.2</ele>
				<time>2024-08-18T12:00:27Z</time>
				<extensions>
					<gpxtpx:TrackPointExtension>
						<gpxtpx:hr>113</gpxtpx:hr>
						<gpxtpx:atemp>31</gpxtpx:atemp>
					</gpxtpx:TrackPointExtension>
				</extensions>
			</trkpt>
			<trkpt lat="48.584501" lon="-2.155653">
				<ele>6.2</ele>
				<time>2024-08-18T12:00:30Z</time>
				<extensions>
					<gpxtpx:TrackPointExtension>
						<gpxtpx:hr>116</gpxtpx:hr>
						<gpxtpx:atemp>31</gpxtpx:atemp>
					</gpxtpx:TrackPointExtension>
				</extensions>
			</trkpt>
			<trkpt lat="48.584501" lon="-2.155653">
				<ele>6.2</ele>
				<time>2024-08-18T12:00:32Z</time>
				<extensions>
					<gpxtpx:TrackPointExtension>
						<gpxtpx:hr>120</gpxtpx:hr>
						<gpxtpx:atemp>31</gpxtpx:atemp>
					</gpxtpx:TrackPointExtension>
				</extensions>
			</trkpt>
			<trkpt lat="48.584501" lon="-2.155653">
				<ele>6.4</ele>
				<time>2024-08-18T12:00:34Z</time>
				<extensions>
					<gpxtpx:TrackPointExtension>
						<gpxtpx:hr>124</gpxtpx:hr>
						<gpxtpx:atemp>31</gpxtpx:atemp>
					</gpxtpx:TrackPointExtension>
				</extensions>
			</trkpt>
			<trkpt lat="48.584501" lon="-2.155653">
				<ele>6.4</ele>
				<time>2024-08-18T12:00:36Z</time>
				<extensions>
					<gpxtpx:TrackPointExtension>
						<gpxtpx:hr>127</gpxtpx:hr>
						<gpxtpx:atemp>31</gpxtpx:atemp>
					</gpxtpx:TrackPointExtension>
				</extensions>
			</trkpt>
			<trkpt lat="48.584501" lon="-2.155653">
				<ele>6.2</ele>
				<time>2024-08-18T12:00:41Z</time>
				<extensions>
					<gpxtpx:TrackPointExtension>
						<gpxtpx:hr>130</gpxtpx:hr>
						<gpxtpx:atemp>31</gpxtpx:atemp>
					</gpxtpx:TrackPointExtension>
				</extensions>
			</trkpt>
			<trkpt lat="48.584501" lon="-2.155653">
				<ele>6.6</ele>
				<time>2024-08-18T12:00:44Z</time>
				<extensions>
					<gpxtpx:TrackPointExtension>
						<gpxtpx:hr>130</gpxtpx:hr>
						<gpxtpx:atemp>31</gpxtpx:atemp>
					</gpxtpx:TrackPointExtension>
				</extensions>
			</trkpt>
			<trkpt lat="48.58451" lon="-2.15565">
				<ele>6.8</ele>
				<time>2024-08-18T12:01:00Z</time>
				<extensions>
					<gpxtpx:TrackPointExtension>
						<gpxtpx:hr>126</gpxtpx:hr>
						<gpxtpx:atemp>31</gpxtpx:atemp>
					</gpxtpx:TrackPointExtension>
				</extensions>
			</trkpt>
			<trkpt lat="48.584511" lon="-2.155645">
				<ele>6.8</ele>
				<time>2024-08-18T12:01:03Z</time>
				<extensions>
					<gpxtpx:TrackPointExtension>
						<gpxtpx:hr>122</gpxtpx:hr>
						<gpxtpx:atemp>31</gpxtpx:atemp>
					</gpxtpx:TrackPointExtension>
				</extensions>
			</trkpt>
			<trkpt lat="48.584511" lon="-2.155635">
				<ele>6.6</ele>
				<time>2024-08-18T12:01:06Z</time>
				<extensions>
					<gpxtpx:TrackPointExtension>
						<gpxtpx:hr>119</gpxtpx:hr>
						<gpxtpx:atemp>31</gpxtpx:atemp>
					</gpxtpx:TrackPointExtension>
				</extensions>
			</trkpt>
			<trkpt lat="48.584511" lon="-2.155634">
				<ele>6.4</ele>
				<time>2024-08-18T12:01:10Z</time>
				<extensions>
					<gpxtpx:TrackPointExtension>
						<gpxtpx:hr>116</gpxtpx:hr>
						<gpxtpx:atemp>31</gpxtpx:atemp>
					</gpxtpx:TrackPointExtension>
				</extensions>
			</trkpt>
			<trkpt lat="48.584511" lon="-2.155633">
				<ele>6.4</ele>
				<time>2024-08-18T12:01:13Z</time>
				<extensions>
					<gpxtpx:TrackPointExtension>
						<gpxtpx:hr>113</gpxtpx:hr>
						<gpxtpx:atemp>31</gpxtpx:atemp>
					</gpxtpx:TrackPointExtension>
				</extensions>
			</trkpt>
			<trkpt lat="48.584511" lon="-2.155633">
				<ele>6.4</ele>
				<time>2024-08-18T12:01:15Z</time>
				<extensions>
					<gpxtpx:TrackPointExtension>
						<gpxtpx:hr>108</gpxtpx:hr>
						<gpxtpx:atemp>31</gpxtpx:atemp>
					</gpxtpx:TrackPointExtension>
				</extensions>
			</trkpt>
			<trkpt lat="48.584563" lon="-2.155676">
				<ele>6.8</ele>
				<time>2024-08-18T12:01:22Z</time>
				<extensions>
					<gpxtpx:TrackPointExtension>
						<gpxtpx:hr>107</gpxtpx:hr>
						<gpxtpx:atemp>31</gpxtpx:atemp>
					</gpxtpx:TrackPointExtension>
				</extensions>
			</trkpt>
			<trkpt lat="48.58464" lon="-2.155756">
				<ele>6.4</ele>
				<time>2024-08-18T12:01:29Z</time>
				<extensions>
					<gpxtpx:TrackPointExtension>
						<gpxtpx:hr>108</gpxtpx:hr>
						<gpxtpx:atemp>31</gpxtpx:atemp>
					</gpxtpx:TrackPointExtension>
				</extensions>
			</trkpt>
			<trkpt lat="48.58468" lon="-2.155842">
				<ele>6</ele>
				<time>2024-08-18T12:01:36Z</time>
				<extensions>
					<gpxtpx:TrackPointExtension>
						<gpxtpx:hr>105</gpxtpx:hr>
						<gpxtpx:atemp>31</gpxtpx:atemp>
					</gpxtpx:TrackPointExtension>
				</extensions>
			</trkpt>
			<trkpt lat="48.584681" lon="-2.15587">
				<ele>5.6</ele>
				<time>2024-08-18T12:01:38Z</time>
				<extensions>
					<gpxtpx:TrackPointExtension>
						<gpxtpx:hr>106</gpxtpx:hr>
						<gpxtpx:atemp>31</gpxtpx:atemp>
					</gpxtpx:TrackPointExtension>
				</extensions>
			</trkpt>
			<trkpt lat="48.584669" lon="-2.155906">
				<ele>5.2</ele>
				<time>2024-08-18T12:01:41Z</time>
				<extensions>
					<gpxtpx:TrackPointExtension>
						<gpxtpx:hr>102</gpxtpx:hr>
						<gpxtpx:atemp>31</gpxtpx:atemp>
					</gpxtpx:TrackPointExtension>
				</extensions>
			</trkpt>
			<trkpt lat="48.584664" lon="-2.155921">
				<ele>5.2</ele>
				<time>2024-08-18T12:01:42Z</time>
				<extensions>
					<gpxtpx:TrackPointExtension>
						<gpxtpx:hr>99</gpxtpx:hr>
						<gpxtpx:atemp>31</gpxtpx:atemp>
					</gpxtpx:TrackPointExtension>
				</extensions>
			</trkpt>
			<trkpt lat="48.584662" lon="-2.155937">
				<ele>5.2</ele>
				<time>2024-08-18T12:01:43Z</time>
				<extensions>
					<gpxtpx:TrackPointExtension>
						<gpxtpx:hr>97</gpxtpx:hr>
						<gpxtpx:atemp>31</gpxtpx:atemp>
					</gpxtpx:TrackPointExtension>
				</extensions>
			</trkpt>
			<trkpt lat="48.58466" lon="-2.155953">
				<ele>5.2</ele>
				<time>2024-08-18T12:01:44Z</time>
				<extensions>
					<gpxtpx:TrackPointExtension>
						<gpxtpx:hr>96</gpxtpx:hr>
						<gpxtpx:atemp>31</gpxtpx:atemp>
					</gpxtpx:TrackPointExtension>
				</extensions>
			</trkpt>
			<trkpt lat="48.58461" lon="-2.156072">
				<ele>5.6</ele>
				<time>2024-08-18T12:01:52Z</time>
				<extensions>
					<gpxtpx:TrackPointExtension>
						<gpxtpx:hr>97</gpxtpx:hr>
						<gpxtpx:atemp>31</gpxtpx:atemp>
					</gpxtpx:TrackPointExtension>
				</extensions>
			</trkpt>
			<trkpt lat="48.584607" lon="-2.156089">
				<ele>5.6</ele>
				<time>2024-08-18T12:01:53Z</time>
				<extensions>
					<gpxtpx:TrackPointExtension>
						<gpxtpx:hr>97</gpxtpx:hr>
						<gpxtpx:atemp>31</gpxtpx:atemp>
					</gpxtpx:TrackPointExtension>
				</extensions>
			</trkpt>
			<trkpt lat="48.584608" lon="-2.156107">
				<ele>5.6</ele>
				<time>2024-08-18T12:01:54Z</time>
				<extensions>
					<gpxtpx:TrackPointExtension>
						<gpxtpx:hr>98</gpxtpx:hr>
						<gpxtpx:atemp>31</gpxtpx:atemp>
					</gpxtpx:TrackPointExtension>
				</extensions>
			</trkpt>
			<trkpt lat="48.584605" lon="-2.15622">
				<ele>5.4</ele>
				<time>2024-08-18T12:02:00Z</time>
				<extensions>
					<gpxtpx:TrackPointExtension>
						<gpxtpx:hr>98</gpxtpx:hr>
						<gpxtpx:atemp>31</gpxtpx:atemp>
					</gpxtpx:TrackPointExtension>
				</extensions>
			</trkpt>
			<trkpt lat="48.584603" lon="-2.156254">
				<ele>5.4</ele>
				<time>2024-08-18T12:02:02Z</time>
				<extensions>
					<gpxtpx:TrackPointExtension>
						<gpxtpx:hr>99</gpxtpx:hr>
						<gpxtpx:atemp>31</gpxtpx:atemp>
					</gpxtpx:TrackPointExtension>
				</extensions>
			</trkpt>
			<trkpt lat="48.58461" lon="-2.156353">
				<ele>5.4</ele>
				<time>2024-08-18T12:02:07Z</time>
				<extensions>
					<gpxtpx:TrackPointExtension>
						<gpxtpx:hr>99</gpxtpx:hr>
						<gpxtpx:atemp>31</gpxtpx:atemp>
					</gpxtpx:TrackPointExtension>
				</extensions>
			</trkpt>
			<trkpt lat="48.584618" lon="-2.156518">
				<ele>5.8</ele>
				<time>2024-08-18T12:02:16Z</time>
				<extensions>
					<gpxtpx:TrackPointExtension>
						<gpxtpx:hr>100</gpxtpx:hr>
						<gpxtpx:atemp>31</gpxtpx:atemp>
					</gpxtpx:TrackPointExtension>
				</extensions>
			</trkpt>
			<trkpt lat="48.584578" lon="-2.156663">
				<ele>5.6</ele>
				<time>2024-08-18T12:02:24Z</time>
				<extensions>
					<gpxtpx:TrackPointExtension>
						<gpxtpx:hr>101</gpxtpx:hr>
						<gpxtpx:atemp>31</gpxtpx:atemp>
					</gpxtpx:TrackPointExtension>
				</extensions>
			</trkpt>
			<trkpt lat="48.58457" lon="-2.156675">
				<ele>5.4</ele>
				<time>2024-08-18T12:02:25Z</time>
				<extensions>
					<gpxtpx:TrackPointExtension>
						<gpxtpx:hr>100</gpxtpx:hr>
						<gpxtpx:atemp>31</gpxtpx:atemp>
					</gpxtpx:TrackPointExtension>
				</extensions>
			</trkpt>
			<trkpt lat="48.584513" lon="-2.156742">
				<ele>5</ele>
				<time>2024-08-18T12:02:31Z</time>
				<extensions>
					<gpxtpx:TrackPointExtension>
						<gpxtpx:hr>99</gpxtpx:hr>
						<gpxtpx:atemp>31</gpxtpx:atemp>
					</gpxtpx:TrackPointExtension>
				</extensions>
			</trkpt>
			<trkpt lat="48.584486" lon="-2.156749">
				<ele>4.6</ele>
				<time>2024-08-18T12:02:33Z</time>
				<extensions>
					<gpxtpx:TrackPointExtension>
						<gpxtpx:hr>100</gpxtpx:hr>
						<gpxtpx:atemp>31</gpxtpx:atemp>
					</gpxtpx:TrackPointExtension>
				</extensions>
			</trkpt>
			<trkpt lat="48.584429" lon="-2.156732">
				<ele>4.8</ele>
				<time>2024-08-18T12:02:38Z</time>
				<extensions>
					<gpxtpx:TrackPointExtension>
						<gpxtpx:hr>97</gpxtpx:hr>
						<gpxtpx:atemp>31</gpxtpx:atemp>
					</gpxtpx:TrackPointExtension>
				</extensions>
			</trkpt>
			<trkpt lat="48.584331" lon="-2.156725">
				<ele>4.8</ele>
				<time>2024-08-18T12:02:46Z</time>
				<extensions>
					<gpxtpx:TrackPointExtension>
						<gpxtpx:hr>100</gpxtpx:hr>
						<gpxtpx:atemp>31</gpxtpx:atemp>
					</gpxtpx:TrackPointExtension>
				</extensions>
			</trkpt>
			<trkpt lat="48.584291" lon="-2.156726">
				<ele>4.8</ele>
				<time>2024-08-18T12:02:49Z</time>
				<extensions>
					<gpxtpx:TrackPointExtension>
						<gpxtpx:hr>99</gpxtpx:hr>
						<gpxtpx:atemp>31</gpxtpx:atemp>
					</gpxtpx:TrackPointExtension>
				</extensions>
			</trkpt>
			<trkpt lat="48.584252" lon="-2.156717">
				<ele>4.8</ele>
				<time>2024-08-18T12:02:52Z</time>
				<extensions>
					<gpxtpx:TrackPointExtension>
						<gpxtpx:hr>104</gpxtpx:hr>
						<gpxtpx:atemp>31</gpxtpx:atemp>
					</gpxtpx:TrackPointExtension>
				</extensions>
			</trkpt>
			<trkpt lat="48.584229" lon="-2.156717">
				<ele>4.6</ele>
				<time>2024-08-18T12:02:54Z</time>
				<extensions>
					<gpxtpx:TrackPointExtension>
						<gpxtpx:hr>106</gpxtpx:hr>
						<gpxtpx:atemp>31</gpxtpx:atemp>
					</gpxtpx:TrackPointExtension>
				</extensions>
			</trkpt>
			<trkpt lat="48.584168" lon="-2.156705">
				<ele>4.2</ele>
				<time>2024-08-18T12:02:59Z</time>
				<extensions>
					<gpxtpx:TrackPointExtension>
						<gpxtpx:hr>107</gpxtpx:hr>
						<gpxtpx:atemp>31</gpxtpx:atemp>
					</gpxtpx:TrackPointExtension>
				</extensions>
			</trkpt>
			<trkpt lat="48.58404" lon="-2.156688">
				<ele>3.8</ele>
				<time>2024-08-18T12:03:09Z</time>
				<extensions>
					<gpxtpx:TrackPointExtension>
						<gpxtpx:hr>107</gpxtpx:hr>
						<gpxtpx:atemp>31</gpxtpx:atemp>
					</gpxtpx:TrackPointExtension>
				</extensions>
			</trkpt>
			<trkpt lat="48.583919" lon="-2.156677">
				<ele>3.6</ele>
				<time>2024-08-18T12:03:18Z</time>
				<extensions>
					<gpxtpx:TrackPointExtension>
						<gpxtpx:hr>105</gpxtpx:hr>
						<gpxtpx:atemp>31</gpxtpx:atemp>
					</gpxtpx:TrackPointExtension>
				</extensions>
			</trkpt>
			<trkpt lat="48.583893" lon="-2.156674">
				<ele>3.6</ele>
				<time>2024-08-18T12:03:20Z</time>
				<extensions>
					<gpxtpx:TrackPointExtension>
						<gpxtpx:hr>105</gpxtpx:hr>
						<gpxtpx:atemp>31</gpxtpx:atemp>
					</gpxtpx:TrackPointExtension>
				</extensions>
			</trkpt>
			<trkpt lat="48.583762" lon="-2.156651">
				<ele>3.6</ele>
				<time>2024-08-18T12:03:30Z</time>
				<extensions>
					<gpxtpx:TrackPointExtension>
						<gpxtpx:hr>108</gpxtpx:hr>
						<gpxtpx:atemp>31</gpxtpx:atemp>
					</gpxtpx:TrackPointExtension>
				</extensions>
			</trkpt>
			<trkpt lat="48.583719" lon="-2.156637">
				<ele>3.6</ele>
				<time>2024-08-18T12:03:33Z</time>
				<extensions>
					<gpxtpx:TrackPointExtension>
						<gpxtpx:hr>109</gpxtpx:hr>
						<gpxtpx:atemp>31</gpxtpx:atemp>
					</gpxtpx:TrackPointExtension>
				</extensions>
			</trkpt>
			<trkpt lat="48.583603" lon="-2.156629">
				<ele>3.2</ele>
				<time>2024-08-18T12:03:42Z</time>
				<extensions>
					<gpxtpx:TrackPointExtension>
						<gpxtpx:hr>108</gpxtpx:hr>
						<gpxtpx:atemp>31</gpxtpx:atemp>
					</gpxtpx:TrackPointExtension>
				</extensions>
			</trkpt>
			<trkpt lat="48.583496" lon="-2.156622">
				<ele>3.2</ele>
				<time>2024-08-18T12:03:51Z</time>
				<extensions>
					<gpxtpx:TrackPointExtension>
						<gpxtpx:hr>109</gpxtpx:hr>
						<gpxtpx:atemp>31</gpxtpx:atemp>
					</gpxtpx:TrackPointExtension>
				</extensions>
			</trkpt>
			<trkpt lat="48.583382" lon="-2.15662">
				<ele>2.8</ele>
				<time>2024-08-18T12:04:00Z</time>
				<extensions>
					<gpxtpx:TrackPointExtension>
						<gpxtpx:hr>110</gpxtpx:hr>
						<gpxtpx:atemp>31</gpxtpx:atemp>
					</gpxtpx:TrackPointExtension>
				</extensions>
			</trkpt>
			<trkpt lat="48.583307" lon="-2.156622">
				<ele>3</ele>
				<time>2024-08-18T12:04:06Z</time>
				<extensions>
					<gpxtpx:TrackPointExtension>
						<gpxtpx:hr>107</gpxtpx:hr>
						<gpxtpx:atemp>31</gpxtpx:atemp>
					</gpxtpx:TrackPointExtension>
				</extensions>
			</trkpt>
			<trkpt lat="48.583253" lon="-2.15662">
				<ele>3</ele>
				<time>2024-08-18T12:04:11Z</time>
				<extensions>
					<gpxtpx:TrackPointExtension>
						<gpxtpx:hr>105</gpxtpx:hr>
						<gpxtpx:atemp>31</gpxtpx:atemp>
					</gpxtpx:TrackPointExtension>
				</extensions>
			</trkpt>
			<trkpt lat="48.583141" lon="-2.156621">
				<ele>3</ele>
				<time>2024-08-18T12:04:20Z</time>
				<extensions>
					<gpxtpx:TrackPointExtension>
						<gpxtpx:hr>108</gpxtpx:hr>
						<gpxtpx:atemp>31</gpxtpx:atemp>
					</gpxtpx:TrackPointExtension>
				</extensions>
			</trkpt>
			<trkpt lat="48.583006" lon="-2.156617">
				<ele>2.8</ele>
				<time>2024-08-18T12:04:31Z</time>
				<extensions>
					<gpxtpx:TrackPointExtension>
						<gpxtpx:hr>108</gpxtpx:hr>
						<gpxtpx:atemp>31</gpxtpx:atemp>
					</gpxtpx:TrackPointExtension>
				</extensions>
			</trkpt>
			<trkpt lat="48.582936" lon="-2.156555">
				<ele>3.2</ele>
				<time>2024-08-18T12:04:38Z</time>
				<extensions>
					<gpxtpx:TrackPointExtension>
						<gpxtpx:hr>107</gpxtpx:hr>
						<gpxtpx:atemp>31</gpxtpx:atemp>
					</gpxtpx:TrackPointExtension>
				</extensions>
			</trkpt>
			<trkpt lat="48.58293" lon="-2.156541">
				<ele>3.2</ele>
				<time>2024-08-18T12:04:39Z</time>
				<extensions>
					<gpxtpx:TrackPointExtension>
						<gpxtpx:hr>107</gpxtpx:hr>
						<gpxtpx:atemp>31</gpxtpx:atemp>
					</gpxtpx:TrackPointExtension>
				</extensions>
			</trkpt>
			<trkpt lat="48.582906" lon="-2.156497">
				<ele>3</ele>
				<time>2024-08-18T12:04:44Z</time>
				<extensions>
					<gpxtpx:TrackPointExtension>
						<gpxtpx:hr>107</gpxtpx:hr>
						<gpxtpx:atemp>31</gpxtpx:atemp>
					</gpxtpx:TrackPointExtension>
				</extensions>
			</trkpt>
			<trkpt lat="48.582915" lon="-2.156504">
				<ele>3</ele>
				<time>2024-08-18T12:04:51Z</time>
				<extensions>
					<gpxtpx:TrackPointExtension>
						<gpxtpx:hr>106</gpxtpx:hr>
						<gpxtpx:atemp>31</gpxtpx:atemp>
					</gpxtpx:TrackPointExtension>
				</extensions>
			</trkpt>
			<trkpt lat="48.582924" lon="-2.15653">
				<ele>3</ele>
				<time>2024-08-18T12:04:54Z</time>
				<extensions>
					<gpxtpx:TrackPointExtension>
						<gpxtpx:hr>110</gpxtpx:hr>
						<gpxtpx:atemp>31</gpxtpx:atemp>
					</gpxtpx:TrackPointExtension>
				</extensions>
			</trkpt>
			<trkpt lat="48.582916" lon="-2.156533">
				<ele>3</ele>
				<time>2024-08-18T12:04:57Z</time>
				<extensions>
					<gpxtpx:TrackPointExtension>
						<gpxtpx:hr>113</gpxtpx:hr>
						<gpxtpx:atemp>31</gpxtpx:atemp>
					</gpxtpx:TrackPointExtension>
				</extensions>
			</trkpt>
			<trkpt lat="48.582889" lon="-2.156471">
				<ele>3.4</ele>
				<time>2024-08-18T12:05:04Z</time>
				<extensions>
					<gpxtpx:TrackPointExtension>
						<gpxtpx:hr>110</gpxtpx:hr>
						<gpxtpx:atemp>31</gpxtpx:atemp>
					</gpxtpx:TrackPointExtension>
				</extensions>
			</trkpt>
			<trkpt lat="48.582827" lon="-2.156429">
				<ele>3.6</ele>
				<time>2024-08-18T12:05:11Z</time>
				<extensions>
					<gpxtpx:TrackPointExtension>
						<gpxtpx:hr>110</gpxtpx:hr>
						<gpxtpx:atemp>31</gpxtpx:atemp>
					</gpxtpx:TrackPointExtension>
				</extensions>
			</trkpt>
			<trkpt lat="48.582794" lon="-2.156445">
				<ele>3.6</ele>
				<time>2024-08-18T12:05:14Z</time>
				<extensions>
					<gpxtpx:TrackPointExtension>
						<gpxtpx:hr>113</gpxtpx:hr>
						<gpxtpx:atemp>31</gpxtpx:atemp>
					</gpxtpx:TrackPointExtension>
				</extensions>
			</trkpt>
			<trkpt lat="48.582746" lon="-2.156463">
				<ele>3.4</ele>
				<time>2024-08-18T12:05:18Z</time>
				<extensions>
					<gpxtpx:TrackPointExtension>
						<gpxtpx:hr>111</gpxtpx:hr>
						<gpxtpx:atemp>31</gpxtpx:atemp>
					</gpxtpx:TrackPointExtension>
				</extensions>
			</trkpt>
			<trkpt lat="48.582734" lon="-2.156469">
				<ele>3.4</ele>
				<time>2024-08-18T12:05:19Z</time>
				<extensions>
					<gpxtpx:TrackPointExtension>
						<gpxtpx:hr>111</gpxtpx:hr>
						<gpxtpx:atemp>31</gpxtpx:atemp>
					</gpxtpx:TrackPointExtension>
				</extensions>
			</trkpt>
			<trkpt lat="48.582698" lon="-2.156481">
				<ele>3.6</ele>
				<time>2024-08-18T12:05:22Z</time>
				<extensions>
					<gpxtpx:TrackPointExtension>
						<gpxtpx:hr>108</gpxtpx:hr>
						<gpxtpx:atemp>31</gpxtpx:atemp>
					</gpxtpx:TrackPointExtension>
				</extensions>
			</trkpt>
			<trkpt lat="48.582639" lon="-2.156505">
				<ele>3.6</ele>
				<time>2024-08-18T12:05:27Z</time>
				<extensions>
					<gpxtpx:TrackPointExtension>
						<gpxtpx:hr>107</gpxtpx:hr>
						<gpxtpx:atemp>31</gpxtpx:atemp>
					</gpxtpx:TrackPointExtension>
				</extensions>
			</trkpt>
			<trkpt lat="48.582549" lon="-2.156538">
				<ele>4</ele>
				<time>2024-08-18T12:05:35Z</time>
				<extensions>
					<gpxtpx:TrackPointExtension>
						<gpxtpx:hr>104</gpxtpx:hr>
						<gpxtpx:atemp>31</gpxtpx:atemp>
					</gpxtpx:TrackPointExtension>
				</extensions>
			</trkpt>
			<trkpt lat="48.582537" lon="-2.156542">
				<ele>4</ele>
				<time>2024-08-18T12:05:36Z</time>
				<extensions>
					<gpxtpx:TrackPointExtension>
						<gpxtpx:hr>104</gpxtpx:hr>
						<gpxtpx:atemp>31</gpxtpx:atemp>
					</gpxtpx:TrackPointExtension>
				</extensions>
			</trkpt>
			<trkpt lat="48.582396" lon="-2.156574">
				<ele>4.4</ele>
				<time>2024-08-18T12:05:48Z</time>
				<extensions>
					<gpxtpx:TrackPointExtension>
						<gpxtpx:hr>106</gpxtpx:hr>
						<gpxtpx:atemp>31</gpxtpx:atemp>
					</gpxtpx:TrackPointExtension>
				</extensions>
			</trkpt>
			<trkpt lat="48.582344" lon="-2.156582">
				<ele>4.6</ele>
				<time>2024-08-18T12:05:52Z</time>
				<extensions>
					<gpxtpx:TrackPointExtension>
						<gpxtpx:hr>107</gpxtpx:hr>
						<gpxtpx:atemp>31</gpxtpx:atemp>
					</gpxtpx:TrackPointExtension>
				</extensions>
			</trkpt>
			<trkpt lat="48.582285" lon="-2.156572">
				<ele>4.6</ele>
				<time>2024-08-18T12:05:57Z</time>
				<extensions>
					<gpxtpx:TrackPointExtension>
						<gpxtpx:hr>104</gpxtpx:hr>
						<gpxtpx:atemp>31</gpxtpx:atemp>
					</gpxtpx:TrackPointExtension>
				</extensions>
			</trkpt>
			<trkpt lat="48.582274" lon="-2.15657">
				<ele>4.6</ele>
				<time>2024-08-18T12:05:58Z</time>
				<extensions>
					<gpxtpx:TrackPointExtension>
						<gpxtpx:hr>103</gpxtpx:hr>
						<gpxtpx:atemp>31</gpxtpx:atemp>
					</gpxtpx:TrackPointExtension>
				</extensions>
			</trkpt>
			<trkpt lat="48.582203" lon="-2.156544">
				<ele>4.8</ele>
				<time>2024-08-18T12:06:04Z</time>
				<extensions>
					<gpxtpx:TrackPointExtension>
						<gpxtpx:hr>100</gpxtpx:hr>
						<gpxtpx:atemp>31</gpxtpx:atemp>
					</gpxtpx:TrackPointExtension>
				</extensions>
			</trkpt>
			<trkpt lat="48.582106" lon="-2.156512">
				<ele>5</ele>
				<time>2024-08-18T12:06:12Z</time>
				<extensions>
					<gpxtpx:TrackPointExtension>
						<gpxtpx:hr>102</gpxtpx:hr>
						<gpxtpx:atemp>32</gpxtpx:atemp>
					</gpxtpx:TrackPointExtension>
				</extensions>
			</trkpt>
			<trkpt lat="48.581992" lon="-2.156492">
				<ele>5</ele>
				<time>2024-08-18T12:06:21Z</time>
				<extensions>
					<gpxtpx:TrackPointExtension>
						<gpxtpx:hr>105</gpxtpx:hr>
						<gpxtpx:atemp>32</gpxtpx:atemp>
					</gpxtpx:TrackPointExtension>
				</extensions>
			</trkpt>
			<trkpt lat="48.58196" lon="-2.156483">
				<ele>5</ele>
				<time>2024-08-18T12:06:24Z</time>
				<extensions>
					<gpxtpx:TrackPointExtension>
						<gpxtpx:hr>106</gpxtpx:hr>
						<gpxtpx:atemp>32</gpxtpx:atemp>
					</gpxtpx:TrackPointExtension>
				</extensions>
			</trkpt>
			<trkpt lat="48.581829" lon="-2.15648">
				<ele>4.8</ele>
				<time>2024-08-18T12:06:35Z</time>
				<extensions>
					<gpxtpx:TrackPointExtension>
						<gpxtpx:hr>104</gpxtpx:hr>
						<gpxtpx:atemp>32</gpxtpx:atemp>
					</gpxtpx:TrackPointExtension>
				</extensions>
			</trkpt>
			<trkpt lat="48.581818" lon="-2.156481">
				<ele>5</ele>
				<time>2024-08-18T12:06:36Z</time>
				<extensions>
					<gpxtpx:TrackPointExtension>
						<gpxtpx:hr>103</gpxtpx:hr>
						<gpxtpx:atemp>32</gpxtpx:atemp>
					</gpxtpx:TrackPointExtension>
				</extensions>
			</trkpt>
			<trkpt lat="48.581726" lon="-2.156502">
				<ele>5</ele>
				<time>2024-08-18T12:06:45Z</time>
				<extensions>
					<gpxtpx:TrackPointExtension>
						<gpxtpx:hr>105</gpxtpx:hr>
						<gpxtpx:atemp>32</gpxtpx:atemp>
					</gpxtpx:TrackPointExtension>
				</extensions>
			</trkpt>
			<trkpt lat="48.58161" lon="-2.156526">
				<ele>4.8</ele>
				<time>2024-08-18T12:06:55Z</time>
				<extensions>
					<gpxtpx:TrackPointExtension>
						<gpxtpx:hr>105</gpxtpx:hr>
						<gpxtpx:atemp>32</gpxtpx:atemp>
					</gpxtpx:TrackPointExtension>
				</extensions>
			</trkpt>
			<trkpt lat="48.581495" lon="-2.156557">
				<ele>4.4</ele>
				<time>2024-08-18T12:07:05Z</time>
				<extensions>
					<gpxtpx:TrackPointExtension>
						<gpxtpx:hr>105</gpxtpx:hr>
						<gpxtpx:atemp>32</gpxtpx:atemp>
					</gpxtpx:TrackPointExtension>
				</extensions>
			</trkpt>
			<trkpt lat="48.581443" lon="-2.156582">
				<ele>5</ele>
				<time>2024-08-18T12:07:10Z</time>
				<extensions>
					<gpxtpx:TrackPointExtension>
						<gpxtpx:hr>102</gpxtpx:hr>
						<gpxtpx:atemp>32</gpxtpx:atemp>
					</gpxtpx:TrackPointExtension>
				</extensions>
			</trkpt>
			<trkpt lat="48.581412" lon="-2.156599">
				<ele>5.4</ele>
				<time>2024-08-18T12:07:13Z</time>
				<extensions>
					<gpxtpx:TrackPointExtension>
						<gpxtpx:hr>101</gpxtpx:hr>
						<gpxtpx:atemp>32</gpxtpx:atemp>
					</gpxtpx:TrackPointExtension>
				</extensions>
			</trkpt>
			<trkpt lat="48.581386" lon="-2.156611">
				<ele>5.6</ele>
				<time>2024-08-18T12:07:19Z</time>
				<extensions>
					<gpxtpx:TrackPointExtension>
						<gpxtpx:hr>101</gpxtpx:hr>
						<gpxtpx:atemp>32</gpxtpx:atemp>
					</gpxtpx:TrackPointExtension>
				</extensions>
			</trkpt>
			<trkpt lat="48.581379" lon="-2.156617">
				<ele>5.8</ele>
				<time>2024-08-18T12:07:20Z</time>
				<extensions>
					<gpxtpx:TrackPointExtension>
						<gpxtpx:hr>101</gpxtpx:hr>
						<gpxtpx:atemp>32</gpxtpx:atemp>
					</gpxtpx:TrackPointExtension>
				</extensions>
			</trkpt>
			<trkpt lat="48.581325" lon="-2.156633">
				<ele>5.6</ele>
				<time>2024-08-18T12:07:25Z</time>
				<extensions>
					<gpxtpx:TrackPointExtension>
						<gpxtpx:hr>101</gpxtpx:hr>
						<gpxtpx:atemp>32</gpxtpx:atemp>
					</gpxtpx:TrackPointExtension>
				</extensions>
			</trkpt>
			<trkpt lat="48.581259" lon="-2.156687">
				<ele>5</ele>
				<time>2024-08-18T12:07:32Z</time>
				<extensions>
					<gpxtpx:TrackPointExtension>
						<gpxtpx:hr>101</gpxtpx:hr>
						<gpxtpx:atemp>32</gpxtpx:atemp>
					</gpxtpx:TrackPointExtension>
				</extensions>
			</trkpt>
			<trkpt lat="48.581257" lon="-2.156738">
				<ele>5</ele>
				<time>2024-08-18T12:07:37Z</time>
				<extensions>
					<gpxtpx:TrackPointExtension>
						<gpxtpx:hr>102</gpxtpx:hr>
						<gpxtpx:atemp>32</gpxtpx:atemp>
					</gpxtpx:TrackPointExtension>
				</extensions>
			</trkpt>
			<trkpt lat="48.581254" lon="-2.156723">
				<ele>5.2</ele>
				<time>2024-08-18T12:07:42Z</time>
				<extensions>
					<gpxtpx:TrackPointExtension>
						<gpxtpx:hr>103</gpxtpx:hr>
						<gpxtpx:atemp>32</gpxtpx:atemp>
					</gpxtpx:TrackPointExtension>
				</extensions>
			</trkpt>
			<trkpt lat="48.581268" lon="-2.156731">
				<ele>5</ele>
				<time>2024-08-18T12:07:49Z</time>
				<extensions>
					<gpxtpx:TrackPointExtension>
						<gpxtpx:hr>104</gpxtpx:hr>
						<gpxtpx:atemp>32</gpxtpx:atemp>
					</gpxtpx:TrackPointExtension>
				</extensions>
			</trkpt>
			<trkpt lat="48.581269" lon="-2.15673">
				<ele>4.8</ele>
				<time>2024-08-18T12:07:56Z</time>
				<extensions>
					<gpxtpx:TrackPointExtension>
						<gpxtpx:hr>103</gpxtpx:hr>
						<gpxtpx:atemp>32</gpxtpx:atemp>
					</gpxtpx:TrackPointExtension>
				</extensions>
			</trkpt>
			<trkpt lat="48.581239" lon="-2.156783">
				<ele>4.8</ele>
				<time>2024-08-18T12:08:04Z</time>
				<extensions>
					<gpxtpx:TrackPointExtension>
						<gpxtpx:hr>103</gpxtpx:hr>
						<gpxtpx:atemp>32</gpxtpx:atemp>
					</gpxtpx:TrackPointExtension>
				</extensions>
			</trkpt>
			<trkpt lat="48.581237" lon="-2.1568">
				<ele>4.6</ele>
				<time>2024-08-18T12:08:05Z</time>
				<extensions>
					<gpxtpx:TrackPointExtension>
						<gpxtpx:hr>104</gpxtpx:hr>
						<gpxtpx:atemp>32</gpxtpx:atemp>
					</gpxtpx:TrackPointExtension>
				</extensions>
			</trkpt>
			<trkpt lat="48.581219" lon="-2.156887">
				<ele>5.2</ele>
				<time>2024-08-18T12:08:14Z</time>
				<extensions>
					<gpxtpx:TrackPointExtension>
						<gpxtpx:hr>103</gpxtpx:hr>
						<gpxtpx:atemp>32</gpxtpx:atemp>
					</gpxtpx:TrackPointExtension>
				</extensions>
			</trkpt>
			<trkpt lat="48.581233" lon="-2.15693">
				<ele>5.8</ele>
				<time>2024-08-18T12:08:18Z</time>
				<extensions>
					<gpxtpx:TrackPointExtension>
						<gpxtpx:hr>102</gpxtpx:hr>
						<gpxtpx:atemp>31</gpxtpx:atemp>
					</gpxtpx:TrackPointExtension>
				</extensions>
			</trkpt>
			<trkpt lat="48.581251" lon="-2.156964">
				<ele>5.6</ele>
				<time>2024-08-18T12:08:22Z</time>
				<extensions>
					<gpxtpx:TrackPointExtension>
						<gpxtpx:hr>100</gpxtpx:hr>
						<gpxtpx:atemp>31</gpxtpx:atemp>
					</gpxtpx:TrackPointExtension>
				</extensions>
			</trkpt>
			<trkpt lat="48.581244" lon="-2.15696">
				<ele>6</ele>
				<time>2024-08-18T12:08:29Z</time>
				<extensions>
					<gpxtpx:TrackPointExtension>
						<gpxtpx:hr>102</gpxtpx:hr>
						<gpxtpx:atemp>31</gpxtpx:atemp>
					</gpxtpx:TrackPointExtension>
				</extensions>
			</trkpt>
			<trkpt lat="48.581225" lon="-2.156868">
				<ele>6</ele>
				<time>2024-08-18T12:08:35Z</time>
				<extensions>
					<gpxtpx:TrackPointExtension>
						<gpxtpx:hr>105</gpxtpx:hr>
						<gpxtpx:atemp>31</gpxtpx:atemp>
					</gpxtpx:TrackPointExtension>
				</extensions>
			</trkpt>
			<trkpt lat="48.58122" lon="-2.156853">
				<ele>6</ele>
				<time>2024-08-18T12:08:36Z</time>
				<extensions>
					<gpxtpx:TrackPointExtension>
						<gpxtpx:hr>106</gpxtpx:hr>
						<gpxtpx:atemp>31</gpxtpx:atemp>
					</gpxtpx:TrackPointExtension>
				</extensions>
			</trkpt>
			<trkpt lat="48.581221" lon="-2.156776">
				<ele>5.8</ele>
				<time>2024-08-18T12:08:42Z</time>
				<extensions>
					<gpxtpx:TrackPointExtension>
						<gpxtpx:hr>109</gpxtpx:hr>
						<gpxtpx:atemp>31</gpxtpx:atemp>
					</gpxtpx:TrackPointExtension>
				</extensions>
			</trkpt>
			<trkpt lat="48.581225" lon="-2.156765">
				<ele>5.8</ele>
				<time>2024-08-18T12:08:43Z</time>
				<extensions>
					<gpxtpx:TrackPointExtension>
						<gpxtpx:hr>109</gpxtpx:hr>
						<gpxtpx:atemp>31</gpxtpx:atemp>
					</gpxtpx:TrackPointExtension>
				</extensions>
			</trkpt>
			<trkpt lat="48.581264" lon="-2.156727">
				<ele>5.4</ele>
				<time>2024-08-18T12:08:48Z</time>
				<extensions>
					<gpxtpx:TrackPointExtension>
						<gpxtpx:hr>106</gpxtpx:hr>
						<gpxtpx:atemp>31</gpxtpx:atemp>
					</gpxtpx:TrackPointExtension>
				</extensions>
			</trkpt>
			<trkpt lat="48.581262" lon="-2.156712">
				<ele>5.6</ele>
				<time>2024-08-18T12:08:51Z</time>
				<extensions>
					<gpxtpx:TrackPointExtension>
						<gpxtpx:hr>104</gpxtpx:hr>
						<gpxtpx:atemp>31</gpxtpx:atemp>
					</gpxtpx:TrackPointExtension>
				</extensions>
			</trkpt>
			<trkpt lat="48.581225" lon="-2.156722">
				<ele>5.8</ele>
				<time>2024-08-18T12:08:54Z</time>
				<extensions>
					<gpxtpx:TrackPointExtension>
						<gpxtpx:hr>101</gpxtpx:hr>
						<gpxtpx:atemp>31</gpxtpx:atemp>
					</gpxtpx:TrackPointExtension>
				</extensions>
			</trkpt>
			<trkpt lat="48.581178" lon="-2.156728">
				<ele>5.2</ele>
				<time>2024-08-18T12:08:58Z</time>
				<extensions>
					<gpxtpx:TrackPointExtension>
						<gpxtpx:hr>100</gpxtpx:hr>
						<gpxtpx:atemp>32</gpxtpx:atemp>
					</gpxtpx:TrackPointExtension>
				</extensions>
			</trkpt>
			<trkpt lat="48.581139" lon="-2.15675">
				<ele>5.2</ele>
				<time>2024-08-18T12:09:01Z</time>
				<extensions>
					<gpxtpx:TrackPointExtension>
						<gpxtpx:hr>103</gpxtpx:hr>
						<gpxtpx:atemp>32</gpxtpx:atemp>
					</gpxtpx:TrackPointExtension>
				</extensions>
			</trkpt>
			<trkpt lat="48.58108" lon="-2.156779">
				<ele>5</ele>
				<time>2024-08-18T12:09:05Z</time>
				<extensions>
					<gpxtpx:TrackPointExtension>
						<gpxtpx:hr>106</gpxtpx:hr>
						<gpxtpx:atemp>32</gpxtpx:atemp>
					</gpxtpx:TrackPointExtension>
				</extensions>
			</trkpt>
			<trkpt lat="48.581056" lon="-2.156793">
				<ele>5</ele>
				<time>2024-08-18T12:09:07Z</time>
				<extensions>
					<gpxtpx:TrackPointExtension>
						<gpxtpx:hr>107</gpxtpx:hr>
						<gpxtpx:atemp>32</gpxtpx:atemp>
					</gpxtpx:TrackPointExtension>
				</extensions>
			</trkpt>
			<trkpt lat="48.580934" lon="-2.15687">
				<ele>5</ele>
				<time>2024-08-18T12:09:17Z</time>
				<extensions>
					<gpxtpx:TrackPointExtension>
						<gpxtpx:hr>108</gpxtpx:hr>
						<gpxtpx:atemp>32</gpxtpx:atemp>
					</gpxtpx:TrackPointExtension>
				</extensions>
			</trkpt>
			<trkpt lat="48.580793" lon="-2.156939">
				<ele>5.4</ele>
				<time>2024-08-18T12:09:29Z</time>
				<extensions>
					<gpxtpx:TrackPointExtension>
						<gpxtpx:hr>107</gpxtpx:hr>
						<gpxtpx:atemp>32</gpxtpx:atemp>
					</gpxtpx:TrackPointExtension>
				</extensions>
			</trkpt>
			<trkpt lat="48.580683" lon="-2.157013">
				<ele>5</ele>
				<time>2024-08-18T12:09:39Z</time>
				<extensions>
					<gpxtpx:TrackPointExtension>
						<gpxtpx:hr>109</gpxtpx:hr>
						<gpxtpx:atemp>31</gpxtpx:atemp>
					</gpxtpx:TrackPointExtension>
				</extensions>
			</trkpt>
			<trkpt lat="48.580572" lon="-2.15708">
				<ele>5.2</ele>
				<time>2024-08-18T12:09:49Z</time>
				<extensions>
					<gpxtpx:TrackPointExtension>
						<gpxtpx:hr>109</gpxtpx:hr>
						<gpxtpx:atemp>31</gpxtpx:atemp>
					</gpxtpx:TrackPointExtension>
				</extensions>
			</trkpt>
			<trkpt lat="48.580509" lon="-2.157102">
				<ele>4.8</ele>
				<time>2024-08-18T12:09:55Z</time>
				<extensions>
					<gpxtpx:TrackPointExtension>
						<gpxtpx:hr>108</gpxtpx:hr>
						<gpxtpx:atemp>31</gpxtpx:atemp>
					</gpxtpx:TrackPointExtension>
				</extensions>
			</trkpt>
			<trkpt lat="48.580474" lon="-2.157117">
				<ele>4.6</ele>
				<time>2024-08-18T12:09:58Z</time>
				<extensions>
					<gpxtpx:TrackPointExtension>
						<gpxtpx:hr>107</gpxtpx:hr>
						<gpxtpx:atemp>31</gpxtpx:atemp>
					</gpxtpx:TrackPointExtension>
				</extensions>
			</trkpt>
			<trkpt lat="48.580364" lon="-2.157184">
				<ele>4.8</ele>
				<time>2024-08-18T12:10:07Z</time>
				<extensions>
					<gpxtpx:TrackPointExtension>
						<gpxtpx:hr>105</gpxtpx:hr>
						<gpxtpx:atemp>31</gpxtpx:atemp>
					</gpxtpx:TrackPointExtension>
				</extensions>
			</trkpt>
			<trkpt lat="48.580239" lon="-2.157232">
				<ele>4.8</ele>
				<time>2024-08-18T12:10:18Z</time>
				<extensions>
					<gpxtpx:TrackPointExtension>
						<gpxtpx:hr>104</gpxtpx:hr>
						<gpxtpx:atemp>31</gpxtpx:atemp>
					</gpxtpx:TrackPointExtension>
				</extensions>
			</trkpt>
			<trkpt lat="48.58011" lon="-2.157305">
				<ele>5</ele>
				<time>2024-08-18T12:10:29Z</time>
				<extensions>
					<gpxtpx:TrackPointExtension>
						<gpxtpx:hr>107</gpxtpx:hr>
						<gpxtpx:atemp>31</gpxtpx:atemp>
					</gpxtpx:TrackPointExtension>
				</extensions>
			</trkpt>
			<trkpt lat="48.580083" lon="-2.15732">
				<ele>5</ele>
				<time>2024-08-18T12:10:31Z</time>
				<extensions>
					<gpxtpx:TrackPointExtension>
						<gpxtpx:hr>108</gpxtpx:hr>
						<gpxtpx:atemp>31</gpxtpx:atemp>
					</gpxtpx:TrackPointExtension>
				</extensions>
			</trkpt>
			<trkpt lat="48.579977" lon="-2.157372">
				<ele>4.2</ele>
				<time>2024-08-18T12:10:40Z</time>
				<extensions>
					<gpxtpx:TrackPointExtension>
						<gpxtpx:hr>107</gpxtpx:hr>
						<gpxtpx:atemp>31</gpxtpx:atemp>
					</gpxtpx:TrackPointExtension>
				</extensions>
			</trkpt>
			<trkpt lat="48.579841" lon="-2.157449">
				<ele>4.4</ele>
				<time>2024-08-18T12:10:51Z</time>
				<extensions>
					<gpxtpx:TrackPointExtension>
						<gpxtpx:hr>104</gpxtpx:hr>
						<gpxtpx:atemp>31</gpxtpx:atemp>
					</gpxtpx:TrackPointExtension>
				</extensions>
			</trkpt>
			<trkpt lat="48.579711" lon="-2.157516">
				<ele>4.8</ele>
				<time>2024-08-18T12:11:02Z</time>
				<extensions>
					<gpxtpx:TrackPointExtension>
						<gpxtpx:hr>106</gpxtpx:hr>
						<gpxtpx:atemp>31</gpxtpx:atemp>
					</gpxtpx:TrackPointExtension>
				</extensions>
			</trkpt>
			<trkpt lat="48.579571" lon="-2.157604">
				<ele>4.8</ele>
				<time>2024-08-18T12:11:14Z</time>
				<extensions>
					<gpxtpx:TrackPointExtension>
						<gpxtpx:hr>109</gpxtpx:hr>
						<gpxtpx:atemp>31</gpxtpx:atemp>
					</gpxtpx:TrackPointExtension>
				</extensions>
			</trkpt>
			<trkpt lat="48.579559" lon="-2.157609">
				<ele>4.6</ele>
				<time>2024-08-18T12:11:15Z</time>
				<extensions>
					<gpxtpx:TrackPointExtension>
						<gpxtpx:hr>109</gpxtpx:hr>
						<gpxtpx:atemp>31</gpxtpx:atemp>
					</gpxtpx:TrackPointExtension>
				</extensions>
			</trkpt>
			<trkpt lat="48.579428" lon="-2.157675">
				<ele>4.6</ele>
				<time>2024-08-18T12:11:26Z</time>
				<extensions>
					<gpxtpx:TrackPointExtension>
						<gpxtpx:hr>108</gpxtpx:hr>
						<gpxtpx:atemp>31</gpxtpx:atemp>
					</gpxtpx:TrackPointExtension>
				</extensions>
			</trkpt>
			<trkpt lat="48.579416" lon="-2.157683">
				<ele>4.6</ele>
				<time>2024-08-18T12:11:27Z</time>
				<extensions>
					<gpxtpx:TrackPointExtension>
						<gpxtpx:hr>108</gpxtpx:hr>
						<gpxtpx:atemp>31</gpxtpx:atemp>
					</gpxtpx:TrackPointExtension>
				</extensions>
			</trkpt>
			<trkpt lat="48.579317" lon="-2.157743">
				<ele>4.8</ele>
				<time>2024-08-18T12:11:35Z</time>
				<extensions>
					<gpxtpx:TrackPointExtension>
						<gpxtpx:hr>107</gpxtpx:hr>
						<gpxtpx:atemp>31</gpxtpx:atemp>
					</gpxtpx:TrackPointExtension>
				</extensions>
			</trkpt>
			<trkpt lat="48.579235" lon="-2.157803">
				<ele>4.8</ele>
				<time>2024-08-18T12:11:43Z</time>
				<extensions>
					<gpxtpx:TrackPointExtension>
						<gpxtpx:hr>108</gpxtpx:hr>
						<gpxtpx:atemp>31</gpxtpx:atemp>
					</gpxtpx:TrackPointExtension>
				</extensions>
			</trkpt>
			<trkpt lat="48.579204" lon="-2.157825">
				<ele>5.8</ele>
				<time>2024-08-18T12:11:47Z</time>
				<extensions>
					<gpxtpx:TrackPointExtension>
						<gpxtpx:hr>110</gpxtpx:hr>
						<gpxtpx:atemp>30</gpxtpx:atemp>
					</gpxtpx:TrackPointExtension>
				</extensions>
			</trkpt>
			<trkpt lat="48.579166" lon="-2.15786">
				<ele>6.6</ele>
				<time>2024-08-18T12:11:51Z</time>
				<extensions>
					<gpxtpx:TrackPointExtension>
						<gpxtpx:hr>112</gpxtpx:hr>
						<gpxtpx:atemp>30</gpxtpx:atemp>
					</gpxtpx:TrackPointExtension>
				</extensions>
			</trkpt>
			<trkpt lat="48.57914" lon="-2.157874">
				<ele>6.6</ele>
				<time>2024-08-18T12:11:54Z</time>
				<extensions>
					<gpxtpx:TrackPointExtension>
						<gpxtpx:hr>116</gpxtpx:hr>
						<gpxtpx:atemp>30</gpxtpx:atemp>
					</gpxtpx:TrackPointExtension>
				</extensions>
			</trkpt>
			<trkpt lat="48.579132" lon="-2.157873">
				<ele>6.2</ele>
				<time>2024-08-18T12:11:55Z</time>
				<extensions>
					<gpxtpx:TrackPointExtension>
						<gpxtpx:hr>116</gpxtpx:hr>
						<gpxtpx:atemp>30</gpxtpx:atemp>
					</gpxtpx:TrackPointExtension>
				</extensions>
			</trkpt>
			<trkpt lat="48.579108" lon="-2.157872">
				<ele>5.6</ele>
				<time>2024-08-18T12:11:58Z</time>
				<extensions>
					<gpxtpx:TrackPointExtension>
						<gpxtpx:hr>118</gpxtpx:hr>
						<gpxtpx:atemp>30</gpxtpx:atemp>
					</gpxtpx:TrackPointExtension>
				</extensions>
			</trkpt>
			<trkpt lat="48.579053" lon="-2.157907">
				<ele>4.8</ele>
				<time>2024-08-18T12:12:03Z</time>
				<extensions>
					<gpxtpx:TrackPointExtension>
						<gpxtpx:hr>119</gpxtpx:hr>
						<gpxtpx:atemp>30</gpxtpx:atemp>
					</gpxtpx:TrackPointExtension>
				</extensions>
			</trkpt>
			<trkpt lat="48.579018" lon="-2.157929">
				<ele>4.6</ele>
				<time>2024-08-18T12:12:06Z</time>
				<extensions>
					<gpxtpx:TrackPointExtension>
						<gpxtpx:hr>120</gpxtpx:hr>
						<gpxtpx:atemp>30</gpxtpx:atemp>
					</gpxtpx:TrackPointExtension>
				</extensions>
			</trkpt>
			<trkpt lat="48.57893" lon="-2.157974">
				<ele>4.6</ele>
				<time>2024-08-18T12:12:13Z</time>
				<extensions>
					<gpxtpx:TrackPointExtension>
						<gpxtpx:hr>119</gpxtpx:hr>
						<gpxtpx:atemp>30</gpxtpx:atemp>
					</gpxtpx:TrackPointExtension>
				</extensions>
			</trkpt>
			<trkpt lat="48.578864" lon="-2.157981">
				<ele>4.4</ele>
				<time>2024-08-18T12:12:18Z</time>
				<extensions>
					<gpxtpx:TrackPointExtension>
						<gpxtpx:hr>118</gpxtpx:hr>
						<gpxtpx:atemp>30</gpxtpx:atemp>
					</gpxtpx:TrackPointExtension>
				</extensions>
			</trkpt>
			<trkpt lat="48.578841" lon="-2.157991">
				<ele>4.6</ele>
				<time>2024-08-18T12:12:20Z</time>
				<extensions>
					<gpxtpx:TrackPointExtension>
						<gpxtpx:hr>114</gpxtpx:hr>
						<gpxtpx:atemp>30</gpxtpx:atemp>
					</gpxtpx:TrackPointExtension>
				</extensions>
			</trkpt>
			<trkpt lat="48.578804" lon="-2.157994">
				<ele>4.6</ele>
				<time>2024-08-18T12:12:23Z</time>
				<extensions>
					<gpxtpx:TrackPointExtension>
						<gpxtpx:hr>111</gpxtpx:hr>
						<gpxtpx:atemp>30</gpxtpx:atemp>
					</gpxtpx:TrackPointExtension>
				</extensions>
			</trkpt>
			<trkpt lat="48.578782" lon="-2.158003">
				<ele>4.4</ele>
				<time>2024-08-18T12:12:25Z</time>
				<extensions>
					<gpxtpx:TrackPointExtension>
						<gpxtpx:hr>107</gpxtpx:hr>
						<gpxtpx:atemp>30</gpxtpx:atemp>
					</gpxtpx:TrackPointExtension>
				</extensions>
			</trkpt>
			<trkpt lat="48.578755" lon="-2.158011">
				<ele>4.6</ele>
				<time>2024-08-18T12:12:28Z</time>
				<extensions>
					<gpxtpx:TrackPointExtension>
						<gpxtpx:hr>105</gpxtpx:hr>
						<gpxtpx:atemp>30</gpxtpx:atemp>
					</gpxtpx:TrackPointExtension>
				</extensions>
			</trkpt>
			<trkpt lat="48.578602" lon="-2.158057">
				<ele>4.2</ele>
				<time>2024-08-18T12:12:41Z</time>
				<extensions>
					<gpxtpx:TrackPointExtension>
						<gpxtpx:hr>106</gpxtpx:hr>
						<gpxtpx:atemp>30</gpxtpx:atemp>
					</gpxtpx:TrackPointExtension>
				</extensions>
			</trkpt>
			<trkpt lat="48.578485" lon="-2.158079">
				<ele>4.6</ele>
				<time>2024-08-18T12:12:50Z</time>
				<extensions>
					<gpxtpx:TrackPointExtension>
						<gpxtpx:hr>107</gpxtpx:hr>
						<gpxtpx:atemp>30</gpxtpx:atemp>
					</gpxtpx:TrackPointExtension>
				</extensions>
			</trkpt>
			<trkpt lat="48.578439" lon="-2.1581">
				<ele>4.8</ele>
				<time>2024-08-18T12:12:54Z</time>
				<extensions>
					<gpxtpx:TrackPointExtension>
						<gpxtpx:hr>103</gpxtpx:hr>
						<gpxtpx:atemp>30</gpxtpx:atemp>
					</gpxtpx:TrackPointExtension>
				</extensions>
			</trkpt>
			<trkpt lat="48.578399" lon="-2.158109">
				<ele>4.6</ele>
				<time>2024-08-18T12:12:57Z</time>
				<extensions>
					<gpxtpx:TrackPointExtension>
						<gpxtpx:hr>103</gpxtpx:hr>
						<gpxtpx:atemp>30</gpxtpx:atemp>
					</gpxtpx:TrackPointExtension>
				</extensions>
			</trkpt>
			<trkpt lat="48.578306" lon="-2.158153">
				<ele>4.4</ele>
				<time>2024-08-18T12:13:05Z</time>
				<extensions>
					<gpxtpx:TrackPointExtension>
						<gpxtpx:hr>106</gpxtpx:hr>
						<gpxtpx:atemp>30</gpxtpx:atemp>
					</gpxtpx:TrackPointExtension>
				</extensions>
			</trkpt>
			<trkpt lat="48.578247" lon="-2.158192">
				<ele>4.6</ele>
				<time>2024-08-18T12:13:10Z</time>
				<extensions>
					<gpxtpx:TrackPointExtension>
						<gpxtpx:hr>106</gpxtpx:hr>
						<gpxtpx:atemp>30</gpxtpx:atemp>
					</gpxtpx:TrackPointExtension>
				</extensions>
			</trkpt>
			<trkpt lat="48.578132" lon="-2.158304">
				<ele>4.2</ele>
				<time>2024-08-18T12:13:21Z</time>
				<extensions>
					<gpxtpx:TrackPointExtension>
						<gpxtpx:hr>107</gpxtpx:hr>
						<gpxtpx:atemp>30</gpxtpx:atemp>
					</gpxtpx:TrackPointExtension>
				</extensions>
			</trkpt>
			<trkpt lat="48.578057" lon="-2.158409">
				<ele>4.4</ele>
				<time>2024-08-18T12:13:30Z</time>
				<extensions>
					<gpxtpx:TrackPointExtension>
						<gpxtpx:hr>110</gpxtpx:hr>
						<gpxtpx:atemp>30</gpxtpx:atemp>
					</gpxtpx:TrackPointExtension>
				</extensions>
			</trkpt>
			<trkpt lat="48.578049" lon="-2.158423">
				<ele>4.4</ele>
				<time>2024-08-18T12:13:31Z</time>
				<extensions>
					<gpxtpx:TrackPointExtension>
						<gpxtpx:hr>110</gpxtpx:hr>
						<gpxtpx:atemp>30</gpxtpx:atemp>
					</gpxtpx:TrackPointExtension>
				</extensions>
			</trkpt>
			<trkpt lat="48.578037" lon="-2.158453">
				<ele>4.4</ele>
				<time>2024-08-18T12:13:33Z</time>
				<extensions>
					<gpxtpx:TrackPointExtension>
						<gpxtpx:hr>111</gpxtpx:hr>
						<gpxtpx:atemp>30</gpxtpx:atemp>
					</gpxtpx:TrackPointExtension>
				</extensions>
			</trkpt>
			<trkpt lat="48.577951" lon="-2.15868">
				<ele>4.4</ele>
				<time>2024-08-18T12:13:47Z</time>
				<extensions>
					<gpxtpx:TrackPointExtension>
						<gpxtpx:hr>111</gpxtpx:hr>
						<gpxtpx:atemp>30</gpxtpx:atemp>
					</gpxtpx:TrackPointExtension>
				</extensions>
			</trkpt>
			<trkpt lat="48.577875" lon="-2.15888">
				<ele>4.4</ele>
				<time>2024-08-18T12:13:59Z</time>
				<extensions>
					<gpxtpx:TrackPointExtension>
						<gpxtpx:hr>109</gpxtpx:hr>
						<gpxtpx:atemp>30</gpxtpx:atemp>
					</gpxtpx:TrackPointExtension>
				</extensions>
			</trkpt>
			<trkpt lat="48.577847" lon="-2.158966">
				<ele>5.4</ele>
				<time>2024-08-18T12:14:04Z</time>
				<extensions>
					<gpxtpx:TrackPointExtension>
						<gpxtpx:hr>106</gpxtpx:hr>
						<gpxtpx:atemp>30</gpxtpx:atemp>
					</gpxtpx:TrackPointExtension>
				</extensions>
			</trkpt>
			<trkpt lat="48.577811" lon="-2.159051">
				<ele>4.8</ele>
				<time>2024-08-18T12:14:10Z</time>
				<extensions>
					<gpxtpx:TrackPointExtension>
						<gpxtpx:hr>104</gpxtpx:hr>
						<gpxtpx:atemp>30</gpxtpx:atemp>
					</gpxtpx:TrackPointExtension>
				</extensions>
			</trkpt>
			<trkpt lat="48.577765" lon="-2.15919">
				<ele>4.8</ele>
				<time>2024-08-18T12:14:19Z</time>
				<extensions>
					<gpxtpx:TrackPointExtension>
						<gpxtpx:hr>104</gpxtpx:hr>
						<gpxtpx:atemp>30</gpxtpx:atemp>
					</gpxtpx:TrackPointExtension>
				</extensions>
			</trkpt>
			<trkpt lat="48.577675" lon="-2.159423">
				<ele>4.8</ele>
				<time>2024-08-18T12:14:32Z</time>
				<extensions>
					<gpxtpx:TrackPointExtension>
						<gpxtpx:hr>103</gpxtpx:hr>
						<gpxtpx:atemp>30</gpxtpx:atemp>
					</gpxtpx:TrackPointExtension>
				</extensions>
			</trkpt>
			<trkpt lat="48.577627" lon="-2.15955">
				<ele>4.8</ele>
				<time>2024-08-18T12:14:39Z</time>
				<extensions>
					<gpxtpx:TrackPointExtension>
						<gpxtpx:hr>106</gpxtpx:hr>
						<gpxtpx:atemp>30</gpxtpx:atemp>
					</gpxtpx:TrackPointExtension>
				</extensions>
			</trkpt>
			<trkpt lat="48.577605" lon="-2.159603">
				<ele>5</ele>
				<time>2024-08-18T12:14:42Z</time>
				<extensions>
					<gpxtpx:TrackPointExtension>
						<gpxtpx:hr>107</gpxtpx:hr>
						<gpxtpx:atemp>30</gpxtpx:atemp>
					</gpxtpx:TrackPointExtension>
				</extensions>
			</trkpt>
			<trkpt lat="48.577545" lon="-2.159773">
				<ele>5.2</ele>
				<time>2024-08-18T12:14:52Z</time>
				<extensions>
					<gpxtpx:TrackPointExtension>
						<gpxtpx:hr>104</gpxtpx:hr>
						<gpxtpx:atemp>30</gpxtpx:atemp>
					</gpxtpx:TrackPointExtension>
				</extensions>
			</trkpt>
			<trkpt lat="48.577532" lon="-2.159807">
				<ele>5.2</ele>
				<time>2024-08-18T12:14:54Z</time>
				<extensions>
					<gpxtpx:TrackPointExtension>
						<gpxtpx:hr>105</gpxtpx:hr>
						<gpxtpx:atemp>30</gpxtpx:atemp>
					</gpxtpx:TrackPointExtension>
				</extensions>
			</trkpt>
			<trkpt lat="48.5775" lon="-2.159886">
				<ele>5</ele>
				<time>2024-08-18T12:14:59Z</time>
				<extensions>
					<gpxtpx:TrackPointExtension>
						<gpxtpx:hr>108</gpxtpx:hr>
						<gpxtpx:atemp>30</gpxtpx:atemp>
					</gpxtpx:TrackPointExtension>
				</extensions>
			</trkpt>
			<trkpt lat="48.577457" lon="-2.159998">
				<ele>4.6</ele>
				<time>2024-08-18T12:15:06Z</time>
				<extensions>
					<gpxtpx:TrackPointExtension>
						<gpxtpx:hr>106</gpxtpx:hr>
						<gpxtpx:atemp>30</gpxtpx:atemp>
					</gpxtpx:TrackPointExtension>
				</extensions>
			</trkpt>
			<trkpt lat="48.577396" lon="-2.160119">
				<ele>4.8</ele>
				<time>2024-08-18T12:15:14Z</time>
				<extensions>
					<gpxtpx:TrackPointExtension>
						<gpxtpx:hr>105</gpxtpx:hr>
						<gpxtpx:atemp>30</gpxtpx:atemp>
					</gpxtpx:TrackPointExtension>
				</extensions>
			</trkpt>
			<trkpt lat="48.577324" lon="-2.160203">
				<ele>4.6</ele>
				<time>2024-08-18T12:15:21Z</time>
				<extensions>
					<gpxtpx:TrackPointExtension>
						<gpxtpx:hr>108</gpxtpx:hr>
						<gpxtpx:atemp>30</gpxtpx:atemp>
					</gpxtpx:TrackPointExtension>
				</extensions>
			</trkpt>
			<trkpt lat="48.577278" lon="-2.160243">
				<ele>4.8</ele>
				<time>2024-08-18T12:15:25Z</time>
				<extensions>
					<gpxtpx:TrackPointExtension>
						<gpxtpx:hr>107</gpxtpx:hr>
						<gpxtpx:atemp>30</gpxtpx:atemp>
					</gpxtpx:TrackPointExtension>
				</extensions>
			</trkpt>
			<trkpt lat="48.577143" lon="-2.160243">
				<ele>4.6</ele>
				<time>2024-08-18T12:15:36Z</time>
				<extensions>
					<gpxtpx:TrackPointExtension>
						<gpxtpx:hr>107</gpxtpx:hr>
						<gpxtpx:atemp>30</gpxtpx:atemp>
					</gpxtpx:TrackPointExtension>
				</extensions>
			</trkpt>
			<trkpt lat="48.577072" lon="-2.160217">
				<ele>4.6</ele>
				<time>2024-08-18T12:15:42Z</time>
				<extensions>
					<gpxtpx:TrackPointExtension>
						<gpxtpx:hr>107</gpxtpx:hr>
						<gpxtpx:atemp>30</gpxtpx:atemp>
					</gpxtpx:TrackPointExtension>
				</extensions>
			</trkpt>
			<trkpt lat="48.577047" lon="-2.160201">
				<ele>4.4</ele>
				<time>2024-08-18T12:15:44Z</time>
				<extensions>
					<gpxtpx:TrackPointExtension>
						<gpxtpx:hr>107</gpxtpx:hr>
						<gpxtpx:atemp>30</gpxtpx:atemp>
					</gpxtpx:TrackPointExtension>
				</extensions>
			</trkpt>
			<trkpt lat="48.576993" lon="-2.160154">
				<ele>4.6</ele>
				<time>2024-08-18T12:15:49Z</time>
				<extensions>
					<gpxtpx:TrackPointExtension>
						<gpxtpx:hr>110</gpxtpx:hr>
						<gpxtpx:atemp>30</gpxtpx:atemp>
					</gpxtpx:TrackPointExtension>
				</extensions>
			</trkpt>
			<trkpt lat="48.57692" lon="-2.16011">
				<ele>4.8</ele>
				<time>2024-08-18T12:15:56Z</time>
				<extensions>
					<gpxtpx:TrackPointExtension>
						<gpxtpx:hr>107</gpxtpx:hr>
						<gpxtpx:atemp>30</gpxtpx:atemp>
					</gpxtpx:TrackPointExtension>
				</extensions>
			</trkpt>
			<trkpt lat="48.57691" lon="-2.160101">
				<ele>4.8</ele>
				<time>2024-08-18T12:15:57Z</time>
				<extensions>
					<gpxtpx:TrackPointExtension>
						<gpxtpx:hr>107</gpxtpx:hr>
						<gpxtpx:atemp>30</gpxtpx:atemp>
					</gpxtpx:TrackPointExtension>
				</extensions>
			</trkpt>
			<trkpt lat="48.576899" lon="-2.160086">
				<ele>5</ele>
				<time>2024-08-18T12:16:02Z</time>
				<extensions>
					<gpxtpx:TrackPointExtension>
						<gpxtpx:hr>110</gpxtpx:hr>
						<gpxtpx:atemp>30</gpxtpx:atemp>
					</gpxtpx:TrackPointExtension>
				</extensions>
			</trkpt>
			<trkpt lat="48.5769" lon="-2.160087">
				<ele>5</ele>
				<time>2024-08-18T12:16:03Z</time>
				<extensions>
					<gpxtpx:TrackPointExtension>
						<gpxtpx:hr>110</gpxtpx:hr>
						<gpxtpx:atemp>30</gpxtpx:atemp>
					</gpxtpx:TrackPointExtension>
				</extensions>
			</trkpt>
			<trkpt lat="48.576895" lon="-2.160085">
				<ele>5</ele>
				<time>2024-08-18T12:16:11Z</time>
				<extensions>
					<gpxtpx:TrackPointExtension>
						<gpxtpx:hr>113</gpxtpx:hr>
						<gpxtpx:atemp>30</gpxtpx:atemp>
					</gpxtpx:TrackPointExtension>
				</extensions>
			</trkpt>
			<trkpt lat="48.576889" lon="-2.160082">
				<ele>5</ele>
				<time>2024-08-18T12:16:12Z</time>
				<extensions>
					<gpxtpx:TrackPointExtension>
						<gpxtpx:hr>114</gpxtpx:hr>
						<gpxtpx:atemp>30</gpxtpx:atemp>
					</gpxtpx:TrackPointExtension>
				</extensions>
			</trkpt>
			<trkpt lat="48.576863" lon="-2.160067">
				<ele>5</ele>
				<time>2024-08-18T12:16:15Z</time>
				<extensions>
					<gpxtpx:TrackPointExtension>
						<gpxtpx:hr>121</gpxtpx:hr>
						<gpxtpx:atemp>30</gpxtpx:atemp>
					</gpxtpx:TrackPointExtension>
				</extensions>
			</trkpt>
			<trkpt lat="48.576853" lon="-2.160059">
				<ele>5.2</ele>
				<time>2024-08-18T12:16:16Z</time>
				<extensions>
					<gpxtpx:TrackPointExtension>
						<gpxtpx:hr>121</gpxtpx:hr>
						<gpxtpx:atemp>30</gpxtpx:atemp>
					</gpxtpx:TrackPointExtension>
				</extensions>
			</trkpt>
			<trkpt lat="48.576816" lon="-2.160015">
				<ele>5.4</ele>
				<time>2024-08-18T12:16:20Z</time>
				<extensions>
					<gpxtpx:TrackPointExtension>
						<gpxtpx:hr>121</gpxtpx:hr>
						<gpxtpx:atemp>30</gpxtpx:atemp>
					</gpxtpx:TrackPointExtension>
				</extensions>
			</trkpt>
			<trkpt lat="48.576794" lon="-2.159992">
				<ele>5.4</ele>
				<time>2024-08-18T12:16:22Z</time>
				<extensions>
					<gpxtpx:TrackPointExtension>
						<gpxtpx:hr>118</gpxtpx:hr>
						<gpxtpx:atemp>30</gpxtpx:atemp>
					</gpxtpx:TrackPointExtension>
				</extensions>
			</trkpt>
			<trkpt lat="48.576743" lon="-2.159993">
				<ele>5.6</ele>
				<time>2024-08-18T12:16:28Z</time>
				<extensions>
					<gpxtpx:TrackPointExtension>
						<gpxtpx:hr>116</gpxtpx:hr>
						<gpxtpx:atemp>30</gpxtpx:atemp>
					</gpxtpx:TrackPointExtension>
				</extensions>
			</trkpt>
			<trkpt lat="48.576716" lon="-2.160014">
				<ele>5.8</ele>
				<time>2024-08-18T12:16:32Z</time>
				<extensions>
					<gpxtpx:TrackPointExtension>
						<gpxtpx:hr>114</gpxtpx:hr>
						<gpxtpx:atemp>30</gpxtpx:atemp>
					</gpxtpx:TrackPointExtension>
				</extensions>
			</trkpt>
			<trkpt lat="48.576714" lon="-2.160013">
				<ele>6.2</ele>
				<time>2024-08-18T12:16:35Z</time>
				<extensions>
					<gpxtpx:TrackPointExtension>
						<gpxtpx:hr>112</gpxtpx:hr>
						<gpxtpx:atemp>30</gpxtpx:atemp>
					</gpxtpx:TrackPointExtension>
				</extensions>
			</trkpt>
			<trkpt lat="48.576729" lon="-2.159968">
				<ele>6.4</ele>
				<time>2024-08-18T12:16:41Z</time>
				<extensions>
					<gpxtpx:TrackPointExtension>
						<gpxtpx:hr>113</gpxtpx:hr>
						<gpxtpx:atemp>30</gpxtpx:atemp>
					</gpxtpx:TrackPointExtension>
				</extensions>
			</trkpt>
			<trkpt lat="48.576731" lon="-2.15995">
				<ele>6</ele>
				<time>2024-08-18T12:16:48Z</time>
				<extensions>
					<gpxtpx:TrackPointExtension>
						<gpxtpx:hr>113</gpxtpx:hr>
						<gpxtpx:atemp>31</gpxtpx:atemp>
					</gpxtpx:TrackPointExtension>
				</extensions>
			</trkpt>
			<trkpt lat="48.576731" lon="-2.15995">
				<ele>6</ele>
				<time>2024-08-18T12:16:51Z</time>
				<extensions>
					<gpxtpx:TrackPointExtension>
						<gpxtpx:hr>110</gpxtpx:hr>
						<gpxtpx:atemp>31</gpxtpx:atemp>
					</gpxtpx:TrackPointExtension>
				</extensions>
			</trkpt>
			<trkpt lat="48.576731" lon="-2.15995">
				<ele>6</ele>
				<time>2024-08-18T12:16:52Z</time>
				<extensions>
					<gpxtpx:TrackPointExtension>
						<gpxtpx:hr>110</gpxtpx:hr>
						<gpxtpx:atemp>31</gpxtpx:atemp>
					</gpxtpx:TrackPointExtension>
				</extensions>
			</trkpt>
			<trkpt lat="48.576714" lon="-2.15996">
				<ele>6.2</ele>
				<time>2024-08-18T12:16:57Z</time>
				<extensions>
					<gpxtpx:TrackPointExtension>
						<gpxtpx:hr>107</gpxtpx:hr>
						<gpxtpx:atemp>31</gpxtpx:atemp>
					</gpxtpx:TrackPointExtension>
				</extensions>
			</trkpt>
			<trkpt lat="48.576675" lon="-2.159982">
				<ele>6.4</ele>
				<time>2024-08-18T12:17:00Z</time>
				<extensions>
					<gpxtpx:TrackPointExtension>
						<gpxtpx:hr>108</gpxtpx:hr>
						<gpxtpx:atemp>31</gpxtpx:atemp>
					</gpxtpx:TrackPointExtension>
				</extensions>
			</trkpt>
			<trkpt lat="48.576588" lon="-2.160036">
				<ele>6.8</ele>
				<time>2024-08-18T12:17:06Z</time>
				<extensions>
					<gpxtpx:TrackPointExtension>
						<gpxtpx:hr>108</gpxtpx:hr>
						<gpxtpx:atemp>31</gpxtpx:atemp>
					</gpxtpx:TrackPointExtension>
				</extensions>
			</trkpt>
			<trkpt lat="48.576571" lon="-2.160061">
				<ele>6.8</ele>
				<time>2024-08-18T12:17:09Z</time>
				<extensions>
					<gpxtpx:TrackPointExtension>
						<gpxtpx:hr>110</gpxtpx:hr>
						<gpxtpx:atemp>31</gpxtpx:atemp>
					</gpxtpx:TrackPointExtension>
				</extensions>
			</trkpt>
			<trkpt lat="48.57657" lon="-2.160062">
				<ele>7</ele>
				<time>2024-08-18T12:17:15Z</time>
				<extensions>
					<gpxtpx:TrackPointExtension>
						<gpxtpx:hr>110</gpxtpx:hr>
						<gpxtpx:atemp>31</gpxtpx:atemp>
					</gpxtpx:TrackPointExtension>
				</extensions>
			</trkpt>
			<trkpt lat="48.57657" lon="-2.160066">
				<ele>7</ele>
				<time>2024-08-18T12:17:27Z</time>
				<extensions>
					<gpxtpx:TrackPointExtension>
						<gpxtpx:hr>110</gpxtpx:hr>
						<gpxtpx:atemp>31</gpxtpx:atemp>
					</gpxtpx:TrackPointExtension>
				</extensions>
			</trkpt>
			<trkpt lat="48.57657" lon="-2.160066">
				<ele>6.8</ele>
				<time>2024-08-18T12:17:33Z</time>
				<extensions>
					<gpxtpx:TrackPointExtension>
						<gpxtpx:hr>113</gpxtpx:hr>
						<gpxtpx:atemp>31</gpxtpx:atemp>
					</gpxtpx:TrackPointExtension>
				</extensions>
			</trkpt>
			<trkpt lat="48.576569" lon="-2.160066">
				<ele>7.2</ele>
				<time>2024-08-18T12:17:40Z</time>
				<extensions>
					<gpxtpx:TrackPointExtension>
						<gpxtpx:hr>116</gpxtpx:hr>
						<gpxtpx:atemp>31</gpxtpx:atemp>
					</gpxtpx:TrackPointExtension>
				</extensions>
			</trkpt>
			<trkpt lat="48.576565" lon="-2.160065">
				<ele>7</ele>
				<time>2024-08-18T12:17:44Z</time>
				<extensions>
					<gpxtpx:TrackPointExtension>
						<gpxtpx:hr>113</gpxtpx:hr>
						<gpxtpx:atemp>31</gpxtpx:atemp>
					</gpxtpx:TrackPointExtension>
				</extensions>
			</trkpt>
			<trkpt lat="48.576562" lon="-2.160065">
				<ele>6.8</ele>
				<time>2024-08-18T12:17:46Z</time>
				<extensions>
					<gpxtpx:TrackPointExtension>
						<gpxtpx:hr>110</gpxtpx:hr>
						<gpxtpx:atemp>31</gpxtpx:atemp>
					</gpxtpx:TrackPointExtension>
				</extensions>
			</trkpt>
			<trkpt lat="48.576505" lon="-2.160041">
				<ele>6.8</ele>
				<time>2024-08-18T12:17:54Z</time>
				<extensions>
					<gpxtpx:TrackPointExtension>
						<gpxtpx:hr>110</gpxtpx:hr>
						<gpxtpx:atemp>31</gpxtpx:atemp>
					</gpxtpx:TrackPointExtension>
				</extensions>
			</trkpt>
			<trkpt lat="48.57645" lon="-2.160011">
				<ele>6.8</ele>
				<time>2024-08-18T12:17:58Z</time>
				<extensions>
					<gpxtpx:TrackPointExtension>
						<gpxtpx:hr>107</gpxtpx:hr>
						<gpxtpx:atemp>31</gpxtpx:atemp>
					</gpxtpx:TrackPointExtension>
				</extensions>
			</trkpt>
			<trkpt lat="48.576418" lon="-2.159992">
				<ele>6.8</ele>
				<time>2024-08-18T12:18:01Z</time>
				<extensions>
					<gpxtpx:TrackPointExtension>
						<gpxtpx:hr>104</gpxtpx:hr>
						<gpxtpx:atemp>31</gpxtpx:atemp>
					</gpxtpx:TrackPointExtension>
				</extensions>
			</trkpt>
			<trkpt lat="48.576393" lon="-2.159972">
				<ele>6.6</ele>
				<time>2024-08-18T12:18:04Z</time>
				<extensions>
					<gpxtpx:TrackPointExtension>
						<gpxtpx:hr>103</gpxtpx:hr>
						<gpxtpx:atemp>31</gpxtpx:atemp>
					</gpxtpx:TrackPointExtension>
				</extensions>
			</trkpt>
			<trkpt lat="48.576292" lon="-2.159888">
				<ele>6.4</ele>
				<time>2024-08-18T12:18:13Z</time>
				<extensions>
					<gpxtpx:TrackPointExtension>
						<gpxtpx:hr>102</gpxtpx:hr>
						<gpxtpx:atemp>31</gpxtpx:atemp>
					</gpxtpx:TrackPointExtension>
				</extensions>
			</trkpt>
			<trkpt lat="48.576154" lon="-2.159828">
				<ele>6.8</ele>
				<time>2024-08-18T12:18:23Z</time>
				<extensions>
					<gpxtpx:TrackPointExtension>
						<gpxtpx:hr>100</gpxtpx:hr>
						<gpxtpx:atemp>31</gpxtpx:atemp>
					</gpxtpx:TrackPointExtension>
				</extensions>
			</trkpt>
			<trkpt lat="48.576036" lon="-2.159811">
				<ele>7.8</ele>
				<time>2024-08-18T12:18:32Z</time>
				<extensions>
					<gpxtpx:TrackPointExtension>
						<gpxtpx:hr>103</gpxtpx:hr>
						<gpxtpx:atemp>31</gpxtpx:atemp>
					</gpxtpx:TrackPointExtension>
				</extensions>
			</trkpt>
			<trkpt lat="48.576027" lon="-2.159807">
				<ele>7.8</ele>
				<time>2024-08-18T12:18:33Z</time>
				<extensions>
					<gpxtpx:TrackPointExtension>
						<gpxtpx:hr>103</gpxtpx:hr>
						<gpxtpx:atemp>31</gpxtpx:atemp>
					</gpxtpx:TrackPointExtension>
				</extensions>
			</trkpt>
			<trkpt lat="48.576001" lon="-2.159803">
				<ele>8.2</ele>
				<time>2024-08-18T12:18:35Z</time>
				<extensions>
					<gpxtpx:TrackPointExtension>
						<gpxtpx:hr>106</gpxtpx:hr>
						<gpxtpx:atemp>31</gpxtpx:atemp>
					</gpxtpx:TrackPointExtension>
				</extensions>
			</trkpt>
			<trkpt lat="48.575964" lon="-2.159796">
				<ele>8.4</ele>
				<time>2024-08-18T12:18:38Z</time>
				<extensions>
					<gpxtpx:TrackPointExtension>
						<gpxtpx:hr>110</gpxtpx:hr>
						<gpxtpx:atemp>31</gpxtpx:atemp>
					</gpxtpx:TrackPointExtension>
				</extensions>
			</trkpt>
			<trkpt lat="48.575954" lon="-2.159797">
				<ele>8.6</ele>
				<time>2024-08-18T12:18:39Z</time>
				<extensions>
					<gpxtpx:TrackPointExtension>
						<gpxtpx:hr>111</gpxtpx:hr>
						<gpxtpx:atemp>31</gpxtpx:atemp>
					</gpxtpx:TrackPointExtension>
				</extensions>
			</trkpt>
			<trkpt lat="48.575932" lon="-2.159797">
				<ele>9</ele>
				<time>2024-08-18T12:18:41Z</time>
				<extensions>
					<gpxtpx:TrackPointExtension>
						<gpxtpx:hr>113</gpxtpx:hr>
						<gpxtpx:atemp>31</gpxtpx:atemp>
					</gpxtpx:TrackPointExtension>
				</extensions>
			</trkpt>
			<trkpt lat="48.575919" lon="-2.159793">
				<ele>9</ele>
				<time>2024-08-18T12:18:42Z</time>
				<extensions>
					<gpxtpx:TrackPointExtension>
						<gpxtpx:hr>115</gpxtpx:hr>
						<gpxtpx:atemp>31</gpxtpx:atemp>
					</gpxtpx:TrackPointExtension>
				</extensions>
			</trkpt>
			<trkpt lat="48.575893" lon="-2.159792">
				<ele>9.2</ele>
				<time>2024-08-18T12:18:44Z</time>
				<extensions>
					<gpxtpx:TrackPointExtension>
						<gpxtpx:hr>118</gpxtpx:hr>
						<gpxtpx:atemp>31</gpxtpx:atemp>
					</gpxtpx:TrackPointExtension>
				</extensions>
			</trkpt>
			<trkpt lat="48.575859" lon="-2.159796">
				<ele>9.4</ele>
				<time>2024-08-18T12:18:47Z</time>
				<extensions>
					<gpxtpx:TrackPointExtension>
						<gpxtpx:hr>121</gpxtpx:hr>
						<gpxtpx:atemp>31</gpxtpx:atemp>
					</gpxtpx:TrackPointExtension>
				</extensions>
			</trkpt>
			<trkpt lat="48.575826" lon="-2.159777">
				<ele>9.6</ele>
				<time>2024-08-18T12:18:50Z</time>
				<extensions>
					<gpxtpx:TrackPointExtension>
						<gpxtpx:hr>122</gpxtpx:hr>
						<gpxtpx:atemp>31</gpxtpx:atemp>
					</gpxtpx:TrackPointExtension>
				</extensions>
			</trkpt>
			<trkpt lat="48.575756" lon="-2.15973">
				<ele>10</ele>
				<time>2024-08-18T12:18:56Z</time>
				<extensions>
					<gpxtpx:TrackPointExtension>
						<gpxtpx:hr>124</gpxtpx:hr>
						<gpxtpx:atemp>31</gpxtpx:atemp>
					</gpxtpx:TrackPointExtension>
				</extensions>
			</trkpt>
			<trkpt lat="48.575668" lon="-2.159651">
				<ele>10.8</ele>
				<time>2024-08-18T12:19:04Z</time>
				<extensions>
					<gpxtpx:TrackPointExtension>
						<gpxtpx:hr>125</gpxtpx:hr>
						<gpxtpx:atemp>31</gpxtpx:atemp>
					</gpxtpx:TrackPointExtension>
				</extensions>
			</trkpt>
			<trkpt lat="48.575623" lon="-2.1596">
				<ele>11</ele>
				<time>2024-08-18T12:19:08Z</time>
				<extensions>
					<gpxtpx:TrackPointExtension>
						<gpxtpx:hr>125</gpxtpx:hr>
						<gpxtpx:atemp>31</gpxtpx:atemp>
					</gpxtpx:TrackPointExtension>
				</extensions>
			</trkpt>
			<trkpt lat="48.575563" lon="-2.159524">
				<ele>11.4</ele>
				<time>2024-08-18T12:19:14Z</time>
				<extensions>
					<gpxtpx:TrackPointExtension>
						<gpxtpx:hr>125</gpxtpx:hr>
						<gpxtpx:atemp>31</gpxtpx:atemp>
					</gpxtpx:TrackPointExtension>
				</extensions>
			</trkpt>
			<trkpt lat="48.575469" lon="-2.159449">
				<ele>11.6</ele>
				<time>2024-08-18T12:19:22Z</time>
				<extensions>
					<gpxtpx:TrackPointExtension>
						<gpxtpx:hr>125</gpxtpx:hr>
						<gpxtpx:atemp>32</gpxtpx:atemp>
					</gpxtpx:TrackPointExtension>
				</extensions>
			</trkpt>
			<trkpt lat="48.575427" lon="-2.159444">
				<ele>11.8</ele>
				<time>2024-08-18T12:19:26Z</time>
				<extensions>
					<gpxtpx:TrackPointExtension>
						<gpxtpx:hr>125</gpxtpx:hr>
						<gpxtpx:atemp>32</gpxtpx:atemp>
					</gpxtpx:TrackPointExtension>
				</extensions>
			</trkpt>
			<trkpt lat="48.575404" lon="-2.159461">
				<ele>11.8</ele>
				<time>2024-08-18T12:19:28Z</time>
				<extensions>
					<gpxtpx:TrackPointExtension>
						<gpxtpx:hr>123</gpxtpx:hr>
						<gpxtpx:atemp>32</gpxtpx:atemp>
					</gpxtpx:TrackPointExtension>
				</extensions>
			</trkpt>
			<trkpt lat="48.575372" lon="-2.159544">
				<ele>11.8</ele>
				<time>2024-08-18T12:19:34Z</time>
				<extensions>
					<gpxtpx:TrackPointExtension>
						<gpxtpx:hr>120</gpxtpx:hr>
						<gpxtpx:atemp>32</gpxtpx:atemp>
					</gpxtpx:TrackPointExtension>
				</extensions>
			</trkpt>
			<trkpt lat="48.575375" lon="-2.159563">
				<ele>11.8</ele>
				<time>2024-08-18T12:19:35Z</time>
				<extensions>
					<gpxtpx:TrackPointExtension>
						<gpxtpx:hr>119</gpxtpx:hr>
						<gpxtpx:atemp>32</gpxtpx:atemp>
					</gpxtpx:TrackPointExtension>
				</extensions>
			</trkpt>
			<trkpt lat="48.57538" lon="-2.159579">
				<ele>12</ele>
				<time>2024-08-18T12:19:36Z</time>
				<extensions>
					<gpxtpx:TrackPointExtension>
						<gpxtpx:hr>118</gpxtpx:hr>
						<gpxtpx:atemp>32</gpxtpx:atemp>
					</gpxtpx:TrackPointExtension>
				</extensions>
			</trkpt>
			<trkpt lat="48.575398" lon="-2.159643">
				<ele>12.6</ele>
				<time>2024-08-18T12:19:40Z</time>
				<extensions>
					<gpxtpx:TrackPointExtension>
						<gpxtpx:hr>115</gpxtpx:hr>
						<gpxtpx:atemp>32</gpxtpx:atemp>
					</gpxtpx:TrackPointExtension>
				</extensions>
			</trkpt>
			<trkpt lat="48.575404" lon="-2.159695">
				<ele>12.2</ele>
				<time>2024-08-18T12:19:43Z</time>
				<extensions>
					<gpxtpx:TrackPointExtension>
						<gpxtpx:hr>114</gpxtpx:hr>
						<gpxtpx:atemp>32</gpxtpx:atemp>
					</gpxtpx:TrackPointExtension>
				</extensions>
			</trkpt>
			<trkpt lat="48.575429" lon="-2.159793">
				<ele>12.8</ele>
				<time>2024-08-18T12:19:48Z</time>
				<extensions>
					<gpxtpx:TrackPointExtension>
						<gpxtpx:hr>111</gpxtpx:hr>
						<gpxtpx:atemp>32</gpxtpx:atemp>
					</gpxtpx:TrackPointExtension>
				</extensions>
			</trkpt>
			<trkpt lat="48.575439" lon="-2.159848">
				<ele>12.8</ele>
				<time>2024-08-18T12:19:51Z</time>
				<extensions>
					<gpxtpx:TrackPointExtension>
						<gpxtpx:hr>110</gpxtpx:hr>
						<gpxtpx:atemp>32</gpxtpx:atemp>
					</gpxtpx:TrackPointExtension>
				</extensions>
			</trkpt>
			<trkpt lat="48.575485" lon="-2.159997">
				<ele>11.2</ele>
				<time>2024-08-18T12:20:00Z</time>
				<extensions>
					<gpxtpx:TrackPointExtension>
						<gpxtpx:hr>108</gpxtpx:hr>
						<gpxtpx:atemp>32</gpxtpx:atemp>
					</gpxtpx:TrackPointExtension>
				</extensions>
			</trkpt>
			<trkpt lat="48.575501" lon="-2.160047">
				<ele>11.2</ele>
				<time>2024-08-18T12:20:03Z</time>
				<extensions>
					<gpxtpx:TrackPointExtension>
						<gpxtpx:hr>105</gpxtpx:hr>
						<gpxtpx:atemp>32</gpxtpx:atemp>
					</gpxtpx:TrackPointExtension>
				</extensions>
			</trkpt>
			<trkpt lat="48.575513" lon="-2.160095">
				<ele>11.2</ele>
				<time>2024-08-18T12:20:06Z</time>
				<extensions>
					<gpxtpx:TrackPointExtension>
						<gpxtpx:hr>102</gpxtpx:hr>
						<gpxtpx:atemp>32</gpxtpx:atemp>
					</gpxtpx:TrackPointExtension>
				</extensions>
			</trkpt>
			<trkpt lat="48.575517" lon="-2.160126">
				<ele>11.2</ele>
				<time>2024-08-18T12:20:08Z</time>
				<extensions>
					<gpxtpx:TrackPointExtension>
						<gpxtpx:hr>101</gpxtpx:hr>
						<gpxtpx:atemp>32</gpxtpx:atemp>
					</gpxtpx:TrackPointExtension>
				</extensions>
			</trkpt>
			<trkpt lat="48.575534" lon="-2.160213">
				<ele>11</ele>
				<time>2024-08-18T12:20:13Z</time>
				<extensions>
					<gpxtpx:TrackPointExtension>
						<gpxtpx:hr>102</gpxtpx:hr>
						<gpxtpx:atemp>32</gpxtpx:atemp>
					</gpxtpx:TrackPointExtension>
				</extensions>
			</trkpt>
			<trkpt lat="48.57554" lon="-2.160271">
				<ele>10.8</ele>
				<time>2024-08-18T12:20:16Z</time>
				<extensions>
					<gpxtpx:TrackPointExtension>
						<gpxtpx:hr>101</gpxtpx:hr>
						<gpxtpx:atemp>32</gpxtpx:atemp>
					</gpxtpx:TrackPointExtension>
				</extensions>
			</trkpt>
			<trkpt lat="48.57558" lon="-2.160426">
				<ele>10</ele>
				<time>2024-08-18T12:20:26Z</time>
				<extensions>
					<gpxtpx:TrackPointExtension>
						<gpxtpx:hr>102</gpxtpx:hr>
						<gpxtpx:atemp>32</gpxtpx:atemp>
					</gpxtpx:TrackPointExtension>
				</extensions>
			</trkpt>
			<trkpt lat="48.575613" lon="-2.16061">
				<ele>9.6</ele>
				<time>2024-08-18T12:20:35Z</time>
				<extensions>
					<gpxtpx:TrackPointExtension>
						<gpxtpx:hr>103</gpxtpx:hr>
						<gpxtpx:atemp>32</gpxtpx:atemp>
					</gpxtpx:TrackPointExtension>
				</extensions>
			</trkpt>
			<trkpt lat="48.575639" lon="-2.160679">
				<ele>9.4</ele>
				<time>2024-08-18T12:20:39Z</time>
				<extensions>
					<gpxtpx:TrackPointExtension>
						<gpxtpx:hr>100</gpxtpx:hr>
						<gpxtpx:atemp>32</gpxtpx:atemp>
					</gpxtpx:TrackPointExtension>
				</extensions>
			</trkpt>
			<trkpt lat="48.575658" lon="-2.160754">
				<ele>9</ele>
				<time>2024-08-18T12:20:43Z</time>
				<extensions>
					<gpxtpx:TrackPointExtension>
						<gpxtpx:hr>101</gpxtpx:hr>
						<gpxtpx:atemp>32</gpxtpx:atemp>
					</gpxtpx:TrackPointExtension>
				</extensions>
			</trkpt>
			<trkpt lat="48.575663" lon="-2.160769">
				<ele>9</ele>
				<time>2024-08-18T12:20:44Z</time>
				<extensions>
					<gpxtpx:TrackPointExtension>
						<gpxtpx:hr>101</gpxtpx:hr>
						<gpxtpx:atemp>32</gpxtpx:atemp>
					</gpxtpx:TrackPointExtension>
				</extensions>
			</trkpt>
			<trkpt lat="48.575691" lon="-2.160904">
				<ele>8.6</ele>
				<time>2024-08-18T12:20:53Z</time>
				<extensions>
					<gpxtpx:TrackPointExtension>
						<gpxtpx:hr>100</gpxtpx:hr>
						<gpxtpx:atemp>32</gpxtpx:atemp>
					</gpxtpx:TrackPointExtension>
				</extensions>
			</trkpt>
			<trkpt lat="48.575693" lon="-2.160907">
				<ele>8.6</ele>
				<time>2024-08-18T12:20:54Z</time>
				<extensions>
					<gpxtpx:TrackPointExtension>
						<gpxtpx:hr>101</gpxtpx:hr>
						<gpxtpx:atemp>32</gpxtpx:atemp>
					</gpxtpx:TrackPointExtension>
				</extensions>
			</trkpt>
			<trkpt lat="48.575697" lon="-2.160938">
				<ele>8.6</ele>
				<time>2024-08-18T12:20:57Z</time>
				<extensions>
					<gpxtpx:TrackPointExtension>
						<gpxtpx:hr>101</gpxtpx:hr>
						<gpxtpx:atemp>32</gpxtpx:atemp>
					</gpxtpx:TrackPointExtension>
				</extensions>
			</trkpt>
			<trkpt lat="48.575711" lon="-2.161033">
				<ele>8.6</ele>
				<time>2024-08-18T12:21:02Z</time>
				<extensions>
					<gpxtpx:TrackPointExtension>
						<gpxtpx:hr>101</gpxtpx:hr>
						<gpxtpx:atemp>32</gpxtpx:atemp>
					</gpxtpx:TrackPointExtension>
				</extensions>
			</trkpt>
			<trkpt lat="48.575747" lon="-2.161198">
				<ele>8.6</ele>
				<time>2024-08-18T12:21:11Z</time>
				<extensions>
					<gpxtpx:TrackPointExtension>
						<gpxtpx:hr>102</gpxtpx:hr>
						<gpxtpx:atemp>32</gpxtpx:atemp>
					</gpxtpx:TrackPointExtension>
				</extensions>
			</trkpt>
			<trkpt lat="48.575767" lon="-2.161329">
				<ele>8</ele>
				<time>2024-08-18T12:21:18Z</time>
				<extensions>
					<gpxtpx:TrackPointExtension>
						<gpxtpx:hr>103</gpxtpx:hr>
						<gpxtpx:atemp>32</gpxtpx:atemp>
					</gpxtpx:TrackPointExtension>
				</extensions>
			</trkpt>
			<trkpt lat="48.575779" lon="-2.161387">
				<ele>7.8</ele>
				<time>2024-08-18T12:21:21Z</time>
				<extensions>
					<gpxtpx:TrackPointExtension>
						<gpxtpx:hr>103</gpxtpx:hr>
						<gpxtpx:atemp>32</gpxtpx:atemp>
					</gpxtpx:TrackPointExtension>
				</extensions>
			</trkpt>
			<trkpt lat="48.575798" lon="-2.16148">
				<ele>7.8</ele>
				<time>2024-08-18T12:21:26Z</time>
				<extensions>
					<gpxtpx:TrackPointExtension>
						<gpxtpx:hr>100</gpxtpx:hr>
						<gpxtpx:atemp>32</gpxtpx:atemp>
					</gpxtpx:TrackPointExtension>
				</extensions>
			</trkpt>
			<trkpt lat="48.575809" lon="-2.161533">
				<ele>7.6</ele>
				<time>2024-08-18T12:21:29Z</time>
				<extensions>
					<gpxtpx:TrackPointExtension>
						<gpxtpx:hr>97</gpxtpx:hr>
						<gpxtpx:atemp>31</gpxtpx:atemp>
					</gpxtpx:TrackPointExtension>
				</extensions>
			</trkpt>
			<trkpt lat="48.575828" lon="-2.161583">
				<ele>7.6</ele>
				<time>2024-08-18T12:21:32Z</time>
				<extensions>
					<gpxtpx:TrackPointExtension>
						<gpxtpx:hr>98</gpxtpx:hr>
						<gpxtpx:atemp>31</gpxtpx:atemp>
					</gpxtpx:TrackPointExtension>
				</extensions>
			</trkpt>
			<trkpt lat="48.575879" lon="-2.161789">
				<ele>7.2</ele>
				<time>2024-08-18T12:21:43Z</time>
				<extensions>
					<gpxtpx:TrackPointExtension>
						<gpxtpx:hr>99</gpxtpx:hr>
						<gpxtpx:atemp>31</gpxtpx:atemp>
					</gpxtpx:TrackPointExtension>
				</extensions>
			</trkpt>
			<trkpt lat="48.575913" lon="-2.161946">
				<ele>7.2</ele>
				<time>2024-08-18T12:21:51Z</time>
				<extensions>
					<gpxtpx:TrackPointExtension>
						<gpxtpx:hr>102</gpxtpx:hr>
						<gpxtpx:atemp>31</gpxtpx:atemp>
					</gpxtpx:TrackPointExtension>
				</extensions>
			</trkpt>
			<trkpt lat="48.575915" lon="-2.161975">
				<ele>7.2</ele>
				<time>2024-08-18T12:21:53Z</time>
				<extensions>
					<gpxtpx:TrackPointExtension>
						<gpxtpx:hr>100</gpxtpx:hr>
						<gpxtpx:atemp>31</gpxtpx:atemp>
					</gpxtpx:TrackPointExtension>
				</extensions>
			</trkpt>
			<trkpt lat="48.57593" lon="-2.162034">
				<ele>7.2</ele>
				<time>2024-08-18T12:21:56Z</time>
				<extensions>
					<gpxtpx:TrackPointExtension>
						<gpxtpx:hr>103</gpxtpx:hr>
						<gpxtpx:atemp>31</gpxtpx:atemp>
					</gpxtpx:TrackPointExtension>
				</extensions>
			</trkpt>
			<trkpt lat="48.575953" lon="-2.16212">
				<ele>7.2</ele>
				<time>2024-08-18T12:22:01Z</time>
				<extensions>
					<gpxtpx:TrackPointExtension>
						<gpxtpx:hr>105</gpxtpx:hr>
						<gpxtpx:atemp>31</gpxtpx:atemp>
					</gpxtpx:TrackPointExtension>
				</extensions>
			</trkpt>
			<trkpt lat="48.575978" lon="-2.162256">
				<ele>7</ele>
				<time>2024-08-18T12:22:09Z</time>
				<extensions>
					<gpxtpx:TrackPointExtension>
						<gpxtpx:hr>106</gpxtpx:hr>
						<gpxtpx:atemp>31</gpxtpx:atemp>
					</gpxtpx:TrackPointExtension>
				</extensions>
			</trkpt>
			<trkpt lat="48.575982" lon="-2.162268">
				<ele>7</ele>
				<time>2024-08-18T12:22:10Z</time>
				<extensions>
					<gpxtpx:TrackPointExtension>
						<gpxtpx:hr>105</gpxtpx:hr>
						<gpxtpx:atemp>31</gpxtpx:atemp>
					</gpxtpx:TrackPointExtension>
				</extensions>
			</trkpt>
			<trkpt lat="48.575986" lon="-2.162285">
				<ele>7</ele>
				<time>2024-08-18T12:22:11Z</time>
				<extensions>
					<gpxtpx:TrackPointExtension>
						<gpxtpx:hr>105</gpxtpx:hr>
						<gpxtpx:atemp>31</gpxtpx:atemp>
					</gpxtpx:TrackPointExtension>
				</extensions>
			</trkpt>
			<trkpt lat="48.576011" lon="-2.162426">
				<ele>6.6</ele>
				<time>2024-08-18T12:22:18Z</time>
				<extensions>
					<gpxtpx:TrackPointExtension>
						<gpxtpx:hr>106</gpxtpx:hr>
						<gpxtpx:atemp>31</gpxtpx:atemp>
					</gpxtpx:TrackPointExtension>
				</extensions>
			</trkpt>
			<trkpt lat="48.576017" lon="-2.162445">
				<ele>6.6</ele>
				<time>2024-08-18T12:22:19Z</time>
				<extensions>
					<gpxtpx:TrackPointExtension>
						<gpxtpx:hr>106</gpxtpx:hr>
						<gpxtpx:atemp>31</gpxtpx:atemp>
					</gpxtpx:TrackPointExtension>
				</extensions>
			</trkpt>
			<trkpt lat="48.576048" lon="-2.162561">
				<ele>6.6</ele>
				<time>2024-08-18T12:22:25Z</time>
				<extensions>
					<gpxtpx:TrackPointExtension>
						<gpxtpx:hr>105</gpxtpx:hr>
						<gpxtpx:atemp>31</gpxtpx:atemp>
					</gpxtpx:TrackPointExtension>
				</extensions>
			</trkpt>
			<trkpt lat="48.576075" lon="-2.162683">
				<ele>6.6</ele>
				<time>2024-08-18T12:22:31Z</time>
				<extensions>
					<gpxtpx:TrackPointExtension>
						<gpxtpx:hr>108</gpxtpx:hr>
						<gpxtpx:atemp>31</gpxtpx:atemp>
					</gpxtpx:TrackPointExtension>
				</extensions>
			</trkpt>
			<trkpt lat="48.576083" lon="-2.162722">
				<ele>6.6</ele>
				<time>2024-08-18T12:22:33Z</time>
				<extensions>
					<gpxtpx:TrackPointExtension>
						<gpxtpx:hr>109</gpxtpx:hr>
						<gpxtpx:atemp>31</gpxtpx:atemp>
					</gpxtpx:TrackPointExtension>
				</extensions>
			</trkpt>
			<trkpt lat="48.576111" lon="-2.162863">
				<ele>6.6</ele>
				<time>2024-08-18T12:22:41Z</time>
				<extensions>
					<gpxtpx:TrackPointExtension>
						<gpxtpx:hr>108</gpxtpx:hr>
						<gpxtpx:atemp>31</gpxtpx:atemp>
					</gpxtpx:TrackPointExtension>
				</extensions>
			</trkpt>
			<trkpt lat="48.576128" lon="-2.162953">
				<ele>6.6</ele>
				<time>2024-08-18T12:22:46Z</time>
				<extensions>
					<gpxtpx:TrackPointExtension>
						<gpxtpx:hr>105</gpxtpx:hr>
						<gpxtpx:atemp>31</gpxtpx:atemp>
					</gpxtpx:TrackPointExtension>
				</extensions>
			</trkpt>
			<trkpt lat="48.576145" lon="-2.163044">
				<ele>6.8</ele>
				<time>2024-08-18T12:22:51Z</time>
				<extensions>
					<gpxtpx:TrackPointExtension>
						<gpxtpx:hr>103</gpxtpx:hr>
						<gpxtpx:atemp>31</gpxtpx:atemp>
					</gpxtpx:TrackPointExtension>
				</extensions>
			</trkpt>
			<trkpt lat="48.576183" lon="-2.163216">
				<ele>7.2</ele>
				<time>2024-08-18T12:23:00Z</time>
				<extensions>
					<gpxtpx:TrackPointExtension>
						<gpxtpx:hr>103</gpxtpx:hr>
						<gpxtpx:atemp>31</gpxtpx:atemp>
					</gpxtpx:TrackPointExtension>
				</extensions>
			</trkpt>
			<trkpt lat="48.576207" lon="-2.163314">
				<ele>7.2</ele>
				<time>2024-08-18T12:23:06Z</time>
				<extensions>
					<gpxtpx:TrackPointExtension>
						<gpxtpx:hr>106</gpxtpx:hr>
						<gpxtpx:atemp>31</gpxtpx:atemp>
					</gpxtpx:TrackPointExtension>
				</extensions>
			</trkpt>
			<trkpt lat="48.576209" lon="-2.163321">
				<ele>7.4</ele>
				<time>2024-08-18T12:23:07Z</time>
				<extensions>
					<gpxtpx:TrackPointExtension>
						<gpxtpx:hr>107</gpxtpx:hr>
						<gpxtpx:atemp>31</gpxtpx:atemp>
					</gpxtpx:TrackPointExtension>
				</extensions>
			</trkpt>
			<trkpt lat="48.576209" lon="-2.163326">
				<ele>8</ele>
				<time>2024-08-18T12:23:08Z</time>
				<extensions>
					<gpxtpx:TrackPointExtension>
						<gpxtpx:hr>107</gpxtpx:hr>
						<gpxtpx:atemp>31</gpxtpx:atemp>
					</gpxtpx:TrackPointExtension>
				</extensions>
			</trkpt>
			<trkpt lat="48.576209" lon="-2.163338">
				<ele>8</ele>
				<time>2024-08-18T12:23:12Z</time>
				<extensions>
					<gpxtpx:TrackPointExtension>
						<gpxtpx:hr>110</gpxtpx:hr>
						<gpxtpx:atemp>31</gpxtpx:atemp>
					</gpxtpx:TrackPointExtension>
				</extensions>
			</trkpt>
			<trkpt lat="48.57621" lon="-2.163356">
				<ele>8</ele>
				<time>2024-08-18T12:23:13Z</time>
				<extensions>
					<gpxtpx:TrackPointExtension>
						<gpxtpx:hr>110</gpxtpx:hr>
						<gpxtpx:atemp>31</gpxtpx:atemp>
					</gpxtpx:TrackPointExtension>
				</extensions>
			</trkpt>
			<trkpt lat="48.576219" lon="-2.16339">
				<ele>7.4</ele>
				<time>2024-08-18T12:23:15Z</time>
				<extensions>
					<gpxtpx:TrackPointExtension>
						<gpxtpx:hr>113</gpxtpx:hr>
						<gpxtpx:atemp>31</gpxtpx:atemp>
					</gpxtpx:TrackPointExtension>
				</extensions>
			</trkpt>
			<trkpt lat="48.576227" lon="-2.16344">
				<ele>7.2</ele>
				<time>2024-08-18T12:23:18Z</time>
				<extensions>
					<gpxtpx:TrackPointExtension>
						<gpxtpx:hr>110</gpxtpx:hr>
						<gpxtpx:atemp>31</gpxtpx:atemp>
					</gpxtpx:TrackPointExtension>
				</extensions>
			</trkpt>
			<trkpt lat="48.576244" lon="-2.16353">
				<ele>7.4</ele>
				<time>2024-08-18T12:23:23Z</time>
				<extensions>
					<gpxtpx:TrackPointExtension>
						<gpxtpx:hr>110</gpxtpx:hr>
						<gpxtpx:atemp>31</gpxtpx:atemp>
					</gpxtpx:TrackPointExtension>
				</extensions>
			</trkpt>
			<trkpt lat="48.57628" lon="-2.163693">
				<ele>7.4</ele>
				<time>2024-08-18T12:23:32Z</time>
				<extensions>
					<gpxtpx:TrackPointExtension>
						<gpxtpx:hr>107</gpxtpx:hr>
						<gpxtpx:atemp>31</gpxtpx:atemp>
					</gpxtpx:TrackPointExtension>
				</extensions>
			</trkpt>
			<trkpt lat="48.576299" lon="-2.16383">
				<ele>7.4</ele>
				<time>2024-08-18T12:23:40Z</time>
				<extensions>
					<gpxtpx:TrackPointExtension>
						<gpxtpx:hr>106</gpxtpx:hr>
						<gpxtpx:atemp>31</gpxtpx:atemp>
					</gpxtpx:TrackPointExtension>
				</extensions>
			</trkpt>
			<trkpt lat="48.576338" lon="-2.164009">
				<ele>7.2</ele>
				<time>2024-08-18T12:23:51Z</time>
				<extensions>
					<gpxtpx:TrackPointExtension>
						<gpxtpx:hr>108</gpxtpx:hr>
						<gpxtpx:atemp>31</gpxtpx:atemp>
					</gpxtpx:TrackPointExtension>
				</extensions>
			</trkpt>
			<trkpt lat="48.576349" lon="-2.164058">
				<ele>7.2</ele>
				<time>2024-08-18T12:23:54Z</time>
				<extensions>
					<gpxtpx:TrackPointExtension>
						<gpxtpx:hr>107</gpxtpx:hr>
						<gpxtpx:atemp>31</gpxtpx:atemp>
					</gpxtpx:TrackPointExtension>
				</extensions>
			</trkpt>
			<trkpt lat="48.576365" lon="-2.16417">
				<ele>7.4</ele>
				<time>2024-08-18T12:24:00Z</time>
				<extensions>
					<gpxtpx:TrackPointExtension>
						<gpxtpx:hr>106</gpxtpx:hr>
						<gpxtpx:atemp>31</gpxtpx:atemp>
					</gpxtpx:TrackPointExtension>
				</extensions>
			</trkpt>
			<trkpt lat="48.576379" lon="-2.164265">
				<ele>8</ele>
				<time>2024-08-18T12:24:05Z</time>
				<extensions>
					<gpxtpx:TrackPointExtension>
						<gpxtpx:hr>103</gpxtpx:hr>
						<gpxtpx:atemp>31</gpxtpx:atemp>
					</gpxtpx:TrackPointExtension>
				</extensions>
			</trkpt>
			<trkpt lat="48.576396" lon="-2.164395">
				<ele>8.4</ele>
				<time>2024-08-18T12:24:12Z</time>
				<extensions>
					<gpxtpx:TrackPointExtension>
						<gpxtpx:hr>106</gpxtpx:hr>
						<gpxtpx:atemp>30</gpxtpx:atemp>
					</gpxtpx:TrackPointExtension>
				</extensions>
			</trkpt>
			<trkpt lat="48.576418" lon="-2.164447">
				<ele>8.4</ele>
				<time>2024-08-18T12:24:16Z</time>
				<extensions>
					<gpxtpx:TrackPointExtension>
						<gpxtpx:hr>109</gpxtpx:hr>
						<gpxtpx:atemp>30</gpxtpx:atemp>
					</gpxtpx:TrackPointExtension>
				</extensions>
			</trkpt>
			<trkpt lat="48.576435" lon="-2.164507">
				<ele>8</ele>
				<time>2024-08-18T12:24:20Z</time>
				<extensions>
					<gpxtpx:TrackPointExtension>
						<gpxtpx:hr>110</gpxtpx:hr>
						<gpxtpx:atemp>30</gpxtpx:atemp>
					</gpxtpx:TrackPointExtension>
				</extensions>
			</trkpt>
			<trkpt lat="48.57648" lon="-2.164741">
				<ele>8</ele>
				<time>2024-08-18T12:24:33Z</time>
				<extensions>
					<gpxtpx:TrackPointExtension>
						<gpxtpx:hr>111</gpxtpx:hr>
						<gpxtpx:atemp>30</gpxtpx:atemp>
					</gpxtpx:TrackPointExtension>
				</extensions>
			</trkpt>
			<trkpt lat="48.576484" lon="-2.164757">
				<ele>8</ele>
				<time>2024-08-18T12:24:34Z</time>
				<extensions>
					<gpxtpx:TrackPointExtension>
						<gpxtpx:hr>111</gpxtpx:hr>
						<gpxtpx:atemp>30</gpxtpx:atemp>
					</gpxtpx:TrackPointExtension>
				</extensions>
			</trkpt>
			<trkpt lat="48.576497" lon="-2.164824">
				<ele>8</ele>
				<time>2024-08-18T12:24:38Z</time>
				<extensions>
					<gpxtpx:TrackPointExtension>
						<gpxtpx:hr>109</gpxtpx:hr>
						<gpxtpx:atemp>30</gpxtpx:atemp>
					</gpxtpx:TrackPointExtension>
				</extensions>
			</trkpt>
			<trkpt lat="48.576527" lon="-2.16497">
				<ele>7.8</ele>
				<time>2024-08-18T12:24:46Z</time>
				<extensions>
					<gpxtpx:TrackPointExtension>
						<gpxtpx:hr>108</gpxtpx:hr>
						<gpxtpx:atemp>30</gpxtpx:atemp>
					</gpxtpx:TrackPointExtension>
				</extensions>
			</trkpt>
			<trkpt lat="48.576568" lon="-2.165144">
				<ele>7.8</ele>
				<time>2024-08-18T12:24:55Z</time>
				<extensions>
					<gpxtpx:TrackPointExtension>
						<gpxtpx:hr>110</gpxtpx:hr>
						<gpxtpx:atemp>30</gpxtpx:atemp>
					</gpxtpx:TrackPointExtension>
				</extensions>
			</trkpt>
			<trkpt lat="48.576595" lon="-2.165276">
				<ele>7.8</ele>
				<time>2024-08-18T12:25:02Z</time>
				<extensions>
					<gpxtpx:TrackPointExtension>
						<gpxtpx:hr>107</gpxtpx:hr>
						<gpxtpx:atemp>30</gpxtpx:atemp>
					</gpxtpx:TrackPointExtension>
				</extensions>
			</trkpt>
			<trkpt lat="48.576604" lon="-2.165336">
				<ele>8</ele>
				<time>2024-08-18T12:25:05Z</time>
				<extensions>
					<gpxtpx:TrackPointExtension>
						<gpxtpx:hr>106</gpxtpx:hr>
						<gpxtpx:atemp>30</gpxtpx:atemp>
					</gpxtpx:TrackPointExtension>
				</extensions>
			</trkpt>
			<trkpt lat="48.576648" lon="-2.165541">
				<ele>7.8</ele>
				<time>2024-08-18T12:25:16Z</time>
				<extensions>
					<gpxtpx:TrackPointExtension>
						<gpxtpx:hr>107</gpxtpx:hr>
						<gpxtpx:atemp>30</gpxtpx:atemp>
					</gpxtpx:TrackPointExtension>
				</extensions>
			</trkpt>
			<trkpt lat="48.576675" lon="-2.165684">
				<ele>8.6</ele>
				<time>2024-08-18T12:25:24Z</time>
				<extensions>
					<gpxtpx:TrackPointExtension>
						<gpxtpx:hr>106</gpxtpx:hr>
						<gpxtpx:atemp>30</gpxtpx:atemp>
					</gpxtpx:TrackPointExtension>
				</extensions>
			</trkpt>
			<trkpt lat="48.576695" lon="-2.165847">
				<ele>8.2</ele>
				<time>2024-08-18T12:25:34Z</time>
				<extensions>
					<gpxtpx:TrackPointExtension>
						<gpxtpx:hr>108</gpxtpx:hr>
						<gpxtpx:atemp>30</gpxtpx:atemp>
					</gpxtpx:TrackPointExtension>
				</extensions>
			</trkpt>
			<trkpt lat="48.576697" lon="-2.165859">
				<ele>8.2</ele>
				<time>2024-08-18T12:25:35Z</time>
				<extensions>
					<gpxtpx:TrackPointExtension>
						<gpxtpx:hr>108</gpxtpx:hr>
						<gpxtpx:atemp>30</gpxtpx:atemp>
					</gpxtpx:TrackPointExtension>
				</extensions>
			</trkpt>
			<trkpt lat="48.57671" lon="-2.1659">
				<ele>8</ele>
				<time>2024-08-18T12:25:38Z</time>
				<extensions>
					<gpxtpx:TrackPointExtension>
						<gpxtpx:hr>105</gpxtpx:hr>
						<gpxtpx:atemp>30</gpxtpx:atemp>
					</gpxtpx:TrackPointExtension>
				</extensions>
			</trkpt>
			<trkpt lat="48.576715" lon="-2.165932">
				<ele>8</ele>
				<time>2024-08-18T12:25:40Z</time>
				<extensions>
					<gpxtpx:TrackPointExtension>
						<gpxtpx:hr>105</gpxtpx:hr>
						<gpxtpx:atemp>30</gpxtpx:atemp>
					</gpxtpx:TrackPointExtension>
				</extensions>
			</trkpt>
			<trkpt lat="48.576765" lon="-2.166133">
				<ele>7.4</ele>
				<time>2024-08-18T12:25:51Z</time>
				<extensions>
					<gpxtpx:TrackPointExtension>
						<gpxtpx:hr>106</gpxtpx:hr>
						<gpxtpx:atemp>30</gpxtpx:atemp>
					</gpxtpx:TrackPointExtension>
				</extensions>
			</trkpt>
			<trkpt lat="48.576804" lon="-2.166311">
				<ele>7.6</ele>
				<time>2024-08-18T12:26:01Z</time>
				<extensions>
					<gpxtpx:TrackPointExtension>
						<gpxtpx:hr>107</gpxtpx:hr>
						<gpxtpx:atemp>30</gpxtpx:atemp>
					</gpxtpx:TrackPointExtension>
				</extensions>
			</trkpt>
			<trkpt lat="48.576809" lon="-2.166343">
				<ele>7.6</ele>
				<time>2024-08-18T12:26:07Z</time>
				<extensions>
					<gpxtpx:TrackPointExtension>
						<gpxtpx:hr>106</gpxtpx:hr>
						<gpxtpx:atemp>30</gpxtpx:atemp>
					</gpxtpx:TrackPointExtension>
				</extensions>
			</trkpt>
			<trkpt lat="48.576812" lon="-2.166344">
				<ele>8</ele>
				<time>2024-08-18T12:26:10Z</time>
				<extensions>
					<gpxtpx:TrackPointExtension>
						<gpxtpx:hr>103</gpxtpx:hr>
						<gpxtpx:atemp>30</gpxtpx:atemp>
					</gpxtpx:TrackPointExtension>
				</extensions>
			</trkpt>
			<trkpt lat="48.576819" lon="-2.166376">
				<ele>7.4</ele>
				<time>2024-08-18T12:26:15Z</time>
				<extensions>
					<gpxtpx:TrackPointExtension>
						<gpxtpx:hr>104</gpxtpx:hr>
						<gpxtpx:atemp>30</gpxtpx:atemp>
					</gpxtpx:TrackPointExtension>
				</extensions>
			</trkpt>
			<trkpt lat="48.576853" lon="-2.166521">
				<ele>7.4</ele>
				<time>2024-08-18T12:26:24Z</time>
				<extensions>
					<gpxtpx:TrackPointExtension>
						<gpxtpx:hr>104</gpxtpx:hr>
						<gpxtpx:atemp>30</gpxtpx:atemp>
					</gpxtpx:TrackPointExtension>
				</extensions>
			</trkpt>
			<trkpt lat="48.576882" lon="-2.166684">
				<ele>8.2</ele>
				<time>2024-08-18T12:26:34Z</time>
				<extensions>
					<gpxtpx:TrackPointExtension>
						<gpxtpx:hr>104</gpxtpx:hr>
						<gpxtpx:atemp>30</gpxtpx:atemp>
					</gpxtpx:TrackPointExtension>
				</extensions>
			</trkpt>
			<trkpt lat="48.576897" lon="-2.166846">
				<ele>8.2</ele>
				<time>2024-08-18T12:26:44Z</time>
				<extensions>
					<gpxtpx:TrackPointExtension>
						<gpxtpx:hr>104</gpxtpx:hr>
						<gpxtpx:atemp>30</gpxtpx:atemp>
					</gpxtpx:TrackPointExtension>
				</extensions>
			</trkpt>
			<trkpt lat="48.576917" lon="-2.167074">
				<ele>8</ele>
				<time>2024-08-18T12:26:55Z</time>
				<extensions>
					<gpxtpx:TrackPointExtension>
						<gpxtpx:hr>105</gpxtpx:hr>
						<gpxtpx:atemp>30</gpxtpx:atemp>
					</gpxtpx:TrackPointExtension>
				</extensions>
			</trkpt>
			<trkpt lat="48.576914" lon="-2.167218">
				<ele>8.4</ele>
				<time>2024-08-18T12:27:02Z</time>
				<extensions>
					<gpxtpx:TrackPointExtension>
						<gpxtpx:hr>104</gpxtpx:hr>
						<gpxtpx:atemp>30</gpxtpx:atemp>
					</gpxtpx:TrackPointExtension>
				</extensions>
			</trkpt>
			<trkpt lat="48.576917" lon="-2.167338">
				<ele>8.2</ele>
				<time>2024-08-18T12:27:08Z</time>
				<extensions>
					<gpxtpx:TrackPointExtension>
						<gpxtpx:hr>107</gpxtpx:hr>
						<gpxtpx:atemp>30</gpxtpx:atemp>
					</gpxtpx:TrackPointExtension>
				</extensions>
			</trkpt>
			<trkpt lat="48.576914" lon="-2.167377">
				<ele>8</ele>
				<time>2024-08-18T12:27:10Z</time>
				<extensions>
					<gpxtpx:TrackPointExtension>
						<gpxtpx:hr>104</gpxtpx:hr>
						<gpxtpx:atemp>30</gpxtpx:atemp>
					</gpxtpx:TrackPointExtension>
				</extensions>
			</trkpt>
			<trkpt lat="48.576911" lon="-2.167502">
				<ele>8</ele>
				<time>2024-08-18T12:27:17Z</time>
				<extensions>
					<gpxtpx:TrackPointExtension>
						<gpxtpx:hr>101</gpxtpx:hr>
						<gpxtpx:atemp>30</gpxtpx:atemp>
					</gpxtpx:TrackPointExtension>
				</extensions>
			</trkpt>
			<trkpt lat="48.576914" lon="-2.16756">
				<ele>8.2</ele>
				<time>2024-08-18T12:27:20Z</time>
				<extensions>
					<gpxtpx:TrackPointExtension>
						<gpxtpx:hr>102</gpxtpx:hr>
						<gpxtpx:atemp>30</gpxtpx:atemp>
					</gpxtpx:TrackPointExtension>
				</extensions>
			</trkpt>
			<trkpt lat="48.576915" lon="-2.167631">
				<ele>8.4</ele>
				<time>2024-08-18T12:27:24Z</time>
				<extensions>
					<gpxtpx:TrackPointExtension>
						<gpxtpx:hr>106</gpxtpx:hr>
						<gpxtpx:atemp>30</gpxtpx:atemp>
					</gpxtpx:TrackPointExtension>
				</extensions>
			</trkpt>
			<trkpt lat="48.576907" lon="-2.16765">
				<ele>8.6</ele>
				<time>2024-08-18T12:27:27Z</time>
				<extensions>
					<gpxtpx:TrackPointExtension>
						<gpxtpx:hr>108</gpxtpx:hr>
						<gpxtpx:atemp>30</gpxtpx:atemp>
					</gpxtpx:TrackPointExtension>
				</extensions>
			</trkpt>
			<trkpt lat="48.576879" lon="-2.167685">
				<ele>8.4</ele>
				<time>2024-08-18T12:27:31Z</time>
				<extensions>
					<gpxtpx:TrackPointExtension>
						<gpxtpx:hr>108</gpxtpx:hr>
						<gpxtpx:atemp>30</gpxtpx:atemp>
					</gpxtpx:TrackPointExtension>
				</extensions>
			</trkpt>
			<trkpt lat="48.576869" lon="-2.167699">
				<ele>8.2</ele>
				<time>2024-08-18T12:27:33Z</time>
				<extensions>
					<gpxtpx:TrackPointExtension>
						<gpxtpx:hr>109</gpxtpx:hr>
						<gpxtpx:atemp>30</gpxtpx:atemp>
					</gpxtpx:TrackPointExtension>
				</extensions>
			</trkpt>
			<trkpt lat="48.576867" lon="-2.167702">
				<ele>8.2</ele>
				<time>2024-08-18T12:27:35Z</time>
				<extensions>
					<gpxtpx:TrackPointExtension>
						<gpxtpx:hr>112</gpxtpx:hr>
						<gpxtpx:atemp>30</gpxtpx:atemp>
					</gpxtpx:TrackPointExtension>
				</extensions>
			</trkpt>
			<trkpt lat="48.576864" lon="-2.167703">
				<ele>8.2</ele>
				<time>2024-08-18T12:27:39Z</time>
				<extensions>
					<gpxtpx:TrackPointExtension>
						<gpxtpx:hr>113</gpxtpx:hr>
						<gpxtpx:atemp>30</gpxtpx:atemp>
					</gpxtpx:TrackPointExtension>
				</extensions>
			</trkpt>
			<trkpt lat="48.576825" lon="-2.16768">
				<ele>7.8</ele>
				<time>2024-08-18T12:27:48Z</time>
				<extensions>
					<gpxtpx:TrackPointExtension>
						<gpxtpx:hr>113</gpxtpx:hr>
						<gpxtpx:atemp>30</gpxtpx:atemp>
					</gpxtpx:TrackPointExtension>
				</extensions>
			</trkpt>
			<trkpt lat="48.576753" lon="-2.167687">
				<ele>7.4</ele>
				<time>2024-08-18T12:27:54Z</time>
				<extensions>
					<gpxtpx:TrackPointExtension>
						<gpxtpx:hr>110</gpxtpx:hr>
						<gpxtpx:atemp>30</gpxtpx:atemp>
					</gpxtpx:TrackPointExtension>
				</extensions>
			</trkpt>
			<trkpt lat="48.576748" lon="-2.167687">
				<ele>7.4</ele>
				<time>2024-08-18T12:27:56Z</time>
				<extensions>
					<gpxtpx:TrackPointExtension>
						<gpxtpx:hr>107</gpxtpx:hr>
						<gpxtpx:atemp>30</gpxtpx:atemp>
					</gpxtpx:TrackPointExtension>
				</extensions>
			</trkpt>
			<trkpt lat="48.576718" lon="-2.167722">
				<ele>7.6</ele>
				<time>2024-08-18T12:28:04Z</time>
				<extensions>
					<gpxtpx:TrackPointExtension>
						<gpxtpx:hr>105</gpxtpx:hr>
						<gpxtpx:atemp>30</gpxtpx:atemp>
					</gpxtpx:TrackPointExtension>
				</extensions>
			</trkpt>
			<trkpt lat="48.576669" lon="-2.167747">
				<ele>7</ele>
				<time>2024-08-18T12:28:08Z</time>
				<extensions>
					<gpxtpx:TrackPointExtension>
						<gpxtpx:hr>104</gpxtpx:hr>
						<gpxtpx:atemp>30</gpxtpx:atemp>
					</gpxtpx:TrackPointExtension>
				</extensions>
			</trkpt>
			<trkpt lat="48.576616" lon="-2.167754">
				<ele>7</ele>
				<time>2024-08-18T12:28:12Z</time>
				<extensions>
					<gpxtpx:TrackPointExtension>
						<gpxtpx:hr>104</gpxtpx:hr>
						<gpxtpx:atemp>30</gpxtpx:atemp>
					</gpxtpx:TrackPointExtension>
				</extensions>
			</trkpt>
			<trkpt lat="48.576573" lon="-2.167758">
				<ele>6.8</ele>
				<time>2024-08-18T12:28:15Z</time>
				<extensions>
					<gpxtpx:TrackPointExtension>
						<gpxtpx:hr>101</gpxtpx:hr>
						<gpxtpx:atemp>30</gpxtpx:atemp>
					</gpxtpx:TrackPointExtension>
				</extensions>
			</trkpt>
			<trkpt lat="48.576465" lon="-2.167777">
				<ele>6.2</ele>
				<time>2024-08-18T12:28:23Z</time>
				<extensions>
					<gpxtpx:TrackPointExtension>
						<gpxtpx:hr>101</gpxtpx:hr>
						<gpxtpx:atemp>30</gpxtpx:atemp>
					</gpxtpx:TrackPointExtension>
				</extensions>
			</trkpt>
			<trkpt lat="48.57644" lon="-2.167773">
				<ele>5.8</ele>
				<time>2024-08-18T12:28:25Z</time>
				<extensions>
					<gpxtpx:TrackPointExtension>
						<gpxtpx:hr>103</gpxtpx:hr>
						<gpxtpx:atemp>30</gpxtpx:atemp>
					</gpxtpx:TrackPointExtension>
				</extensions>
			</trkpt>
			<trkpt lat="48.576415" lon="-2.167785">
				<ele>5.8</ele>
				<time>2024-08-18T12:28:29Z</time>
				<extensions>
					<gpxtpx:TrackPointExtension>
						<gpxtpx:hr>104</gpxtpx:hr>
						<gpxtpx:atemp>30</gpxtpx:atemp>
					</gpxtpx:TrackPointExtension>
				</extensions>
			</trkpt>
			<trkpt lat="48.576397" lon="-2.167808">
				<ele>5.6</ele>
				<time>2024-08-18T12:28:31Z</time>
				<extensions>
					<gpxtpx:TrackPointExtension>
						<gpxtpx:hr>102</gpxtpx:hr>
						<gpxtpx:atemp>30</gpxtpx:atemp>
					</gpxtpx:TrackPointExtension>
				</extensions>
			</trkpt>
			<trkpt lat="48.576351" lon="-2.167871">
				<ele>5.6</ele>
				<time>2024-08-18T12:28:37Z</time>
				<extensions>
					<gpxtpx:TrackPointExtension>
						<gpxtpx:hr>101</gpxtpx:hr>
						<gpxtpx:atemp>30</gpxtpx:atemp>
					</gpxtpx:TrackPointExtension>
				</extensions>
			</trkpt>
			<trkpt lat="48.576278" lon="-2.168052">
				<ele>5</ele>
				<time>2024-08-18T12:28:48Z</time>
				<extensions>
					<gpxtpx:TrackPointExtension>
						<gpxtpx:hr>101</gpxtpx:hr>
						<gpxtpx:atemp>30</gpxtpx:atemp>
					</gpxtpx:TrackPointExtension>
				</extensions>
			</trkpt>
			<trkpt lat="48.576243" lon="-2.168117">
				<ele>4.8</ele>
				<time>2024-08-18T12:28:52Z</time>
				<extensions>
					<gpxtpx:TrackPointExtension>
						<gpxtpx:hr>101</gpxtpx:hr>
						<gpxtpx:atemp>30</gpxtpx:atemp>
					</gpxtpx:TrackPointExtension>
				</extensions>
			</trkpt>
			<trkpt lat="48.576208" lon="-2.168236">
				<ele>4.2</ele>
				<time>2024-08-18T12:28:59Z</time>
				<extensions>
					<gpxtpx:TrackPointExtension>
						<gpxtpx:hr>102</gpxtpx:hr>
						<gpxtpx:atemp>30</gpxtpx:atemp>
					</gpxtpx:TrackPointExtension>
				</extensions>
			</trkpt>
			<trkpt lat="48.576201" lon="-2.168342">
				<ele>4.6</ele>
				<time>2024-08-18T12:29:05Z</time>
				<extensions>
					<gpxtpx:TrackPointExtension>
						<gpxtpx:hr>105</gpxtpx:hr>
						<gpxtpx:atemp>30</gpxtpx:atemp>
					</gpxtpx:TrackPointExtension>
				</extensions>
			</trkpt>
			<trkpt lat="48.576203" lon="-2.168436">
				<ele>5.4</ele>
				<time>2024-08-18T12:29:10Z</time>
				<extensions>
					<gpxtpx:TrackPointExtension>
						<gpxtpx:hr>102</gpxtpx:hr>
						<gpxtpx:atemp>30</gpxtpx:atemp>
					</gpxtpx:TrackPointExtension>
				</extensions>
			</trkpt>
			<trkpt lat="48.576203" lon="-2.168476">
				<ele>5.4</ele>
				<time>2024-08-18T12:29:12Z</time>
				<extensions>
					<gpxtpx:TrackPointExtension>
						<gpxtpx:hr>100</gpxtpx:hr>
						<gpxtpx:atemp>30</gpxtpx:atemp>
					</gpxtpx:TrackPointExtension>
				</extensions>
			</trkpt>
			<trkpt lat="48.576203" lon="-2.168644">
				<ele>4.8</ele>
				<time>2024-08-18T12:29:21Z</time>
				<extensions>
					<gpxtpx:TrackPointExtension>
						<gpxtpx:hr>102</gpxtpx:hr>
						<gpxtpx:atemp>30</gpxtpx:atemp>
					</gpxtpx:TrackPointExtension>
				</extensions>
			</trkpt>
			<trkpt lat="48.576214" lon="-2.168771">
				<ele>5.2</ele>
				<time>2024-08-18T12:29:27Z</time>
				<extensions>
					<gpxtpx:TrackPointExtension>
						<gpxtpx:hr>105</gpxtpx:hr>
						<gpxtpx:atemp>30</gpxtpx:atemp>
					</gpxtpx:TrackPointExtension>
				</extensions>
			</trkpt>
			<trkpt lat="48.576218" lon="-2.168848">
				<ele>5.4</ele>
				<time>2024-08-18T12:29:31Z</time>
				<extensions>
					<gpxtpx:TrackPointExtension>
						<gpxtpx:hr>106</gpxtpx:hr>
						<gpxtpx:atemp>30</gpxtpx:atemp>
					</gpxtpx:TrackPointExtension>
				</extensions>
			</trkpt>
			<trkpt lat="48.576224" lon="-2.169001">
				<ele>5.6</ele>
				<time>2024-08-18T12:29:39Z</time>
				<extensions>
					<gpxtpx:TrackPointExtension>
						<gpxtpx:hr>108</gpxtpx:hr>
						<gpxtpx:atemp>30</gpxtpx:atemp>
					</gpxtpx:TrackPointExtension>
				</extensions>
			</trkpt>
			<trkpt lat="48.576224" lon="-2.169153">
				<ele>5.8</ele>
				<time>2024-08-18T12:29:47Z</time>
				<extensions>
					<gpxtpx:TrackPointExtension>
						<gpxtpx:hr>110</gpxtpx:hr>
						<gpxtpx:atemp>30</gpxtpx:atemp>
					</gpxtpx:TrackPointExtension>
				</extensions>
			</trkpt>
			<trkpt lat="48.576235" lon="-2.169235">
				<ele>5.6</ele>
				<time>2024-08-18T12:29:51Z</time>
				<extensions>
					<gpxtpx:TrackPointExtension>
						<gpxtpx:hr>107</gpxtpx:hr>
						<gpxtpx:atemp>30</gpxtpx:atemp>
					</gpxtpx:TrackPointExtension>
				</extensions>
			</trkpt>
			<trkpt lat="48.576234" lon="-2.169315">
				<ele>5.8</ele>
				<time>2024-08-18T12:29:55Z</time>
				<extensions>
					<gpxtpx:TrackPointExtension>
						<gpxtpx:hr>105</gpxtpx:hr>
						<gpxtpx:atemp>30</gpxtpx:atemp>
					</gpxtpx:TrackPointExtension>
				</extensions>
			</trkpt>
			<trkpt lat="48.576233" lon="-2.16936">
				<ele>5.8</ele>
				<time>2024-08-18T12:29:57Z</time>
				<extensions>
					<gpxtpx:TrackPointExtension>
						<gpxtpx:hr>105</gpxtpx:hr>
						<gpxtpx:atemp>30</gpxtpx:atemp>
					</gpxtpx:TrackPointExtension>
				</extensions>
			</trkpt>
			<trkpt lat="48.576218" lon="-2.169496">
				<ele>6.4</ele>
				<time>2024-08-18T12:30:04Z</time>
				<extensions>
					<gpxtpx:TrackPointExtension>
						<gpxtpx:hr>108</gpxtpx:hr>
						<gpxtpx:atemp>30</gpxtpx:atemp>
					</gpxtpx:TrackPointExtension>
				</extensions>
			</trkpt>
			<trkpt lat="48.576189" lon="-2.169566">
				<ele>6.6</ele>
				<time>2024-08-18T12:30:08Z</time>
				<extensions>
					<gpxtpx:TrackPointExtension>
						<gpxtpx:hr>111</gpxtpx:hr>
						<gpxtpx:atemp>30</gpxtpx:atemp>
					</gpxtpx:TrackPointExtension>
				</extensions>
			</trkpt>
			<trkpt lat="48.576163" lon="-2.169613">
				<ele>6.6</ele>
				<time>2024-08-18T12:30:11Z</time>
				<extensions>
					<gpxtpx:TrackPointExtension>
						<gpxtpx:hr>114</gpxtpx:hr>
						<gpxtpx:atemp>30</gpxtpx:atemp>
					</gpxtpx:TrackPointExtension>
				</extensions>
			</trkpt>
			<trkpt lat="48.576128" lon="-2.169679">
				<ele>6.6</ele>
				<time>2024-08-18T12:30:15Z</time>
				<extensions>
					<gpxtpx:TrackPointExtension>
						<gpxtpx:hr>116</gpxtpx:hr>
						<gpxtpx:atemp>30</gpxtpx:atemp>
					</gpxtpx:TrackPointExtension>
				</extensions>
			</trkpt>
			<trkpt lat="48.576112" lon="-2.169706">
				<ele>6.8</ele>
				<time>2024-08-18T12:30:17Z</time>
				<extensions>
					<gpxtpx:TrackPointExtension>
						<gpxtpx:hr>116</gpxtpx:hr>
						<gpxtpx:atemp>30</gpxtpx:atemp>
					</gpxtpx:TrackPointExtension>
				</extensions>
			</trkpt>
			<trkpt lat="48.576052" lon="-2.169798">
				<ele>6.8</ele>
				<time>2024-08-18T12:30:23Z</time>
				<extensions>
					<gpxtpx:TrackPointExtension>
						<gpxtpx:hr>115</gpxtpx:hr>
						<gpxtpx:atemp>30</gpxtpx:atemp>
					</gpxtpx:TrackPointExtension>
				</extensions>
			</trkpt>
			<trkpt lat="48.576022" lon="-2.169814">
				<ele>6.6</ele>
				<time>2024-08-18T12:30:26Z</time>
				<extensions>
					<gpxtpx:TrackPointExtension>
						<gpxtpx:hr>115</gpxtpx:hr>
						<gpxtpx:atemp>30</gpxtpx:atemp>
					</gpxtpx:TrackPointExtension>
				</extensions>
			</trkpt>
			<trkpt lat="48.576001" lon="-2.169831">
				<ele>6.6</ele>
				<time>2024-08-18T12:30:28Z</time>
				<extensions>
					<gpxtpx:TrackPointExtension>
						<gpxtpx:hr>116</gpxtpx:hr>
						<gpxtpx:atemp>30</gpxtpx:atemp>
					</gpxtpx:TrackPointExtension>
				</extensions>
			</trkpt>
			<trkpt lat="48.575955" lon="-2.169892">
				<ele>6.4</ele>
				<time>2024-08-18T12:30:33Z</time>
				<extensions>
					<gpxtpx:TrackPointExtension>
						<gpxtpx:hr>115</gpxtpx:hr>
						<gpxtpx:atemp>30</gpxtpx:atemp>
					</gpxtpx:TrackPointExtension>
				</extensions>
			</trkpt>
			<trkpt lat="48.575949" lon="-2.169896">
				<ele>6.4</ele>
				<time>2024-08-18T12:30:34Z</time>
				<extensions>
					<gpxtpx:TrackPointExtension>
						<gpxtpx:hr>115</gpxtpx:hr>
						<gpxtpx:atemp>30</gpxtpx:atemp>
					</gpxtpx:TrackPointExtension>
				</extensions>
			</trkpt>
			<trkpt lat="48.575955" lon="-2.169873">
				<ele>6.4</ele>
				<time>2024-08-18T12:30:38Z</time>
				<extensions>
					<gpxtpx:TrackPointExtension>
						<gpxtpx:hr>113</gpxtpx:hr>
						<gpxtpx:atemp>30</gpxtpx:atemp>
					</gpxtpx:TrackPointExtension>
				</extensions>
			</trkpt>
			<trkpt lat="48.575959" lon="-2.16987">
				<ele>6.4</ele>
				<time>2024-08-18T12:30:41Z</time>
				<extensions>
					<gpxtpx:TrackPointExtension>
						<gpxtpx:hr>109</gpxtpx:hr>
						<gpxtpx:atemp>30</gpxtpx:atemp>
					</gpxtpx:TrackPointExtension>
				</extensions>
			</trkpt>
			<trkpt lat="48.575935" lon="-2.169902">
				<ele>6.4</ele>
				<time>2024-08-18T12:30:47Z</time>
				<extensions>
					<gpxtpx:TrackPointExtension>
						<gpxtpx:hr>109</gpxtpx:hr>
						<gpxtpx:atemp>30</gpxtpx:atemp>
					</gpxtpx:TrackPointExtension>
				</extensions>
			</trkpt>
			<trkpt lat="48.575897" lon="-2.16995">
				<ele>6.4</ele>
				<time>2024-08-18T12:30:51Z</time>
				<extensions>
					<gpxtpx:TrackPointExtension>
						<gpxtpx:hr>112</gpxtpx:hr>
						<gpxtpx:atemp>30</gpxtpx:atemp>
					</gpxtpx:TrackPointExtension>
				</extensions>
			</trkpt>
			<trkpt lat="48.575841" lon="-2.170018">
				<ele>6.2</ele>
				<time>2024-08-18T12:30:57Z</time>
				<extensions>
					<gpxtpx:TrackPointExtension>
						<gpxtpx:hr>113</gpxtpx:hr>
						<gpxtpx:atemp>30</gpxtpx:atemp>
					</gpxtpx:TrackPointExtension>
				</extensions>
			</trkpt>
			<trkpt lat="48.575831" lon="-2.170022">
				<ele>6.2</ele>
				<time>2024-08-18T12:30:58Z</time>
				<extensions>
					<gpxtpx:TrackPointExtension>
						<gpxtpx:hr>113</gpxtpx:hr>
						<gpxtpx:atemp>30</gpxtpx:atemp>
					</gpxtpx:TrackPointExtension>
				</extensions>
			</trkpt>
			<trkpt lat="48.575784" lon="-2.170061">
				<ele>6</ele>
				<time>2024-08-18T12:31:02Z</time>
				<extensions>
					<gpxtpx:TrackPointExtension>
						<gpxtpx:hr>111</gpxtpx:hr>
						<gpxtpx:atemp>30</gpxtpx:atemp>
					</gpxtpx:TrackPointExtension>
				</extensions>
			</trkpt>
			<trkpt lat="48.575772" lon="-2.170075">
				<ele>5.8</ele>
				<time>2024-08-18T12:31:03Z</time>
				<extensions>
					<gpxtpx:TrackPointExtension>
						<gpxtpx:hr>110</gpxtpx:hr>
						<gpxtpx:atemp>30</gpxtpx:atemp>
					</gpxtpx:TrackPointExtension>
				</extensions>
			</trkpt>
			<trkpt lat="48.575716" lon="-2.170142">
				<ele>5.8</ele>
				<time>2024-08-18T12:31:08Z</time>
				<extensions>
					<gpxtpx:TrackPointExtension>
						<gpxtpx:hr>107</gpxtpx:hr>
						<gpxtpx:atemp>30</gpxtpx:atemp>
					</gpxtpx:TrackPointExtension>
				</extensions>
			</trkpt>
			<trkpt lat="48.575672" lon="-2.170195">
				<ele>6</ele>
				<time>2024-08-18T12:31:12Z</time>
				<extensions>
					<gpxtpx:TrackPointExtension>
						<gpxtpx:hr>105</gpxtpx:hr>
						<gpxtpx:atemp>30</gpxtpx:atemp>
					</gpxtpx:TrackPointExtension>
				</extensions>
			</trkpt>
			<trkpt lat="48.575566" lon="-2.170336">
				<ele>6.2</ele>
				<time>2024-08-18T12:31:21Z</time>
				<extensions>
					<gpxtpx:TrackPointExtension>
						<gpxtpx:hr>105</gpxtpx:hr>
						<gpxtpx:atemp>30</gpxtpx:atemp>
					</gpxtpx:TrackPointExtension>
				</extensions>
			</trkpt>
			<trkpt lat="48.575467" lon="-2.170426">
				<ele>6.2</ele>
				<time>2024-08-18T12:31:29Z</time>
				<extensions>
					<gpxtpx:TrackPointExtension>
						<gpxtpx:hr>106</gpxtpx:hr>
						<gpxtpx:atemp>30</gpxtpx:atemp>
					</gpxtpx:TrackPointExtension>
				</extensions>
			</trkpt>
			<trkpt lat="48.575392" lon="-2.170511">
				<ele>6</ele>
				<time>2024-08-18T12:31:36Z</time>
				<extensions>
					<gpxtpx:TrackPointExtension>
						<gpxtpx:hr>106</gpxtpx:hr>
						<gpxtpx:atemp>30</gpxtpx:atemp>
					</gpxtpx:TrackPointExtension>
				</extensions>
			</trkpt>
			<trkpt lat="48.575383" lon="-2.17052">
				<ele>6.2</ele>
				<time>2024-08-18T12:31:37Z</time>
				<extensions>
					<gpxtpx:TrackPointExtension>
						<gpxtpx:hr>106</gpxtpx:hr>
						<gpxtpx:atemp>30</gpxtpx:atemp>
					</gpxtpx:TrackPointExtension>
				</extensions>
			</trkpt>
			<trkpt lat="48.575337" lon="-2.170595">
				<ele>6.2</ele>
				<time>2024-08-18T12:31:42Z</time>
				<extensions>
					<gpxtpx:TrackPointExtension>
						<gpxtpx:hr>106</gpxtpx:hr>
						<gpxtpx:atemp>30</gpxtpx:atemp>
					</gpxtpx:TrackPointExtension>
				</extensions>
			</trkpt>
			<trkpt lat="48.575236" lon="-2.170733">
				<ele>6.4</ele>
				<time>2024-08-18T12:31:51Z</time>
				<extensions>
					<gpxtpx:TrackPointExtension>
						<gpxtpx:hr>108</gpxtpx:hr>
						<gpxtpx:atemp>30</gpxtpx:atemp>
					</gpxtpx:TrackPointExtension>
				</extensions>
			</trkpt>
			<trkpt lat="48.575205" lon="-2.170758">
				<ele>6.4</ele>
				<time>2024-08-18T12:31:54Z</time>
				<extensions>
					<gpxtpx:TrackPointExtension>
						<gpxtpx:hr>111</gpxtpx:hr>
						<gpxtpx:atemp>30</gpxtpx:atemp>
					</gpxtpx:TrackPointExtension>
				</extensions>
			</trkpt>
			<trkpt lat="48.575153" lon="-2.170807">
				<ele>6.4</ele>
				<time>2024-08-18T12:31:59Z</time>
				<extensions>
					<gpxtpx:TrackPointExtension>
						<gpxtpx:hr>113</gpxtpx:hr>
						<gpxtpx:atemp>30</gpxtpx:atemp>
					</gpxtpx:TrackPointExtension>
				</extensions>
			</trkpt>
			<trkpt lat="48.575069" lon="-2.170909">
				<ele>6.4</ele>
				<time>2024-08-18T12:32:07Z</time>
				<extensions>
					<gpxtpx:TrackPointExtension>
						<gpxtpx:hr>112</gpxtpx:hr>
						<gpxtpx:atemp>30</gpxtpx:atemp>
					</gpxtpx:TrackPointExtension>
				</extensions>
			</trkpt>
			<trkpt lat="48.574949" lon="-2.170997">
				<ele>6.6</ele>
				<time>2024-08-18T12:32:17Z</time>
				<extensions>
					<gpxtpx:TrackPointExtension>
						<gpxtpx:hr>110</gpxtpx:hr>
						<gpxtpx:atemp>30</gpxtpx:atemp>
					</gpxtpx:TrackPointExtension>
				</extensions>
			</trkpt>
			<trkpt lat="48.574884" lon="-2.171041">
				<ele>6.4</ele>
				<time>2024-08-18T12:32:25Z</time>
				<extensions>
					<gpxtpx:TrackPointExtension>
						<gpxtpx:hr>110</gpxtpx:hr>
						<gpxtpx:atemp>30</gpxtpx:atemp>
					</gpxtpx:TrackPointExtension>
				</extensions>
			</trkpt>
			<trkpt lat="48.574864" lon="-2.17106">
				<ele>6.2</ele>
				<time>2024-08-18T12:32:27Z</time>
				<extensions>
					<gpxtpx:TrackPointExtension>
						<gpxtpx:hr>110</gpxtpx:hr>
						<gpxtpx:atemp>30</gpxtpx:atemp>
					</gpxtpx:TrackPointExtension>
				</extensions>
			</trkpt>
			<trkpt lat="48.574816" lon="-2.171098">
				<ele>6.2</ele>
				<time>2024-08-18T12:32:32Z</time>
				<extensions>
					<gpxtpx:TrackPointExtension>
						<gpxtpx:hr>111</gpxtpx:hr>
						<gpxtpx:atemp>30</gpxtpx:atemp>
					</gpxtpx:TrackPointExtension>
				</extensions>
			</trkpt>
			<trkpt lat="48.574795" lon="-2.171123">
				<ele>6.2</ele>
				<time>2024-08-18T12:32:34Z</time>
				<extensions>
					<gpxtpx:TrackPointExtension>
						<gpxtpx:hr>111</gpxtpx:hr>
						<gpxtpx:atemp>30</gpxtpx:atemp>
					</gpxtpx:TrackPointExtension>
				</extensions>
			</trkpt>
			<trkpt lat="48.574729" lon="-2.171174">
				<ele>6</ele>
				<time>2024-08-18T12:32:40Z</time>
				<extensions>
					<gpxtpx:TrackPointExtension>
						<gpxtpx:hr>111</gpxtpx:hr>
						<gpxtpx:atemp>30</gpxtpx:atemp>
					</gpxtpx:TrackPointExtension>
				</extensions>
			</trkpt>
			<trkpt lat="48.574709" lon="-2.171189">
				<ele>6</ele>
				<time>2024-08-18T12:32:42Z</time>
				<extensions>
					<gpxtpx:TrackPointExtension>
						<gpxtpx:hr>111</gpxtpx:hr>
						<gpxtpx:atemp>30</gpxtpx:atemp>
					</gpxtpx:TrackPointExtension>
				</extensions>
			</trkpt>
			<trkpt lat="48.574665" lon="-2.171239">
				<ele>5.8</ele>
				<time>2024-08-18T12:32:46Z</time>
				<extensions>
					<gpxtpx:TrackPointExtension>
						<gpxtpx:hr>110</gpxtpx:hr>
						<gpxtpx:atemp>30</gpxtpx:atemp>
					</gpxtpx:TrackPointExtension>
				</extensions>
			</trkpt>
			<trkpt lat="48.574603" lon="-2.171313">
				<ele>6</ele>
				<time>2024-08-18T12:32:52Z</time>
				<extensions>
					<gpxtpx:TrackPointExtension>
						<gpxtpx:hr>107</gpxtpx:hr>
						<gpxtpx:atemp>30</gpxtpx:atemp>
					</gpxtpx:TrackPointExtension>
				</extensions>
			</trkpt>
			<trkpt lat="48.574593" lon="-2.171324">
				<ele>6</ele>
				<time>2024-08-18T12:32:53Z</time>
				<extensions>
					<gpxtpx:TrackPointExtension>
						<gpxtpx:hr>107</gpxtpx:hr>
						<gpxtpx:atemp>30</gpxtpx:atemp>
					</gpxtpx:TrackPointExtension>
				</extensions>
			</trkpt>
			<trkpt lat="48.574583" lon="-2.171336">
				<ele>6</ele>
				<time>2024-08-18T12:32:54Z</time>
				<extensions>
					<gpxtpx:TrackPointExtension>
						<gpxtpx:hr>107</gpxtpx:hr>
						<gpxtpx:atemp>30</gpxtpx:atemp>
					</gpxtpx:TrackPointExtension>
				</extensions>
			</trkpt>
			<trkpt lat="48.574487" lon="-2.171444">
				<ele>6</ele>
				<time>2024-08-18T12:33:04Z</time>
				<extensions>
					<gpxtpx:TrackPointExtension>
						<gpxtpx:hr>106</gpxtpx:hr>
						<gpxtpx:atemp>30</gpxtpx:atemp>
					</gpxtpx:TrackPointExtension>
				</extensions>
			</trkpt>
			<trkpt lat="48.574405" lon="-2.171542">
				<ele>6</ele>
				<time>2024-08-18T12:33:12Z</time>
				<extensions>
					<gpxtpx:TrackPointExtension>
						<gpxtpx:hr>105</gpxtpx:hr>
						<gpxtpx:atemp>30</gpxtpx:atemp>
					</gpxtpx:TrackPointExtension>
				</extensions>
			</trkpt>
			<trkpt lat="48.574338" lon="-2.171607">
				<ele>6</ele>
				<time>2024-08-18T12:33:18Z</time>
				<extensions>
					<gpxtpx:TrackPointExtension>
						<gpxtpx:hr>105</gpxtpx:hr>
						<gpxtpx:atemp>30</gpxtpx:atemp>
					</gpxtpx:TrackPointExtension>
				</extensions>
			</trkpt>
			<trkpt lat="48.574315" lon="-2.171638">
				<ele>6</ele>
				<time>2024-08-18T12:33:20Z</time>
				<extensions>
					<gpxtpx:TrackPointExtension>
						<gpxtpx:hr>102</gpxtpx:hr>
						<gpxtpx:atemp>30</gpxtpx:atemp>
					</gpxtpx:TrackPointExtension>
				</extensions>
			</trkpt>
			<trkpt lat="48.574267" lon="-2.171683">
				<ele>6</ele>
				<time>2024-08-18T12:33:24Z</time>
				<extensions>
					<gpxtpx:TrackPointExtension>
						<gpxtpx:hr>107</gpxtpx:hr>
						<gpxtpx:atemp>30</gpxtpx:atemp>
					</gpxtpx:TrackPointExtension>
				</extensions>
			</trkpt>
			<trkpt lat="48.574244" lon="-2.171731">
				<ele>5.8</ele>
				<time>2024-08-18T12:33:28Z</time>
				<extensions>
					<gpxtpx:TrackPointExtension>
						<gpxtpx:hr>109</gpxtpx:hr>
						<gpxtpx:atemp>30</gpxtpx:atemp>
					</gpxtpx:TrackPointExtension>
				</extensions>
			</trkpt>
			<trkpt lat="48.574246" lon="-2.17176">
				<ele>5.8</ele>
				<time>2024-08-18T12:33:30Z</time>
				<extensions>
					<gpxtpx:TrackPointExtension>
						<gpxtpx:hr>110</gpxtpx:hr>
						<gpxtpx:atemp>30</gpxtpx:atemp>
					</gpxtpx:TrackPointExtension>
				</extensions>
			</trkpt>
			<trkpt lat="48.574254" lon="-2.171791">
				<ele>5.8</ele>
				<time>2024-08-18T12:33:32Z</time>
				<extensions>
					<gpxtpx:TrackPointExtension>
						<gpxtpx:hr>109</gpxtpx:hr>
						<gpxtpx:atemp>30</gpxtpx:atemp>
					</gpxtpx:TrackPointExtension>
				</extensions>
			</trkpt>
			<trkpt lat="48.574262" lon="-2.171835">
				<ele>6</ele>
				<time>2024-08-18T12:33:35Z</time>
				<extensions>
					<gpxtpx:TrackPointExtension>
						<gpxtpx:hr>108</gpxtpx:hr>
						<gpxtpx:atemp>30</gpxtpx:atemp>
					</gpxtpx:TrackPointExtension>
				</extensions>
			</trkpt>
			<trkpt lat="48.574265" lon="-2.171949">
				<ele>6.6</ele>
				<time>2024-08-18T12:33:41Z</time>
				<extensions>
					<gpxtpx:TrackPointExtension>
						<gpxtpx:hr>108</gpxtpx:hr>
						<gpxtpx:atemp>30</gpxtpx:atemp>
					</gpxtpx:TrackPointExtension>
				</extensions>
			</trkpt>
			<trkpt lat="48.574293" lon="-2.172047">
				<ele>7</ele>
				<time>2024-08-18T12:33:46Z</time>
				<extensions>
					<gpxtpx:TrackPointExtension>
						<gpxtpx:hr>109</gpxtpx:hr>
						<gpxtpx:atemp>30</gpxtpx:atemp>
					</gpxtpx:TrackPointExtension>
				</extensions>
			</trkpt>
			<trkpt lat="48.574295" lon="-2.172089">
				<ele>7</ele>
				<time>2024-08-18T12:33:48Z</time>
				<extensions>
					<gpxtpx:TrackPointExtension>
						<gpxtpx:hr>110</gpxtpx:hr>
						<gpxtpx:atemp>30</gpxtpx:atemp>
					</gpxtpx:TrackPointExtension>
				</extensions>
			</trkpt>
			<trkpt lat="48.574275" lon="-2.172146">
				<ele>7</ele>
				<time>2024-08-18T12:33:51Z</time>
				<extensions>
					<gpxtpx:TrackPointExtension>
						<gpxtpx:hr>113</gpxtpx:hr>
						<gpxtpx:atemp>30</gpxtpx:atemp>
					</gpxtpx:TrackPointExtension>
				</extensions>
			</trkpt>
			<trkpt lat="48.574228" lon="-2.172217">
				<ele>7.6</ele>
				<time>2024-08-18T12:33:55Z</time>
				<extensions>
					<gpxtpx:TrackPointExtension>
						<gpxtpx:hr>115</gpxtpx:hr>
						<gpxtpx:atemp>30</gpxtpx:atemp>
					</gpxtpx:TrackPointExtension>
				</extensions>
			</trkpt>
			<trkpt lat="48.574175" lon="-2.17226">
				<ele>8</ele>
				<time>2024-08-18T12:34:00Z</time>
				<extensions>
					<gpxtpx:TrackPointExtension>
						<gpxtpx:hr>116</gpxtpx:hr>
						<gpxtpx:atemp>30</gpxtpx:atemp>
					</gpxtpx:TrackPointExtension>
				</extensions>
			</trkpt>
			<trkpt lat="48.574163" lon="-2.172281">
				<ele>8</ele>
				<time>2024-08-18T12:34:02Z</time>
				<extensions>
					<gpxtpx:TrackPointExtension>
						<gpxtpx:hr>117</gpxtpx:hr>
						<gpxtpx:atemp>30</gpxtpx:atemp>
					</gpxtpx:TrackPointExtension>
				</extensions>
			</trkpt>
			<trkpt lat="48.57417" lon="-2.172402">
				<ele>8.4</ele>
				<time>2024-08-18T12:34:09Z</time>
				<extensions>
					<gpxtpx:TrackPointExtension>
						<gpxtpx:hr>120</gpxtpx:hr>
						<gpxtpx:atemp>30</gpxtpx:atemp>
					</gpxtpx:TrackPointExtension>
				</extensions>
			</trkpt>
			<trkpt lat="48.574175" lon="-2.172421">
				<ele>8.4</ele>
				<time>2024-08-18T12:34:10Z</time>
				<extensions>
					<gpxtpx:TrackPointExtension>
						<gpxtpx:hr>120</gpxtpx:hr>
						<gpxtpx:atemp>30</gpxtpx:atemp>
					</gpxtpx:TrackPointExtension>
				</extensions>
			</trkpt>
			<trkpt lat="48.574174" lon="-2.17245">
				<ele>8.6</ele>
				<time>2024-08-18T12:34:16Z</time>
				<extensions>
					<gpxtpx:TrackPointExtension>
						<gpxtpx:hr>121</gpxtpx:hr>
						<gpxtpx:atemp>30</gpxtpx:atemp>
					</gpxtpx:TrackPointExtension>
				</extensions>
			</trkpt>
			<trkpt lat="48.574187" lon="-2.172563">
				<ele>8.8</ele>
				<time>2024-08-18T12:34:22Z</time>
				<extensions>
					<gpxtpx:TrackPointExtension>
						<gpxtpx:hr>120</gpxtpx:hr>
						<gpxtpx:atemp>30</gpxtpx:atemp>
					</gpxtpx:TrackPointExtension>
				</extensions>
			</trkpt>
			<trkpt lat="48.574197" lon="-2.172602">
				<ele>9.2</ele>
				<time>2024-08-18T12:34:24Z</time>
				<extensions>
					<gpxtpx:TrackPointExtension>
						<gpxtpx:hr>120</gpxtpx:hr>
						<gpxtpx:atemp>30</gpxtpx:atemp>
					</gpxtpx:TrackPointExtension>
				</extensions>
			</trkpt>
			<trkpt lat="48.574228" lon="-2.172732">
				<ele>10</ele>
				<time>2024-08-18T12:34:31Z</time>
				<extensions>
					<gpxtpx:TrackPointExtension>
						<gpxtpx:hr>120</gpxtpx:hr>
						<gpxtpx:atemp>30</gpxtpx:atemp>
					</gpxtpx:TrackPointExtension>
				</extensions>
			</trkpt>
			<trkpt lat="48.574234" lon="-2.172787">
				<ele>10.2</ele>
				<time>2024-08-18T12:34:34Z</time>
				<extensions>
					<gpxtpx:TrackPointExtension>
						<gpxtpx:hr>122</gpxtpx:hr>
						<gpxtpx:atemp>30</gpxtpx:atemp>
					</gpxtpx:TrackPointExtension>
				</extensions>
			</trkpt>
			<trkpt lat="48.574242" lon="-2.172847">
				<ele>10.4</ele>
				<time>2024-08-18T12:34:37Z</time>
				<extensions>
					<gpxtpx:TrackPointExtension>
						<gpxtpx:hr>125</gpxtpx:hr>
						<gpxtpx:atemp>30</gpxtpx:atemp>
					</gpxtpx:TrackPointExtension>
				</extensions>
			</trkpt>
			<trkpt lat="48.57425" lon="-2.172908">
				<ele>11</ele>
				<time>2024-08-18T12:34:40Z</time>
				<extensions>
					<gpxtpx:TrackPointExtension>
						<gpxtpx:hr>127</gpxtpx:hr>
						<gpxtpx:atemp>30</gpxtpx:atemp>
					</gpxtpx:TrackPointExtension>
				</extensions>
			</trkpt>
			<trkpt lat="48.574248" lon="-2.172925">
				<ele>11.2</ele>
				<time>2024-08-18T12:34:41Z</time>
				<extensions>
					<gpxtpx:TrackPointExtension>
						<gpxtpx:hr>127</gpxtpx:hr>
						<gpxtpx:atemp>30</gpxtpx:atemp>
					</gpxtpx:TrackPointExtension>
				</extensions>
			</trkpt>
			<trkpt lat="48.574275" lon="-2.173043">
				<ele>12.2</ele>
				<time>2024-08-18T12:34:48Z</time>
				<extensions>
					<gpxtpx:TrackPointExtension>
						<gpxtpx:hr>129</gpxtpx:hr>
						<gpxtpx:atemp>30</gpxtpx:atemp>
					</gpxtpx:TrackPointExtension>
				</extensions>
			</trkpt>
			<trkpt lat="48.574286" lon="-2.173075">
				<ele>12.2</ele>
				<time>2024-08-18T12:34:50Z</time>
				<extensions>
					<gpxtpx:TrackPointExtension>
						<gpxtpx:hr>129</gpxtpx:hr>
						<gpxtpx:atemp>30</gpxtpx:atemp>
					</gpxtpx:TrackPointExtension>
				</extensions>
			</trkpt>
			<trkpt lat="48.574297" lon="-2.173113">
				<ele>12.4</ele>
				<time>2024-08-18T12:34:52Z</time>
				<extensions>
					<gpxtpx:TrackPointExtension>
						<gpxtpx:hr>129</gpxtpx:hr>
						<gpxtpx:atemp>30</gpxtpx:atemp>
					</gpxtpx:TrackPointExtension>
				</extensions>
			</trkpt>
			<trkpt lat="48.574309" lon="-2.173157">
				<ele>12.6</ele>
				<time>2024-08-18T12:34:54Z</time>
				<extensions>
					<gpxtpx:TrackPointExtension>
						<gpxtpx:hr>130</gpxtpx:hr>
						<gpxtpx:atemp>30</gpxtpx:atemp>
					</gpxtpx:TrackPointExtension>
				</extensions>
			</trkpt>
			<trkpt lat="48.574313" lon="-2.173176">
				<ele>12.8</ele>
				<time>2024-08-18T12:34:55Z</time>
				<extensions>
					<gpxtpx:TrackPointExtension>
						<gpxtpx:hr>130</gpxtpx:hr>
						<gpxtpx:atemp>30</gpxtpx:atemp>
					</gpxtpx:TrackPointExtension>
				</extensions>
			</trkpt>
			<trkpt lat="48.574315" lon="-2.173191">
				<ele>13</ele>
				<time>2024-08-18T12:34:56Z</time>
				<extensions>
					<gpxtpx:TrackPointExtension>
						<gpxtpx:hr>130</gpxtpx:hr>
						<gpxtpx:atemp>30</gpxtpx:atemp>
					</gpxtpx:TrackPointExtension>
				</extensions>
			</trkpt>
			<trkpt lat="48.574324" lon="-2.173233">
				<ele>13.2</ele>
				<time>2024-08-18T12:34:58Z</time>
				<extensions>
					<gpxtpx:TrackPointExtension>
						<gpxtpx:hr>130</gpxtpx:hr>
						<gpxtpx:atemp>30</gpxtpx:atemp>
					</gpxtpx:TrackPointExtension>
				</extensions>
			</trkpt>
			<trkpt lat="48.574326" lon="-2.173247">
				<ele>13.4</ele>
				<time>2024-08-18T12:34:59Z</time>
				<extensions>
					<gpxtpx:TrackPointExtension>
						<gpxtpx:hr>130</gpxtpx:hr>
						<gpxtpx:atemp>30</gpxtpx:atemp>
					</gpxtpx:TrackPointExtension>
				</extensions>
			</trkpt>
			<trkpt lat="48.574341" lon="-2.173311">
				<ele>14.2</ele>
				<time>2024-08-18T12:35:02Z</time>
				<extensions>
					<gpxtpx:TrackPointExtension>
						<gpxtpx:hr>133</gpxtpx:hr>
						<gpxtpx:atemp>30</gpxtpx:atemp>
					</gpxtpx:TrackPointExtension>
				</extensions>
			</trkpt>
			<trkpt lat="48.574333" lon="-2.173371">
				<ele>14.6</ele>
				<time>2024-08-18T12:35:05Z</time>
				<extensions>
					<gpxtpx:TrackPointExtension>
						<gpxtpx:hr>135</gpxtpx:hr>
						<gpxtpx:atemp>30</gpxtpx:atemp>
					</gpxtpx:TrackPointExtension>
				</extensions>
			</trkpt>
			<trkpt lat="48.574301" lon="-2.17346">
				<ele>15.4</ele>
				<time>2024-08-18T12:35:09Z</time>
				<extensions>
					<gpxtpx:TrackPointExtension>
						<gpxtpx:hr>135</gpxtpx:hr>
						<gpxtpx:atemp>30</gpxtpx:atemp>
					</gpxtpx:TrackPointExtension>
				</extensions>
			</trkpt>
			<trkpt lat="48.57426" lon="-2.173544">
				<ele>15.6</ele>
				<time>2024-08-18T12:35:13Z</time>
				<extensions>
					<gpxtpx:TrackPointExtension>
						<gpxtpx:hr>137</gpxtpx:hr>
						<gpxtpx:atemp>30</gpxtpx:atemp>
					</gpxtpx:TrackPointExtension>
				</extensions>
			</trkpt>
			<trkpt lat="48.574232" lon="-2.173603">
				<ele>15.6</ele>
				<time>2024-08-18T12:35:17Z</time>
				<extensions>
					<gpxtpx:TrackPointExtension>
						<gpxtpx:hr>138</gpxtpx:hr>
						<gpxtpx:atemp>30</gpxtpx:atemp>
					</gpxtpx:TrackPointExtension>
				</extensions>
			</trkpt>
			<trkpt lat="48.574226" lon="-2.173639">
				<ele>15.6</ele>
				<time>2024-08-18T12:35:22Z</time>
				<extensions>
					<gpxtpx:TrackPointExtension>
						<gpxtpx:hr>140</gpxtpx:hr>
						<gpxtpx:atemp>30</gpxtpx:atemp>
					</gpxtpx:TrackPointExtension>
				</extensions>
			</trkpt>
			<trkpt lat="48.574227" lon="-2.173693">
				<ele>15.6</ele>
				<time>2024-08-18T12:35:25Z</time>
				<extensions>
					<gpxtpx:TrackPointExtension>
						<gpxtpx:hr>139</gpxtpx:hr>
						<gpxtpx:atemp>30</gpxtpx:atemp>
					</gpxtpx:TrackPointExtension>
				</extensions>
			</trkpt>
			<trkpt lat="48.574228" lon="-2.173723">
				<ele>15.6</ele>
				<time>2024-08-18T12:35:27Z</time>
				<extensions>
					<gpxtpx:TrackPointExtension>
						<gpxtpx:hr>139</gpxtpx:hr>
						<gpxtpx:atemp>30</gpxtpx:atemp>
					</gpxtpx:TrackPointExtension>
				</extensions>
			</trkpt>
			<trkpt lat="48.574226" lon="-2.173739">
				<ele>15.8</ele>
				<time>2024-08-18T12:35:28Z</time>
				<extensions>
					<gpxtpx:TrackPointExtension>
						<gpxtpx:hr>139</gpxtpx:hr>
						<gpxtpx:atemp>30</gpxtpx:atemp>
					</gpxtpx:TrackPointExtension>
				</extensions>
			</trkpt>
			<trkpt lat="48.574231" lon="-2.17384">
				<ele>16</ele>
				<time>2024-08-18T12:35:34Z</time>
				<extensions>
					<gpxtpx:TrackPointExtension>
						<gpxtpx:hr>139</gpxtpx:hr>
						<gpxtpx:atemp>30</gpxtpx:atemp>
					</gpxtpx:TrackPointExtension>
				</extensions>
			</trkpt>
			<trkpt lat="48.574234" lon="-2.173882">
				<ele>16</ele>
				<time>2024-08-18T12:35:36Z</time>
				<extensions>
					<gpxtpx:TrackPointExtension>
						<gpxtpx:hr>139</gpxtpx:hr>
						<gpxtpx:atemp>30</gpxtpx:atemp>
					</gpxtpx:TrackPointExtension>
				</extensions>
			</trkpt>
			<trkpt lat="48.574225" lon="-2.174014">
				<ele>16.4</ele>
				<time>2024-08-18T12:35:43Z</time>
				<extensions>
					<gpxtpx:TrackPointExtension>
						<gpxtpx:hr>136</gpxtpx:hr>
						<gpxtpx:atemp>30</gpxtpx:atemp>
					</gpxtpx:TrackPointExtension>
				</extensions>
			</trkpt>
			<trkpt lat="48.574216" lon="-2.17405">
				<ele>16.4</ele>
				<time>2024-08-18T12:35:45Z</time>
				<extensions>
					<gpxtpx:TrackPointExtension>
						<gpxtpx:hr>133</gpxtpx:hr>
						<gpxtpx:atemp>30</gpxtpx:atemp>
					</gpxtpx:TrackPointExtension>
				</extensions>
			</trkpt>
			<trkpt lat="48.574216" lon="-2.174067">
				<ele>16.4</ele>
				<time>2024-08-18T12:35:46Z</time>
				<extensions>
					<gpxtpx:TrackPointExtension>
						<gpxtpx:hr>132</gpxtpx:hr>
						<gpxtpx:atemp>30</gpxtpx:atemp>
					</gpxtpx:TrackPointExtension>
				</extensions>
			</trkpt>
			<trkpt lat="48.574209" lon="-2.174142">
				<ele>16.4</ele>
				<time>2024-08-18T12:35:50Z</time>
				<extensions>
					<gpxtpx:TrackPointExtension>
						<gpxtpx:hr>128</gpxtpx:hr>
						<gpxtpx:atemp>30</gpxtpx:atemp>
					</gpxtpx:TrackPointExtension>
				</extensions>
			</trkpt>
			<trkpt lat="48.574212" lon="-2.174159">
				<ele>16.6</ele>
				<time>2024-08-18T12:35:51Z</time>
				<extensions>
					<gpxtpx:TrackPointExtension>
						<gpxtpx:hr>128</gpxtpx:hr>
						<gpxtpx:atemp>30</gpxtpx:atemp>
					</gpxtpx:TrackPointExtension>
				</extensions>
			</trkpt>
			<trkpt lat="48.574222" lon="-2.174229">
				<ele>16.799999</ele>
				<time>2024-08-18T12:35:54Z</time>
				<extensions>
					<gpxtpx:TrackPointExtension>
						<gpxtpx:hr>128</gpxtpx:hr>
						<gpxtpx:atemp>30</gpxtpx:atemp>
					</gpxtpx:TrackPointExtension>
				</extensions>
			</trkpt>
			<trkpt lat="48.574182" lon="-2.17443">
				<ele>17.200001</ele>
				<time>2024-08-18T12:36:02Z</time>
				<extensions>
					<gpxtpx:TrackPointExtension>
						<gpxtpx:hr>126</gpxtpx:hr>
						<gpxtpx:atemp>30</gpxtpx:atemp>
					</gpxtpx:TrackPointExtension>
				</extensions>
			</trkpt>
			<trkpt lat="48.57417" lon="-2.174591">
				<ele>17.4</ele>
				<time>2024-08-18T12:36:10Z</time>
				<extensions>
					<gpxtpx:TrackPointExtension>
						<gpxtpx:hr>123</gpxtpx:hr>
						<gpxtpx:atemp>30</gpxtpx:atemp>
					</gpxtpx:TrackPointExtension>
				</extensions>
			</trkpt>
			<trkpt lat="48.574185" lon="-2.174651">
				<ele>17.6</ele>
				<time>2024-08-18T12:36:13Z</time>
				<extensions>
					<gpxtpx:TrackPointExtension>
						<gpxtpx:hr>123</gpxtpx:hr>
						<gpxtpx:atemp>30</gpxtpx:atemp>
					</gpxtpx:TrackPointExtension>
				</extensions>
			</trkpt>
			<trkpt lat="48.574194" lon="-2.174727">
				<ele>18</ele>
				<time>2024-08-18T12:36:18Z</time>
				<extensions>
					<gpxtpx:TrackPointExtension>
						<gpxtpx:hr>123</gpxtpx:hr>
						<gpxtpx:atemp>30</gpxtpx:atemp>
					</gpxtpx:TrackPointExtension>
				</extensions>
			</trkpt>
			<trkpt lat="48.574125" lon="-2.174881">
				<ele>18.200001</ele>
				<time>2024-08-18T12:36:27Z</time>
				<extensions>
					<gpxtpx:TrackPointExtension>
						<gpxtpx:hr>122</gpxtpx:hr>
						<gpxtpx:atemp>30</gpxtpx:atemp>
					</gpxtpx:TrackPointExtension>
				</extensions>
			</trkpt>
			<trkpt lat="48.574051" lon="-2.174967">
				<ele>18.200001</ele>
				<time>2024-08-18T12:36:32Z</time>
				<extensions>
					<gpxtpx:TrackPointExtension>
						<gpxtpx:hr>120</gpxtpx:hr>
						<gpxtpx:atemp>30</gpxtpx:atemp>
					</gpxtpx:TrackPointExtension>
				</extensions>
			</trkpt>
			<trkpt lat="48.574023" lon="-2.174982">
				<ele>18.200001</ele>
				<time>2024-08-18T12:36:34Z</time>
				<extensions>
					<gpxtpx:TrackPointExtension>
						<gpxtpx:hr>120</gpxtpx:hr>
						<gpxtpx:atemp>30</gpxtpx:atemp>
					</gpxtpx:TrackPointExtension>
				</extensions>
			</trkpt>
			<trkpt lat="48.574008" lon="-2.174993">
				<ele>18.200001</ele>
				<time>2024-08-18T12:36:36Z</time>
				<extensions>
					<gpxtpx:TrackPointExtension>
						<gpxtpx:hr>120</gpxtpx:hr>
						<gpxtpx:atemp>30</gpxtpx:atemp>
					</gpxtpx:TrackPointExtension>
				</extensions>
			</trkpt>
			<trkpt lat="48.573991" lon="-2.175008">
				<ele>18.4</ele>
				<time>2024-08-18T12:36:39Z</time>
				<extensions>
					<gpxtpx:TrackPointExtension>
						<gpxtpx:hr>119</gpxtpx:hr>
						<gpxtpx:atemp>30</gpxtpx:atemp>
					</gpxtpx:TrackPointExtension>
				</extensions>
			</trkpt>
			<trkpt lat="48.573976" lon="-2.17503">
				<ele>18.4</ele>
				<time>2024-08-18T12:36:40Z</time>
				<extensions>
					<gpxtpx:TrackPointExtension>
						<gpxtpx:hr>119</gpxtpx:hr>
						<gpxtpx:atemp>30</gpxtpx:atemp>
					</gpxtpx:TrackPointExtension>
				</extensions>
			</trkpt>
			<trkpt lat="48.573945" lon="-2.175064">
				<ele>18.4</ele>
				<time>2024-08-18T12:36:43Z</time>
				<extensions>
					<gpxtpx:TrackPointExtension>
						<gpxtpx:hr>119</gpxtpx:hr>
						<gpxtpx:atemp>30</gpxtpx:atemp>
					</gpxtpx:TrackPointExtension>
				</extensions>
			</trkpt>
			<trkpt lat="48.573926" lon="-2.175079">
				<ele>18.4</ele>
				<time>2024-08-18T12:36:45Z</time>
				<extensions>
					<gpxtpx:TrackPointExtension>
						<gpxtpx:hr>117</gpxtpx:hr>
						<gpxtpx:atemp>30</gpxtpx:atemp>
					</gpxtpx:TrackPointExtension>
				</extensions>
			</trkpt>
			<trkpt lat="48.573882" lon="-2.175129">
				<ele>18.200001</ele>
				<time>2024-08-18T12:36:50Z</time>
				<extensions>
					<gpxtpx:TrackPointExtension>
						<gpxtpx:hr>114</gpxtpx:hr>
						<gpxtpx:atemp>30</gpxtpx:atemp>
					</gpxtpx:TrackPointExtension>
				</extensions>
			</trkpt>
			<trkpt lat="48.573853" lon="-2.175161">
				<ele>18.200001</ele>
				<time>2024-08-18T12:36:53Z</time>
				<extensions>
					<gpxtpx:TrackPointExtension>
						<gpxtpx:hr>114</gpxtpx:hr>
						<gpxtpx:atemp>30</gpxtpx:atemp>
					</gpxtpx:TrackPointExtension>
				</extensions>
			</trkpt>
			<trkpt lat="48.573757" lon="-2.175287">
				<ele>18.4</ele>
				<time>2024-08-18T12:37:03Z</time>
				<extensions>
					<gpxtpx:TrackPointExtension>
						<gpxtpx:hr>113</gpxtpx:hr>
						<gpxtpx:atemp>30</gpxtpx:atemp>
					</gpxtpx:TrackPointExtension>
				</extensions>
			</trkpt>
			<trkpt lat="48.573696" lon="-2.175332">
				<ele>18.6</ele>
				<time>2024-08-18T12:37:09Z</time>
				<extensions>
					<gpxtpx:TrackPointExtension>
						<gpxtpx:hr>113</gpxtpx:hr>
						<gpxtpx:atemp>30</gpxtpx:atemp>
					</gpxtpx:TrackPointExtension>
				</extensions>
			</trkpt>
			<trkpt lat="48.57366" lon="-2.175346">
				<ele>18.6</ele>
				<time>2024-08-18T12:37:11Z</time>
				<extensions>
					<gpxtpx:TrackPointExtension>
						<gpxtpx:hr>113</gpxtpx:hr>
						<gpxtpx:atemp>30</gpxtpx:atemp>
					</gpxtpx:TrackPointExtension>
				</extensions>
			</trkpt>
			<trkpt lat="48.573563" lon="-2.175375">
				<ele>18.6</ele>
				<time>2024-08-18T12:37:17Z</time>
				<extensions>
					<gpxtpx:TrackPointExtension>
						<gpxtpx:hr>111</gpxtpx:hr>
						<gpxtpx:atemp>30</gpxtpx:atemp>
					</gpxtpx:TrackPointExtension>
				</extensions>
			</trkpt>
			<trkpt lat="48.57344" lon="-2.175387">
				<ele>18.200001</ele>
				<time>2024-08-18T12:37:24Z</time>
				<extensions>
					<gpxtpx:TrackPointExtension>
						<gpxtpx:hr>112</gpxtpx:hr>
						<gpxtpx:atemp>30</gpxtpx:atemp>
					</gpxtpx:TrackPointExtension>
				</extensions>
			</trkpt>
			<trkpt lat="48.573334" lon="-2.175381">
				<ele>18</ele>
				<time>2024-08-18T12:37:31Z</time>
				<extensions>
					<gpxtpx:TrackPointExtension>
						<gpxtpx:hr>110</gpxtpx:hr>
						<gpxtpx:atemp>30</gpxtpx:atemp>
					</gpxtpx:TrackPointExtension>
				</extensions>
			</trkpt>
			<trkpt lat="48.573246" lon="-2.175387">
				<ele>17.799999</ele>
				<time>2024-08-18T12:37:37Z</time>
				<extensions>
					<gpxtpx:TrackPointExtension>
						<gpxtpx:hr>110</gpxtpx:hr>
						<gpxtpx:atemp>30</gpxtpx:atemp>
					</gpxtpx:TrackPointExtension>
				</extensions>
			</trkpt>
			<trkpt lat="48.573214" lon="-2.175387">
				<ele>17.799999</ele>
				<time>2024-08-18T12:37:39Z</time>
				<extensions>
					<gpxtpx:TrackPointExtension>
						<gpxtpx:hr>110</gpxtpx:hr>
						<gpxtpx:atemp>30</gpxtpx:atemp>
					</gpxtpx:TrackPointExtension>
				</extensions>
			</trkpt>
			<trkpt lat="48.573071" lon="-2.175365">
				<ele>17.799999</ele>
				<time>2024-08-18T12:37:50Z</time>
				<extensions>
					<gpxtpx:TrackPointExtension>
						<gpxtpx:hr>112</gpxtpx:hr>
						<gpxtpx:atemp>30</gpxtpx:atemp>
					</gpxtpx:TrackPointExtension>
				</extensions>
			</trkpt>
			<trkpt lat="48.572956" lon="-2.175389">
				<ele>18</ele>
				<time>2024-08-18T12:37:59Z</time>
				<extensions>
					<gpxtpx:TrackPointExtension>
						<gpxtpx:hr>110</gpxtpx:hr>
						<gpxtpx:atemp>30</gpxtpx:atemp>
					</gpxtpx:TrackPointExtension>
				</extensions>
			</trkpt>
			<trkpt lat="48.572946" lon="-2.175406">
				<ele>18.200001</ele>
				<time>2024-08-18T12:38:04Z</time>
				<extensions>
					<gpxtpx:TrackPointExtension>
						<gpxtpx:hr>109</gpxtpx:hr>
						<gpxtpx:atemp>30</gpxtpx:atemp>
					</gpxtpx:TrackPointExtension>
				</extensions>
			</trkpt>
			<trkpt lat="48.572944" lon="-2.175402">
				<ele>18.200001</ele>
				<time>2024-08-18T12:38:09Z</time>
				<extensions>
					<gpxtpx:TrackPointExtension>
						<gpxtpx:hr>109</gpxtpx:hr>
						<gpxtpx:atemp>30</gpxtpx:atemp>
					</gpxtpx:TrackPointExtension>
				</extensions>
			</trkpt>
			<trkpt lat="48.572924" lon="-2.175463">
				<ele>18</ele>
				<time>2024-08-18T12:38:16Z</time>
				<extensions>
					<gpxtpx:TrackPointExtension>
						<gpxtpx:hr>111</gpxtpx:hr>
						<gpxtpx:atemp>30</gpxtpx:atemp>
					</gpxtpx:TrackPointExtension>
				</extensions>
			</trkpt>
			<trkpt lat="48.572918" lon="-2.175504">
				<ele>18.4</ele>
				<time>2024-08-18T12:38:19Z</time>
				<extensions>
					<gpxtpx:TrackPointExtension>
						<gpxtpx:hr>115</gpxtpx:hr>
						<gpxtpx:atemp>30</gpxtpx:atemp>
					</gpxtpx:TrackPointExtension>
				</extensions>
			</trkpt>
			<trkpt lat="48.572908" lon="-2.175535">
				<ele>18.4</ele>
				<time>2024-08-18T12:38:22Z</time>
				<extensions>
					<gpxtpx:TrackPointExtension>
						<gpxtpx:hr>112</gpxtpx:hr>
						<gpxtpx:atemp>30</gpxtpx:atemp>
					</gpxtpx:TrackPointExtension>
				</extensions>
			</trkpt>
			<trkpt lat="48.572896" lon="-2.175561">
				<ele>18.6</ele>
				<time>2024-08-18T12:38:24Z</time>
				<extensions>
					<gpxtpx:TrackPointExtension>
						<gpxtpx:hr>112</gpxtpx:hr>
						<gpxtpx:atemp>30</gpxtpx:atemp>
					</gpxtpx:TrackPointExtension>
				</extensions>
			</trkpt>
			<trkpt lat="48.572893" lon="-2.175578">
				<ele>18.6</ele>
				<time>2024-08-18T12:38:25Z</time>
				<extensions>
					<gpxtpx:TrackPointExtension>
						<gpxtpx:hr>112</gpxtpx:hr>
						<gpxtpx:atemp>30</gpxtpx:atemp>
					</gpxtpx:TrackPointExtension>
				</extensions>
			</trkpt>
			<trkpt lat="48.572877" lon="-2.175639">
				<ele>19.4</ele>
				<time>2024-08-18T12:38:30Z</time>
				<extensions>
					<gpxtpx:TrackPointExtension>
						<gpxtpx:hr>114</gpxtpx:hr>
						<gpxtpx:atemp>30</gpxtpx:atemp>
					</gpxtpx:TrackPointExtension>
				</extensions>
			</trkpt>
			<trkpt lat="48.572869" lon="-2.175692">
				<ele>19.6</ele>
				<time>2024-08-18T12:38:33Z</time>
				<extensions>
					<gpxtpx:TrackPointExtension>
						<gpxtpx:hr>117</gpxtpx:hr>
						<gpxtpx:atemp>31</gpxtpx:atemp>
					</gpxtpx:TrackPointExtension>
				</extensions>
			</trkpt>
			<trkpt lat="48.572865" lon="-2.175705">
				<ele>19.6</ele>
				<time>2024-08-18T12:38:34Z</time>
				<extensions>
					<gpxtpx:TrackPointExtension>
						<gpxtpx:hr>117</gpxtpx:hr>
						<gpxtpx:atemp>31</gpxtpx:atemp>
					</gpxtpx:TrackPointExtension>
				</extensions>
			</trkpt>
			<trkpt lat="48.572853" lon="-2.175742">
				<ele>20</ele>
				<time>2024-08-18T12:38:37Z</time>
				<extensions>
					<gpxtpx:TrackPointExtension>
						<gpxtpx:hr>117</gpxtpx:hr>
						<gpxtpx:atemp>31</gpxtpx:atemp>
					</gpxtpx:TrackPointExtension>
				</extensions>
			</trkpt>
			<trkpt lat="48.572839" lon="-2.175827">
				<ele>20.6</ele>
				<time>2024-08-18T12:38:44Z</time>
				<extensions>
					<gpxtpx:TrackPointExtension>
						<gpxtpx:hr>119</gpxtpx:hr>
						<gpxtpx:atemp>31</gpxtpx:atemp>
					</gpxtpx:TrackPointExtension>
				</extensions>
			</trkpt>
			<trkpt lat="48.572837" lon="-2.175837">
				<ele>20.799999</ele>
				<time>2024-08-18T12:38:45Z</time>
				<extensions>
					<gpxtpx:TrackPointExtension>
						<gpxtpx:hr>119</gpxtpx:hr>
						<gpxtpx:atemp>31</gpxtpx:atemp>
					</gpxtpx:TrackPointExtension>
				</extensions>
			</trkpt>
			<trkpt lat="48.572805" lon="-2.175938">
				<ele>21.4</ele>
				<time>2024-08-18T12:38:53Z</time>
				<extensions>
					<gpxtpx:TrackPointExtension>
						<gpxtpx:hr>122</gpxtpx:hr>
						<gpxtpx:atemp>31</gpxtpx:atemp>
					</gpxtpx:TrackPointExtension>
				</extensions>
			</trkpt>
			<trkpt lat="48.572796" lon="-2.176001">
				<ele>21.799999</ele>
				<time>2024-08-18T12:38:57Z</time>
				<extensions>
					<gpxtpx:TrackPointExtension>
						<gpxtpx:hr>123</gpxtpx:hr>
						<gpxtpx:atemp>31</gpxtpx:atemp>
					</gpxtpx:TrackPointExtension>
				</extensions>
			</trkpt>
			<trkpt lat="48.572796" lon="-2.176022">
				<ele>21.799999</ele>
				<time>2024-08-18T12:38:58Z</time>
				<extensions>
					<gpxtpx:TrackPointExtension>
						<gpxtpx:hr>123</gpxtpx:hr>
						<gpxtpx:atemp>31</gpxtpx:atemp>
					</gpxtpx:TrackPointExtension>
				</extensions>
			</trkpt>
			<trkpt lat="48.572802" lon="-2.17612">
				<ele>22.200001</ele>
				<time>2024-08-18T12:39:03Z</time>
				<extensions>
					<gpxtpx:TrackPointExtension>
						<gpxtpx:hr>124</gpxtpx:hr>
						<gpxtpx:atemp>31</gpxtpx:atemp>
					</gpxtpx:TrackPointExtension>
				</extensions>
			</trkpt>
			<trkpt lat="48.572783" lon="-2.176141">
				<ele>22.200001</ele>
				<time>2024-08-18T12:39:05Z</time>
				<extensions>
					<gpxtpx:TrackPointExtension>
						<gpxtpx:hr>125</gpxtpx:hr>
						<gpxtpx:atemp>31</gpxtpx:atemp>
					</gpxtpx:TrackPointExtension>
				</extensions>
			</trkpt>
			<trkpt lat="48.572778" lon="-2.176163">
				<ele>22.4</ele>
				<time>2024-08-18T12:39:06Z</time>
				<extensions>
					<gpxtpx:TrackPointExtension>
						<gpxtpx:hr>125</gpxtpx:hr>
						<gpxtpx:atemp>31</gpxtpx:atemp>
					</gpxtpx:TrackPointExtension>
				</extensions>
			</trkpt>
			<trkpt lat="48.572775" lon="-2.176289">
				<ele>22.799999</ele>
				<time>2024-08-18T12:39:12Z</time>
				<extensions>
					<gpxtpx:TrackPointExtension>
						<gpxtpx:hr>125</gpxtpx:hr>
						<gpxtpx:atemp>31</gpxtpx:atemp>
					</gpxtpx:TrackPointExtension>
				</extensions>
			</trkpt>
			<trkpt lat="48.572762" lon="-2.176322">
				<ele>22.799999</ele>
				<time>2024-08-18T12:39:14Z</time>
				<extensions>
					<gpxtpx:TrackPointExtension>
						<gpxtpx:hr>126</gpxtpx:hr>
						<gpxtpx:atemp>31</gpxtpx:atemp>
					</gpxtpx:TrackPointExtension>
				</extensions>
			</trkpt>
			<trkpt lat="48.572756" lon="-2.176338">
				<ele>22.799999</ele>
				<time>2024-08-18T12:39:15Z</time>
				<extensions>
					<gpxtpx:TrackPointExtension>
						<gpxtpx:hr>126</gpxtpx:hr>
						<gpxtpx:atemp>31</gpxtpx:atemp>
					</gpxtpx:TrackPointExtension>
				</extensions>
			</trkpt>
			<trkpt lat="48.572731" lon="-2.176349">
				<ele>23.200001</ele>
				<time>2024-08-18T12:39:18Z</time>
				<extensions>
					<gpxtpx:TrackPointExtension>
						<gpxtpx:hr>127</gpxtpx:hr>
						<gpxtpx:atemp>31</gpxtpx:atemp>
					</gpxtpx:TrackPointExtension>
				</extensions>
			</trkpt>
			<trkpt lat="48.572717" lon="-2.176402">
				<ele>23.4</ele>
				<time>2024-08-18T12:39:22Z</time>
				<extensions>
					<gpxtpx:TrackPointExtension>
						<gpxtpx:hr>127</gpxtpx:hr>
						<gpxtpx:atemp>31</gpxtpx:atemp>
					</gpxtpx:TrackPointExtension>
				</extensions>
			</trkpt>
			<trkpt lat="48.572706" lon="-2.176439">
				<ele>23.6</ele>
				<time>2024-08-18T12:39:24Z</time>
				<extensions>
					<gpxtpx:TrackPointExtension>
						<gpxtpx:hr>127</gpxtpx:hr>
						<gpxtpx:atemp>31</gpxtpx:atemp>
					</gpxtpx:TrackPointExtension>
				</extensions>
			</trkpt>
			<trkpt lat="48.572671" lon="-2.176575">
				<ele>24</ele>
				<time>2024-08-18T12:39:31Z</time>
				<extensions>
					<gpxtpx:TrackPointExtension>
						<gpxtpx:hr>128</gpxtpx:hr>
						<gpxtpx:atemp>31</gpxtpx:atemp>
					</gpxtpx:TrackPointExtension>
				</extensions>
			</trkpt>
			<trkpt lat="48.572659" lon="-2.176615">
				<ele>24</ele>
				<time>2024-08-18T12:39:33Z</time>
				<extensions>
					<gpxtpx:TrackPointExtension>
						<gpxtpx:hr>128</gpxtpx:hr>
						<gpxtpx:atemp>31</gpxtpx:atemp>
					</gpxtpx:TrackPointExtension>
				</extensions>
			</trkpt>
			<trkpt lat="48.572657" lon="-2.176636">
				<ele>24</ele>
				<time>2024-08-18T12:39:34Z</time>
				<extensions>
					<gpxtpx:TrackPointExtension>
						<gpxtpx:hr>128</gpxtpx:hr>
						<gpxtpx:atemp>31</gpxtpx:atemp>
					</gpxtpx:TrackPointExtension>
				</extensions>
			</trkpt>
			<trkpt lat="48.572615" lon="-2.176725">
				<ele>24.4</ele>
				<time>2024-08-18T12:39:40Z</time>
				<extensions>
					<gpxtpx:TrackPointExtension>
						<gpxtpx:hr>125</gpxtpx:hr>
						<gpxtpx:atemp>31</gpxtpx:atemp>
					</gpxtpx:TrackPointExtension>
				</extensions>
			</trkpt>
			<trkpt lat="48.572597" lon="-2.176764">
				<ele>24.6</ele>
				<time>2024-08-18T12:39:43Z</time>
				<extensions>
					<gpxtpx:TrackPointExtension>
						<gpxtpx:hr>122</gpxtpx:hr>
						<gpxtpx:atemp>31</gpxtpx:atemp>
					</gpxtpx:TrackPointExtension>
				</extensions>
			</trkpt>
			<trkpt lat="48.572586" lon="-2.176803">
				<ele>25</ele>
				<time>2024-08-18T12:39:45Z</time>
				<extensions>
					<gpxtpx:TrackPointExtension>
						<gpxtpx:hr>121</gpxtpx:hr>
						<gpxtpx:atemp>31</gpxtpx:atemp>
					</gpxtpx:TrackPointExtension>
				</extensions>
			</trkpt>
			<trkpt lat="48.572585" lon="-2.176822">
				<ele>25</ele>
				<time>2024-08-18T12:39:46Z</time>
				<extensions>
					<gpxtpx:TrackPointExtension>
						<gpxtpx:hr>121</gpxtpx:hr>
						<gpxtpx:atemp>31</gpxtpx:atemp>
					</gpxtpx:TrackPointExtension>
				</extensions>
			</trkpt>
			<trkpt lat="48.57257" lon="-2.176881">
				<ele>25</ele>
				<time>2024-08-18T12:39:49Z</time>
				<extensions>
					<gpxtpx:TrackPointExtension>
						<gpxtpx:hr>121</gpxtpx:hr>
						<gpxtpx:atemp>31</gpxtpx:atemp>
					</gpxtpx:TrackPointExtension>
				</extensions>
			</trkpt>
			<trkpt lat="48.572489" lon="-2.176917">
				<ele>24.799999</ele>
				<time>2024-08-18T12:39:55Z</time>
				<extensions>
					<gpxtpx:TrackPointExtension>
						<gpxtpx:hr>120</gpxtpx:hr>
						<gpxtpx:atemp>31</gpxtpx:atemp>
					</gpxtpx:TrackPointExtension>
				</extensions>
			</trkpt>
			<trkpt lat="48.572491" lon="-2.176951">
				<ele>24.6</ele>
				<time>2024-08-18T12:39:57Z</time>
				<extensions>
					<gpxtpx:TrackPointExtension>
						<gpxtpx:hr>121</gpxtpx:hr>
						<gpxtpx:atemp>31</gpxtpx:atemp>
					</gpxtpx:TrackPointExtension>
				</extensions>
			</trkpt>
			<trkpt lat="48.572482" lon="-2.177078">
				<ele>24.200001</ele>
				<time>2024-08-18T12:40:03Z</time>
				<extensions>
					<gpxtpx:TrackPointExtension>
						<gpxtpx:hr>118</gpxtpx:hr>
						<gpxtpx:atemp>31</gpxtpx:atemp>
					</gpxtpx:TrackPointExtension>
				</extensions>
			</trkpt>
			<trkpt lat="48.572483" lon="-2.177102">
				<ele>24</ele>
				<time>2024-08-18T12:40:04Z</time>
				<extensions>
					<gpxtpx:TrackPointExtension>
						<gpxtpx:hr>118</gpxtpx:hr>
						<gpxtpx:atemp>31</gpxtpx:atemp>
					</gpxtpx:TrackPointExtension>
				</extensions>
			</trkpt>
			<trkpt lat="48.572487" lon="-2.177126">
				<ele>24</ele>
				<time>2024-08-18T12:40:05Z</time>
				<extensions>
					<gpxtpx:TrackPointExtension>
						<gpxtpx:hr>118</gpxtpx:hr>
						<gpxtpx:atemp>31</gpxtpx:atemp>
					</gpxtpx:TrackPointExtension>
				</extensions>
			</trkpt>
			<trkpt lat="48.57249" lon="-2.177166">
				<ele>24.200001</ele>
				<time>2024-08-18T12:40:07Z</time>
				<extensions>
					<gpxtpx:TrackPointExtension>
						<gpxtpx:hr>117</gpxtpx:hr>
						<gpxtpx:atemp>31</gpxtpx:atemp>
					</gpxtpx:TrackPointExtension>
				</extensions>
			</trkpt>
			<trkpt lat="48.572489" lon="-2.177205">
				<ele>24.200001</ele>
				<time>2024-08-18T12:40:09Z</time>
				<extensions>
					<gpxtpx:TrackPointExtension>
						<gpxtpx:hr>117</gpxtpx:hr>
						<gpxtpx:atemp>31</gpxtpx:atemp>
					</gpxtpx:TrackPointExtension>
				</extensions>
			</trkpt>
			<trkpt lat="48.572515" lon="-2.177277">
				<ele>24.200001</ele>
				<time>2024-08-18T12:40:13Z</time>
				<extensions>
					<gpxtpx:TrackPointExtension>
						<gpxtpx:hr>117</gpxtpx:hr>
						<gpxtpx:atemp>31</gpxtpx:atemp>
					</gpxtpx:TrackPointExtension>
				</extensions>
			</trkpt>
			<trkpt lat="48.572522" lon="-2.177311">
				<ele>24.4</ele>
				<time>2024-08-18T12:40:15Z</time>
				<extensions>
					<gpxtpx:TrackPointExtension>
						<gpxtpx:hr>117</gpxtpx:hr>
						<gpxtpx:atemp>31</gpxtpx:atemp>
					</gpxtpx:TrackPointExtension>
				</extensions>
			</trkpt>
			<trkpt lat="48.572525" lon="-2.177331">
				<ele>24.6</ele>
				<time>2024-08-18T12:40:16Z</time>
				<extensions>
					<gpxtpx:TrackPointExtension>
						<gpxtpx:hr>116</gpxtpx:hr>
						<gpxtpx:atemp>31</gpxtpx:atemp>
					</gpxtpx:TrackPointExtension>
				</extensions>
			</trkpt>
			<trkpt lat="48.57256" lon="-2.177489">
				<ele>26</ele>
				<time>2024-08-18T12:40:23Z</time>
				<extensions>
					<gpxtpx:TrackPointExtension>
						<gpxtpx:hr>114</gpxtpx:hr>
						<gpxtpx:atemp>31</gpxtpx:atemp>
					</gpxtpx:TrackPointExtension>
				</extensions>
			</trkpt>
			<trkpt lat="48.572564" lon="-2.17753">
				<ele>26.4</ele>
				<time>2024-08-18T12:40:25Z</time>
				<extensions>
					<gpxtpx:TrackPointExtension>
						<gpxtpx:hr>115</gpxtpx:hr>
						<gpxtpx:atemp>31</gpxtpx:atemp>
					</gpxtpx:TrackPointExtension>
				</extensions>
			</trkpt>
			<trkpt lat="48.572575" lon="-2.177572">
				<ele>27</ele>
				<time>2024-08-18T12:40:28Z</time>
				<extensions>
					<gpxtpx:TrackPointExtension>
						<gpxtpx:hr>118</gpxtpx:hr>
						<gpxtpx:atemp>31</gpxtpx:atemp>
					</gpxtpx:TrackPointExtension>
				</extensions>
			</trkpt>
			<trkpt lat="48.572574" lon="-2.17759">
				<ele>27.200001</ele>
				<time>2024-08-18T12:40:29Z</time>
				<extensions>
					<gpxtpx:TrackPointExtension>
						<gpxtpx:hr>118</gpxtpx:hr>
						<gpxtpx:atemp>31</gpxtpx:atemp>
					</gpxtpx:TrackPointExtension>
				</extensions>
			</trkpt>
			<trkpt lat="48.572562" lon="-2.177633">
				<ele>27.799999</ele>
				<time>2024-08-18T12:40:31Z</time>
				<extensions>
					<gpxtpx:TrackPointExtension>
						<gpxtpx:hr>123</gpxtpx:hr>
						<gpxtpx:atemp>31</gpxtpx:atemp>
					</gpxtpx:TrackPointExtension>
				</extensions>
			</trkpt>
			<trkpt lat="48.572554" lon="-2.17765">
				<ele>28</ele>
				<time>2024-08-18T12:40:32Z</time>
				<extensions>
					<gpxtpx:TrackPointExtension>
						<gpxtpx:hr>125</gpxtpx:hr>
						<gpxtpx:atemp>31</gpxtpx:atemp>
					</gpxtpx:TrackPointExtension>
				</extensions>
			</trkpt>
			<trkpt lat="48.572522" lon="-2.177697">
				<ele>28.200001</ele>
				<time>2024-08-18T12:40:34Z</time>
				<extensions>
					<gpxtpx:TrackPointExtension>
						<gpxtpx:hr>127</gpxtpx:hr>
						<gpxtpx:atemp>31</gpxtpx:atemp>
					</gpxtpx:TrackPointExtension>
				</extensions>
			</trkpt>
			<trkpt lat="48.572501" lon="-2.177735">
				<ele>28.4</ele>
				<time>2024-08-18T12:40:36Z</time>
				<extensions>
					<gpxtpx:TrackPointExtension>
						<gpxtpx:hr>131</gpxtpx:hr>
						<gpxtpx:atemp>31</gpxtpx:atemp>
					</gpxtpx:TrackPointExtension>
				</extensions>
			</trkpt>
			<trkpt lat="48.572488" lon="-2.177745">
				<ele>28.4</ele>
				<time>2024-08-18T12:40:37Z</time>
				<extensions>
					<gpxtpx:TrackPointExtension>
						<gpxtpx:hr>133</gpxtpx:hr>
						<gpxtpx:atemp>31</gpxtpx:atemp>
					</gpxtpx:TrackPointExtension>
				</extensions>
			</trkpt>
			<trkpt lat="48.572477" lon="-2.177758">
				<ele>28.4</ele>
				<time>2024-08-18T12:40:38Z</time>
				<extensions>
					<gpxtpx:TrackPointExtension>
						<gpxtpx:hr>134</gpxtpx:hr>
						<gpxtpx:atemp>31</gpxtpx:atemp>
					</gpxtpx:TrackPointExtension>
				</extensions>
			</trkpt>
			<trkpt lat="48.572448" lon="-2.177799">
				<ele>28.4</ele>
				<time>2024-08-18T12:40:41Z</time>
				<extensions>
					<gpxtpx:TrackPointExtension>
						<gpxtpx:hr>137</gpxtpx:hr>
						<gpxtpx:atemp>31</gpxtpx:atemp>
					</gpxtpx:TrackPointExtension>
				</extensions>
			</trkpt>
			<trkpt lat="48.572426" lon="-2.177822">
				<ele>28.4</ele>
				<time>2024-08-18T12:40:44Z</time>
				<extensions>
					<gpxtpx:TrackPointExtension>
						<gpxtpx:hr>138</gpxtpx:hr>
						<gpxtpx:atemp>31</gpxtpx:atemp>
					</gpxtpx:TrackPointExtension>
				</extensions>
			</trkpt>
			<trkpt lat="48.572423" lon="-2.177822">
				<ele>28.200001</ele>
				<time>2024-08-18T12:40:45Z</time>
				<extensions>
					<gpxtpx:TrackPointExtension>
						<gpxtpx:hr>139</gpxtpx:hr>
						<gpxtpx:atemp>31</gpxtpx:atemp>
					</gpxtpx:TrackPointExtension>
				</extensions>
			</trkpt>
			<trkpt lat="48.572417" lon="-2.177819">
				<ele>28.4</ele>
				<time>2024-08-18T12:40:53Z</time>
				<extensions>
					<gpxtpx:TrackPointExtension>
						<gpxtpx:hr>138</gpxtpx:hr>
						<gpxtpx:atemp>31</gpxtpx:atemp>
					</gpxtpx:TrackPointExtension>
				</extensions>
			</trkpt>
			<trkpt lat="48.572427" lon="-2.177919">
				<ele>28.200001</ele>
				<time>2024-08-18T12:41:00Z</time>
				<extensions>
					<gpxtpx:TrackPointExtension>
						<gpxtpx:hr>141</gpxtpx:hr>
						<gpxtpx:atemp>30</gpxtpx:atemp>
					</gpxtpx:TrackPointExtension>
				</extensions>
			</trkpt>
			<trkpt lat="48.572417" lon="-2.17802">
				<ele>28.200001</ele>
				<time>2024-08-18T12:41:05Z</time>
				<extensions>
					<gpxtpx:TrackPointExtension>
						<gpxtpx:hr>144</gpxtpx:hr>
						<gpxtpx:atemp>30</gpxtpx:atemp>
					</gpxtpx:TrackPointExtension>
				</extensions>
			</trkpt>
			<trkpt lat="48.572397" lon="-2.178051">
				<ele>28.200001</ele>
				<time>2024-08-18T12:41:07Z</time>
				<extensions>
					<gpxtpx:TrackPointExtension>
						<gpxtpx:hr>144</gpxtpx:hr>
						<gpxtpx:atemp>30</gpxtpx:atemp>
					</gpxtpx:TrackPointExtension>
				</extensions>
			</trkpt>
			<trkpt lat="48.572327" lon="-2.178153">
				<ele>28.200001</ele>
				<time>2024-08-18T12:41:14Z</time>
				<extensions>
					<gpxtpx:TrackPointExtension>
						<gpxtpx:hr>140</gpxtpx:hr>
						<gpxtpx:atemp>30</gpxtpx:atemp>
					</gpxtpx:TrackPointExtension>
				</extensions>
			</trkpt>
			<trkpt lat="48.572303" lon="-2.178201">
				<ele>28.4</ele>
				<time>2024-08-18T12:41:17Z</time>
				<extensions>
					<gpxtpx:TrackPointExtension>
						<gpxtpx:hr>137</gpxtpx:hr>
						<gpxtpx:atemp>30</gpxtpx:atemp>
					</gpxtpx:TrackPointExtension>
				</extensions>
			</trkpt>
			<trkpt lat="48.57228" lon="-2.178267">
				<ele>28.4</ele>
				<time>2024-08-18T12:41:21Z</time>
				<extensions>
					<gpxtpx:TrackPointExtension>
						<gpxtpx:hr>133</gpxtpx:hr>
						<gpxtpx:atemp>30</gpxtpx:atemp>
					</gpxtpx:TrackPointExtension>
				</extensions>
			</trkpt>
			<trkpt lat="48.572266" lon="-2.178312">
				<ele>28.799999</ele>
				<time>2024-08-18T12:41:24Z</time>
				<extensions>
					<gpxtpx:TrackPointExtension>
						<gpxtpx:hr>124</gpxtpx:hr>
						<gpxtpx:atemp>30</gpxtpx:atemp>
					</gpxtpx:TrackPointExtension>
				</extensions>
			</trkpt>
			<trkpt lat="48.572262" lon="-2.178328">
				<ele>28.799999</ele>
				<time>2024-08-18T12:41:25Z</time>
				<extensions>
					<gpxtpx:TrackPointExtension>
						<gpxtpx:hr>122</gpxtpx:hr>
						<gpxtpx:atemp>30</gpxtpx:atemp>
					</gpxtpx:TrackPointExtension>
				</extensions>
			</trkpt>
			<trkpt lat="48.572243" lon="-2.178409">
				<ele>28.6</ele>
				<time>2024-08-18T12:41:30Z</time>
				<extensions>
					<gpxtpx:TrackPointExtension>
						<gpxtpx:hr>119</gpxtpx:hr>
						<gpxtpx:atemp>30</gpxtpx:atemp>
					</gpxtpx:TrackPointExtension>
				</extensions>
			</trkpt>
			<trkpt lat="48.572231" lon="-2.178432">
				<ele>28.6</ele>
				<time>2024-08-18T12:41:32Z</time>
				<extensions>
					<gpxtpx:TrackPointExtension>
						<gpxtpx:hr>116</gpxtpx:hr>
						<gpxtpx:atemp>30</gpxtpx:atemp>
					</gpxtpx:TrackPointExtension>
				</extensions>
			</trkpt>
			<trkpt lat="48.572223" lon="-2.178443">
				<ele>28.6</ele>
				<time>2024-08-18T12:41:33Z</time>
				<extensions>
					<gpxtpx:TrackPointExtension>
						<gpxtpx:hr>115</gpxtpx:hr>
						<gpxtpx:atemp>30</gpxtpx:atemp>
					</gpxtpx:TrackPointExtension>
				</extensions>
			</trkpt>
			<trkpt lat="48.572192" lon="-2.178513">
				<ele>28.6</ele>
				<time>2024-08-18T12:41:40Z</time>
				<extensions>
					<gpxtpx:TrackPointExtension>
						<gpxtpx:hr>112</gpxtpx:hr>
						<gpxtpx:atemp>30</gpxtpx:atemp>
					</gpxtpx:TrackPointExtension>
				</extensions>
			</trkpt>
			<trkpt lat="48.572187" lon="-2.178529">
				<ele>28.6</ele>
				<time>2024-08-18T12:41:41Z</time>
				<extensions>
					<gpxtpx:TrackPointExtension>
						<gpxtpx:hr>112</gpxtpx:hr>
						<gpxtpx:atemp>30</gpxtpx:atemp>
					</gpxtpx:TrackPointExtension>
				</extensions>
			</trkpt>
			<trkpt lat="48.57217" lon="-2.178584">
				<ele>28.6</ele>
				<time>2024-08-18T12:41:45Z</time>
				<extensions>
					<gpxtpx:TrackPointExtension>
						<gpxtpx:hr>115</gpxtpx:hr>
						<gpxtpx:atemp>31</gpxtpx:atemp>
					</gpxtpx:TrackPointExtension>
				</extensions>
			</trkpt>
			<trkpt lat="48.57216" lon="-2.178631">
				<ele>28.6</ele>
				<time>2024-08-18T12:41:47Z</time>
				<extensions>
					<gpxtpx:TrackPointExtension>
						<gpxtpx:hr>114</gpxtpx:hr>
						<gpxtpx:atemp>30</gpxtpx:atemp>
					</gpxtpx:TrackPointExtension>
				</extensions>
			</trkpt>
			<trkpt lat="48.572126" lon="-2.178763">
				<ele>28.6</ele>
				<time>2024-08-18T12:41:54Z</time>
				<extensions>
					<gpxtpx:TrackPointExtension>
						<gpxtpx:hr>114</gpxtpx:hr>
						<gpxtpx:atemp>31</gpxtpx:atemp>
					</gpxtpx:TrackPointExtension>
				</extensions>
			</trkpt>
			<trkpt lat="48.572118" lon="-2.178801">
				<ele>28.6</ele>
				<time>2024-08-18T12:41:56Z</time>
				<extensions>
					<gpxtpx:TrackPointExtension>
						<gpxtpx:hr>113</gpxtpx:hr>
						<gpxtpx:atemp>30</gpxtpx:atemp>
					</gpxtpx:TrackPointExtension>
				</extensions>
			</trkpt>
			<trkpt lat="48.572115" lon="-2.178834">
				<ele>28.6</ele>
				<time>2024-08-18T12:41:58Z</time>
				<extensions>
					<gpxtpx:TrackPointExtension>
						<gpxtpx:hr>112</gpxtpx:hr>
						<gpxtpx:atemp>30</gpxtpx:atemp>
					</gpxtpx:TrackPointExtension>
				</extensions>
			</trkpt>
			<trkpt lat="48.572104" lon="-2.17888">
				<ele>28.6</ele>
				<time>2024-08-18T12:42:01Z</time>
				<extensions>
					<gpxtpx:TrackPointExtension>
						<gpxtpx:hr>112</gpxtpx:hr>
						<gpxtpx:atemp>30</gpxtpx:atemp>
					</gpxtpx:TrackPointExtension>
				</extensions>
			</trkpt>
			<trkpt lat="48.572071" lon="-2.179081">
				<ele>28.799999</ele>
				<time>2024-08-18T12:42:11Z</time>
				<extensions>
					<gpxtpx:TrackPointExtension>
						<gpxtpx:hr>111</gpxtpx:hr>
						<gpxtpx:atemp>30</gpxtpx:atemp>
					</gpxtpx:TrackPointExtension>
				</extensions>
			</trkpt>
			<trkpt lat="48.572041" lon="-2.179199">
				<ele>29.4</ele>
				<time>2024-08-18T12:42:17Z</time>
				<extensions>
					<gpxtpx:TrackPointExtension>
						<gpxtpx:hr>111</gpxtpx:hr>
						<gpxtpx:atemp>30</gpxtpx:atemp>
					</gpxtpx:TrackPointExtension>
				</extensions>
			</trkpt>
			<trkpt lat="48.572034" lon="-2.179252">
				<ele>29.4</ele>
				<time>2024-08-18T12:42:20Z</time>
				<extensions>
					<gpxtpx:TrackPointExtension>
						<gpxtpx:hr>111</gpxtpx:hr>
						<gpxtpx:atemp>30</gpxtpx:atemp>
					</gpxtpx:TrackPointExtension>
				</extensions>
			</trkpt>
			<trkpt lat="48.572013" lon="-2.179338">
				<ele>29.6</ele>
				<time>2024-08-18T12:42:25Z</time>
				<extensions>
					<gpxtpx:TrackPointExtension>
						<gpxtpx:hr>113</gpxtpx:hr>
						<gpxtpx:atemp>30</gpxtpx:atemp>
					</gpxtpx:TrackPointExtension>
				</extensions>
			</trkpt>
			<trkpt lat="48.572009" lon="-2.179355">
				<ele>29.6</ele>
				<time>2024-08-18T12:42:26Z</time>
				<extensions>
					<gpxtpx:TrackPointExtension>
						<gpxtpx:hr>113</gpxtpx:hr>
						<gpxtpx:atemp>30</gpxtpx:atemp>
					</gpxtpx:TrackPointExtension>
				</extensions>
			</trkpt>
			<trkpt lat="48.571969" lon="-2.179518">
				<ele>29.4</ele>
				<time>2024-08-18T12:42:35Z</time>
				<extensions>
					<gpxtpx:TrackPointExtension>
						<gpxtpx:hr>112</gpxtpx:hr>
						<gpxtpx:atemp>30</gpxtpx:atemp>
					</gpxtpx:TrackPointExtension>
				</extensions>
			</trkpt>
			<trkpt lat="48.571938" lon="-2.179698">
				<ele>29.4</ele>
				<time>2024-08-18T12:42:44Z</time>
				<extensions>
					<gpxtpx:TrackPointExtension>
						<gpxtpx:hr>114</gpxtpx:hr>
						<gpxtpx:atemp>30</gpxtpx:atemp>
					</gpxtpx:TrackPointExtension>
				</extensions>
			</trkpt>
			<trkpt lat="48.571915" lon="-2.179826">
				<ele>28.799999</ele>
				<time>2024-08-18T12:42:51Z</time>
				<extensions>
					<gpxtpx:TrackPointExtension>
						<gpxtpx:hr>111</gpxtpx:hr>
						<gpxtpx:atemp>30</gpxtpx:atemp>
					</gpxtpx:TrackPointExtension>
				</extensions>
			</trkpt>
			<trkpt lat="48.571895" lon="-2.179927">
				<ele>29.4</ele>
				<time>2024-08-18T12:42:56Z</time>
				<extensions>
					<gpxtpx:TrackPointExtension>
						<gpxtpx:hr>109</gpxtpx:hr>
						<gpxtpx:atemp>30</gpxtpx:atemp>
					</gpxtpx:TrackPointExtension>
				</extensions>
			</trkpt>
			<trkpt lat="48.571875" lon="-2.180053">
				<ele>29</ele>
				<time>2024-08-18T12:43:03Z</time>
				<extensions>
					<gpxtpx:TrackPointExtension>
						<gpxtpx:hr>106</gpxtpx:hr>
						<gpxtpx:atemp>30</gpxtpx:atemp>
					</gpxtpx:TrackPointExtension>
				</extensions>
			</trkpt>
			<trkpt lat="48.571868" lon="-2.180117">
				<ele>28.6</ele>
				<time>2024-08-18T12:43:07Z</time>
				<extensions>
					<gpxtpx:TrackPointExtension>
						<gpxtpx:hr>104</gpxtpx:hr>
						<gpxtpx:atemp>30</gpxtpx:atemp>
					</gpxtpx:TrackPointExtension>
				</extensions>
			</trkpt>
			<trkpt lat="48.571863" lon="-2.180137">
				<ele>28.200001</ele>
				<time>2024-08-18T12:43:08Z</time>
				<extensions>
					<gpxtpx:TrackPointExtension>
						<gpxtpx:hr>105</gpxtpx:hr>
						<gpxtpx:atemp>30</gpxtpx:atemp>
					</gpxtpx:TrackPointExtension>
				</extensions>
			</trkpt>
			<trkpt lat="48.571839" lon="-2.180276">
				<ele>27.799999</ele>
				<time>2024-08-18T12:43:15Z</time>
				<extensions>
					<gpxtpx:TrackPointExtension>
						<gpxtpx:hr>102</gpxtpx:hr>
						<gpxtpx:atemp>30</gpxtpx:atemp>
					</gpxtpx:TrackPointExtension>
				</extensions>
			</trkpt>
			<trkpt lat="48.57182" lon="-2.180352">
				<ele>27.4</ele>
				<time>2024-08-18T12:43:19Z</time>
				<extensions>
					<gpxtpx:TrackPointExtension>
						<gpxtpx:hr>101</gpxtpx:hr>
						<gpxtpx:atemp>30</gpxtpx:atemp>
					</gpxtpx:TrackPointExtension>
				</extensions>
			</trkpt>
			<trkpt lat="48.571791" lon="-2.180424">
				<ele>27.200001</ele>
				<time>2024-08-18T12:43:24Z</time>
				<extensions>
					<gpxtpx:TrackPointExtension>
						<gpxtpx:hr>103</gpxtpx:hr>
						<gpxtpx:atemp>30</gpxtpx:atemp>
					</gpxtpx:TrackPointExtension>
				</extensions>
			</trkpt>
			<trkpt lat="48.571776" lon="-2.180474">
				<ele>27</ele>
				<time>2024-08-18T12:43:27Z</time>
				<extensions>
					<gpxtpx:TrackPointExtension>
						<gpxtpx:hr>105</gpxtpx:hr>
						<gpxtpx:atemp>30</gpxtpx:atemp>
					</gpxtpx:TrackPointExtension>
				</extensions>
			</trkpt>
			<trkpt lat="48.571743" lon="-2.180545">
				<ele>27</ele>
				<time>2024-08-18T12:43:35Z</time>
				<extensions>
					<gpxtpx:TrackPointExtension>
						<gpxtpx:hr>106</gpxtpx:hr>
						<gpxtpx:atemp>30</gpxtpx:atemp>
					</gpxtpx:TrackPointExtension>
				</extensions>
			</trkpt>
			<trkpt lat="48.571703" lon="-2.180628">
				<ele>26.6</ele>
				<time>2024-08-18T12:43:42Z</time>
				<extensions>
					<gpxtpx:TrackPointExtension>
						<gpxtpx:hr>107</gpxtpx:hr>
						<gpxtpx:atemp>30</gpxtpx:atemp>
					</gpxtpx:TrackPointExtension>
				</extensions>
			</trkpt>
			<trkpt lat="48.571684" lon="-2.180671">
				<ele>26.6</ele>
				<time>2024-08-18T12:43:45Z</time>
				<extensions>
					<gpxtpx:TrackPointExtension>
						<gpxtpx:hr>110</gpxtpx:hr>
						<gpxtpx:atemp>30</gpxtpx:atemp>
					</gpxtpx:TrackPointExtension>
				</extensions>
			</trkpt>
			<trkpt lat="48.571641" lon="-2.180774">
				<ele>26.6</ele>
				<time>2024-08-18T12:43:50Z</time>
				<extensions>
					<gpxtpx:TrackPointExtension>
						<gpxtpx:hr>112</gpxtpx:hr>
						<gpxtpx:atemp>30</gpxtpx:atemp>
					</gpxtpx:TrackPointExtension>
				</extensions>
			</trkpt>
			<trkpt lat="48.571622" lon="-2.180825">
				<ele>26.4</ele>
				<time>2024-08-18T12:43:53Z</time>
				<extensions>
					<gpxtpx:TrackPointExtension>
						<gpxtpx:hr>111</gpxtpx:hr>
						<gpxtpx:atemp>30</gpxtpx:atemp>
					</gpxtpx:TrackPointExtension>
				</extensions>
			</trkpt>
			<trkpt lat="48.571592" lon="-2.180882">
				<ele>26.4</ele>
				<time>2024-08-18T12:43:57Z</time>
				<extensions>
					<gpxtpx:TrackPointExtension>
						<gpxtpx:hr>111</gpxtpx:hr>
						<gpxtpx:atemp>30</gpxtpx:atemp>
					</gpxtpx:TrackPointExtension>
				</extensions>
			</trkpt>
			<trkpt lat="48.571576" lon="-2.180931">
				<ele>26.4</ele>
				<time>2024-08-18T12:44:00Z</time>
				<extensions>
					<gpxtpx:TrackPointExtension>
						<gpxtpx:hr>110</gpxtpx:hr>
						<gpxtpx:atemp>30</gpxtpx:atemp>
					</gpxtpx:TrackPointExtension>
				</extensions>
			</trkpt>
			<trkpt lat="48.571532" lon="-2.181084">
				<ele>26.799999</ele>
				<time>2024-08-18T12:44:07Z</time>
				<extensions>
					<gpxtpx:TrackPointExtension>
						<gpxtpx:hr>111</gpxtpx:hr>
						<gpxtpx:atemp>30</gpxtpx:atemp>
					</gpxtpx:TrackPointExtension>
				</extensions>
			</trkpt>
			<trkpt lat="48.571493" lon="-2.181181">
				<ele>27</ele>
				<time>2024-08-18T12:44:14Z</time>
				<extensions>
					<gpxtpx:TrackPointExtension>
						<gpxtpx:hr>108</gpxtpx:hr>
						<gpxtpx:atemp>29</gpxtpx:atemp>
					</gpxtpx:TrackPointExtension>
				</extensions>
			</trkpt>
			<trkpt lat="48.571488" lon="-2.181215">
				<ele>27.200001</ele>
				<time>2024-08-18T12:44:16Z</time>
				<extensions>
					<gpxtpx:TrackPointExtension>
						<gpxtpx:hr>107</gpxtpx:hr>
						<gpxtpx:atemp>29</gpxtpx:atemp>
					</gpxtpx:TrackPointExtension>
				</extensions>
			</trkpt>
			<trkpt lat="48.571495" lon="-2.181374">
				<ele>27.200001</ele>
				<time>2024-08-18T12:44:25Z</time>
				<extensions>
					<gpxtpx:TrackPointExtension>
						<gpxtpx:hr>110</gpxtpx:hr>
						<gpxtpx:atemp>29</gpxtpx:atemp>
					</gpxtpx:TrackPointExtension>
				</extensions>
			</trkpt>
			<trkpt lat="48.571499" lon="-2.181434">
				<ele>27</ele>
				<time>2024-08-18T12:44:28Z</time>
				<extensions>
					<gpxtpx:TrackPointExtension>
						<gpxtpx:hr>111</gpxtpx:hr>
						<gpxtpx:atemp>29</gpxtpx:atemp>
					</gpxtpx:TrackPointExtension>
				</extensions>
			</trkpt>
			<trkpt lat="48.571489" lon="-2.181495">
				<ele>26.799999</ele>
				<time>2024-08-18T12:44:31Z</time>
				<extensions>
					<gpxtpx:TrackPointExtension>
						<gpxtpx:hr>112</gpxtpx:hr>
						<gpxtpx:atemp>29</gpxtpx:atemp>
					</gpxtpx:TrackPointExtension>
				</extensions>
			</trkpt>
			<trkpt lat="48.571488" lon="-2.181517">
				<ele>26.799999</ele>
				<time>2024-08-18T12:44:32Z</time>
				<extensions>
					<gpxtpx:TrackPointExtension>
						<gpxtpx:hr>112</gpxtpx:hr>
						<gpxtpx:atemp>29</gpxtpx:atemp>
					</gpxtpx:TrackPointExtension>
				</extensions>
			</trkpt>
			<trkpt lat="48.571487" lon="-2.181557">
				<ele>26.799999</ele>
				<time>2024-08-18T12:44:34Z</time>
				<extensions>
					<gpxtpx:TrackPointExtension>
						<gpxtpx:hr>113</gpxtpx:hr>
						<gpxtpx:atemp>29</gpxtpx:atemp>
					</gpxtpx:TrackPointExtension>
				</extensions>
			</trkpt>
			<trkpt lat="48.571483" lon="-2.181597">
				<ele>27</ele>
				<time>2024-08-18T12:44:36Z</time>
				<extensions>
					<gpxtpx:TrackPointExtension>
						<gpxtpx:hr>113</gpxtpx:hr>
						<gpxtpx:atemp>29</gpxtpx:atemp>
					</gpxtpx:TrackPointExtension>
				</extensions>
			</trkpt>
			<trkpt lat="48.57146" lon="-2.181729">
				<ele>28</ele>
				<time>2024-08-18T12:44:43Z</time>
				<extensions>
					<gpxtpx:TrackPointExtension>
						<gpxtpx:hr>113</gpxtpx:hr>
						<gpxtpx:atemp>29</gpxtpx:atemp>
					</gpxtpx:TrackPointExtension>
				</extensions>
			</trkpt>
			<trkpt lat="48.571459" lon="-2.181811">
				<ele>28.200001</ele>
				<time>2024-08-18T12:44:47Z</time>
				<extensions>
					<gpxtpx:TrackPointExtension>
						<gpxtpx:hr>113</gpxtpx:hr>
						<gpxtpx:atemp>29</gpxtpx:atemp>
					</gpxtpx:TrackPointExtension>
				</extensions>
			</trkpt>
			<trkpt lat="48.571451" lon="-2.181899">
				<ele>29</ele>
				<time>2024-08-18T12:44:51Z</time>
				<extensions>
					<gpxtpx:TrackPointExtension>
						<gpxtpx:hr>114</gpxtpx:hr>
						<gpxtpx:atemp>29</gpxtpx:atemp>
					</gpxtpx:TrackPointExtension>
				</extensions>
			</trkpt>
			<trkpt lat="48.571445" lon="-2.181962">
				<ele>29.200001</ele>
				<time>2024-08-18T12:44:54Z</time>
				<extensions>
					<gpxtpx:TrackPointExtension>
						<gpxtpx:hr>116</gpxtpx:hr>
						<gpxtpx:atemp>29</gpxtpx:atemp>
					</gpxtpx:TrackPointExtension>
				</extensions>
			</trkpt>
			<trkpt lat="48.571431" lon="-2.182018">
				<ele>29.4</ele>
				<time>2024-08-18T12:44:57Z</time>
				<extensions>
					<gpxtpx:TrackPointExtension>
						<gpxtpx:hr>116</gpxtpx:hr>
						<gpxtpx:atemp>29</gpxtpx:atemp>
					</gpxtpx:TrackPointExtension>
				</extensions>
			</trkpt>
			<trkpt lat="48.57143" lon="-2.182036">
				<ele>29.4</ele>
				<time>2024-08-18T12:44:58Z</time>
				<extensions>
					<gpxtpx:TrackPointExtension>
						<gpxtpx:hr>117</gpxtpx:hr>
						<gpxtpx:atemp>29</gpxtpx:atemp>
					</gpxtpx:TrackPointExtension>
				</extensions>
			</trkpt>
			<trkpt lat="48.571411" lon="-2.182111">
				<ele>29.799999</ele>
				<time>2024-08-18T12:45:02Z</time>
				<extensions>
					<gpxtpx:TrackPointExtension>
						<gpxtpx:hr>120</gpxtpx:hr>
						<gpxtpx:atemp>29</gpxtpx:atemp>
					</gpxtpx:TrackPointExtension>
				</extensions>
			</trkpt>
			<trkpt lat="48.571399" lon="-2.182145">
				<ele>30</ele>
				<time>2024-08-18T12:45:04Z</time>
				<extensions>
					<gpxtpx:TrackPointExtension>
						<gpxtpx:hr>123</gpxtpx:hr>
						<gpxtpx:atemp>29</gpxtpx:atemp>
					</gpxtpx:TrackPointExtension>
				</extensions>
			</trkpt>
			<trkpt lat="48.571396" lon="-2.182163">
				<ele>30.200001</ele>
				<time>2024-08-18T12:45:05Z</time>
				<extensions>
					<gpxtpx:TrackPointExtension>
						<gpxtpx:hr>124</gpxtpx:hr>
						<gpxtpx:atemp>29</gpxtpx:atemp>
					</gpxtpx:TrackPointExtension>
				</extensions>
			</trkpt>
			<trkpt lat="48.571395" lon="-2.18218">
				<ele>30.200001</ele>
				<time>2024-08-18T12:45:06Z</time>
				<extensions>
					<gpxtpx:TrackPointExtension>
						<gpxtpx:hr>124</gpxtpx:hr>
						<gpxtpx:atemp>29</gpxtpx:atemp>
					</gpxtpx:TrackPointExtension>
				</extensions>
			</trkpt>
			<trkpt lat="48.571396" lon="-2.182197">
				<ele>30.4</ele>
				<time>2024-08-18T12:45:07Z</time>
				<extensions>
					<gpxtpx:TrackPointExtension>
						<gpxtpx:hr>124</gpxtpx:hr>
						<gpxtpx:atemp>29</gpxtpx:atemp>
					</gpxtpx:TrackPointExtension>
				</extensions>
			</trkpt>
			<trkpt lat="48.571391" lon="-2.182252">
				<ele>30.799999</ele>
				<time>2024-08-18T12:45:11Z</time>
				<extensions>
					<gpxtpx:TrackPointExtension>
						<gpxtpx:hr>126</gpxtpx:hr>
						<gpxtpx:atemp>29</gpxtpx:atemp>
					</gpxtpx:TrackPointExtension>
				</extensions>
			</trkpt>
			<trkpt lat="48.571395" lon="-2.182277">
				<ele>31</ele>
				<time>2024-08-18T12:45:13Z</time>
				<extensions>
					<gpxtpx:TrackPointExtension>
						<gpxtpx:hr>127</gpxtpx:hr>
						<gpxtpx:atemp>29</gpxtpx:atemp>
					</gpxtpx:TrackPointExtension>
				</extensions>
			</trkpt>
			<trkpt lat="48.57138" lon="-2.18232">
				<ele>31.4</ele>
				<time>2024-08-18T12:45:16Z</time>
				<extensions>
					<gpxtpx:TrackPointExtension>
						<gpxtpx:hr>128</gpxtpx:hr>
						<gpxtpx:atemp>29</gpxtpx:atemp>
					</gpxtpx:TrackPointExtension>
				</extensions>
			</trkpt>
			<trkpt lat="48.571381" lon="-2.182327">
				<ele>31.799999</ele>
				<time>2024-08-18T12:45:19Z</time>
				<extensions>
					<gpxtpx:TrackPointExtension>
						<gpxtpx:hr>129</gpxtpx:hr>
						<gpxtpx:atemp>29</gpxtpx:atemp>
					</gpxtpx:TrackPointExtension>
				</extensions>
			</trkpt>
			<trkpt lat="48.571411" lon="-2.182347">
				<ele>31.6</ele>
				<time>2024-08-18T12:45:24Z</time>
				<extensions>
					<gpxtpx:TrackPointExtension>
						<gpxtpx:hr>132</gpxtpx:hr>
						<gpxtpx:atemp>29</gpxtpx:atemp>
					</gpxtpx:TrackPointExtension>
				</extensions>
			</trkpt>
			<trkpt lat="48.57143" lon="-2.182375">
				<ele>31.799999</ele>
				<time>2024-08-18T12:45:27Z</time>
				<extensions>
					<gpxtpx:TrackPointExtension>
						<gpxtpx:hr>134</gpxtpx:hr>
						<gpxtpx:atemp>29</gpxtpx:atemp>
					</gpxtpx:TrackPointExtension>
				</extensions>
			</trkpt>
			<trkpt lat="48.571484" lon="-2.182456">
				<ele>31.799999</ele>
				<time>2024-08-18T12:45:35Z</time>
				<extensions>
					<gpxtpx:TrackPointExtension>
						<gpxtpx:hr>134</gpxtpx:hr>
						<gpxtpx:atemp>30</gpxtpx:atemp>
					</gpxtpx:TrackPointExtension>
				</extensions>
			</trkpt>
			<trkpt lat="48.571506" lon="-2.182464">
				<ele>32</ele>
				<time>2024-08-18T12:45:40Z</time>
				<extensions>
					<gpxtpx:TrackPointExtension>
						<gpxtpx:hr>131</gpxtpx:hr>
						<gpxtpx:atemp>30</gpxtpx:atemp>
					</gpxtpx:TrackPointExtension>
				</extensions>
			</trkpt>
			<trkpt lat="48.571515" lon="-2.182465">
				<ele>32</ele>
				<time>2024-08-18T12:45:41Z</time>
				<extensions>
					<gpxtpx:TrackPointExtension>
						<gpxtpx:hr>130</gpxtpx:hr>
						<gpxtpx:atemp>30</gpxtpx:atemp>
					</gpxtpx:TrackPointExtension>
				</extensions>
			</trkpt>
			<trkpt lat="48.571541" lon="-2.182475">
				<ele>32.400002</ele>
				<time>2024-08-18T12:45:46Z</time>
				<extensions>
					<gpxtpx:TrackPointExtension>
						<gpxtpx:hr>128</gpxtpx:hr>
						<gpxtpx:atemp>30</gpxtpx:atemp>
					</gpxtpx:TrackPointExtension>
				</extensions>
			</trkpt>
			<trkpt lat="48.571557" lon="-2.182497">
				<ele>32.599998</ele>
				<time>2024-08-18T12:45:49Z</time>
				<extensions>
					<gpxtpx:TrackPointExtension>
						<gpxtpx:hr>125</gpxtpx:hr>
						<gpxtpx:atemp>30</gpxtpx:atemp>
					</gpxtpx:TrackPointExtension>
				</extensions>
			</trkpt>
			<trkpt lat="48.571572" lon="-2.182554">
				<ele>33.599998</ele>
				<time>2024-08-18T12:45:55Z</time>
				<extensions>
					<gpxtpx:TrackPointExtension>
						<gpxtpx:hr>125</gpxtpx:hr>
						<gpxtpx:atemp>30</gpxtpx:atemp>
					</gpxtpx:TrackPointExtension>
				</extensions>
			</trkpt>
			<trkpt lat="48.571606" lon="-2.182592">
				<ele>34</ele>
				<time>2024-08-18T12:45:59Z</time>
				<extensions>
					<gpxtpx:TrackPointExtension>
						<gpxtpx:hr>124</gpxtpx:hr>
						<gpxtpx:atemp>30</gpxtpx:atemp>
					</gpxtpx:TrackPointExtension>
				</extensions>
			</trkpt>
			<trkpt lat="48.57163" lon="-2.182597">
				<ele>34</ele>
				<time>2024-08-18T12:46:01Z</time>
				<extensions>
					<gpxtpx:TrackPointExtension>
						<gpxtpx:hr>124</gpxtpx:hr>
						<gpxtpx:atemp>30</gpxtpx:atemp>
					</gpxtpx:TrackPointExtension>
				</extensions>
			</trkpt>
			<trkpt lat="48.571682" lon="-2.182633">
				<ele>34.200001</ele>
				<time>2024-08-18T12:46:06Z</time>
				<extensions>
					<gpxtpx:TrackPointExtension>
						<gpxtpx:hr>122</gpxtpx:hr>
						<gpxtpx:atemp>30</gpxtpx:atemp>
					</gpxtpx:TrackPointExtension>
				</extensions>
			</trkpt>
			<trkpt lat="48.571698" lon="-2.182621">
				<ele>34.200001</ele>
				<time>2024-08-18T12:46:08Z</time>
				<extensions>
					<gpxtpx:TrackPointExtension>
						<gpxtpx:hr>122</gpxtpx:hr>
						<gpxtpx:atemp>30</gpxtpx:atemp>
					</gpxtpx:TrackPointExtension>
				</extensions>
			</trkpt>
			<trkpt lat="48.571702" lon="-2.182598">
				<ele>34.400002</ele>
				<time>2024-08-18T12:46:10Z</time>
				<extensions>
					<gpxtpx:TrackPointExtension>
						<gpxtpx:hr>123</gpxtpx:hr>
						<gpxtpx:atemp>30</gpxtpx:atemp>
					</gpxtpx:TrackPointExtension>
				</extensions>
			</trkpt>
			<trkpt lat="48.5717" lon="-2.182597">
				<ele>34.400002</ele>
				<time>2024-08-18T12:46:12Z</time>
				<extensions>
					<gpxtpx:TrackPointExtension>
						<gpxtpx:hr>122</gpxtpx:hr>
						<gpxtpx:atemp>30</gpxtpx:atemp>
					</gpxtpx:TrackPointExtension>
				</extensions>
			</trkpt>
			<trkpt lat="48.571701" lon="-2.182597">
				<ele>34.400002</ele>
				<time>2024-08-18T12:46:13Z</time>
				<extensions>
					<gpxtpx:TrackPointExtension>
						<gpxtpx:hr>122</gpxtpx:hr>
						<gpxtpx:atemp>30</gpxtpx:atemp>
					</gpxtpx:TrackPointExtension>
				</extensions>
			</trkpt>
			<trkpt lat="48.571701" lon="-2.182595">
				<ele>34.200001</ele>
				<time>2024-08-18T12:46:22Z</time>
				<extensions>
					<gpxtpx:TrackPointExtension>
						<gpxtpx:hr>123</gpxtpx:hr>
						<gpxtpx:atemp>30</gpxtpx:atemp>
					</gpxtpx:TrackPointExtension>
				</extensions>
			</trkpt>
			<trkpt lat="48.571701" lon="-2.182595">
				<ele>34.200001</ele>
				<time>2024-08-18T12:46:23Z</time>
				<extensions>
					<gpxtpx:TrackPointExtension>
						<gpxtpx:hr>126</gpxtpx:hr>
						<gpxtpx:atemp>30</gpxtpx:atemp>
					</gpxtpx:TrackPointExtension>
				</extensions>
			</trkpt>
			<trkpt lat="48.571701" lon="-2.182595">
				<ele>34.200001</ele>
				<time>2024-08-18T12:46:25Z</time>
				<extensions>
					<gpxtpx:TrackPointExtension>
						<gpxtpx:hr>129</gpxtpx:hr>
						<gpxtpx:atemp>30</gpxtpx:atemp>
					</gpxtpx:TrackPointExtension>
				</extensions>
			</trkpt>
			<trkpt lat="48.571701" lon="-2.182596">
				<ele>34</ele>
				<time>2024-08-18T12:46:33Z</time>
				<extensions>
					<gpxtpx:TrackPointExtension>
						<gpxtpx:hr>132</gpxtpx:hr>
						<gpxtpx:atemp>30</gpxtpx:atemp>
					</gpxtpx:TrackPointExtension>
				</extensions>
			</trkpt>
			<trkpt lat="48.571702" lon="-2.182598">
				<ele>34</ele>
				<time>2024-08-18T12:46:46Z</time>
				<extensions>
					<gpxtpx:TrackPointExtension>
						<gpxtpx:hr>129</gpxtpx:hr>
						<gpxtpx:atemp>30</gpxtpx:atemp>
					</gpxtpx:TrackPointExtension>
				</extensions>
			</trkpt>
			<trkpt lat="48.571702" lon="-2.182598">
				<ele>33.799999</ele>
				<time>2024-08-18T12:46:48Z</time>
				<extensions>
					<gpxtpx:TrackPointExtension>
						<gpxtpx:hr>126</gpxtpx:hr>
						<gpxtpx:atemp>30</gpxtpx:atemp>
					</gpxtpx:TrackPointExtension>
				</extensions>
			</trkpt>
			<trkpt lat="48.571715" lon="-2.182599">
				<ele>34</ele>
				<time>2024-08-18T12:47:19Z</time>
				<extensions>
					<gpxtpx:TrackPointExtension>
						<gpxtpx:hr>122</gpxtpx:hr>
						<gpxtpx:atemp>30</gpxtpx:atemp>
					</gpxtpx:TrackPointExtension>
				</extensions>
			</trkpt>
			<trkpt lat="48.571716" lon="-2.182599">
				<ele>34.200001</ele>
				<time>2024-08-18T12:47:21Z</time>
				<extensions>
					<gpxtpx:TrackPointExtension>
						<gpxtpx:hr>119</gpxtpx:hr>
						<gpxtpx:atemp>30</gpxtpx:atemp>
					</gpxtpx:TrackPointExtension>
				</extensions>
			</trkpt>
			<trkpt lat="48.571716" lon="-2.182599">
				<ele>34.200001</ele>
				<time>2024-08-18T12:47:25Z</time>
				<extensions>
					<gpxtpx:TrackPointExtension>
						<gpxtpx:hr>117</gpxtpx:hr>
						<gpxtpx:atemp>30</gpxtpx:atemp>
					</gpxtpx:TrackPointExtension>
				</extensions>
			</trkpt>
			<trkpt lat="48.57172" lon="-2.182597">
				<ele>34</ele>
				<time>2024-08-18T12:47:33Z</time>
				<extensions>
					<gpxtpx:TrackPointExtension>
						<gpxtpx:hr>117</gpxtpx:hr>
						<gpxtpx:atemp>30</gpxtpx:atemp>
					</gpxtpx:TrackPointExtension>
				</extensions>
			</trkpt>
			<trkpt lat="48.571722" lon="-2.182597">
				<ele>33.799999</ele>
				<time>2024-08-18T12:47:41Z</time>
				<extensions>
					<gpxtpx:TrackPointExtension>
						<gpxtpx:hr>113</gpxtpx:hr>
						<gpxtpx:atemp>30</gpxtpx:atemp>
					</gpxtpx:TrackPointExtension>
				</extensions>
			</trkpt>
			<trkpt lat="48.571724" lon="-2.182598">
				<ele>34</ele>
				<time>2024-08-18T12:47:46Z</time>
				<extensions>
					<gpxtpx:TrackPointExtension>
						<gpxtpx:hr>109</gpxtpx:hr>
						<gpxtpx:atemp>30</gpxtpx:atemp>
					</gpxtpx:TrackPointExtension>
				</extensions>
			</trkpt>
			<trkpt lat="48.571725" lon="-2.182598">
				<ele>34</ele>
				<time>2024-08-18T12:47:48Z</time>
				<extensions>
					<gpxtpx:TrackPointExtension>
						<gpxtpx:hr>105</gpxtpx:hr>
						<gpxtpx:atemp>30</gpxtpx:atemp>
					</gpxtpx:TrackPointExtension>
				</extensions>
			</trkpt>
			<trkpt lat="48.571714" lon="-2.182676">
				<ele>33.799999</ele>
				<time>2024-08-18T12:48:22Z</time>
				<extensions>
					<gpxtpx:TrackPointExtension>
						<gpxtpx:hr>106</gpxtpx:hr>
						<gpxtpx:atemp>30</gpxtpx:atemp>
					</gpxtpx:TrackPointExtension>
				</extensions>
			</trkpt>
			<trkpt lat="48.571699" lon="-2.182805">
				<ele>33.400002</ele>
				<time>2024-08-18T12:48:29Z</time>
				<extensions>
					<gpxtpx:TrackPointExtension>
						<gpxtpx:hr>106</gpxtpx:hr>
						<gpxtpx:atemp>30</gpxtpx:atemp>
					</gpxtpx:TrackPointExtension>
				</extensions>
			</trkpt>
			<trkpt lat="48.571697" lon="-2.182726">
				<ele>34</ele>
				<time>2024-08-18T12:48:34Z</time>
				<extensions>
					<gpxtpx:TrackPointExtension>
						<gpxtpx:hr>106</gpxtpx:hr>
						<gpxtpx:atemp>30</gpxtpx:atemp>
					</gpxtpx:TrackPointExtension>
				</extensions>
			</trkpt>
			<trkpt lat="48.571702" lon="-2.182602">
				<ele>34</ele>
				<time>2024-08-18T12:48:42Z</time>
				<extensions>
					<gpxtpx:TrackPointExtension>
						<gpxtpx:hr>105</gpxtpx:hr>
						<gpxtpx:atemp>30</gpxtpx:atemp>
					</gpxtpx:TrackPointExtension>
				</extensions>
			</trkpt>
			<trkpt lat="48.571701" lon="-2.182595">
				<ele>34.200001</ele>
				<time>2024-08-18T12:48:45Z</time>
				<extensions>
					<gpxtpx:TrackPointExtension>
						<gpxtpx:hr>104</gpxtpx:hr>
						<gpxtpx:atemp>30</gpxtpx:atemp>
					</gpxtpx:TrackPointExtension>
				</extensions>
			</trkpt>
			<trkpt lat="48.571706" lon="-2.182594">
				<ele>34</ele>
				<time>2024-08-18T12:49:03Z</time>
				<extensions>
					<gpxtpx:TrackPointExtension>
						<gpxtpx:hr>107</gpxtpx:hr>
						<gpxtpx:atemp>30</gpxtpx:atemp>
					</gpxtpx:TrackPointExtension>
				</extensions>
			</trkpt>
			<trkpt lat="48.571706" lon="-2.182594">
				<ele>34.200001</ele>
				<time>2024-08-18T12:49:07Z</time>
				<extensions>
					<gpxtpx:TrackPointExtension>
						<gpxtpx:hr>110</gpxtpx:hr>
						<gpxtpx:atemp>30</gpxtpx:atemp>
					</gpxtpx:TrackPointExtension>
				</extensions>
			</trkpt>
			<trkpt lat="48.571708" lon="-2.182591">
				<ele>34.200001</ele>
				<time>2024-08-18T12:49:12Z</time>
				<extensions>
					<gpxtpx:TrackPointExtension>
						<gpxtpx:hr>113</gpxtpx:hr>
						<gpxtpx:atemp>30</gpxtpx:atemp>
					</gpxtpx:TrackPointExtension>
				</extensions>
			</trkpt>
			<trkpt lat="48.571708" lon="-2.18259">
				<ele>34.200001</ele>
				<time>2024-08-18T12:49:16Z</time>
				<extensions>
					<gpxtpx:TrackPointExtension>
						<gpxtpx:hr>116</gpxtpx:hr>
						<gpxtpx:atemp>30</gpxtpx:atemp>
					</gpxtpx:TrackPointExtension>
				</extensions>
			</trkpt>
			<trkpt lat="48.571708" lon="-2.18259">
				<ele>34.400002</ele>
				<time>2024-08-18T12:49:20Z</time>
				<extensions>
					<gpxtpx:TrackPointExtension>
						<gpxtpx:hr>116</gpxtpx:hr>
						<gpxtpx:atemp>30</gpxtpx:atemp>
					</gpxtpx:TrackPointExtension>
				</extensions>
			</trkpt>
			<trkpt lat="48.571705" lon="-2.182593">
				<ele>34.400002</ele>
				<time>2024-08-18T12:49:58Z</time>
				<extensions>
					<gpxtpx:TrackPointExtension>
						<gpxtpx:hr>113</gpxtpx:hr>
						<gpxtpx:atemp>31</gpxtpx:atemp>
					</gpxtpx:TrackPointExtension>
				</extensions>
			</trkpt>
			<trkpt lat="48.571704" lon="-2.182594">
				<ele>33.799999</ele>
				<time>2024-08-18T12:50:39Z</time>
				<extensions>
					<gpxtpx:TrackPointExtension>
						<gpxtpx:hr>109</gpxtpx:hr>
						<gpxtpx:atemp>31</gpxtpx:atemp>
					</gpxtpx:TrackPointExtension>
				</extensions>
			</trkpt>
			<trkpt lat="48.571704" lon="-2.182595">
				<ele>34.599998</ele>
				<time>2024-08-18T12:50:48Z</time>
				<extensions>
					<gpxtpx:TrackPointExtension>
						<gpxtpx:hr>110</gpxtpx:hr>
						<gpxtpx:atemp>31</gpxtpx:atemp>
					</gpxtpx:TrackPointExtension>
				</extensions>
			</trkpt>
			<trkpt lat="48.571704" lon="-2.182596">
				<ele>34.599998</ele>
				<time>2024-08-18T12:50:53Z</time>
				<extensions>
					<gpxtpx:TrackPointExtension>
						<gpxtpx:hr>107</gpxtpx:hr>
						<gpxtpx:atemp>31</gpxtpx:atemp>
					</gpxtpx:TrackPointExtension>
				</extensions>
			</trkpt>
			<trkpt lat="48.571704" lon="-2.182599">
				<ele>34.400002</ele>
				<time>2024-08-18T12:51:00Z</time>
				<extensions>
					<gpxtpx:TrackPointExtension>
						<gpxtpx:hr>105</gpxtpx:hr>
						<gpxtpx:atemp>31</gpxtpx:atemp>
					</gpxtpx:TrackPointExtension>
				</extensions>
			</trkpt>
			<trkpt lat="48.571704" lon="-2.182601">
				<ele>34.400002</ele>
				<time>2024-08-18T12:51:09Z</time>
				<extensions>
					<gpxtpx:TrackPointExtension>
						<gpxtpx:hr>108</gpxtpx:hr>
						<gpxtpx:atemp>31</gpxtpx:atemp>
					</gpxtpx:TrackPointExtension>
				</extensions>
			</trkpt>
			<trkpt lat="48.571703" lon="-2.182601">
				<ele>34.400002</ele>
				<time>2024-08-18T12:51:10Z</time>
				<extensions>
					<gpxtpx:TrackPointExtension>
						<gpxtpx:hr>111</gpxtpx:hr>
						<gpxtpx:atemp>31</gpxtpx:atemp>
					</gpxtpx:TrackPointExtension>
				</extensions>
			</trkpt>
			<trkpt lat="48.571703" lon="-2.182602">
				<ele>34.400002</ele>
				<time>2024-08-18T12:51:11Z</time>
				<extensions>
					<gpxtpx:TrackPointExtension>
						<gpxtpx:hr>114</gpxtpx:hr>
						<gpxtpx:atemp>31</gpxtpx:atemp>
					</gpxtpx:TrackPointExtension>
				</extensions>
			</trkpt>
			<trkpt lat="48.571703" lon="-2.182602">
				<ele>34.400002</ele>
				<time>2024-08-18T12:51:12Z</time>
				<extensions>
					<gpxtpx:TrackPointExtension>
						<gpxtpx:hr>114</gpxtpx:hr>
						<gpxtpx:atemp>31</gpxtpx:atemp>
					</gpxtpx:TrackPointExtension>
				</extensions>
			</trkpt>
			<trkpt lat="48.571703" lon="-2.182604">
				<ele>34.200001</ele>
				<time>2024-08-18T12:51:21Z</time>
				<extensions>
					<gpxtpx:TrackPointExtension>
						<gpxtpx:hr>111</gpxtpx:hr>
						<gpxtpx:atemp>31</gpxtpx:atemp>
					</gpxtpx:TrackPointExtension>
				</extensions>
			</trkpt>
			<trkpt lat="48.571706" lon="-2.182599">
				<ele>35.200001</ele>
				<time>2024-08-18T12:51:52Z</time>
				<extensions>
					<gpxtpx:TrackPointExtension>
						<gpxtpx:hr>114</gpxtpx:hr>
						<gpxtpx:atemp>31</gpxtpx:atemp>
					</gpxtpx:TrackPointExtension>
				</extensions>
			</trkpt>
			<trkpt lat="48.571706" lon="-2.182598">
				<ele>35</ele>
				<time>2024-08-18T12:52:06Z</time>
				<extensions>
					<gpxtpx:TrackPointExtension>
						<gpxtpx:hr>111</gpxtpx:hr>
						<gpxtpx:atemp>31</gpxtpx:atemp>
					</gpxtpx:TrackPointExtension>
				</extensions>
			</trkpt>
			<trkpt lat="48.571706" lon="-2.182598">
				<ele>35</ele>
				<time>2024-08-18T12:52:17Z</time>
				<extensions>
					<gpxtpx:TrackPointExtension>
						<gpxtpx:hr>108</gpxtpx:hr>
						<gpxtpx:atemp>31</gpxtpx:atemp>
					</gpxtpx:TrackPointExtension>
				</extensions>
			</trkpt>
			<trkpt lat="48.571706" lon="-2.182598">
				<ele>34.799999</ele>
				<time>2024-08-18T12:52:29Z</time>
				<extensions>
					<gpxtpx:TrackPointExtension>
						<gpxtpx:hr>111</gpxtpx:hr>
						<gpxtpx:atemp>31</gpxtpx:atemp>
					</gpxtpx:TrackPointExtension>
				</extensions>
			</trkpt>
			<trkpt lat="48.571706" lon="-2.182597">
				<ele>35.599998</ele>
				<time>2024-08-18T12:52:34Z</time>
				<extensions>
					<gpxtpx:TrackPointExtension>
						<gpxtpx:hr>111</gpxtpx:hr>
						<gpxtpx:atemp>31</gpxtpx:atemp>
					</gpxtpx:TrackPointExtension>
				</extensions>
			</trkpt>
			<trkpt lat="48.571706" lon="-2.182598">
				<ele>35.799999</ele>
				<time>2024-08-18T12:53:11Z</time>
				<extensions>
					<gpxtpx:TrackPointExtension>
						<gpxtpx:hr>108</gpxtpx:hr>
						<gpxtpx:atemp>31</gpxtpx:atemp>
					</gpxtpx:TrackPointExtension>
				</extensions>
			</trkpt>
			<trkpt lat="48.571706" lon="-2.182598">
				<ele>35.799999</ele>
				<time>2024-08-18T12:53:13Z</time>
				<extensions>
					<gpxtpx:TrackPointExtension>
						<gpxtpx:hr>104</gpxtpx:hr>
						<gpxtpx:atemp>31</gpxtpx:atemp>
					</gpxtpx:TrackPointExtension>
				</extensions>
			</trkpt>
			<trkpt lat="48.571706" lon="-2.182598">
				<ele>35.799999</ele>
				<time>2024-08-18T12:53:21Z</time>
				<extensions>
					<gpxtpx:TrackPointExtension>
						<gpxtpx:hr>101</gpxtpx:hr>
						<gpxtpx:atemp>31</gpxtpx:atemp>
					</gpxtpx:TrackPointExtension>
				</extensions>
			</trkpt>
			<trkpt lat="48.571706" lon="-2.182598">
				<ele>36</ele>
				<time>2024-08-18T12:53:31Z</time>
				<extensions>
					<gpxtpx:TrackPointExtension>
						<gpxtpx:hr>98</gpxtpx:hr>
						<gpxtpx:atemp>31</gpxtpx:atemp>
					</gpxtpx:TrackPointExtension>
				</extensions>
			</trkpt>
			<trkpt lat="48.571706" lon="-2.182598">
				<ele>36</ele>
				<time>2024-08-18T12:53:47Z</time>
				<extensions>
					<gpxtpx:TrackPointExtension>
						<gpxtpx:hr>95</gpxtpx:hr>
						<gpxtpx:atemp>31</gpxtpx:atemp>
					</gpxtpx:TrackPointExtension>
				</extensions>
			</trkpt>
			<trkpt lat="48.571706" lon="-2.182598">
				<ele>36.200001</ele>
				<time>2024-08-18T12:53:53Z</time>
				<extensions>
					<gpxtpx:TrackPointExtension>
						<gpxtpx:hr>98</gpxtpx:hr>
						<gpxtpx:atemp>31</gpxtpx:atemp>
					</gpxtpx:TrackPointExtension>
				</extensions>
			</trkpt>
			<trkpt lat="48.571706" lon="-2.182598">
				<ele>36.200001</ele>
				<time>2024-08-18T12:54:27Z</time>
				<extensions>
					<gpxtpx:TrackPointExtension>
						<gpxtpx:hr>101</gpxtpx:hr>
						<gpxtpx:atemp>31</gpxtpx:atemp>
					</gpxtpx:TrackPointExtension>
				</extensions>
			</trkpt>
			<trkpt lat="48.571706" lon="-2.182597">
				<ele>36.400002</ele>
				<time>2024-08-18T12:54:49Z</time>
				<extensions>
					<gpxtpx:TrackPointExtension>
						<gpxtpx:hr>98</gpxtpx:hr>
						<gpxtpx:atemp>31</gpxtpx:atemp>
					</gpxtpx:TrackPointExtension>
				</extensions>
			</trkpt>
			<trkpt lat="48.571706" lon="-2.182597">
				<ele>36.599998</ele>
				<time>2024-08-18T12:54:53Z</time>
				<extensions>
					<gpxtpx:TrackPointExtension>
						<gpxtpx:hr>96</gpxtpx:hr>
						<gpxtpx:atemp>31</gpxtpx:atemp>
					</gpxtpx:TrackPointExtension>
				</extensions>
			</trkpt>
			<trkpt lat="48.571705" lon="-2.182596">
				<ele>37</ele>
				<time>2024-08-18T12:54:59Z</time>
				<extensions>
					<gpxtpx:TrackPointExtension>
						<gpxtpx:hr>99</gpxtpx:hr>
						<gpxtpx:atemp>31</gpxtpx:atemp>
					</gpxtpx:TrackPointExtension>
				</extensions>
			</trkpt>
			<trkpt lat="48.571706" lon="-2.182596">
				<ele>36.799999</ele>
				<time>2024-08-18T12:55:03Z</time>
				<extensions>
					<gpxtpx:TrackPointExtension>
						<gpxtpx:hr>102</gpxtpx:hr>
						<gpxtpx:atemp>31</gpxtpx:atemp>
					</gpxtpx:TrackPointExtension>
				</extensions>
			</trkpt>
			<trkpt lat="48.571705" lon="-2.182595">
				<ele>36.799999</ele>
				<time>2024-08-18T12:55:17Z</time>
				<extensions>
					<gpxtpx:TrackPointExtension>
						<gpxtpx:hr>105</gpxtpx:hr>
						<gpxtpx:atemp>31</gpxtpx:atemp>
					</gpxtpx:TrackPointExtension>
				</extensions>
			</trkpt>
			<trkpt lat="48.571705" lon="-2.182595">
				<ele>36.799999</ele>
				<time>2024-08-18T12:55:22Z</time>
				<extensions>
					<gpxtpx:TrackPointExtension>
						<gpxtpx:hr>108</gpxtpx:hr>
						<gpxtpx:atemp>31</gpxtpx:atemp>
					</gpxtpx:TrackPointExtension>
				</extensions>
			</trkpt>
			<trkpt lat="48.571705" lon="-2.182594">
				<ele>36.400002</ele>
				<time>2024-08-18T12:55:32Z</time>
				<extensions>
					<gpxtpx:TrackPointExtension>
						<gpxtpx:hr>104</gpxtpx:hr>
						<gpxtpx:atemp>31</gpxtpx:atemp>
					</gpxtpx:TrackPointExtension>
				</extensions>
			</trkpt>
			<trkpt lat="48.571705" lon="-2.182594">
				<ele>37</ele>
				<time>2024-08-18T12:55:42Z</time>
				<extensions>
					<gpxtpx:TrackPointExtension>
						<gpxtpx:hr>107</gpxtpx:hr>
						<gpxtpx:atemp>31</gpxtpx:atemp>
					</gpxtpx:TrackPointExtension>
				</extensions>
			</trkpt>
			<trkpt lat="48.571704" lon="-2.182593">
				<ele>37</ele>
				<time>2024-08-18T12:56:17Z</time>
				<extensions>
					<gpxtpx:TrackPointExtension>
						<gpxtpx:hr>108</gpxtpx:hr>
						<gpxtpx:atemp>31</gpxtpx:atemp>
					</gpxtpx:TrackPointExtension>
				</extensions>
			</trkpt>
			<trkpt lat="48.571704" lon="-2.182593">
				<ele>37</ele>
				<time>2024-08-18T12:56:29Z</time>
				<extensions>
					<gpxtpx:TrackPointExtension>
						<gpxtpx:hr>105</gpxtpx:hr>
						<gpxtpx:atemp>31</gpxtpx:atemp>
					</gpxtpx:TrackPointExtension>
				</extensions>
			</trkpt>
			<trkpt lat="48.571704" lon="-2.182594">
				<ele>37</ele>
				<time>2024-08-18T12:57:02Z</time>
				<extensions>
					<gpxtpx:TrackPointExtension>
						<gpxtpx:hr>102</gpxtpx:hr>
						<gpxtpx:atemp>31</gpxtpx:atemp>
					</gpxtpx:TrackPointExtension>
				</extensions>
			</trkpt>
			<trkpt lat="48.571704" lon="-2.182594">
				<ele>37.200001</ele>
				<time>2024-08-18T12:57:14Z</time>
				<extensions>
					<gpxtpx:TrackPointExtension>
						<gpxtpx:hr>99</gpxtpx:hr>
						<gpxtpx:atemp>31</gpxtpx:atemp>
					</gpxtpx:TrackPointExtension>
				</extensions>
			</trkpt>
			<trkpt lat="48.571693" lon="-2.182684">
				<ele>37.200001</ele>
				<time>2024-08-18T12:57:23Z</time>
				<extensions>
					<gpxtpx:TrackPointExtension>
						<gpxtpx:hr>98</gpxtpx:hr>
						<gpxtpx:atemp>31</gpxtpx:atemp>
					</gpxtpx:TrackPointExtension>
				</extensions>
			</trkpt>
			<trkpt lat="48.571684" lon="-2.182743">
				<ele>37</ele>
				<time>2024-08-18T12:57:26Z</time>
				<extensions>
					<gpxtpx:TrackPointExtension>
						<gpxtpx:hr>101</gpxtpx:hr>
						<gpxtpx:atemp>31</gpxtpx:atemp>
					</gpxtpx:TrackPointExtension>
				</extensions>
			</trkpt>
			<trkpt lat="48.57168" lon="-2.18277">
				<ele>37</ele>
				<time>2024-08-18T12:57:28Z</time>
				<extensions>
					<gpxtpx:TrackPointExtension>
						<gpxtpx:hr>98</gpxtpx:hr>
						<gpxtpx:atemp>31</gpxtpx:atemp>
					</gpxtpx:TrackPointExtension>
				</extensions>
			</trkpt>
			<trkpt lat="48.571674" lon="-2.182813">
				<ele>37</ele>
				<time>2024-08-18T12:57:31Z</time>
				<extensions>
					<gpxtpx:TrackPointExtension>
						<gpxtpx:hr>97</gpxtpx:hr>
						<gpxtpx:atemp>31</gpxtpx:atemp>
					</gpxtpx:TrackPointExtension>
				</extensions>
			</trkpt>
			<trkpt lat="48.571695" lon="-2.18286">
				<ele>36.200001</ele>
				<time>2024-08-18T12:57:38Z</time>
				<extensions>
					<gpxtpx:TrackPointExtension>
						<gpxtpx:hr>95</gpxtpx:hr>
						<gpxtpx:atemp>31</gpxtpx:atemp>
					</gpxtpx:TrackPointExtension>
				</extensions>
			</trkpt>
			<trkpt lat="48.571713" lon="-2.182893">
				<ele>36.200001</ele>
				<time>2024-08-18T12:57:42Z</time>
				<extensions>
					<gpxtpx:TrackPointExtension>
						<gpxtpx:hr>98</gpxtpx:hr>
						<gpxtpx:atemp>31</gpxtpx:atemp>
					</gpxtpx:TrackPointExtension>
				</extensions>
			</trkpt>
			<trkpt lat="48.571721" lon="-2.182903">
				<ele>36.400002</ele>
				<time>2024-08-18T12:57:43Z</time>
				<extensions>
					<gpxtpx:TrackPointExtension>
						<gpxtpx:hr>95</gpxtpx:hr>
						<gpxtpx:atemp>31</gpxtpx:atemp>
					</gpxtpx:TrackPointExtension>
				</extensions>
			</trkpt>
			<trkpt lat="48.571727" lon="-2.182915">
				<ele>36.400002</ele>
				<time>2024-08-18T12:57:44Z</time>
				<extensions>
					<gpxtpx:TrackPointExtension>
						<gpxtpx:hr>95</gpxtpx:hr>
						<gpxtpx:atemp>31</gpxtpx:atemp>
					</gpxtpx:TrackPointExtension>
				</extensions>
			</trkpt>
			<trkpt lat="48.571735" lon="-2.182929">
				<ele>36.400002</ele>
				<time>2024-08-18T12:57:45Z</time>
				<extensions>
					<gpxtpx:TrackPointExtension>
						<gpxtpx:hr>96</gpxtpx:hr>
						<gpxtpx:atemp>31</gpxtpx:atemp>
					</gpxtpx:TrackPointExtension>
				</extensions>
			</trkpt>
			<trkpt lat="48.571762" lon="-2.18305">
				<ele>36.200001</ele>
				<time>2024-08-18T12:57:53Z</time>
				<extensions>
					<gpxtpx:TrackPointExtension>
						<gpxtpx:hr>98</gpxtpx:hr>
						<gpxtpx:atemp>31</gpxtpx:atemp>
					</gpxtpx:TrackPointExtension>
				</extensions>
			</trkpt>
			<trkpt lat="48.571756" lon="-2.183096">
				<ele>36.200001</ele>
				<time>2024-08-18T12:57:57Z</time>
				<extensions>
					<gpxtpx:TrackPointExtension>
						<gpxtpx:hr>99</gpxtpx:hr>
						<gpxtpx:atemp>31</gpxtpx:atemp>
					</gpxtpx:TrackPointExtension>
				</extensions>
			</trkpt>
			<trkpt lat="48.571747" lon="-2.183154">
				<ele>36</ele>
				<time>2024-08-18T12:58:01Z</time>
				<extensions>
					<gpxtpx:TrackPointExtension>
						<gpxtpx:hr>99</gpxtpx:hr>
						<gpxtpx:atemp>31</gpxtpx:atemp>
					</gpxtpx:TrackPointExtension>
				</extensions>
			</trkpt>
			<trkpt lat="48.571724" lon="-2.183323">
				<ele>36.200001</ele>
				<time>2024-08-18T12:58:10Z</time>
				<extensions>
					<gpxtpx:TrackPointExtension>
						<gpxtpx:hr>99</gpxtpx:hr>
						<gpxtpx:atemp>31</gpxtpx:atemp>
					</gpxtpx:TrackPointExtension>
				</extensions>
			</trkpt>
			<trkpt lat="48.571691" lon="-2.183501">
				<ele>36</ele>
				<time>2024-08-18T12:58:20Z</time>
				<extensions>
					<gpxtpx:TrackPointExtension>
						<gpxtpx:hr>100</gpxtpx:hr>
						<gpxtpx:atemp>31</gpxtpx:atemp>
					</gpxtpx:TrackPointExtension>
				</extensions>
			</trkpt>
			<trkpt lat="48.571687" lon="-2.183657">
				<ele>36</ele>
				<time>2024-08-18T12:58:28Z</time>
				<extensions>
					<gpxtpx:TrackPointExtension>
						<gpxtpx:hr>101</gpxtpx:hr>
						<gpxtpx:atemp>31</gpxtpx:atemp>
					</gpxtpx:TrackPointExtension>
				</extensions>
			</trkpt>
			<trkpt lat="48.57169" lon="-2.183793">
				<ele>36</ele>
				<time>2024-08-18T12:58:36Z</time>
				<extensions>
					<gpxtpx:TrackPointExtension>
						<gpxtpx:hr>102</gpxtpx:hr>
						<gpxtpx:atemp>31</gpxtpx:atemp>
					</gpxtpx:TrackPointExtension>
				</extensions>
			</trkpt>
			<trkpt lat="48.571692" lon="-2.183809">
				<ele>36</ele>
				<time>2024-08-18T12:58:37Z</time>
				<extensions>
					<gpxtpx:TrackPointExtension>
						<gpxtpx:hr>103</gpxtpx:hr>
						<gpxtpx:atemp>31</gpxtpx:atemp>
					</gpxtpx:TrackPointExtension>
				</extensions>
			</trkpt>
			<trkpt lat="48.571684" lon="-2.183914">
				<ele>36.400002</ele>
				<time>2024-08-18T12:58:43Z</time>
				<extensions>
					<gpxtpx:TrackPointExtension>
						<gpxtpx:hr>104</gpxtpx:hr>
						<gpxtpx:atemp>31</gpxtpx:atemp>
					</gpxtpx:TrackPointExtension>
				</extensions>
			</trkpt>
			<trkpt lat="48.571654" lon="-2.1841">
				<ele>36.200001</ele>
				<time>2024-08-18T12:58:53Z</time>
				<extensions>
					<gpxtpx:TrackPointExtension>
						<gpxtpx:hr>106</gpxtpx:hr>
						<gpxtpx:atemp>31</gpxtpx:atemp>
					</gpxtpx:TrackPointExtension>
				</extensions>
			</trkpt>
			<trkpt lat="48.571623" lon="-2.184301">
				<ele>36.599998</ele>
				<time>2024-08-18T12:59:03Z</time>
				<extensions>
					<gpxtpx:TrackPointExtension>
						<gpxtpx:hr>105</gpxtpx:hr>
						<gpxtpx:atemp>31</gpxtpx:atemp>
					</gpxtpx:TrackPointExtension>
				</extensions>
			</trkpt>
			<trkpt lat="48.571616" lon="-2.184363">
				<ele>36.599998</ele>
				<time>2024-08-18T12:59:10Z</time>
				<extensions>
					<gpxtpx:TrackPointExtension>
						<gpxtpx:hr>103</gpxtpx:hr>
						<gpxtpx:atemp>31</gpxtpx:atemp>
					</gpxtpx:TrackPointExtension>
				</extensions>
			</trkpt>
			<trkpt lat="48.571615" lon="-2.184367">
				<ele>36.599998</ele>
				<time>2024-08-18T12:59:13Z</time>
				<extensions>
					<gpxtpx:TrackPointExtension>
						<gpxtpx:hr>100</gpxtpx:hr>
						<gpxtpx:atemp>31</gpxtpx:atemp>
					</gpxtpx:TrackPointExtension>
				</extensions>
			</trkpt>
			<trkpt lat="48.571605" lon="-2.184394">
				<ele>36.799999</ele>
				<time>2024-08-18T12:59:15Z</time>
				<extensions>
					<gpxtpx:TrackPointExtension>
						<gpxtpx:hr>97</gpxtpx:hr>
						<gpxtpx:atemp>31</gpxtpx:atemp>
					</gpxtpx:TrackPointExtension>
				</extensions>
			</trkpt>
			<trkpt lat="48.571599" lon="-2.184414">
				<ele>36.799999</ele>
				<time>2024-08-18T12:59:16Z</time>
				<extensions>
					<gpxtpx:TrackPointExtension>
						<gpxtpx:hr>97</gpxtpx:hr>
						<gpxtpx:atemp>31</gpxtpx:atemp>
					</gpxtpx:TrackPointExtension>
				</extensions>
			</trkpt>
			<trkpt lat="48.571582" lon="-2.18453">
				<ele>36.599998</ele>
				<time>2024-08-18T12:59:22Z</time>
				<extensions>
					<gpxtpx:TrackPointExtension>
						<gpxtpx:hr>98</gpxtpx:hr>
						<gpxtpx:atemp>31</gpxtpx:atemp>
					</gpxtpx:TrackPointExtension>
				</extensions>
			</trkpt>
			<trkpt lat="48.571567" lon="-2.184592">
				<ele>36.599998</ele>
				<time>2024-08-18T12:59:25Z</time>
				<extensions>
					<gpxtpx:TrackPointExtension>
						<gpxtpx:hr>95</gpxtpx:hr>
						<gpxtpx:atemp>31</gpxtpx:atemp>
					</gpxtpx:TrackPointExtension>
				</extensions>
			</trkpt>
			<trkpt lat="48.571525" lon="-2.184743">
				<ele>36.400002</ele>
				<time>2024-08-18T12:59:33Z</time>
				<extensions>
					<gpxtpx:TrackPointExtension>
						<gpxtpx:hr>98</gpxtpx:hr>
						<gpxtpx:atemp>31</gpxtpx:atemp>
					</gpxtpx:TrackPointExtension>
				</extensions>
			</trkpt>
			<trkpt lat="48.571521" lon="-2.184762">
				<ele>36.400002</ele>
				<time>2024-08-18T12:59:34Z</time>
				<extensions>
					<gpxtpx:TrackPointExtension>
						<gpxtpx:hr>99</gpxtpx:hr>
						<gpxtpx:atemp>31</gpxtpx:atemp>
					</gpxtpx:TrackPointExtension>
				</extensions>
			</trkpt>
			<trkpt lat="48.571491" lon="-2.184872">
				<ele>36.599998</ele>
				<time>2024-08-18T12:59:40Z</time>
				<extensions>
					<gpxtpx:TrackPointExtension>
						<gpxtpx:hr>101</gpxtpx:hr>
						<gpxtpx:atemp>31</gpxtpx:atemp>
					</gpxtpx:TrackPointExtension>
				</extensions>
			</trkpt>
			<trkpt lat="48.571493" lon="-2.184905">
				<ele>36.799999</ele>
				<time>2024-08-18T12:59:42Z</time>
				<extensions>
					<gpxtpx:TrackPointExtension>
						<gpxtpx:hr>100</gpxtpx:hr>
						<gpxtpx:atemp>31</gpxtpx:atemp>
					</gpxtpx:TrackPointExtension>
				</extensions>
			</trkpt>
			<trkpt lat="48.571476" lon="-2.185038">
				<ele>36.799999</ele>
				<time>2024-08-18T12:59:49Z</time>
				<extensions>
					<gpxtpx:TrackPointExtension>
						<gpxtpx:hr>100</gpxtpx:hr>
						<gpxtpx:atemp>31</gpxtpx:atemp>
					</gpxtpx:TrackPointExtension>
				</extensions>
			</trkpt>
			<trkpt lat="48.571451" lon="-2.18522">
				<ele>37.200001</ele>
				<time>2024-08-18T12:59:58Z</time>
				<extensions>
					<gpxtpx:TrackPointExtension>
						<gpxtpx:hr>99</gpxtpx:hr>
						<gpxtpx:atemp>31</gpxtpx:atemp>
					</gpxtpx:TrackPointExtension>
				</extensions>
			</trkpt>
			<trkpt lat="48.57144" lon="-2.185281">
				<ele>37.200001</ele>
				<time>2024-08-18T13:00:01Z</time>
				<extensions>
					<gpxtpx:TrackPointExtension>
						<gpxtpx:hr>102</gpxtpx:hr>
						<gpxtpx:atemp>31</gpxtpx:atemp>
					</gpxtpx:TrackPointExtension>
				</extensions>
			</trkpt>
			<trkpt lat="48.571415" lon="-2.185385">
				<ele>37.200001</ele>
				<time>2024-08-18T13:00:06Z</time>
				<extensions>
					<gpxtpx:TrackPointExtension>
						<gpxtpx:hr>103</gpxtpx:hr>
						<gpxtpx:atemp>31</gpxtpx:atemp>
					</gpxtpx:TrackPointExtension>
				</extensions>
			</trkpt>
			<trkpt lat="48.571391" lon="-2.185544">
				<ele>36.799999</ele>
				<time>2024-08-18T13:00:15Z</time>
				<extensions>
					<gpxtpx:TrackPointExtension>
						<gpxtpx:hr>105</gpxtpx:hr>
						<gpxtpx:atemp>31</gpxtpx:atemp>
					</gpxtpx:TrackPointExtension>
				</extensions>
			</trkpt>
			<trkpt lat="48.571375" lon="-2.185712">
				<ele>37.599998</ele>
				<time>2024-08-18T13:00:24Z</time>
				<extensions>
					<gpxtpx:TrackPointExtension>
						<gpxtpx:hr>105</gpxtpx:hr>
						<gpxtpx:atemp>31</gpxtpx:atemp>
					</gpxtpx:TrackPointExtension>
				</extensions>
			</trkpt>
			<trkpt lat="48.57137" lon="-2.18578">
				<ele>37.599998</ele>
				<time>2024-08-18T13:00:27Z</time>
				<extensions>
					<gpxtpx:TrackPointExtension>
						<gpxtpx:hr>105</gpxtpx:hr>
						<gpxtpx:atemp>31</gpxtpx:atemp>
					</gpxtpx:TrackPointExtension>
				</extensions>
			</trkpt>
			<trkpt lat="48.571365" lon="-2.18582">
				<ele>37.599998</ele>
				<time>2024-08-18T13:00:29Z</time>
				<extensions>
					<gpxtpx:TrackPointExtension>
						<gpxtpx:hr>108</gpxtpx:hr>
						<gpxtpx:atemp>31</gpxtpx:atemp>
					</gpxtpx:TrackPointExtension>
				</extensions>
			</trkpt>
			<trkpt lat="48.571363" lon="-2.18588">
				<ele>37.400002</ele>
				<time>2024-08-18T13:00:32Z</time>
				<extensions>
					<gpxtpx:TrackPointExtension>
						<gpxtpx:hr>111</gpxtpx:hr>
						<gpxtpx:atemp>31</gpxtpx:atemp>
					</gpxtpx:TrackPointExtension>
				</extensions>
			</trkpt>
			<trkpt lat="48.571369" lon="-2.185921">
				<ele>37.200001</ele>
				<time>2024-08-18T13:00:34Z</time>
				<extensions>
					<gpxtpx:TrackPointExtension>
						<gpxtpx:hr>113</gpxtpx:hr>
						<gpxtpx:atemp>31</gpxtpx:atemp>
					</gpxtpx:TrackPointExtension>
				</extensions>
			</trkpt>
			<trkpt lat="48.571366" lon="-2.186">
				<ele>37.200001</ele>
				<time>2024-08-18T13:00:38Z</time>
				<extensions>
					<gpxtpx:TrackPointExtension>
						<gpxtpx:hr>112</gpxtpx:hr>
						<gpxtpx:atemp>31</gpxtpx:atemp>
					</gpxtpx:TrackPointExtension>
				</extensions>
			</trkpt>
			<trkpt lat="48.571364" lon="-2.186063">
				<ele>37.599998</ele>
				<time>2024-08-18T13:00:41Z</time>
				<extensions>
					<gpxtpx:TrackPointExtension>
						<gpxtpx:hr>111</gpxtpx:hr>
						<gpxtpx:atemp>31</gpxtpx:atemp>
					</gpxtpx:TrackPointExtension>
				</extensions>
			</trkpt>
			<trkpt lat="48.571364" lon="-2.1862">
				<ele>38.400002</ele>
				<time>2024-08-18T13:00:48Z</time>
				<extensions>
					<gpxtpx:TrackPointExtension>
						<gpxtpx:hr>112</gpxtpx:hr>
						<gpxtpx:atemp>30</gpxtpx:atemp>
					</gpxtpx:TrackPointExtension>
				</extensions>
			</trkpt>
			<trkpt lat="48.571374" lon="-2.186394">
				<ele>38.599998</ele>
				<time>2024-08-18T13:00:58Z</time>
				<extensions>
					<gpxtpx:TrackPointExtension>
						<gpxtpx:hr>112</gpxtpx:hr>
						<gpxtpx:atemp>30</gpxtpx:atemp>
					</gpxtpx:TrackPointExtension>
				</extensions>
			</trkpt>
			<trkpt lat="48.571375" lon="-2.186433">
				<ele>38.599998</ele>
				<time>2024-08-18T13:01:00Z</time>
				<extensions>
					<gpxtpx:TrackPointExtension>
						<gpxtpx:hr>113</gpxtpx:hr>
						<gpxtpx:atemp>30</gpxtpx:atemp>
					</gpxtpx:TrackPointExtension>
				</extensions>
			</trkpt>
			<trkpt lat="48.57137" lon="-2.18657">
				<ele>39.200001</ele>
				<time>2024-08-18T13:01:07Z</time>
				<extensions>
					<gpxtpx:TrackPointExtension>
						<gpxtpx:hr>112</gpxtpx:hr>
						<gpxtpx:atemp>30</gpxtpx:atemp>
					</gpxtpx:TrackPointExtension>
				</extensions>
			</trkpt>
			<trkpt lat="48.571367" lon="-2.186624">
				<ele>39.400002</ele>
				<time>2024-08-18T13:01:10Z</time>
				<extensions>
					<gpxtpx:TrackPointExtension>
						<gpxtpx:hr>113</gpxtpx:hr>
						<gpxtpx:atemp>30</gpxtpx:atemp>
					</gpxtpx:TrackPointExtension>
				</extensions>
			</trkpt>
			<trkpt lat="48.571365" lon="-2.186805">
				<ele>39.400002</ele>
				<time>2024-08-18T13:01:19Z</time>
				<extensions>
					<gpxtpx:TrackPointExtension>
						<gpxtpx:hr>110</gpxtpx:hr>
						<gpxtpx:atemp>30</gpxtpx:atemp>
					</gpxtpx:TrackPointExtension>
				</extensions>
			</trkpt>
			<trkpt lat="48.571364" lon="-2.186827">
				<ele>39.400002</ele>
				<time>2024-08-18T13:01:20Z</time>
				<extensions>
					<gpxtpx:TrackPointExtension>
						<gpxtpx:hr>109</gpxtpx:hr>
						<gpxtpx:atemp>30</gpxtpx:atemp>
					</gpxtpx:TrackPointExtension>
				</extensions>
			</trkpt>
			<trkpt lat="48.571348" lon="-2.187052">
				<ele>39.599998</ele>
				<time>2024-08-18T13:01:32Z</time>
				<extensions>
					<gpxtpx:TrackPointExtension>
						<gpxtpx:hr>108</gpxtpx:hr>
						<gpxtpx:atemp>30</gpxtpx:atemp>
					</gpxtpx:TrackPointExtension>
				</extensions>
			</trkpt>
			<trkpt lat="48.571344" lon="-2.187176">
				<ele>39</ele>
				<time>2024-08-18T13:01:38Z</time>
				<extensions>
					<gpxtpx:TrackPointExtension>
						<gpxtpx:hr>105</gpxtpx:hr>
						<gpxtpx:atemp>30</gpxtpx:atemp>
					</gpxtpx:TrackPointExtension>
				</extensions>
			</trkpt>
			<trkpt lat="48.571338" lon="-2.187258">
				<ele>39</ele>
				<time>2024-08-18T13:01:42Z</time>
				<extensions>
					<gpxtpx:TrackPointExtension>
						<gpxtpx:hr>103</gpxtpx:hr>
						<gpxtpx:atemp>30</gpxtpx:atemp>
					</gpxtpx:TrackPointExtension>
				</extensions>
			</trkpt>
			<trkpt lat="48.571333" lon="-2.187514">
				<ele>38.799999</ele>
				<time>2024-08-18T13:01:54Z</time>
				<extensions>
					<gpxtpx:TrackPointExtension>
						<gpxtpx:hr>105</gpxtpx:hr>
						<gpxtpx:atemp>30</gpxtpx:atemp>
					</gpxtpx:TrackPointExtension>
				</extensions>
			</trkpt>
			<trkpt lat="48.571334" lon="-2.187591">
				<ele>39</ele>
				<time>2024-08-18T13:01:58Z</time>
				<extensions>
					<gpxtpx:TrackPointExtension>
						<gpxtpx:hr>108</gpxtpx:hr>
						<gpxtpx:atemp>30</gpxtpx:atemp>
					</gpxtpx:TrackPointExtension>
				</extensions>
			</trkpt>
			<trkpt lat="48.571331" lon="-2.187667">
				<ele>39.799999</ele>
				<time>2024-08-18T13:02:02Z</time>
				<extensions>
					<gpxtpx:TrackPointExtension>
						<gpxtpx:hr>108</gpxtpx:hr>
						<gpxtpx:atemp>30</gpxtpx:atemp>
					</gpxtpx:TrackPointExtension>
				</extensions>
			</trkpt>
			<trkpt lat="48.571318" lon="-2.187743">
				<ele>39.799999</ele>
				<time>2024-08-18T13:02:06Z</time>
				<extensions>
					<gpxtpx:TrackPointExtension>
						<gpxtpx:hr>105</gpxtpx:hr>
						<gpxtpx:atemp>30</gpxtpx:atemp>
					</gpxtpx:TrackPointExtension>
				</extensions>
			</trkpt>
			<trkpt lat="48.571313" lon="-2.1878">
				<ele>39.799999</ele>
				<time>2024-08-18T13:02:09Z</time>
				<extensions>
					<gpxtpx:TrackPointExtension>
						<gpxtpx:hr>102</gpxtpx:hr>
						<gpxtpx:atemp>30</gpxtpx:atemp>
					</gpxtpx:TrackPointExtension>
				</extensions>
			</trkpt>
			<trkpt lat="48.571299" lon="-2.187915">
				<ele>39.200001</ele>
				<time>2024-08-18T13:02:15Z</time>
				<extensions>
					<gpxtpx:TrackPointExtension>
						<gpxtpx:hr>105</gpxtpx:hr>
						<gpxtpx:atemp>30</gpxtpx:atemp>
					</gpxtpx:TrackPointExtension>
				</extensions>
			</trkpt>
			<trkpt lat="48.571294" lon="-2.187936">
				<ele>39.400002</ele>
				<time>2024-08-18T13:02:17Z</time>
				<extensions>
					<gpxtpx:TrackPointExtension>
						<gpxtpx:hr>105</gpxtpx:hr>
						<gpxtpx:atemp>30</gpxtpx:atemp>
					</gpxtpx:TrackPointExtension>
				</extensions>
			</trkpt>
			<trkpt lat="48.571287" lon="-2.187957">
				<ele>39.799999</ele>
				<time>2024-08-18T13:02:22Z</time>
				<extensions>
					<gpxtpx:TrackPointExtension>
						<gpxtpx:hr>106</gpxtpx:hr>
						<gpxtpx:atemp>30</gpxtpx:atemp>
					</gpxtpx:TrackPointExtension>
				</extensions>
			</trkpt>
			<trkpt lat="48.57129" lon="-2.187986">
				<ele>40.200001</ele>
				<time>2024-08-18T13:02:24Z</time>
				<extensions>
					<gpxtpx:TrackPointExtension>
						<gpxtpx:hr>106</gpxtpx:hr>
						<gpxtpx:atemp>30</gpxtpx:atemp>
					</gpxtpx:TrackPointExtension>
				</extensions>
			</trkpt>
			<trkpt lat="48.571309" lon="-2.188055">
				<ele>40.200001</ele>
				<time>2024-08-18T13:02:28Z</time>
				<extensions>
					<gpxtpx:TrackPointExtension>
						<gpxtpx:hr>106</gpxtpx:hr>
						<gpxtpx:atemp>30</gpxtpx:atemp>
					</gpxtpx:TrackPointExtension>
				</extensions>
			</trkpt>
			<trkpt lat="48.571341" lon="-2.188108">
				<ele>39.599998</ele>
				<time>2024-08-18T13:02:32Z</time>
				<extensions>
					<gpxtpx:TrackPointExtension>
						<gpxtpx:hr>109</gpxtpx:hr>
						<gpxtpx:atemp>30</gpxtpx:atemp>
					</gpxtpx:TrackPointExtension>
				</extensions>
			</trkpt>
			<trkpt lat="48.571372" lon="-2.188137">
				<ele>39.400002</ele>
				<time>2024-08-18T13:02:35Z</time>
				<extensions>
					<gpxtpx:TrackPointExtension>
						<gpxtpx:hr>109</gpxtpx:hr>
						<gpxtpx:atemp>30</gpxtpx:atemp>
					</gpxtpx:TrackPointExtension>
				</extensions>
			</trkpt>
			<trkpt lat="48.571473" lon="-2.188208">
				<ele>39.200001</ele>
				<time>2024-08-18T13:02:43Z</time>
				<extensions>
					<gpxtpx:TrackPointExtension>
						<gpxtpx:hr>106</gpxtpx:hr>
						<gpxtpx:atemp>30</gpxtpx:atemp>
					</gpxtpx:TrackPointExtension>
				</extensions>
			</trkpt>
			<trkpt lat="48.571485" lon="-2.188218">
				<ele>39</ele>
				<time>2024-08-18T13:02:44Z</time>
				<extensions>
					<gpxtpx:TrackPointExtension>
						<gpxtpx:hr>105</gpxtpx:hr>
						<gpxtpx:atemp>30</gpxtpx:atemp>
					</gpxtpx:TrackPointExtension>
				</extensions>
			</trkpt>
			<trkpt lat="48.571569" lon="-2.18828">
				<ele>38.599998</ele>
				<time>2024-08-18T13:02:51Z</time>
				<extensions>
					<gpxtpx:TrackPointExtension>
						<gpxtpx:hr>103</gpxtpx:hr>
						<gpxtpx:atemp>30</gpxtpx:atemp>
					</gpxtpx:TrackPointExtension>
				</extensions>
			</trkpt>
			<trkpt lat="48.571596" lon="-2.188301">
				<ele>38.599998</ele>
				<time>2024-08-18T13:02:53Z</time>
				<extensions>
					<gpxtpx:TrackPointExtension>
						<gpxtpx:hr>102</gpxtpx:hr>
						<gpxtpx:atemp>30</gpxtpx:atemp>
					</gpxtpx:TrackPointExtension>
				</extensions>
			</trkpt>
			<trkpt lat="48.571653" lon="-2.188331">
				<ele>38.400002</ele>
				<time>2024-08-18T13:02:57Z</time>
				<extensions>
					<gpxtpx:TrackPointExtension>
						<gpxtpx:hr>102</gpxtpx:hr>
						<gpxtpx:atemp>30</gpxtpx:atemp>
					</gpxtpx:TrackPointExtension>
				</extensions>
			</trkpt>
			<trkpt lat="48.57178" lon="-2.188426">
				<ele>38</ele>
				<time>2024-08-18T13:03:08Z</time>
				<extensions>
					<gpxtpx:TrackPointExtension>
						<gpxtpx:hr>104</gpxtpx:hr>
						<gpxtpx:atemp>30</gpxtpx:atemp>
					</gpxtpx:TrackPointExtension>
				</extensions>
			</trkpt>
			<trkpt lat="48.57184" lon="-2.188473">
				<ele>37.599998</ele>
				<time>2024-08-18T13:03:13Z</time>
				<extensions>
					<gpxtpx:TrackPointExtension>
						<gpxtpx:hr>105</gpxtpx:hr>
						<gpxtpx:atemp>30</gpxtpx:atemp>
					</gpxtpx:TrackPointExtension>
				</extensions>
			</trkpt>
			<trkpt lat="48.571857" lon="-2.188498">
				<ele>37.400002</ele>
				<time>2024-08-18T13:03:16Z</time>
				<extensions>
					<gpxtpx:TrackPointExtension>
						<gpxtpx:hr>105</gpxtpx:hr>
						<gpxtpx:atemp>30</gpxtpx:atemp>
					</gpxtpx:TrackPointExtension>
				</extensions>
			</trkpt>
			<trkpt lat="48.571856" lon="-2.188501">
				<ele>36.599998</ele>
				<time>2024-08-18T13:03:19Z</time>
				<extensions>
					<gpxtpx:TrackPointExtension>
						<gpxtpx:hr>103</gpxtpx:hr>
						<gpxtpx:atemp>30</gpxtpx:atemp>
					</gpxtpx:TrackPointExtension>
				</extensions>
			</trkpt>
			<trkpt lat="48.571866" lon="-2.188499">
				<ele>36.400002</ele>
				<time>2024-08-18T13:03:24Z</time>
				<extensions>
					<gpxtpx:TrackPointExtension>
						<gpxtpx:hr>99</gpxtpx:hr>
						<gpxtpx:atemp>30</gpxtpx:atemp>
					</gpxtpx:TrackPointExtension>
				</extensions>
			</trkpt>
			<trkpt lat="48.571933" lon="-2.188547">
				<ele>37.200001</ele>
				<time>2024-08-18T13:03:31Z</time>
				<extensions>
					<gpxtpx:TrackPointExtension>
						<gpxtpx:hr>99</gpxtpx:hr>
						<gpxtpx:atemp>30</gpxtpx:atemp>
					</gpxtpx:TrackPointExtension>
				</extensions>
			</trkpt>
			<trkpt lat="48.572019" lon="-2.188615">
				<ele>36.599998</ele>
				<time>2024-08-18T13:03:39Z</time>
				<extensions>
					<gpxtpx:TrackPointExtension>
						<gpxtpx:hr>96</gpxtpx:hr>
						<gpxtpx:atemp>30</gpxtpx:atemp>
					</gpxtpx:TrackPointExtension>
				</extensions>
			</trkpt>
			<trkpt lat="48.572045" lon="-2.188633">
				<ele>36.599998</ele>
				<time>2024-08-18T13:03:41Z</time>
				<extensions>
					<gpxtpx:TrackPointExtension>
						<gpxtpx:hr>94</gpxtpx:hr>
						<gpxtpx:atemp>30</gpxtpx:atemp>
					</gpxtpx:TrackPointExtension>
				</extensions>
			</trkpt>
			<trkpt lat="48.572206" lon="-2.188764">
				<ele>35.799999</ele>
				<time>2024-08-18T13:03:55Z</time>
				<extensions>
					<gpxtpx:TrackPointExtension>
						<gpxtpx:hr>96</gpxtpx:hr>
						<gpxtpx:atemp>30</gpxtpx:atemp>
					</gpxtpx:TrackPointExtension>
				</extensions>
			</trkpt>
			<trkpt lat="48.572231" lon="-2.188785">
				<ele>35.599998</ele>
				<time>2024-08-18T13:03:57Z</time>
				<extensions>
					<gpxtpx:TrackPointExtension>
						<gpxtpx:hr>99</gpxtpx:hr>
						<gpxtpx:atemp>30</gpxtpx:atemp>
					</gpxtpx:TrackPointExtension>
				</extensions>
			</trkpt>
			<trkpt lat="48.572245" lon="-2.188796">
				<ele>35.599998</ele>
				<time>2024-08-18T13:03:58Z</time>
				<extensions>
					<gpxtpx:TrackPointExtension>
						<gpxtpx:hr>100</gpxtpx:hr>
						<gpxtpx:atemp>30</gpxtpx:atemp>
					</gpxtpx:TrackPointExtension>
				</extensions>
			</trkpt>
			<trkpt lat="48.572347" lon="-2.188914">
				<ele>35</ele>
				<time>2024-08-18T13:04:08Z</time>
				<extensions>
					<gpxtpx:TrackPointExtension>
						<gpxtpx:hr>97</gpxtpx:hr>
						<gpxtpx:atemp>30</gpxtpx:atemp>
					</gpxtpx:TrackPointExtension>
				</extensions>
			</trkpt>
			<trkpt lat="48.572435" lon="-2.189075">
				<ele>34.599998</ele>
				<time>2024-08-18T13:04:18Z</time>
				<extensions>
					<gpxtpx:TrackPointExtension>
						<gpxtpx:hr>94</gpxtpx:hr>
						<gpxtpx:atemp>30</gpxtpx:atemp>
					</gpxtpx:TrackPointExtension>
				</extensions>
			</trkpt>
			<trkpt lat="48.572497" lon="-2.189211">
				<ele>34.400002</ele>
				<time>2024-08-18T13:04:26Z</time>
				<extensions>
					<gpxtpx:TrackPointExtension>
						<gpxtpx:hr>93</gpxtpx:hr>
						<gpxtpx:atemp>30</gpxtpx:atemp>
					</gpxtpx:TrackPointExtension>
				</extensions>
			</trkpt>
			<trkpt lat="48.572517" lon="-2.189244">
				<ele>34</ele>
				<time>2024-08-18T13:04:28Z</time>
				<extensions>
					<gpxtpx:TrackPointExtension>
						<gpxtpx:hr>93</gpxtpx:hr>
						<gpxtpx:atemp>30</gpxtpx:atemp>
					</gpxtpx:TrackPointExtension>
				</extensions>
			</trkpt>
			<trkpt lat="48.572544" lon="-2.189302">
				<ele>34.200001</ele>
				<time>2024-08-18T13:04:32Z</time>
				<extensions>
					<gpxtpx:TrackPointExtension>
						<gpxtpx:hr>96</gpxtpx:hr>
						<gpxtpx:atemp>30</gpxtpx:atemp>
					</gpxtpx:TrackPointExtension>
				</extensions>
			</trkpt>
			<trkpt lat="48.572592" lon="-2.189385">
				<ele>34</ele>
				<time>2024-08-18T13:04:38Z</time>
				<extensions>
					<gpxtpx:TrackPointExtension>
						<gpxtpx:hr>97</gpxtpx:hr>
						<gpxtpx:atemp>30</gpxtpx:atemp>
					</gpxtpx:TrackPointExtension>
				</extensions>
			</trkpt>
			<trkpt lat="48.57264" lon="-2.189461">
				<ele>33.599998</ele>
				<time>2024-08-18T13:04:44Z</time>
				<extensions>
					<gpxtpx:TrackPointExtension>
						<gpxtpx:hr>97</gpxtpx:hr>
						<gpxtpx:atemp>30</gpxtpx:atemp>
					</gpxtpx:TrackPointExtension>
				</extensions>
			</trkpt>
			<trkpt lat="48.572647" lon="-2.189467">
				<ele>33.599998</ele>
				<time>2024-08-18T13:04:46Z</time>
				<extensions>
					<gpxtpx:TrackPointExtension>
						<gpxtpx:hr>97</gpxtpx:hr>
						<gpxtpx:atemp>30</gpxtpx:atemp>
					</gpxtpx:TrackPointExtension>
				</extensions>
			</trkpt>
			<trkpt lat="48.572657" lon="-2.189485">
				<ele>33.599998</ele>
				<time>2024-08-18T13:04:49Z</time>
				<extensions>
					<gpxtpx:TrackPointExtension>
						<gpxtpx:hr>99</gpxtpx:hr>
						<gpxtpx:atemp>30</gpxtpx:atemp>
					</gpxtpx:TrackPointExtension>
				</extensions>
			</trkpt>
			<trkpt lat="48.572696" lon="-2.189502">
				<ele>33.599998</ele>
				<time>2024-08-18T13:04:52Z</time>
				<extensions>
					<gpxtpx:TrackPointExtension>
						<gpxtpx:hr>99</gpxtpx:hr>
						<gpxtpx:atemp>30</gpxtpx:atemp>
					</gpxtpx:TrackPointExtension>
				</extensions>
			</trkpt>
			<trkpt lat="48.572708" lon="-2.189507">
				<ele>33.400002</ele>
				<time>2024-08-18T13:04:53Z</time>
				<extensions>
					<gpxtpx:TrackPointExtension>
						<gpxtpx:hr>98</gpxtpx:hr>
						<gpxtpx:atemp>30</gpxtpx:atemp>
					</gpxtpx:TrackPointExtension>
				</extensions>
			</trkpt>
			<trkpt lat="48.572757" lon="-2.189561">
				<ele>33.400002</ele>
				<time>2024-08-18T13:04:58Z</time>
				<extensions>
					<gpxtpx:TrackPointExtension>
						<gpxtpx:hr>102</gpxtpx:hr>
						<gpxtpx:atemp>30</gpxtpx:atemp>
					</gpxtpx:TrackPointExtension>
				</extensions>
			</trkpt>
			<trkpt lat="48.572815" lon="-2.189639">
				<ele>33.599998</ele>
				<time>2024-08-18T13:05:04Z</time>
				<extensions>
					<gpxtpx:TrackPointExtension>
						<gpxtpx:hr>102</gpxtpx:hr>
						<gpxtpx:atemp>30</gpxtpx:atemp>
					</gpxtpx:TrackPointExtension>
				</extensions>
			</trkpt>
			<trkpt lat="48.572897" lon="-2.189676">
				<ele>34</ele>
				<time>2024-08-18T13:05:12Z</time>
				<extensions>
					<gpxtpx:TrackPointExtension>
						<gpxtpx:hr>105</gpxtpx:hr>
						<gpxtpx:atemp>30</gpxtpx:atemp>
					</gpxtpx:TrackPointExtension>
				</extensions>
			</trkpt>
			<trkpt lat="48.572907" lon="-2.189683">
				<ele>34</ele>
				<time>2024-08-18T13:05:13Z</time>
				<extensions>
					<gpxtpx:TrackPointExtension>
						<gpxtpx:hr>105</gpxtpx:hr>
						<gpxtpx:atemp>30</gpxtpx:atemp>
					</gpxtpx:TrackPointExtension>
				</extensions>
			</trkpt>
			<trkpt lat="48.572919" lon="-2.189695">
				<ele>34</ele>
				<time>2024-08-18T13:05:14Z</time>
				<extensions>
					<gpxtpx:TrackPointExtension>
						<gpxtpx:hr>106</gpxtpx:hr>
						<gpxtpx:atemp>30</gpxtpx:atemp>
					</gpxtpx:TrackPointExtension>
				</extensions>
			</trkpt>
			<trkpt lat="48.573015" lon="-2.189766">
				<ele>34.599998</ele>
				<time>2024-08-18T13:05:23Z</time>
				<extensions>
					<gpxtpx:TrackPointExtension>
						<gpxtpx:hr>109</gpxtpx:hr>
						<gpxtpx:atemp>30</gpxtpx:atemp>
					</gpxtpx:TrackPointExtension>
				</extensions>
			</trkpt>
			<trkpt lat="48.573074" lon="-2.189806">
				<ele>34.799999</ele>
				<time>2024-08-18T13:05:28Z</time>
				<extensions>
					<gpxtpx:TrackPointExtension>
						<gpxtpx:hr>112</gpxtpx:hr>
						<gpxtpx:atemp>30</gpxtpx:atemp>
					</gpxtpx:TrackPointExtension>
				</extensions>
			</trkpt>
			<trkpt lat="48.573128" lon="-2.189859">
				<ele>35.400002</ele>
				<time>2024-08-18T13:05:33Z</time>
				<extensions>
					<gpxtpx:TrackPointExtension>
						<gpxtpx:hr>116</gpxtpx:hr>
						<gpxtpx:atemp>30</gpxtpx:atemp>
					</gpxtpx:TrackPointExtension>
				</extensions>
			</trkpt>
			<trkpt lat="48.573139" lon="-2.18987">
				<ele>35.799999</ele>
				<time>2024-08-18T13:05:34Z</time>
				<extensions>
					<gpxtpx:TrackPointExtension>
						<gpxtpx:hr>117</gpxtpx:hr>
						<gpxtpx:atemp>30</gpxtpx:atemp>
					</gpxtpx:TrackPointExtension>
				</extensions>
			</trkpt>
			<trkpt lat="48.57315" lon="-2.189884">
				<ele>35.799999</ele>
				<time>2024-08-18T13:05:35Z</time>
				<extensions>
					<gpxtpx:TrackPointExtension>
						<gpxtpx:hr>118</gpxtpx:hr>
						<gpxtpx:atemp>30</gpxtpx:atemp>
					</gpxtpx:TrackPointExtension>
				</extensions>
			</trkpt>
			<trkpt lat="48.573238" lon="-2.189941">
				<ele>36.400002</ele>
				<time>2024-08-18T13:05:43Z</time>
				<extensions>
					<gpxtpx:TrackPointExtension>
						<gpxtpx:hr>118</gpxtpx:hr>
						<gpxtpx:atemp>30</gpxtpx:atemp>
					</gpxtpx:TrackPointExtension>
				</extensions>
			</trkpt>
			<trkpt lat="48.573295" lon="-2.189966">
				<ele>36.799999</ele>
				<time>2024-08-18T13:05:49Z</time>
				<extensions>
					<gpxtpx:TrackPointExtension>
						<gpxtpx:hr>119</gpxtpx:hr>
						<gpxtpx:atemp>30</gpxtpx:atemp>
					</gpxtpx:TrackPointExtension>
				</extensions>
			</trkpt>
			<trkpt lat="48.573319" lon="-2.189991">
				<ele>37</ele>
				<time>2024-08-18T13:05:51Z</time>
				<extensions>
					<gpxtpx:TrackPointExtension>
						<gpxtpx:hr>119</gpxtpx:hr>
						<gpxtpx:atemp>30</gpxtpx:atemp>
					</gpxtpx:TrackPointExtension>
				</extensions>
			</trkpt>
			<trkpt lat="48.57342" lon="-2.190083">
				<ele>37.599998</ele>
				<time>2024-08-18T13:06:01Z</time>
				<extensions>
					<gpxtpx:TrackPointExtension>
						<gpxtpx:hr>119</gpxtpx:hr>
						<gpxtpx:atemp>30</gpxtpx:atemp>
					</gpxtpx:TrackPointExtension>
				</extensions>
			</trkpt>
			<trkpt lat="48.573504" lon="-2.190091">
				<ele>37.599998</ele>
				<time>2024-08-18T13:06:08Z</time>
				<extensions>
					<gpxtpx:TrackPointExtension>
						<gpxtpx:hr>116</gpxtpx:hr>
						<gpxtpx:atemp>30</gpxtpx:atemp>
					</gpxtpx:TrackPointExtension>
				</extensions>
			</trkpt>
			<trkpt lat="48.573543" lon="-2.190099">
				<ele>37.599998</ele>
				<time>2024-08-18T13:06:11Z</time>
				<extensions>
					<gpxtpx:TrackPointExtension>
						<gpxtpx:hr>115</gpxtpx:hr>
						<gpxtpx:atemp>30</gpxtpx:atemp>
					</gpxtpx:TrackPointExtension>
				</extensions>
			</trkpt>
			<trkpt lat="48.573658" lon="-2.19014">
				<ele>37.799999</ele>
				<time>2024-08-18T13:06:20Z</time>
				<extensions>
					<gpxtpx:TrackPointExtension>
						<gpxtpx:hr>114</gpxtpx:hr>
						<gpxtpx:atemp>30</gpxtpx:atemp>
					</gpxtpx:TrackPointExtension>
				</extensions>
			</trkpt>
			<trkpt lat="48.573778" lon="-2.190183">
				<ele>37.799999</ele>
				<time>2024-08-18T13:06:29Z</time>
				<extensions>
					<gpxtpx:TrackPointExtension>
						<gpxtpx:hr>114</gpxtpx:hr>
						<gpxtpx:atemp>30</gpxtpx:atemp>
					</gpxtpx:TrackPointExtension>
				</extensions>
			</trkpt>
			<trkpt lat="48.573881" lon="-2.190208">
				<ele>38</ele>
				<time>2024-08-18T13:06:37Z</time>
				<extensions>
					<gpxtpx:TrackPointExtension>
						<gpxtpx:hr>114</gpxtpx:hr>
						<gpxtpx:atemp>30</gpxtpx:atemp>
					</gpxtpx:TrackPointExtension>
				</extensions>
			</trkpt>
			<trkpt lat="48.574005" lon="-2.190242">
				<ele>38</ele>
				<time>2024-08-18T13:06:46Z</time>
				<extensions>
					<gpxtpx:TrackPointExtension>
						<gpxtpx:hr>111</gpxtpx:hr>
						<gpxtpx:atemp>30</gpxtpx:atemp>
					</gpxtpx:TrackPointExtension>
				</extensions>
			</trkpt>
			<trkpt lat="48.574043" lon="-2.19025">
				<ele>38</ele>
				<time>2024-08-18T13:06:49Z</time>
				<extensions>
					<gpxtpx:TrackPointExtension>
						<gpxtpx:hr>111</gpxtpx:hr>
						<gpxtpx:atemp>30</gpxtpx:atemp>
					</gpxtpx:TrackPointExtension>
				</extensions>
			</trkpt>
			<trkpt lat="48.574182" lon="-2.190304">
				<ele>38</ele>
				<time>2024-08-18T13:06:59Z</time>
				<extensions>
					<gpxtpx:TrackPointExtension>
						<gpxtpx:hr>109</gpxtpx:hr>
						<gpxtpx:atemp>30</gpxtpx:atemp>
					</gpxtpx:TrackPointExtension>
				</extensions>
			</trkpt>
			<trkpt lat="48.57432" lon="-2.190334">
				<ele>37.799999</ele>
				<time>2024-08-18T13:07:09Z</time>
				<extensions>
					<gpxtpx:TrackPointExtension>
						<gpxtpx:hr>111</gpxtpx:hr>
						<gpxtpx:atemp>30</gpxtpx:atemp>
					</gpxtpx:TrackPointExtension>
				</extensions>
			</trkpt>
			<trkpt lat="48.574407" lon="-2.190365">
				<ele>37.400002</ele>
				<time>2024-08-18T13:07:16Z</time>
				<extensions>
					<gpxtpx:TrackPointExtension>
						<gpxtpx:hr>107</gpxtpx:hr>
						<gpxtpx:atemp>30</gpxtpx:atemp>
					</gpxtpx:TrackPointExtension>
				</extensions>
			</trkpt>
			<trkpt lat="48.574489" lon="-2.190379">
				<ele>37.799999</ele>
				<time>2024-08-18T13:07:23Z</time>
				<extensions>
					<gpxtpx:TrackPointExtension>
						<gpxtpx:hr>110</gpxtpx:hr>
						<gpxtpx:atemp>30</gpxtpx:atemp>
					</gpxtpx:TrackPointExtension>
				</extensions>
			</trkpt>
			<trkpt lat="48.574619" lon="-2.190426">
				<ele>37.599998</ele>
				<time>2024-08-18T13:07:33Z</time>
				<extensions>
					<gpxtpx:TrackPointExtension>
						<gpxtpx:hr>110</gpxtpx:hr>
						<gpxtpx:atemp>30</gpxtpx:atemp>
					</gpxtpx:TrackPointExtension>
				</extensions>
			</trkpt>
			<trkpt lat="48.574748" lon="-2.190502">
				<ele>37.400002</ele>
				<time>2024-08-18T13:07:43Z</time>
				<extensions>
					<gpxtpx:TrackPointExtension>
						<gpxtpx:hr>110</gpxtpx:hr>
						<gpxtpx:atemp>30</gpxtpx:atemp>
					</gpxtpx:TrackPointExtension>
				</extensions>
			</trkpt>
			<trkpt lat="48.574819" lon="-2.190546">
				<ele>37.599998</ele>
				<time>2024-08-18T13:07:49Z</time>
				<extensions>
					<gpxtpx:TrackPointExtension>
						<gpxtpx:hr>113</gpxtpx:hr>
						<gpxtpx:atemp>30</gpxtpx:atemp>
					</gpxtpx:TrackPointExtension>
				</extensions>
			</trkpt>
			<trkpt lat="48.574894" lon="-2.190579">
				<ele>37.400002</ele>
				<time>2024-08-18T13:07:55Z</time>
				<extensions>
					<gpxtpx:TrackPointExtension>
						<gpxtpx:hr>110</gpxtpx:hr>
						<gpxtpx:atemp>30</gpxtpx:atemp>
					</gpxtpx:TrackPointExtension>
				</extensions>
			</trkpt>
			<trkpt lat="48.574979" lon="-2.190646">
				<ele>37.400002</ele>
				<time>2024-08-18T13:08:02Z</time>
				<extensions>
					<gpxtpx:TrackPointExtension>
						<gpxtpx:hr>113</gpxtpx:hr>
						<gpxtpx:atemp>30</gpxtpx:atemp>
					</gpxtpx:TrackPointExtension>
				</extensions>
			</trkpt>
			<trkpt lat="48.575015" lon="-2.190676">
				<ele>37.400002</ele>
				<time>2024-08-18T13:08:05Z</time>
				<extensions>
					<gpxtpx:TrackPointExtension>
						<gpxtpx:hr>112</gpxtpx:hr>
						<gpxtpx:atemp>30</gpxtpx:atemp>
					</gpxtpx:TrackPointExtension>
				</extensions>
			</trkpt>
			<trkpt lat="48.575074" lon="-2.190709">
				<ele>37.200001</ele>
				<time>2024-08-18T13:08:10Z</time>
				<extensions>
					<gpxtpx:TrackPointExtension>
						<gpxtpx:hr>109</gpxtpx:hr>
						<gpxtpx:atemp>30</gpxtpx:atemp>
					</gpxtpx:TrackPointExtension>
				</extensions>
			</trkpt>
			<trkpt lat="48.575111" lon="-2.190731">
				<ele>37</ele>
				<time>2024-08-18T13:08:13Z</time>
				<extensions>
					<gpxtpx:TrackPointExtension>
						<gpxtpx:hr>109</gpxtpx:hr>
						<gpxtpx:atemp>30</gpxtpx:atemp>
					</gpxtpx:TrackPointExtension>
				</extensions>
			</trkpt>
			<trkpt lat="48.575148" lon="-2.190755">
				<ele>37</ele>
				<time>2024-08-18T13:08:16Z</time>
				<extensions>
					<gpxtpx:TrackPointExtension>
						<gpxtpx:hr>106</gpxtpx:hr>
						<gpxtpx:atemp>30</gpxtpx:atemp>
					</gpxtpx:TrackPointExtension>
				</extensions>
			</trkpt>
			<trkpt lat="48.575253" lon="-2.19082">
				<ele>37.200001</ele>
				<time>2024-08-18T13:08:25Z</time>
				<extensions>
					<gpxtpx:TrackPointExtension>
						<gpxtpx:hr>105</gpxtpx:hr>
						<gpxtpx:atemp>30</gpxtpx:atemp>
					</gpxtpx:TrackPointExtension>
				</extensions>
			</trkpt>
			<trkpt lat="48.57531" lon="-2.190873">
				<ele>37.200001</ele>
				<time>2024-08-18T13:08:33Z</time>
				<extensions>
					<gpxtpx:TrackPointExtension>
						<gpxtpx:hr>104</gpxtpx:hr>
						<gpxtpx:atemp>30</gpxtpx:atemp>
					</gpxtpx:TrackPointExtension>
				</extensions>
			</trkpt>
			<trkpt lat="48.575364" lon="-2.190855">
				<ele>37.200001</ele>
				<time>2024-08-18T13:08:40Z</time>
				<extensions>
					<gpxtpx:TrackPointExtension>
						<gpxtpx:hr>102</gpxtpx:hr>
						<gpxtpx:atemp>30</gpxtpx:atemp>
					</gpxtpx:TrackPointExtension>
				</extensions>
			</trkpt>
			<trkpt lat="48.575445" lon="-2.190813">
				<ele>36.799999</ele>
				<time>2024-08-18T13:08:46Z</time>
				<extensions>
					<gpxtpx:TrackPointExtension>
						<gpxtpx:hr>103</gpxtpx:hr>
						<gpxtpx:atemp>30</gpxtpx:atemp>
					</gpxtpx:TrackPointExtension>
				</extensions>
			</trkpt>
			<trkpt lat="48.575477" lon="-2.190815">
				<ele>36.200001</ele>
				<time>2024-08-18T13:08:48Z</time>
				<extensions>
					<gpxtpx:TrackPointExtension>
						<gpxtpx:hr>102</gpxtpx:hr>
						<gpxtpx:atemp>30</gpxtpx:atemp>
					</gpxtpx:TrackPointExtension>
				</extensions>
			</trkpt>
			<trkpt lat="48.575671" lon="-2.190813">
				<ele>36.200001</ele>
				<time>2024-08-18T13:09:03Z</time>
				<extensions>
					<gpxtpx:TrackPointExtension>
						<gpxtpx:hr>102</gpxtpx:hr>
						<gpxtpx:atemp>30</gpxtpx:atemp>
					</gpxtpx:TrackPointExtension>
				</extensions>
			</trkpt>
			<trkpt lat="48.575733" lon="-2.190815">
				<ele>35.599998</ele>
				<time>2024-08-18T13:09:08Z</time>
				<extensions>
					<gpxtpx:TrackPointExtension>
						<gpxtpx:hr>104</gpxtpx:hr>
						<gpxtpx:atemp>30</gpxtpx:atemp>
					</gpxtpx:TrackPointExtension>
				</extensions>
			</trkpt>
			<trkpt lat="48.575865" lon="-2.190811">
				<ele>35.799999</ele>
				<time>2024-08-18T13:09:18Z</time>
				<extensions>
					<gpxtpx:TrackPointExtension>
						<gpxtpx:hr>105</gpxtpx:hr>
						<gpxtpx:atemp>30</gpxtpx:atemp>
					</gpxtpx:TrackPointExtension>
				</extensions>
			</trkpt>
			<trkpt lat="48.576054" lon="-2.190801">
				<ele>35.400002</ele>
				<time>2024-08-18T13:09:32Z</time>
				<extensions>
					<gpxtpx:TrackPointExtension>
						<gpxtpx:hr>106</gpxtpx:hr>
						<gpxtpx:atemp>30</gpxtpx:atemp>
					</gpxtpx:TrackPointExtension>
				</extensions>
			</trkpt>
			<trkpt lat="48.57608" lon="-2.190801">
				<ele>35.599998</ele>
				<time>2024-08-18T13:09:34Z</time>
				<extensions>
					<gpxtpx:TrackPointExtension>
						<gpxtpx:hr>106</gpxtpx:hr>
						<gpxtpx:atemp>30</gpxtpx:atemp>
					</gpxtpx:TrackPointExtension>
				</extensions>
			</trkpt>
			<trkpt lat="48.576165" lon="-2.1908">
				<ele>35.200001</ele>
				<time>2024-08-18T13:09:40Z</time>
				<extensions>
					<gpxtpx:TrackPointExtension>
						<gpxtpx:hr>109</gpxtpx:hr>
						<gpxtpx:atemp>30</gpxtpx:atemp>
					</gpxtpx:TrackPointExtension>
				</extensions>
			</trkpt>
			<trkpt lat="48.576254" lon="-2.190792">
				<ele>35.400002</ele>
				<time>2024-08-18T13:09:47Z</time>
				<extensions>
					<gpxtpx:TrackPointExtension>
						<gpxtpx:hr>111</gpxtpx:hr>
						<gpxtpx:atemp>30</gpxtpx:atemp>
					</gpxtpx:TrackPointExtension>
				</extensions>
			</trkpt>
			<trkpt lat="48.576325" lon="-2.1908">
				<ele>35</ele>
				<time>2024-08-18T13:09:52Z</time>
				<extensions>
					<gpxtpx:TrackPointExtension>
						<gpxtpx:hr>114</gpxtpx:hr>
						<gpxtpx:atemp>30</gpxtpx:atemp>
					</gpxtpx:TrackPointExtension>
				</extensions>
			</trkpt>
			<trkpt lat="48.576426" lon="-2.190811">
				<ele>34.799999</ele>
				<time>2024-08-18T13:10:00Z</time>
				<extensions>
					<gpxtpx:TrackPointExtension>
						<gpxtpx:hr>113</gpxtpx:hr>
						<gpxtpx:atemp>30</gpxtpx:atemp>
					</gpxtpx:TrackPointExtension>
				</extensions>
			</trkpt>
			<trkpt lat="48.576501" lon="-2.190828">
				<ele>34.599998</ele>
				<time>2024-08-18T13:10:06Z</time>
				<extensions>
					<gpxtpx:TrackPointExtension>
						<gpxtpx:hr>110</gpxtpx:hr>
						<gpxtpx:atemp>30</gpxtpx:atemp>
					</gpxtpx:TrackPointExtension>
				</extensions>
			</trkpt>
			<trkpt lat="48.576524" lon="-2.190834">
				<ele>34.599998</ele>
				<time>2024-08-18T13:10:08Z</time>
				<extensions>
					<gpxtpx:TrackPointExtension>
						<gpxtpx:hr>107</gpxtpx:hr>
						<gpxtpx:atemp>30</gpxtpx:atemp>
					</gpxtpx:TrackPointExtension>
				</extensions>
			</trkpt>
			<trkpt lat="48.576563" lon="-2.190842">
				<ele>34.599998</ele>
				<time>2024-08-18T13:10:11Z</time>
				<extensions>
					<gpxtpx:TrackPointExtension>
						<gpxtpx:hr>106</gpxtpx:hr>
						<gpxtpx:atemp>30</gpxtpx:atemp>
					</gpxtpx:TrackPointExtension>
				</extensions>
			</trkpt>
			<trkpt lat="48.576695" lon="-2.190883">
				<ele>35</ele>
				<time>2024-08-18T13:10:21Z</time>
				<extensions>
					<gpxtpx:TrackPointExtension>
						<gpxtpx:hr>105</gpxtpx:hr>
						<gpxtpx:atemp>30</gpxtpx:atemp>
					</gpxtpx:TrackPointExtension>
				</extensions>
			</trkpt>
			<trkpt lat="48.57681" lon="-2.190899">
				<ele>34.400002</ele>
				<time>2024-08-18T13:10:30Z</time>
				<extensions>
					<gpxtpx:TrackPointExtension>
						<gpxtpx:hr>106</gpxtpx:hr>
						<gpxtpx:atemp>30</gpxtpx:atemp>
					</gpxtpx:TrackPointExtension>
				</extensions>
			</trkpt>
			<trkpt lat="48.576941" lon="-2.190906">
				<ele>34.799999</ele>
				<time>2024-08-18T13:10:41Z</time>
				<extensions>
					<gpxtpx:TrackPointExtension>
						<gpxtpx:hr>108</gpxtpx:hr>
						<gpxtpx:atemp>30</gpxtpx:atemp>
					</gpxtpx:TrackPointExtension>
				</extensions>
			</trkpt>
			<trkpt lat="48.577001" lon="-2.190923">
				<ele>35</ele>
				<time>2024-08-18T13:10:46Z</time>
				<extensions>
					<gpxtpx:TrackPointExtension>
						<gpxtpx:hr>109</gpxtpx:hr>
						<gpxtpx:atemp>30</gpxtpx:atemp>
					</gpxtpx:TrackPointExtension>
				</extensions>
			</trkpt>
			<trkpt lat="48.57704" lon="-2.190928">
				<ele>34.799999</ele>
				<time>2024-08-18T13:10:49Z</time>
				<extensions>
					<gpxtpx:TrackPointExtension>
						<gpxtpx:hr>108</gpxtpx:hr>
						<gpxtpx:atemp>30</gpxtpx:atemp>
					</gpxtpx:TrackPointExtension>
				</extensions>
			</trkpt>
			<trkpt lat="48.577162" lon="-2.190961">
				<ele>35</ele>
				<time>2024-08-18T13:10:59Z</time>
				<extensions>
					<gpxtpx:TrackPointExtension>
						<gpxtpx:hr>110</gpxtpx:hr>
						<gpxtpx:atemp>30</gpxtpx:atemp>
					</gpxtpx:TrackPointExtension>
				</extensions>
			</trkpt>
			<trkpt lat="48.577282" lon="-2.191005">
				<ele>35.200001</ele>
				<time>2024-08-18T13:11:08Z</time>
				<extensions>
					<gpxtpx:TrackPointExtension>
						<gpxtpx:hr>112</gpxtpx:hr>
						<gpxtpx:atemp>30</gpxtpx:atemp>
					</gpxtpx:TrackPointExtension>
				</extensions>
			</trkpt>
			<trkpt lat="48.577427" lon="-2.191028">
				<ele>35.200001</ele>
				<time>2024-08-18T13:11:19Z</time>
				<extensions>
					<gpxtpx:TrackPointExtension>
						<gpxtpx:hr>113</gpxtpx:hr>
						<gpxtpx:atemp>30</gpxtpx:atemp>
					</gpxtpx:TrackPointExtension>
				</extensions>
			</trkpt>
			<trkpt lat="48.577567" lon="-2.191048">
				<ele>35.599998</ele>
				<time>2024-08-18T13:11:30Z</time>
				<extensions>
					<gpxtpx:TrackPointExtension>
						<gpxtpx:hr>114</gpxtpx:hr>
						<gpxtpx:atemp>30</gpxtpx:atemp>
					</gpxtpx:TrackPointExtension>
				</extensions>
			</trkpt>
			<trkpt lat="48.577602" lon="-2.191048">
				<ele>35.599998</ele>
				<time>2024-08-18T13:11:33Z</time>
				<extensions>
					<gpxtpx:TrackPointExtension>
						<gpxtpx:hr>114</gpxtpx:hr>
						<gpxtpx:atemp>30</gpxtpx:atemp>
					</gpxtpx:TrackPointExtension>
				</extensions>
			</trkpt>
			<trkpt lat="48.577693" lon="-2.191039">
				<ele>35.799999</ele>
				<time>2024-08-18T13:11:40Z</time>
				<extensions>
					<gpxtpx:TrackPointExtension>
						<gpxtpx:hr>113</gpxtpx:hr>
						<gpxtpx:atemp>30</gpxtpx:atemp>
					</gpxtpx:TrackPointExtension>
				</extensions>
			</trkpt>
			<trkpt lat="48.577835" lon="-2.191034">
				<ele>36</ele>
				<time>2024-08-18T13:11:51Z</time>
				<extensions>
					<gpxtpx:TrackPointExtension>
						<gpxtpx:hr>111</gpxtpx:hr>
						<gpxtpx:atemp>30</gpxtpx:atemp>
					</gpxtpx:TrackPointExtension>
				</extensions>
			</trkpt>
			<trkpt lat="48.577957" lon="-2.191007">
				<ele>36.200001</ele>
				<time>2024-08-18T13:12:02Z</time>
				<extensions>
					<gpxtpx:TrackPointExtension>
						<gpxtpx:hr>113</gpxtpx:hr>
						<gpxtpx:atemp>30</gpxtpx:atemp>
					</gpxtpx:TrackPointExtension>
				</extensions>
			</trkpt>
			<trkpt lat="48.578071" lon="-2.190961">
				<ele>36</ele>
				<time>2024-08-18T13:12:11Z</time>
				<extensions>
					<gpxtpx:TrackPointExtension>
						<gpxtpx:hr>110</gpxtpx:hr>
						<gpxtpx:atemp>30</gpxtpx:atemp>
					</gpxtpx:TrackPointExtension>
				</extensions>
			</trkpt>
			<trkpt lat="48.578136" lon="-2.190936">
				<ele>36</ele>
				<time>2024-08-18T13:12:18Z</time>
				<extensions>
					<gpxtpx:TrackPointExtension>
						<gpxtpx:hr>109</gpxtpx:hr>
						<gpxtpx:atemp>30</gpxtpx:atemp>
					</gpxtpx:TrackPointExtension>
				</extensions>
			</trkpt>
			<trkpt lat="48.578158" lon="-2.190921">
				<ele>36</ele>
				<time>2024-08-18T13:12:22Z</time>
				<extensions>
					<gpxtpx:TrackPointExtension>
						<gpxtpx:hr>108</gpxtpx:hr>
						<gpxtpx:atemp>30</gpxtpx:atemp>
					</gpxtpx:TrackPointExtension>
				</extensions>
			</trkpt>
			<trkpt lat="48.578188" lon="-2.190905">
				<ele>36</ele>
				<time>2024-08-18T13:12:25Z</time>
				<extensions>
					<gpxtpx:TrackPointExtension>
						<gpxtpx:hr>108</gpxtpx:hr>
						<gpxtpx:atemp>30</gpxtpx:atemp>
					</gpxtpx:TrackPointExtension>
				</extensions>
			</trkpt>
			<trkpt lat="48.578236" lon="-2.190863">
				<ele>36</ele>
				<time>2024-08-18T13:12:30Z</time>
				<extensions>
					<gpxtpx:TrackPointExtension>
						<gpxtpx:hr>108</gpxtpx:hr>
						<gpxtpx:atemp>30</gpxtpx:atemp>
					</gpxtpx:TrackPointExtension>
				</extensions>
			</trkpt>
			<trkpt lat="48.578326" lon="-2.190803">
				<ele>36</ele>
				<time>2024-08-18T13:12:38Z</time>
				<extensions>
					<gpxtpx:TrackPointExtension>
						<gpxtpx:hr>109</gpxtpx:hr>
						<gpxtpx:atemp>30</gpxtpx:atemp>
					</gpxtpx:TrackPointExtension>
				</extensions>
			</trkpt>
			<trkpt lat="48.578402" lon="-2.190765">
				<ele>36</ele>
				<time>2024-08-18T13:12:44Z</time>
				<extensions>
					<gpxtpx:TrackPointExtension>
						<gpxtpx:hr>106</gpxtpx:hr>
						<gpxtpx:atemp>30</gpxtpx:atemp>
					</gpxtpx:TrackPointExtension>
				</extensions>
			</trkpt>
			<trkpt lat="48.578441" lon="-2.19075">
				<ele>36</ele>
				<time>2024-08-18T13:12:47Z</time>
				<extensions>
					<gpxtpx:TrackPointExtension>
						<gpxtpx:hr>104</gpxtpx:hr>
						<gpxtpx:atemp>30</gpxtpx:atemp>
					</gpxtpx:TrackPointExtension>
				</extensions>
			</trkpt>
			<trkpt lat="48.578523" lon="-2.190741">
				<ele>36</ele>
				<time>2024-08-18T13:12:53Z</time>
				<extensions>
					<gpxtpx:TrackPointExtension>
						<gpxtpx:hr>107</gpxtpx:hr>
						<gpxtpx:atemp>30</gpxtpx:atemp>
					</gpxtpx:TrackPointExtension>
				</extensions>
			</trkpt>
			<trkpt lat="48.578549" lon="-2.190732">
				<ele>36</ele>
				<time>2024-08-18T13:12:55Z</time>
				<extensions>
					<gpxtpx:TrackPointExtension>
						<gpxtpx:hr>109</gpxtpx:hr>
						<gpxtpx:atemp>30</gpxtpx:atemp>
					</gpxtpx:TrackPointExtension>
				</extensions>
			</trkpt>
			<trkpt lat="48.578655" lon="-2.190705">
				<ele>36.200001</ele>
				<time>2024-08-18T13:13:04Z</time>
				<extensions>
					<gpxtpx:TrackPointExtension>
						<gpxtpx:hr>107</gpxtpx:hr>
						<gpxtpx:atemp>30</gpxtpx:atemp>
					</gpxtpx:TrackPointExtension>
				</extensions>
			</trkpt>
			<trkpt lat="48.578733" lon="-2.190681">
				<ele>36.400002</ele>
				<time>2024-08-18T13:13:10Z</time>
				<extensions>
					<gpxtpx:TrackPointExtension>
						<gpxtpx:hr>104</gpxtpx:hr>
						<gpxtpx:atemp>30</gpxtpx:atemp>
					</gpxtpx:TrackPointExtension>
				</extensions>
			</trkpt>
			<trkpt lat="48.578778" lon="-2.190684">
				<ele>36.400002</ele>
				<time>2024-08-18T13:13:14Z</time>
				<extensions>
					<gpxtpx:TrackPointExtension>
						<gpxtpx:hr>103</gpxtpx:hr>
						<gpxtpx:atemp>30</gpxtpx:atemp>
					</gpxtpx:TrackPointExtension>
				</extensions>
			</trkpt>
			<trkpt lat="48.578805" lon="-2.190673">
				<ele>36.400002</ele>
				<time>2024-08-18T13:13:16Z</time>
				<extensions>
					<gpxtpx:TrackPointExtension>
						<gpxtpx:hr>106</gpxtpx:hr>
						<gpxtpx:atemp>30</gpxtpx:atemp>
					</gpxtpx:TrackPointExtension>
				</extensions>
			</trkpt>
			<trkpt lat="48.578865" lon="-2.190649">
				<ele>36.200001</ele>
				<time>2024-08-18T13:13:21Z</time>
				<extensions>
					<gpxtpx:TrackPointExtension>
						<gpxtpx:hr>109</gpxtpx:hr>
						<gpxtpx:atemp>30</gpxtpx:atemp>
					</gpxtpx:TrackPointExtension>
				</extensions>
			</trkpt>
			<trkpt lat="48.578915" lon="-2.190627">
				<ele>36.400002</ele>
				<time>2024-08-18T13:13:25Z</time>
				<extensions>
					<gpxtpx:TrackPointExtension>
						<gpxtpx:hr>108</gpxtpx:hr>
						<gpxtpx:atemp>30</gpxtpx:atemp>
					</gpxtpx:TrackPointExtension>
				</extensions>
			</trkpt>
			<trkpt lat="48.578948" lon="-2.190615">
				<ele>36.799999</ele>
				<time>2024-08-18T13:13:28Z</time>
				<extensions>
					<gpxtpx:TrackPointExtension>
						<gpxtpx:hr>108</gpxtpx:hr>
						<gpxtpx:atemp>30</gpxtpx:atemp>
					</gpxtpx:TrackPointExtension>
				</extensions>
			</trkpt>
			<trkpt lat="48.578986" lon="-2.19061">
				<ele>36.599998</ele>
				<time>2024-08-18T13:13:33Z</time>
				<extensions>
					<gpxtpx:TrackPointExtension>
						<gpxtpx:hr>109</gpxtpx:hr>
						<gpxtpx:atemp>30</gpxtpx:atemp>
					</gpxtpx:TrackPointExtension>
				</extensions>
			</trkpt>
			<trkpt lat="48.579083" lon="-2.190568">
				<ele>36.599998</ele>
				<time>2024-08-18T13:13:42Z</time>
				<extensions>
					<gpxtpx:TrackPointExtension>
						<gpxtpx:hr>108</gpxtpx:hr>
						<gpxtpx:atemp>30</gpxtpx:atemp>
					</gpxtpx:TrackPointExtension>
				</extensions>
			</trkpt>
			<trkpt lat="48.579128" lon="-2.190544">
				<ele>37</ele>
				<time>2024-08-18T13:13:46Z</time>
				<extensions>
					<gpxtpx:TrackPointExtension>
						<gpxtpx:hr>111</gpxtpx:hr>
						<gpxtpx:atemp>30</gpxtpx:atemp>
					</gpxtpx:TrackPointExtension>
				</extensions>
			</trkpt>
			<trkpt lat="48.579141" lon="-2.190542">
				<ele>36.599998</ele>
				<time>2024-08-18T13:13:50Z</time>
				<extensions>
					<gpxtpx:TrackPointExtension>
						<gpxtpx:hr>114</gpxtpx:hr>
						<gpxtpx:atemp>30</gpxtpx:atemp>
					</gpxtpx:TrackPointExtension>
				</extensions>
			</trkpt>
			<trkpt lat="48.579163" lon="-2.190534">
				<ele>36.599998</ele>
				<time>2024-08-18T13:13:54Z</time>
				<extensions>
					<gpxtpx:TrackPointExtension>
						<gpxtpx:hr>110</gpxtpx:hr>
						<gpxtpx:atemp>30</gpxtpx:atemp>
					</gpxtpx:TrackPointExtension>
				</extensions>
			</trkpt>
			<trkpt lat="48.579186" lon="-2.190526">
				<ele>36.799999</ele>
				<time>2024-08-18T13:13:56Z</time>
				<extensions>
					<gpxtpx:TrackPointExtension>
						<gpxtpx:hr>109</gpxtpx:hr>
						<gpxtpx:atemp>30</gpxtpx:atemp>
					</gpxtpx:TrackPointExtension>
				</extensions>
			</trkpt>
			<trkpt lat="48.579296" lon="-2.190495">
				<ele>36.599998</ele>
				<time>2024-08-18T13:14:05Z</time>
				<extensions>
					<gpxtpx:TrackPointExtension>
						<gpxtpx:hr>107</gpxtpx:hr>
						<gpxtpx:atemp>30</gpxtpx:atemp>
					</gpxtpx:TrackPointExtension>
				</extensions>
			</trkpt>
			<trkpt lat="48.579387" lon="-2.19049">
				<ele>36.799999</ele>
				<time>2024-08-18T13:14:12Z</time>
				<extensions>
					<gpxtpx:TrackPointExtension>
						<gpxtpx:hr>104</gpxtpx:hr>
						<gpxtpx:atemp>30</gpxtpx:atemp>
					</gpxtpx:TrackPointExtension>
				</extensions>
			</trkpt>
			<trkpt lat="48.579415" lon="-2.190486">
				<ele>36</ele>
				<time>2024-08-18T13:14:14Z</time>
				<extensions>
					<gpxtpx:TrackPointExtension>
						<gpxtpx:hr>101</gpxtpx:hr>
						<gpxtpx:atemp>30</gpxtpx:atemp>
					</gpxtpx:TrackPointExtension>
				</extensions>
			</trkpt>
			<trkpt lat="48.579428" lon="-2.190483">
				<ele>35.599998</ele>
				<time>2024-08-18T13:14:15Z</time>
				<extensions>
					<gpxtpx:TrackPointExtension>
						<gpxtpx:hr>101</gpxtpx:hr>
						<gpxtpx:atemp>30</gpxtpx:atemp>
					</gpxtpx:TrackPointExtension>
				</extensions>
			</trkpt>
			<trkpt lat="48.579484" lon="-2.190494">
				<ele>35.599998</ele>
				<time>2024-08-18T13:14:22Z</time>
				<extensions>
					<gpxtpx:TrackPointExtension>
						<gpxtpx:hr>99</gpxtpx:hr>
						<gpxtpx:atemp>30</gpxtpx:atemp>
					</gpxtpx:TrackPointExtension>
				</extensions>
			</trkpt>
			<trkpt lat="48.579518" lon="-2.190497">
				<ele>35.599998</ele>
				<time>2024-08-18T13:14:26Z</time>
				<extensions>
					<gpxtpx:TrackPointExtension>
						<gpxtpx:hr>102</gpxtpx:hr>
						<gpxtpx:atemp>30</gpxtpx:atemp>
					</gpxtpx:TrackPointExtension>
				</extensions>
			</trkpt>
			<trkpt lat="48.579541" lon="-2.190505">
				<ele>35.599998</ele>
				<time>2024-08-18T13:14:28Z</time>
				<extensions>
					<gpxtpx:TrackPointExtension>
						<gpxtpx:hr>103</gpxtpx:hr>
						<gpxtpx:atemp>30</gpxtpx:atemp>
					</gpxtpx:TrackPointExtension>
				</extensions>
			</trkpt>
			<trkpt lat="48.579576" lon="-2.190491">
				<ele>35.599998</ele>
				<time>2024-08-18T13:14:31Z</time>
				<extensions>
					<gpxtpx:TrackPointExtension>
						<gpxtpx:hr>106</gpxtpx:hr>
						<gpxtpx:atemp>30</gpxtpx:atemp>
					</gpxtpx:TrackPointExtension>
				</extensions>
			</trkpt>
			<trkpt lat="48.579616" lon="-2.190479">
				<ele>35</ele>
				<time>2024-08-18T13:14:34Z</time>
				<extensions>
					<gpxtpx:TrackPointExtension>
						<gpxtpx:hr>106</gpxtpx:hr>
						<gpxtpx:atemp>30</gpxtpx:atemp>
					</gpxtpx:TrackPointExtension>
				</extensions>
			</trkpt>
			<trkpt lat="48.579645" lon="-2.190485">
				<ele>35</ele>
				<time>2024-08-18T13:14:36Z</time>
				<extensions>
					<gpxtpx:TrackPointExtension>
						<gpxtpx:hr>104</gpxtpx:hr>
						<gpxtpx:atemp>30</gpxtpx:atemp>
					</gpxtpx:TrackPointExtension>
				</extensions>
			</trkpt>
			<trkpt lat="48.579694" lon="-2.190491">
				<ele>34.799999</ele>
				<time>2024-08-18T13:14:40Z</time>
				<extensions>
					<gpxtpx:TrackPointExtension>
						<gpxtpx:hr>104</gpxtpx:hr>
						<gpxtpx:atemp>31</gpxtpx:atemp>
					</gpxtpx:TrackPointExtension>
				</extensions>
			</trkpt>
			<trkpt lat="48.579728" lon="-2.190504">
				<ele>34.599998</ele>
				<time>2024-08-18T13:14:43Z</time>
				<extensions>
					<gpxtpx:TrackPointExtension>
						<gpxtpx:hr>106</gpxtpx:hr>
						<gpxtpx:atemp>31</gpxtpx:atemp>
					</gpxtpx:TrackPointExtension>
				</extensions>
			</trkpt>
			<trkpt lat="48.57974" lon="-2.190509">
				<ele>34.599998</ele>
				<time>2024-08-18T13:14:44Z</time>
				<extensions>
					<gpxtpx:TrackPointExtension>
						<gpxtpx:hr>107</gpxtpx:hr>
						<gpxtpx:atemp>31</gpxtpx:atemp>
					</gpxtpx:TrackPointExtension>
				</extensions>
			</trkpt>
			<trkpt lat="48.579764" lon="-2.190523">
				<ele>34.400002</ele>
				<time>2024-08-18T13:14:46Z</time>
				<extensions>
					<gpxtpx:TrackPointExtension>
						<gpxtpx:hr>107</gpxtpx:hr>
						<gpxtpx:atemp>31</gpxtpx:atemp>
					</gpxtpx:TrackPointExtension>
				</extensions>
			</trkpt>
			<trkpt lat="48.579833" lon="-2.190583">
				<ele>33.799999</ele>
				<time>2024-08-18T13:14:53Z</time>
				<extensions>
					<gpxtpx:TrackPointExtension>
						<gpxtpx:hr>105</gpxtpx:hr>
						<gpxtpx:atemp>31</gpxtpx:atemp>
					</gpxtpx:TrackPointExtension>
				</extensions>
			</trkpt>
			<trkpt lat="48.579901" lon="-2.190602">
				<ele>33.599998</ele>
				<time>2024-08-18T13:14:58Z</time>
				<extensions>
					<gpxtpx:TrackPointExtension>
						<gpxtpx:hr>104</gpxtpx:hr>
						<gpxtpx:atemp>31</gpxtpx:atemp>
					</gpxtpx:TrackPointExtension>
				</extensions>
			</trkpt>
			<trkpt lat="48.579942" lon="-2.190599">
				<ele>33.400002</ele>
				<time>2024-08-18T13:15:02Z</time>
				<extensions>
					<gpxtpx:TrackPointExtension>
						<gpxtpx:hr>105</gpxtpx:hr>
						<gpxtpx:atemp>31</gpxtpx:atemp>
					</gpxtpx:TrackPointExtension>
				</extensions>
			</trkpt>
			<trkpt lat="48.579991" lon="-2.190568">
				<ele>33.200001</ele>
				<time>2024-08-18T13:15:08Z</time>
				<extensions>
					<gpxtpx:TrackPointExtension>
						<gpxtpx:hr>104</gpxtpx:hr>
						<gpxtpx:atemp>31</gpxtpx:atemp>
					</gpxtpx:TrackPointExtension>
				</extensions>
			</trkpt>
			<trkpt lat="48.579993" lon="-2.190565">
				<ele>33.200001</ele>
				<time>2024-08-18T13:15:09Z</time>
				<extensions>
					<gpxtpx:TrackPointExtension>
						<gpxtpx:hr>104</gpxtpx:hr>
						<gpxtpx:atemp>31</gpxtpx:atemp>
					</gpxtpx:TrackPointExtension>
				</extensions>
			</trkpt>
			<trkpt lat="48.580022" lon="-2.190497">
				<ele>33.400002</ele>
				<time>2024-08-18T13:15:16Z</time>
				<extensions>
					<gpxtpx:TrackPointExtension>
						<gpxtpx:hr>105</gpxtpx:hr>
						<gpxtpx:atemp>30</gpxtpx:atemp>
					</gpxtpx:TrackPointExtension>
				</extensions>
			</trkpt>
			<trkpt lat="48.580071" lon="-2.190398">
				<ele>33.200001</ele>
				<time>2024-08-18T13:15:24Z</time>
				<extensions>
					<gpxtpx:TrackPointExtension>
						<gpxtpx:hr>107</gpxtpx:hr>
						<gpxtpx:atemp>30</gpxtpx:atemp>
					</gpxtpx:TrackPointExtension>
				</extensions>
			</trkpt>
			<trkpt lat="48.580104" lon="-2.190299">
				<ele>32.799999</ele>
				<time>2024-08-18T13:15:32Z</time>
				<extensions>
					<gpxtpx:TrackPointExtension>
						<gpxtpx:hr>109</gpxtpx:hr>
						<gpxtpx:atemp>30</gpxtpx:atemp>
					</gpxtpx:TrackPointExtension>
				</extensions>
			</trkpt>
			<trkpt lat="48.580114" lon="-2.19025">
				<ele>32.599998</ele>
				<time>2024-08-18T13:15:35Z</time>
				<extensions>
					<gpxtpx:TrackPointExtension>
						<gpxtpx:hr>106</gpxtpx:hr>
						<gpxtpx:atemp>30</gpxtpx:atemp>
					</gpxtpx:TrackPointExtension>
				</extensions>
			</trkpt>
			<trkpt lat="48.580134" lon="-2.190177">
				<ele>32.599998</ele>
				<time>2024-08-18T13:15:39Z</time>
				<extensions>
					<gpxtpx:TrackPointExtension>
						<gpxtpx:hr>104</gpxtpx:hr>
						<gpxtpx:atemp>30</gpxtpx:atemp>
					</gpxtpx:TrackPointExtension>
				</extensions>
			</trkpt>
			<trkpt lat="48.580151" lon="-2.190117">
				<ele>32.200001</ele>
				<time>2024-08-18T13:15:43Z</time>
				<extensions>
					<gpxtpx:TrackPointExtension>
						<gpxtpx:hr>105</gpxtpx:hr>
						<gpxtpx:atemp>30</gpxtpx:atemp>
					</gpxtpx:TrackPointExtension>
				</extensions>
			</trkpt>
			<trkpt lat="48.580175" lon="-2.190037">
				<ele>31.799999</ele>
				<time>2024-08-18T13:15:48Z</time>
				<extensions>
					<gpxtpx:TrackPointExtension>
						<gpxtpx:hr>102</gpxtpx:hr>
						<gpxtpx:atemp>31</gpxtpx:atemp>
					</gpxtpx:TrackPointExtension>
				</extensions>
			</trkpt>
			<trkpt lat="48.580179" lon="-2.19002">
				<ele>31.6</ele>
				<time>2024-08-18T13:15:49Z</time>
				<extensions>
					<gpxtpx:TrackPointExtension>
						<gpxtpx:hr>102</gpxtpx:hr>
						<gpxtpx:atemp>31</gpxtpx:atemp>
					</gpxtpx:TrackPointExtension>
				</extensions>
			</trkpt>
			<trkpt lat="48.580188" lon="-2.189984">
				<ele>31.4</ele>
				<time>2024-08-18T13:15:51Z</time>
				<extensions>
					<gpxtpx:TrackPointExtension>
						<gpxtpx:hr>104</gpxtpx:hr>
						<gpxtpx:atemp>31</gpxtpx:atemp>
					</gpxtpx:TrackPointExtension>
				</extensions>
			</trkpt>
			<trkpt lat="48.580201" lon="-2.189942">
				<ele>31.4</ele>
				<time>2024-08-18T13:15:54Z</time>
				<extensions>
					<gpxtpx:TrackPointExtension>
						<gpxtpx:hr>107</gpxtpx:hr>
						<gpxtpx:atemp>31</gpxtpx:atemp>
					</gpxtpx:TrackPointExtension>
				</extensions>
			</trkpt>
			<trkpt lat="48.580211" lon="-2.189878">
				<ele>31.200001</ele>
				<time>2024-08-18T13:15:58Z</time>
				<extensions>
					<gpxtpx:TrackPointExtension>
						<gpxtpx:hr>110</gpxtpx:hr>
						<gpxtpx:atemp>31</gpxtpx:atemp>
					</gpxtpx:TrackPointExtension>
				</extensions>
			</trkpt>
			<trkpt lat="48.580217" lon="-2.18985">
				<ele>31</ele>
				<time>2024-08-18T13:16:00Z</time>
				<extensions>
					<gpxtpx:TrackPointExtension>
						<gpxtpx:hr>110</gpxtpx:hr>
						<gpxtpx:atemp>31</gpxtpx:atemp>
					</gpxtpx:TrackPointExtension>
				</extensions>
			</trkpt>
			<trkpt lat="48.580219" lon="-2.189835">
				<ele>31</ele>
				<time>2024-08-18T13:16:01Z</time>
				<extensions>
					<gpxtpx:TrackPointExtension>
						<gpxtpx:hr>109</gpxtpx:hr>
						<gpxtpx:atemp>31</gpxtpx:atemp>
					</gpxtpx:TrackPointExtension>
				</extensions>
			</trkpt>
			<trkpt lat="48.580242" lon="-2.189752">
				<ele>30.6</ele>
				<time>2024-08-18T13:16:06Z</time>
				<extensions>
					<gpxtpx:TrackPointExtension>
						<gpxtpx:hr>108</gpxtpx:hr>
						<gpxtpx:atemp>31</gpxtpx:atemp>
					</gpxtpx:TrackPointExtension>
				</extensions>
			</trkpt>
			<trkpt lat="48.580259" lon="-2.189678">
				<ele>30.200001</ele>
				<time>2024-08-18T13:16:11Z</time>
				<extensions>
					<gpxtpx:TrackPointExtension>
						<gpxtpx:hr>106</gpxtpx:hr>
						<gpxtpx:atemp>31</gpxtpx:atemp>
					</gpxtpx:TrackPointExtension>
				</extensions>
			</trkpt>
			<trkpt lat="48.580303" lon="-2.189504">
				<ele>30</ele>
				<time>2024-08-18T13:16:21Z</time>
				<extensions>
					<gpxtpx:TrackPointExtension>
						<gpxtpx:hr>107</gpxtpx:hr>
						<gpxtpx:atemp>31</gpxtpx:atemp>
					</gpxtpx:TrackPointExtension>
				</extensions>
			</trkpt>
			<trkpt lat="48.580307" lon="-2.189473">
				<ele>29.799999</ele>
				<time>2024-08-18T13:16:23Z</time>
				<extensions>
					<gpxtpx:TrackPointExtension>
						<gpxtpx:hr>107</gpxtpx:hr>
						<gpxtpx:atemp>31</gpxtpx:atemp>
					</gpxtpx:TrackPointExtension>
				</extensions>
			</trkpt>
			<trkpt lat="48.580314" lon="-2.189447">
				<ele>29.4</ele>
				<time>2024-08-18T13:16:25Z</time>
				<extensions>
					<gpxtpx:TrackPointExtension>
						<gpxtpx:hr>106</gpxtpx:hr>
						<gpxtpx:atemp>31</gpxtpx:atemp>
					</gpxtpx:TrackPointExtension>
				</extensions>
			</trkpt>
			<trkpt lat="48.580334" lon="-2.189404">
				<ele>29.4</ele>
				<time>2024-08-18T13:16:28Z</time>
				<extensions>
					<gpxtpx:TrackPointExtension>
						<gpxtpx:hr>103</gpxtpx:hr>
						<gpxtpx:atemp>31</gpxtpx:atemp>
					</gpxtpx:TrackPointExtension>
				</extensions>
			</trkpt>
			<trkpt lat="48.580353" lon="-2.189336">
				<ele>29</ele>
				<time>2024-08-18T13:16:32Z</time>
				<extensions>
					<gpxtpx:TrackPointExtension>
						<gpxtpx:hr>100</gpxtpx:hr>
						<gpxtpx:atemp>31</gpxtpx:atemp>
					</gpxtpx:TrackPointExtension>
				</extensions>
			</trkpt>
			<trkpt lat="48.580378" lon="-2.18924">
				<ele>29</ele>
				<time>2024-08-18T13:16:38Z</time>
				<extensions>
					<gpxtpx:TrackPointExtension>
						<gpxtpx:hr>99</gpxtpx:hr>
						<gpxtpx:atemp>31</gpxtpx:atemp>
					</gpxtpx:TrackPointExtension>
				</extensions>
			</trkpt>
			<trkpt lat="48.580379" lon="-2.189197">
				<ele>28.799999</ele>
				<time>2024-08-18T13:16:40Z</time>
				<extensions>
					<gpxtpx:TrackPointExtension>
						<gpxtpx:hr>99</gpxtpx:hr>
						<gpxtpx:atemp>31</gpxtpx:atemp>
					</gpxtpx:TrackPointExtension>
				</extensions>
			</trkpt>
			<trkpt lat="48.580384" lon="-2.189178">
				<ele>28.6</ele>
				<time>2024-08-18T13:16:41Z</time>
				<extensions>
					<gpxtpx:TrackPointExtension>
						<gpxtpx:hr>99</gpxtpx:hr>
						<gpxtpx:atemp>31</gpxtpx:atemp>
					</gpxtpx:TrackPointExtension>
				</extensions>
			</trkpt>
			<trkpt lat="48.580403" lon="-2.189138">
				<ele>28.4</ele>
				<time>2024-08-18T13:16:44Z</time>
				<extensions>
					<gpxtpx:TrackPointExtension>
						<gpxtpx:hr>101</gpxtpx:hr>
						<gpxtpx:atemp>31</gpxtpx:atemp>
					</gpxtpx:TrackPointExtension>
				</extensions>
			</trkpt>
			<trkpt lat="48.580406" lon="-2.189121">
				<ele>28.4</ele>
				<time>2024-08-18T13:16:45Z</time>
				<extensions>
					<gpxtpx:TrackPointExtension>
						<gpxtpx:hr>102</gpxtpx:hr>
						<gpxtpx:atemp>31</gpxtpx:atemp>
					</gpxtpx:TrackPointExtension>
				</extensions>
			</trkpt>
			<trkpt lat="48.580439" lon="-2.189015">
				<ele>28</ele>
				<time>2024-08-18T13:16:51Z</time>
				<extensions>
					<gpxtpx:TrackPointExtension>
						<gpxtpx:hr>99</gpxtpx:hr>
						<gpxtpx:atemp>31</gpxtpx:atemp>
					</gpxtpx:TrackPointExtension>
				</extensions>
			</trkpt>
			<trkpt lat="48.580456" lon="-2.188972">
				<ele>27.6</ele>
				<time>2024-08-18T13:16:55Z</time>
				<extensions>
					<gpxtpx:TrackPointExtension>
						<gpxtpx:hr>96</gpxtpx:hr>
						<gpxtpx:atemp>31</gpxtpx:atemp>
					</gpxtpx:TrackPointExtension>
				</extensions>
			</trkpt>
			<trkpt lat="48.580473" lon="-2.188916">
				<ele>27.6</ele>
				<time>2024-08-18T13:16:59Z</time>
				<extensions>
					<gpxtpx:TrackPointExtension>
						<gpxtpx:hr>96</gpxtpx:hr>
						<gpxtpx:atemp>31</gpxtpx:atemp>
					</gpxtpx:TrackPointExtension>
				</extensions>
			</trkpt>
			<trkpt lat="48.580494" lon="-2.18887">
				<ele>27.4</ele>
				<time>2024-08-18T13:17:02Z</time>
				<extensions>
					<gpxtpx:TrackPointExtension>
						<gpxtpx:hr>96</gpxtpx:hr>
						<gpxtpx:atemp>31</gpxtpx:atemp>
					</gpxtpx:TrackPointExtension>
				</extensions>
			</trkpt>
			<trkpt lat="48.580508" lon="-2.188832">
				<ele>27.4</ele>
				<time>2024-08-18T13:17:04Z</time>
				<extensions>
					<gpxtpx:TrackPointExtension>
						<gpxtpx:hr>98</gpxtpx:hr>
						<gpxtpx:atemp>31</gpxtpx:atemp>
					</gpxtpx:TrackPointExtension>
				</extensions>
			</trkpt>
			<trkpt lat="48.580516" lon="-2.188799">
				<ele>27.200001</ele>
				<time>2024-08-18T13:17:06Z</time>
				<extensions>
					<gpxtpx:TrackPointExtension>
						<gpxtpx:hr>95</gpxtpx:hr>
						<gpxtpx:atemp>31</gpxtpx:atemp>
					</gpxtpx:TrackPointExtension>
				</extensions>
			</trkpt>
			<trkpt lat="48.580527" lon="-2.188751">
				<ele>26.6</ele>
				<time>2024-08-18T13:17:09Z</time>
				<extensions>
					<gpxtpx:TrackPointExtension>
						<gpxtpx:hr>98</gpxtpx:hr>
						<gpxtpx:atemp>31</gpxtpx:atemp>
					</gpxtpx:TrackPointExtension>
				</extensions>
			</trkpt>
			<trkpt lat="48.580549" lon="-2.188709">
				<ele>26.200001</ele>
				<time>2024-08-18T13:17:12Z</time>
				<extensions>
					<gpxtpx:TrackPointExtension>
						<gpxtpx:hr>99</gpxtpx:hr>
						<gpxtpx:atemp>31</gpxtpx:atemp>
					</gpxtpx:TrackPointExtension>
				</extensions>
			</trkpt>
			<trkpt lat="48.58058" lon="-2.188642">
				<ele>25.6</ele>
				<time>2024-08-18T13:17:17Z</time>
				<extensions>
					<gpxtpx:TrackPointExtension>
						<gpxtpx:hr>100</gpxtpx:hr>
						<gpxtpx:atemp>31</gpxtpx:atemp>
					</gpxtpx:TrackPointExtension>
				</extensions>
			</trkpt>
			<trkpt lat="48.580594" lon="-2.188593">
				<ele>25.6</ele>
				<time>2024-08-18T13:17:20Z</time>
				<extensions>
					<gpxtpx:TrackPointExtension>
						<gpxtpx:hr>103</gpxtpx:hr>
						<gpxtpx:atemp>31</gpxtpx:atemp>
					</gpxtpx:TrackPointExtension>
				</extensions>
			</trkpt>
			<trkpt lat="48.580607" lon="-2.18854">
				<ele>25.4</ele>
				<time>2024-08-18T13:17:23Z</time>
				<extensions>
					<gpxtpx:TrackPointExtension>
						<gpxtpx:hr>106</gpxtpx:hr>
						<gpxtpx:atemp>31</gpxtpx:atemp>
					</gpxtpx:TrackPointExtension>
				</extensions>
			</trkpt>
			<trkpt lat="48.580617" lon="-2.188516">
				<ele>25</ele>
				<time>2024-08-18T13:17:25Z</time>
				<extensions>
					<gpxtpx:TrackPointExtension>
						<gpxtpx:hr>106</gpxtpx:hr>
						<gpxtpx:atemp>31</gpxtpx:atemp>
					</gpxtpx:TrackPointExtension>
				</extensions>
			</trkpt>
			<trkpt lat="48.580626" lon="-2.188501">
				<ele>25</ele>
				<time>2024-08-18T13:17:26Z</time>
				<extensions>
					<gpxtpx:TrackPointExtension>
						<gpxtpx:hr>106</gpxtpx:hr>
						<gpxtpx:atemp>31</gpxtpx:atemp>
					</gpxtpx:TrackPointExtension>
				</extensions>
			</trkpt>
			<trkpt lat="48.580658" lon="-2.18842">
				<ele>24.6</ele>
				<time>2024-08-18T13:17:31Z</time>
				<extensions>
					<gpxtpx:TrackPointExtension>
						<gpxtpx:hr>103</gpxtpx:hr>
						<gpxtpx:atemp>31</gpxtpx:atemp>
					</gpxtpx:TrackPointExtension>
				</extensions>
			</trkpt>
			<trkpt lat="48.580674" lon="-2.188351">
				<ele>24.200001</ele>
				<time>2024-08-18T13:17:35Z</time>
				<extensions>
					<gpxtpx:TrackPointExtension>
						<gpxtpx:hr>101</gpxtpx:hr>
						<gpxtpx:atemp>31</gpxtpx:atemp>
					</gpxtpx:TrackPointExtension>
				</extensions>
			</trkpt>
			<trkpt lat="48.580677" lon="-2.188333">
				<ele>24</ele>
				<time>2024-08-18T13:17:36Z</time>
				<extensions>
					<gpxtpx:TrackPointExtension>
						<gpxtpx:hr>101</gpxtpx:hr>
						<gpxtpx:atemp>31</gpxtpx:atemp>
					</gpxtpx:TrackPointExtension>
				</extensions>
			</trkpt>
			<trkpt lat="48.580677" lon="-2.188319">
				<ele>24</ele>
				<time>2024-08-18T13:17:37Z</time>
				<extensions>
					<gpxtpx:TrackPointExtension>
						<gpxtpx:hr>101</gpxtpx:hr>
						<gpxtpx:atemp>31</gpxtpx:atemp>
					</gpxtpx:TrackPointExtension>
				</extensions>
			</trkpt>
			<trkpt lat="48.580669" lon="-2.188289">
				<ele>23.799999</ele>
				<time>2024-08-18T13:17:39Z</time>
				<extensions>
					<gpxtpx:TrackPointExtension>
						<gpxtpx:hr>101</gpxtpx:hr>
						<gpxtpx:atemp>31</gpxtpx:atemp>
					</gpxtpx:TrackPointExtension>
				</extensions>
			</trkpt>
			<trkpt lat="48.580648" lon="-2.188264">
				<ele>23.799999</ele>
				<time>2024-08-18T13:17:42Z</time>
				<extensions>
					<gpxtpx:TrackPointExtension>
						<gpxtpx:hr>100</gpxtpx:hr>
						<gpxtpx:atemp>31</gpxtpx:atemp>
					</gpxtpx:TrackPointExtension>
				</extensions>
			</trkpt>
			<trkpt lat="48.580637" lon="-2.188266">
				<ele>23.799999</ele>
				<time>2024-08-18T13:17:43Z</time>
				<extensions>
					<gpxtpx:TrackPointExtension>
						<gpxtpx:hr>100</gpxtpx:hr>
						<gpxtpx:atemp>31</gpxtpx:atemp>
					</gpxtpx:TrackPointExtension>
				</extensions>
			</trkpt>
			<trkpt lat="48.580616" lon="-2.188225">
				<ele>23.6</ele>
				<time>2024-08-18T13:17:46Z</time>
				<extensions>
					<gpxtpx:TrackPointExtension>
						<gpxtpx:hr>98</gpxtpx:hr>
						<gpxtpx:atemp>31</gpxtpx:atemp>
					</gpxtpx:TrackPointExtension>
				</extensions>
			</trkpt>
			<trkpt lat="48.580602" lon="-2.1881">
				<ele>23.6</ele>
				<time>2024-08-18T13:17:51Z</time>
				<extensions>
					<gpxtpx:TrackPointExtension>
						<gpxtpx:hr>95</gpxtpx:hr>
						<gpxtpx:atemp>31</gpxtpx:atemp>
					</gpxtpx:TrackPointExtension>
				</extensions>
			</trkpt>
			<trkpt lat="48.580598" lon="-2.188037">
				<ele>23.4</ele>
				<time>2024-08-18T13:17:54Z</time>
				<extensions>
					<gpxtpx:TrackPointExtension>
						<gpxtpx:hr>96</gpxtpx:hr>
						<gpxtpx:atemp>31</gpxtpx:atemp>
					</gpxtpx:TrackPointExtension>
				</extensions>
			</trkpt>
			<trkpt lat="48.580598" lon="-2.188014">
				<ele>23.4</ele>
				<time>2024-08-18T13:17:55Z</time>
				<extensions>
					<gpxtpx:TrackPointExtension>
						<gpxtpx:hr>96</gpxtpx:hr>
						<gpxtpx:atemp>31</gpxtpx:atemp>
					</gpxtpx:TrackPointExtension>
				</extensions>
			</trkpt>
			<trkpt lat="48.580621" lon="-2.187925">
				<ele>23.200001</ele>
				<time>2024-08-18T13:18:00Z</time>
				<extensions>
					<gpxtpx:TrackPointExtension>
						<gpxtpx:hr>99</gpxtpx:hr>
						<gpxtpx:atemp>31</gpxtpx:atemp>
					</gpxtpx:TrackPointExtension>
				</extensions>
			</trkpt>
			<trkpt lat="48.580626" lon="-2.187907">
				<ele>23</ele>
				<time>2024-08-18T13:18:01Z</time>
				<extensions>
					<gpxtpx:TrackPointExtension>
						<gpxtpx:hr>100</gpxtpx:hr>
						<gpxtpx:atemp>31</gpxtpx:atemp>
					</gpxtpx:TrackPointExtension>
				</extensions>
			</trkpt>
			<trkpt lat="48.580647" lon="-2.187869">
				<ele>22.799999</ele>
				<time>2024-08-18T13:18:04Z</time>
				<extensions>
					<gpxtpx:TrackPointExtension>
						<gpxtpx:hr>102</gpxtpx:hr>
						<gpxtpx:atemp>31</gpxtpx:atemp>
					</gpxtpx:TrackPointExtension>
				</extensions>
			</trkpt>
			<trkpt lat="48.58067" lon="-2.187769">
				<ele>21.799999</ele>
				<time>2024-08-18T13:18:10Z</time>
				<extensions>
					<gpxtpx:TrackPointExtension>
						<gpxtpx:hr>104</gpxtpx:hr>
						<gpxtpx:atemp>31</gpxtpx:atemp>
					</gpxtpx:TrackPointExtension>
				</extensions>
			</trkpt>
			<trkpt lat="48.58068" lon="-2.187711">
				<ele>21.6</ele>
				<time>2024-08-18T13:18:13Z</time>
				<extensions>
					<gpxtpx:TrackPointExtension>
						<gpxtpx:hr>104</gpxtpx:hr>
						<gpxtpx:atemp>31</gpxtpx:atemp>
					</gpxtpx:TrackPointExtension>
				</extensions>
			</trkpt>
			<trkpt lat="48.580716" lon="-2.187553">
				<ele>21</ele>
				<time>2024-08-18T13:18:21Z</time>
				<extensions>
					<gpxtpx:TrackPointExtension>
						<gpxtpx:hr>103</gpxtpx:hr>
						<gpxtpx:atemp>31</gpxtpx:atemp>
					</gpxtpx:TrackPointExtension>
				</extensions>
			</trkpt>
			<trkpt lat="48.580722" lon="-2.187532">
				<ele>20.799999</ele>
				<time>2024-08-18T13:18:22Z</time>
				<extensions>
					<gpxtpx:TrackPointExtension>
						<gpxtpx:hr>103</gpxtpx:hr>
						<gpxtpx:atemp>31</gpxtpx:atemp>
					</gpxtpx:TrackPointExtension>
				</extensions>
			</trkpt>
			<trkpt lat="48.58076" lon="-2.187352">
				<ele>20.200001</ele>
				<time>2024-08-18T13:18:31Z</time>
				<extensions>
					<gpxtpx:TrackPointExtension>
						<gpxtpx:hr>105</gpxtpx:hr>
						<gpxtpx:atemp>31</gpxtpx:atemp>
					</gpxtpx:TrackPointExtension>
				</extensions>
			</trkpt>
			<trkpt lat="48.580787" lon="-2.187236">
				<ele>19.6</ele>
				<time>2024-08-18T13:18:37Z</time>
				<extensions>
					<gpxtpx:TrackPointExtension>
						<gpxtpx:hr>107</gpxtpx:hr>
						<gpxtpx:atemp>31</gpxtpx:atemp>
					</gpxtpx:TrackPointExtension>
				</extensions>
			</trkpt>
			<trkpt lat="48.580792" lon="-2.187187">
				<ele>19.4</ele>
				<time>2024-08-18T13:18:40Z</time>
				<extensions>
					<gpxtpx:TrackPointExtension>
						<gpxtpx:hr>106</gpxtpx:hr>
						<gpxtpx:atemp>31</gpxtpx:atemp>
					</gpxtpx:TrackPointExtension>
				</extensions>
			</trkpt>
			<trkpt lat="48.58081" lon="-2.187132">
				<ele>19.200001</ele>
				<time>2024-08-18T13:18:44Z</time>
				<extensions>
					<gpxtpx:TrackPointExtension>
						<gpxtpx:hr>105</gpxtpx:hr>
						<gpxtpx:atemp>31</gpxtpx:atemp>
					</gpxtpx:TrackPointExtension>
				</extensions>
			</trkpt>
			<trkpt lat="48.580815" lon="-2.187126">
				<ele>19.200001</ele>
				<time>2024-08-18T13:18:46Z</time>
				<extensions>
					<gpxtpx:TrackPointExtension>
						<gpxtpx:hr>105</gpxtpx:hr>
						<gpxtpx:atemp>31</gpxtpx:atemp>
					</gpxtpx:TrackPointExtension>
				</extensions>
			</trkpt>
			<trkpt lat="48.580823" lon="-2.187113">
				<ele>19.200001</ele>
				<time>2024-08-18T13:18:53Z</time>
				<extensions>
					<gpxtpx:TrackPointExtension>
						<gpxtpx:hr>104</gpxtpx:hr>
						<gpxtpx:atemp>31</gpxtpx:atemp>
					</gpxtpx:TrackPointExtension>
				</extensions>
			</trkpt>
			<trkpt lat="48.580835" lon="-2.187093">
				<ele>19.200001</ele>
				<time>2024-08-18T13:18:57Z</time>
				<extensions>
					<gpxtpx:TrackPointExtension>
						<gpxtpx:hr>107</gpxtpx:hr>
						<gpxtpx:atemp>31</gpxtpx:atemp>
					</gpxtpx:TrackPointExtension>
				</extensions>
			</trkpt>
			<trkpt lat="48.580873" lon="-2.187045">
				<ele>19.200001</ele>
				<time>2024-08-18T13:19:01Z</time>
				<extensions>
					<gpxtpx:TrackPointExtension>
						<gpxtpx:hr>108</gpxtpx:hr>
						<gpxtpx:atemp>31</gpxtpx:atemp>
					</gpxtpx:TrackPointExtension>
				</extensions>
			</trkpt>
			<trkpt lat="48.58095" lon="-2.186983">
				<ele>18.799999</ele>
				<time>2024-08-18T13:19:08Z</time>
				<extensions>
					<gpxtpx:TrackPointExtension>
						<gpxtpx:hr>108</gpxtpx:hr>
						<gpxtpx:atemp>31</gpxtpx:atemp>
					</gpxtpx:TrackPointExtension>
				</extensions>
			</trkpt>
			<trkpt lat="48.580967" lon="-2.186973">
				<ele>18.6</ele>
				<time>2024-08-18T13:19:10Z</time>
				<extensions>
					<gpxtpx:TrackPointExtension>
						<gpxtpx:hr>109</gpxtpx:hr>
						<gpxtpx:atemp>31</gpxtpx:atemp>
					</gpxtpx:TrackPointExtension>
				</extensions>
			</trkpt>
			<trkpt lat="48.581034" lon="-2.186911">
				<ele>17.6</ele>
				<time>2024-08-18T13:19:16Z</time>
				<extensions>
					<gpxtpx:TrackPointExtension>
						<gpxtpx:hr>110</gpxtpx:hr>
						<gpxtpx:atemp>31</gpxtpx:atemp>
					</gpxtpx:TrackPointExtension>
				</extensions>
			</trkpt>
			<trkpt lat="48.581079" lon="-2.186897">
				<ele>17.200001</ele>
				<time>2024-08-18T13:19:19Z</time>
				<extensions>
					<gpxtpx:TrackPointExtension>
						<gpxtpx:hr>109</gpxtpx:hr>
						<gpxtpx:atemp>31</gpxtpx:atemp>
					</gpxtpx:TrackPointExtension>
				</extensions>
			</trkpt>
			<trkpt lat="48.581179" lon="-2.186814">
				<ele>16.4</ele>
				<time>2024-08-18T13:19:28Z</time>
				<extensions>
					<gpxtpx:TrackPointExtension>
						<gpxtpx:hr>107</gpxtpx:hr>
						<gpxtpx:atemp>31</gpxtpx:atemp>
					</gpxtpx:TrackPointExtension>
				</extensions>
			</trkpt>
			<trkpt lat="48.581218" lon="-2.186807">
				<ele>16.200001</ele>
				<time>2024-08-18T13:19:31Z</time>
				<extensions>
					<gpxtpx:TrackPointExtension>
						<gpxtpx:hr>104</gpxtpx:hr>
						<gpxtpx:atemp>31</gpxtpx:atemp>
					</gpxtpx:TrackPointExtension>
				</extensions>
			</trkpt>
			<trkpt lat="48.581313" lon="-2.186791">
				<ele>15.8</ele>
				<time>2024-08-18T13:19:39Z</time>
				<extensions>
					<gpxtpx:TrackPointExtension>
						<gpxtpx:hr>102</gpxtpx:hr>
						<gpxtpx:atemp>31</gpxtpx:atemp>
					</gpxtpx:TrackPointExtension>
				</extensions>
			</trkpt>
			<trkpt lat="48.581343" lon="-2.186774">
				<ele>15.4</ele>
				<time>2024-08-18T13:19:44Z</time>
				<extensions>
					<gpxtpx:TrackPointExtension>
						<gpxtpx:hr>104</gpxtpx:hr>
						<gpxtpx:atemp>31</gpxtpx:atemp>
					</gpxtpx:TrackPointExtension>
				</extensions>
			</trkpt>
			<trkpt lat="48.581366" lon="-2.186775">
				<ele>15.2</ele>
				<time>2024-08-18T13:19:46Z</time>
				<extensions>
					<gpxtpx:TrackPointExtension>
						<gpxtpx:hr>104</gpxtpx:hr>
						<gpxtpx:atemp>31</gpxtpx:atemp>
					</gpxtpx:TrackPointExtension>
				</extensions>
			</trkpt>
			<trkpt lat="48.581395" lon="-2.186766">
				<ele>14.8</ele>
				<time>2024-08-18T13:19:49Z</time>
				<extensions>
					<gpxtpx:TrackPointExtension>
						<gpxtpx:hr>105</gpxtpx:hr>
						<gpxtpx:atemp>31</gpxtpx:atemp>
					</gpxtpx:TrackPointExtension>
				</extensions>
			</trkpt>
			<trkpt lat="48.581412" lon="-2.186769">
				<ele>14.2</ele>
				<time>2024-08-18T13:19:51Z</time>
				<extensions>
					<gpxtpx:TrackPointExtension>
						<gpxtpx:hr>105</gpxtpx:hr>
						<gpxtpx:atemp>31</gpxtpx:atemp>
					</gpxtpx:TrackPointExtension>
				</extensions>
			</trkpt>
			<trkpt lat="48.581444" lon="-2.186771">
				<ele>13.4</ele>
				<time>2024-08-18T13:19:54Z</time>
				<extensions>
					<gpxtpx:TrackPointExtension>
						<gpxtpx:hr>104</gpxtpx:hr>
						<gpxtpx:atemp>31</gpxtpx:atemp>
					</gpxtpx:TrackPointExtension>
				</extensions>
			</trkpt>
			<trkpt lat="48.581453" lon="-2.186771">
				<ele>13</ele>
				<time>2024-08-18T13:19:55Z</time>
				<extensions>
					<gpxtpx:TrackPointExtension>
						<gpxtpx:hr>105</gpxtpx:hr>
						<gpxtpx:atemp>31</gpxtpx:atemp>
					</gpxtpx:TrackPointExtension>
				</extensions>
			</trkpt>
			<trkpt lat="48.581492" lon="-2.186754">
				<ele>11.8</ele>
				<time>2024-08-18T13:19:59Z</time>
				<extensions>
					<gpxtpx:TrackPointExtension>
						<gpxtpx:hr>105</gpxtpx:hr>
						<gpxtpx:atemp>31</gpxtpx:atemp>
					</gpxtpx:TrackPointExtension>
				</extensions>
			</trkpt>
			<trkpt lat="48.581506" lon="-2.186732">
				<ele>11.2</ele>
				<time>2024-08-18T13:20:01Z</time>
				<extensions>
					<gpxtpx:TrackPointExtension>
						<gpxtpx:hr>108</gpxtpx:hr>
						<gpxtpx:atemp>31</gpxtpx:atemp>
					</gpxtpx:TrackPointExtension>
				</extensions>
			</trkpt>
			<trkpt lat="48.58153" lon="-2.186725">
				<ele>10.6</ele>
				<time>2024-08-18T13:20:03Z</time>
				<extensions>
					<gpxtpx:TrackPointExtension>
						<gpxtpx:hr>110</gpxtpx:hr>
						<gpxtpx:atemp>31</gpxtpx:atemp>
					</gpxtpx:TrackPointExtension>
				</extensions>
			</trkpt>
			<trkpt lat="48.581586" lon="-2.186749">
				<ele>10.2</ele>
				<time>2024-08-18T13:20:06Z</time>
				<extensions>
					<gpxtpx:TrackPointExtension>
						<gpxtpx:hr>110</gpxtpx:hr>
						<gpxtpx:atemp>31</gpxtpx:atemp>
					</gpxtpx:TrackPointExtension>
				</extensions>
			</trkpt>
			<trkpt lat="48.581625" lon="-2.186715">
				<ele>9.4</ele>
				<time>2024-08-18T13:20:10Z</time>
				<extensions>
					<gpxtpx:TrackPointExtension>
						<gpxtpx:hr>109</gpxtpx:hr>
						<gpxtpx:atemp>31</gpxtpx:atemp>
					</gpxtpx:TrackPointExtension>
				</extensions>
			</trkpt>
			<trkpt lat="48.581696" lon="-2.186674">
				<ele>9</ele>
				<time>2024-08-18T13:20:15Z</time>
				<extensions>
					<gpxtpx:TrackPointExtension>
						<gpxtpx:hr>108</gpxtpx:hr>
						<gpxtpx:atemp>31</gpxtpx:atemp>
					</gpxtpx:TrackPointExtension>
				</extensions>
			</trkpt>
			<trkpt lat="48.581812" lon="-2.186689">
				<ele>8.6</ele>
				<time>2024-08-18T13:20:25Z</time>
				<extensions>
					<gpxtpx:TrackPointExtension>
						<gpxtpx:hr>107</gpxtpx:hr>
						<gpxtpx:atemp>31</gpxtpx:atemp>
					</gpxtpx:TrackPointExtension>
				</extensions>
			</trkpt>
			<trkpt lat="48.581871" lon="-2.186706">
				<ele>8.4</ele>
				<time>2024-08-18T13:20:30Z</time>
				<extensions>
					<gpxtpx:TrackPointExtension>
						<gpxtpx:hr>107</gpxtpx:hr>
						<gpxtpx:atemp>31</gpxtpx:atemp>
					</gpxtpx:TrackPointExtension>
				</extensions>
			</trkpt>
			<trkpt lat="48.581896" lon="-2.186707">
				<ele>8.4</ele>
				<time>2024-08-18T13:20:32Z</time>
				<extensions>
					<gpxtpx:TrackPointExtension>
						<gpxtpx:hr>107</gpxtpx:hr>
						<gpxtpx:atemp>31</gpxtpx:atemp>
					</gpxtpx:TrackPointExtension>
				</extensions>
			</trkpt>
			<trkpt lat="48.581948" lon="-2.186706">
				<ele>8.4</ele>
				<time>2024-08-18T13:20:39Z</time>
				<extensions>
					<gpxtpx:TrackPointExtension>
						<gpxtpx:hr>107</gpxtpx:hr>
						<gpxtpx:atemp>31</gpxtpx:atemp>
					</gpxtpx:TrackPointExtension>
				</extensions>
			</trkpt>
			<trkpt lat="48.582039" lon="-2.186733">
				<ele>7.8</ele>
				<time>2024-08-18T13:20:48Z</time>
				<extensions>
					<gpxtpx:TrackPointExtension>
						<gpxtpx:hr>107</gpxtpx:hr>
						<gpxtpx:atemp>31</gpxtpx:atemp>
					</gpxtpx:TrackPointExtension>
				</extensions>
			</trkpt>
			<trkpt lat="48.582104" lon="-2.186719">
				<ele>8</ele>
				<time>2024-08-18T13:20:55Z</time>
				<extensions>
					<gpxtpx:TrackPointExtension>
						<gpxtpx:hr>106</gpxtpx:hr>
						<gpxtpx:atemp>31</gpxtpx:atemp>
					</gpxtpx:TrackPointExtension>
				</extensions>
			</trkpt>
			<trkpt lat="48.582172" lon="-2.186686">
				<ele>7.8</ele>
				<time>2024-08-18T13:21:02Z</time>
				<extensions>
					<gpxtpx:TrackPointExtension>
						<gpxtpx:hr>104</gpxtpx:hr>
						<gpxtpx:atemp>31</gpxtpx:atemp>
					</gpxtpx:TrackPointExtension>
				</extensions>
			</trkpt>
			<trkpt lat="48.58222" lon="-2.186674">
				<ele>7.4</ele>
				<time>2024-08-18T13:21:08Z</time>
				<extensions>
					<gpxtpx:TrackPointExtension>
						<gpxtpx:hr>102</gpxtpx:hr>
						<gpxtpx:atemp>31</gpxtpx:atemp>
					</gpxtpx:TrackPointExtension>
				</extensions>
			</trkpt>
			<trkpt lat="48.58227" lon="-2.18666">
				<ele>7.4</ele>
				<time>2024-08-18T13:21:12Z</time>
				<extensions>
					<gpxtpx:TrackPointExtension>
						<gpxtpx:hr>102</gpxtpx:hr>
						<gpxtpx:atemp>31</gpxtpx:atemp>
					</gpxtpx:TrackPointExtension>
				</extensions>
			</trkpt>
			<trkpt lat="48.582403" lon="-2.186629">
				<ele>7.2</ele>
				<time>2024-08-18T13:21:22Z</time>
				<extensions>
					<gpxtpx:TrackPointExtension>
						<gpxtpx:hr>103</gpxtpx:hr>
						<gpxtpx:atemp>31</gpxtpx:atemp>
					</gpxtpx:TrackPointExtension>
				</extensions>
			</trkpt>
			<trkpt lat="48.582415" lon="-2.186617">
				<ele>7.2</ele>
				<time>2024-08-18T13:21:23Z</time>
				<extensions>
					<gpxtpx:TrackPointExtension>
						<gpxtpx:hr>104</gpxtpx:hr>
						<gpxtpx:atemp>31</gpxtpx:atemp>
					</gpxtpx:TrackPointExtension>
				</extensions>
			</trkpt>
			<trkpt lat="48.582464" lon="-2.186588">
				<ele>7.2</ele>
				<time>2024-08-18T13:21:28Z</time>
				<extensions>
					<gpxtpx:TrackPointExtension>
						<gpxtpx:hr>105</gpxtpx:hr>
						<gpxtpx:atemp>31</gpxtpx:atemp>
					</gpxtpx:TrackPointExtension>
				</extensions>
			</trkpt>
			<trkpt lat="48.5825" lon="-2.186581">
				<ele>7.2</ele>
				<time>2024-08-18T13:21:33Z</time>
				<extensions>
					<gpxtpx:TrackPointExtension>
						<gpxtpx:hr>102</gpxtpx:hr>
						<gpxtpx:atemp>31</gpxtpx:atemp>
					</gpxtpx:TrackPointExtension>
				</extensions>
			</trkpt>
			<trkpt lat="48.582502" lon="-2.186576">
				<ele>7.2</ele>
				<time>2024-08-18T13:21:34Z</time>
				<extensions>
					<gpxtpx:TrackPointExtension>
						<gpxtpx:hr>102</gpxtpx:hr>
						<gpxtpx:atemp>31</gpxtpx:atemp>
					</gpxtpx:TrackPointExtension>
				</extensions>
			</trkpt>
			<trkpt lat="48.582556" lon="-2.186546">
				<ele>7.2</ele>
				<time>2024-08-18T13:21:40Z</time>
				<extensions>
					<gpxtpx:TrackPointExtension>
						<gpxtpx:hr>102</gpxtpx:hr>
						<gpxtpx:atemp>31</gpxtpx:atemp>
					</gpxtpx:TrackPointExtension>
				</extensions>
			</trkpt>
			<trkpt lat="48.582673" lon="-2.186513">
				<ele>7.2</ele>
				<time>2024-08-18T13:21:50Z</time>
				<extensions>
					<gpxtpx:TrackPointExtension>
						<gpxtpx:hr>104</gpxtpx:hr>
						<gpxtpx:atemp>31</gpxtpx:atemp>
					</gpxtpx:TrackPointExtension>
				</extensions>
			</trkpt>
			<trkpt lat="48.582748" lon="-2.186503">
				<ele>7.2</ele>
				<time>2024-08-18T13:21:57Z</time>
				<extensions>
					<gpxtpx:TrackPointExtension>
						<gpxtpx:hr>106</gpxtpx:hr>
						<gpxtpx:atemp>31</gpxtpx:atemp>
					</gpxtpx:TrackPointExtension>
				</extensions>
			</trkpt>
			<trkpt lat="48.582752" lon="-2.186505">
				<ele>7.2</ele>
				<time>2024-08-18T13:21:58Z</time>
				<extensions>
					<gpxtpx:TrackPointExtension>
						<gpxtpx:hr>106</gpxtpx:hr>
						<gpxtpx:atemp>31</gpxtpx:atemp>
					</gpxtpx:TrackPointExtension>
				</extensions>
			</trkpt>
			<trkpt lat="48.582769" lon="-2.186509">
				<ele>7.4</ele>
				<time>2024-08-18T13:22:03Z</time>
				<extensions>
					<gpxtpx:TrackPointExtension>
						<gpxtpx:hr>105</gpxtpx:hr>
						<gpxtpx:atemp>31</gpxtpx:atemp>
					</gpxtpx:TrackPointExtension>
				</extensions>
			</trkpt>
			<trkpt lat="48.582837" lon="-2.186514">
				<ele>7.4</ele>
				<time>2024-08-18T13:22:09Z</time>
				<extensions>
					<gpxtpx:TrackPointExtension>
						<gpxtpx:hr>108</gpxtpx:hr>
						<gpxtpx:atemp>31</gpxtpx:atemp>
					</gpxtpx:TrackPointExtension>
				</extensions>
			</trkpt>
			<trkpt lat="48.582849" lon="-2.186522">
				<ele>7.4</ele>
				<time>2024-08-18T13:22:10Z</time>
				<extensions>
					<gpxtpx:TrackPointExtension>
						<gpxtpx:hr>108</gpxtpx:hr>
						<gpxtpx:atemp>31</gpxtpx:atemp>
					</gpxtpx:TrackPointExtension>
				</extensions>
			</trkpt>
			<trkpt lat="48.582871" lon="-2.18655">
				<ele>7.2</ele>
				<time>2024-08-18T13:22:17Z</time>
				<extensions>
					<gpxtpx:TrackPointExtension>
						<gpxtpx:hr>108</gpxtpx:hr>
						<gpxtpx:atemp>31</gpxtpx:atemp>
					</gpxtpx:TrackPointExtension>
				</extensions>
			</trkpt>
			<trkpt lat="48.582892" lon="-2.186558">
				<ele>7.2</ele>
				<time>2024-08-18T13:22:20Z</time>
				<extensions>
					<gpxtpx:TrackPointExtension>
						<gpxtpx:hr>105</gpxtpx:hr>
						<gpxtpx:atemp>31</gpxtpx:atemp>
					</gpxtpx:TrackPointExtension>
				</extensions>
			</trkpt>
			<trkpt lat="48.582906" lon="-2.18656">
				<ele>7.2</ele>
				<time>2024-08-18T13:22:22Z</time>
				<extensions>
					<gpxtpx:TrackPointExtension>
						<gpxtpx:hr>103</gpxtpx:hr>
						<gpxtpx:atemp>31</gpxtpx:atemp>
					</gpxtpx:TrackPointExtension>
				</extensions>
			</trkpt>
			<trkpt lat="48.582987" lon="-2.186587">
				<ele>7.2</ele>
				<time>2024-08-18T13:22:29Z</time>
				<extensions>
					<gpxtpx:TrackPointExtension>
						<gpxtpx:hr>105</gpxtpx:hr>
						<gpxtpx:atemp>31</gpxtpx:atemp>
					</gpxtpx:TrackPointExtension>
				</extensions>
			</trkpt>
			<trkpt lat="48.583085" lon="-2.186644">
				<ele>7</ele>
				<time>2024-08-18T13:22:38Z</time>
				<extensions>
					<gpxtpx:TrackPointExtension>
						<gpxtpx:hr>103</gpxtpx:hr>
						<gpxtpx:atemp>31</gpxtpx:atemp>
					</gpxtpx:TrackPointExtension>
				</extensions>
			</trkpt>
			<trkpt lat="48.583125" lon="-2.186697">
				<ele>7</ele>
				<time>2024-08-18T13:22:45Z</time>
				<extensions>
					<gpxtpx:TrackPointExtension>
						<gpxtpx:hr>100</gpxtpx:hr>
						<gpxtpx:atemp>31</gpxtpx:atemp>
					</gpxtpx:TrackPointExtension>
				</extensions>
			</trkpt>
			<trkpt lat="48.583128" lon="-2.1867">
				<ele>7</ele>
				<time>2024-08-18T13:22:46Z</time>
				<extensions>
					<gpxtpx:TrackPointExtension>
						<gpxtpx:hr>100</gpxtpx:hr>
						<gpxtpx:atemp>31</gpxtpx:atemp>
					</gpxtpx:TrackPointExtension>
				</extensions>
			</trkpt>
			<trkpt lat="48.583132" lon="-2.186702">
				<ele>7</ele>
				<time>2024-08-18T13:22:54Z</time>
				<extensions>
					<gpxtpx:TrackPointExtension>
						<gpxtpx:hr>103</gpxtpx:hr>
						<gpxtpx:atemp>31</gpxtpx:atemp>
					</gpxtpx:TrackPointExtension>
				</extensions>
			</trkpt>
			<trkpt lat="48.58314" lon="-2.186699">
				<ele>7</ele>
				<time>2024-08-18T13:22:58Z</time>
				<extensions>
					<gpxtpx:TrackPointExtension>
						<gpxtpx:hr>106</gpxtpx:hr>
						<gpxtpx:atemp>31</gpxtpx:atemp>
					</gpxtpx:TrackPointExtension>
				</extensions>
			</trkpt>
			<trkpt lat="48.583156" lon="-2.186733">
				<ele>7</ele>
				<time>2024-08-18T13:23:01Z</time>
				<extensions>
					<gpxtpx:TrackPointExtension>
						<gpxtpx:hr>104</gpxtpx:hr>
						<gpxtpx:atemp>31</gpxtpx:atemp>
					</gpxtpx:TrackPointExtension>
				</extensions>
			</trkpt>
			<trkpt lat="48.583206" lon="-2.186857">
				<ele>7</ele>
				<time>2024-08-18T13:23:08Z</time>
				<extensions>
					<gpxtpx:TrackPointExtension>
						<gpxtpx:hr>104</gpxtpx:hr>
						<gpxtpx:atemp>31</gpxtpx:atemp>
					</gpxtpx:TrackPointExtension>
				</extensions>
			</trkpt>
			<trkpt lat="48.583255" lon="-2.186984">
				<ele>7</ele>
				<time>2024-08-18T13:23:16Z</time>
				<extensions>
					<gpxtpx:TrackPointExtension>
						<gpxtpx:hr>104</gpxtpx:hr>
						<gpxtpx:atemp>31</gpxtpx:atemp>
					</gpxtpx:TrackPointExtension>
				</extensions>
			</trkpt>
			<trkpt lat="48.58329" lon="-2.187045">
				<ele>7</ele>
				<time>2024-08-18T13:23:21Z</time>
				<extensions>
					<gpxtpx:TrackPointExtension>
						<gpxtpx:hr>103</gpxtpx:hr>
						<gpxtpx:atemp>31</gpxtpx:atemp>
					</gpxtpx:TrackPointExtension>
				</extensions>
			</trkpt>
			<trkpt lat="48.583345" lon="-2.187091">
				<ele>7</ele>
				<time>2024-08-18T13:23:26Z</time>
				<extensions>
					<gpxtpx:TrackPointExtension>
						<gpxtpx:hr>103</gpxtpx:hr>
						<gpxtpx:atemp>31</gpxtpx:atemp>
					</gpxtpx:TrackPointExtension>
				</extensions>
			</trkpt>
			<trkpt lat="48.583435" lon="-2.187175">
				<ele>6.8</ele>
				<time>2024-08-18T13:23:35Z</time>
				<extensions>
					<gpxtpx:TrackPointExtension>
						<gpxtpx:hr>101</gpxtpx:hr>
						<gpxtpx:atemp>31</gpxtpx:atemp>
					</gpxtpx:TrackPointExtension>
				</extensions>
			</trkpt>
			<trkpt lat="48.583523" lon="-2.187218">
				<ele>6.8</ele>
				<time>2024-08-18T13:23:44Z</time>
				<extensions>
					<gpxtpx:TrackPointExtension>
						<gpxtpx:hr>100</gpxtpx:hr>
						<gpxtpx:atemp>31</gpxtpx:atemp>
					</gpxtpx:TrackPointExtension>
				</extensions>
			</trkpt>
			<trkpt lat="48.583558" lon="-2.187257">
				<ele>6.4</ele>
				<time>2024-08-18T13:23:51Z</time>
				<extensions>
					<gpxtpx:TrackPointExtension>
						<gpxtpx:hr>99</gpxtpx:hr>
						<gpxtpx:atemp>31</gpxtpx:atemp>
					</gpxtpx:TrackPointExtension>
				</extensions>
			</trkpt>
			<trkpt lat="48.583632" lon="-2.187338">
				<ele>6.6</ele>
				<time>2024-08-18T13:24:00Z</time>
				<extensions>
					<gpxtpx:TrackPointExtension>
						<gpxtpx:hr>102</gpxtpx:hr>
						<gpxtpx:atemp>31</gpxtpx:atemp>
					</gpxtpx:TrackPointExtension>
				</extensions>
			</trkpt>
			<trkpt lat="48.583701" lon="-2.187468">
				<ele>6.6</ele>
				<time>2024-08-18T13:24:09Z</time>
				<extensions>
					<gpxtpx:TrackPointExtension>
						<gpxtpx:hr>103</gpxtpx:hr>
						<gpxtpx:atemp>30</gpxtpx:atemp>
					</gpxtpx:TrackPointExtension>
				</extensions>
			</trkpt>
			<trkpt lat="48.583772" lon="-2.187618">
				<ele>7</ele>
				<time>2024-08-18T13:24:19Z</time>
				<extensions>
					<gpxtpx:TrackPointExtension>
						<gpxtpx:hr>104</gpxtpx:hr>
						<gpxtpx:atemp>30</gpxtpx:atemp>
					</gpxtpx:TrackPointExtension>
				</extensions>
			</trkpt>
			<trkpt lat="48.583821" lon="-2.187752">
				<ele>7.4</ele>
				<time>2024-08-18T13:24:27Z</time>
				<extensions>
					<gpxtpx:TrackPointExtension>
						<gpxtpx:hr>103</gpxtpx:hr>
						<gpxtpx:atemp>30</gpxtpx:atemp>
					</gpxtpx:TrackPointExtension>
				</extensions>
			</trkpt>
			<trkpt lat="48.583827" lon="-2.187763">
				<ele>7.4</ele>
				<time>2024-08-18T13:24:28Z</time>
				<extensions>
					<gpxtpx:TrackPointExtension>
						<gpxtpx:hr>103</gpxtpx:hr>
						<gpxtpx:atemp>30</gpxtpx:atemp>
					</gpxtpx:TrackPointExtension>
				</extensions>
			</trkpt>
			<trkpt lat="48.583833" lon="-2.187774">
				<ele>7.6</ele>
				<time>2024-08-18T13:24:29Z</time>
				<extensions>
					<gpxtpx:TrackPointExtension>
						<gpxtpx:hr>104</gpxtpx:hr>
						<gpxtpx:atemp>30</gpxtpx:atemp>
					</gpxtpx:TrackPointExtension>
				</extensions>
			</trkpt>
			<trkpt lat="48.583865" lon="-2.187848">
				<ele>7.6</ele>
				<time>2024-08-18T13:24:34Z</time>
				<extensions>
					<gpxtpx:TrackPointExtension>
						<gpxtpx:hr>107</gpxtpx:hr>
						<gpxtpx:atemp>30</gpxtpx:atemp>
					</gpxtpx:TrackPointExtension>
				</extensions>
			</trkpt>
			<trkpt lat="48.583903" lon="-2.187924">
				<ele>7.4</ele>
				<time>2024-08-18T13:24:39Z</time>
				<extensions>
					<gpxtpx:TrackPointExtension>
						<gpxtpx:hr>110</gpxtpx:hr>
						<gpxtpx:atemp>30</gpxtpx:atemp>
					</gpxtpx:TrackPointExtension>
				</extensions>
			</trkpt>
			<trkpt lat="48.583929" lon="-2.187943">
				<ele>7.4</ele>
				<time>2024-08-18T13:24:42Z</time>
				<extensions>
					<gpxtpx:TrackPointExtension>
						<gpxtpx:hr>110</gpxtpx:hr>
						<gpxtpx:atemp>30</gpxtpx:atemp>
					</gpxtpx:TrackPointExtension>
				</extensions>
			</trkpt>
			<trkpt lat="48.583959" lon="-2.187934">
				<ele>7.6</ele>
				<time>2024-08-18T13:24:45Z</time>
				<extensions>
					<gpxtpx:TrackPointExtension>
						<gpxtpx:hr>110</gpxtpx:hr>
						<gpxtpx:atemp>30</gpxtpx:atemp>
					</gpxtpx:TrackPointExtension>
				</extensions>
			</trkpt>
			<trkpt lat="48.584047" lon="-2.187899">
				<ele>7.6</ele>
				<time>2024-08-18T13:24:55Z</time>
				<extensions>
					<gpxtpx:TrackPointExtension>
						<gpxtpx:hr>108</gpxtpx:hr>
						<gpxtpx:atemp>30</gpxtpx:atemp>
					</gpxtpx:TrackPointExtension>
				</extensions>
			</trkpt>
			<trkpt lat="48.584045" lon="-2.187894">
				<ele>7.6</ele>
				<time>2024-08-18T13:24:56Z</time>
				<extensions>
					<gpxtpx:TrackPointExtension>
						<gpxtpx:hr>107</gpxtpx:hr>
						<gpxtpx:atemp>30</gpxtpx:atemp>
					</gpxtpx:TrackPointExtension>
				</extensions>
			</trkpt>
			<trkpt lat="48.584042" lon="-2.187887">
				<ele>7.6</ele>
				<time>2024-08-18T13:24:59Z</time>
				<extensions>
					<gpxtpx:TrackPointExtension>
						<gpxtpx:hr>107</gpxtpx:hr>
						<gpxtpx:atemp>30</gpxtpx:atemp>
					</gpxtpx:TrackPointExtension>
				</extensions>
			</trkpt>
			<trkpt lat="48.584047" lon="-2.187897">
				<ele>7.6</ele>
				<time>2024-08-18T13:25:04Z</time>
				<extensions>
					<gpxtpx:TrackPointExtension>
						<gpxtpx:hr>107</gpxtpx:hr>
						<gpxtpx:atemp>30</gpxtpx:atemp>
					</gpxtpx:TrackPointExtension>
				</extensions>
			</trkpt>
			<trkpt lat="48.584049" lon="-2.18788">
				<ele>7.6</ele>
				<time>2024-08-18T13:25:07Z</time>
				<extensions>
					<gpxtpx:TrackPointExtension>
						<gpxtpx:hr>110</gpxtpx:hr>
						<gpxtpx:atemp>30</gpxtpx:atemp>
					</gpxtpx:TrackPointExtension>
				</extensions>
			</trkpt>
			<trkpt lat="48.584057" lon="-2.18786">
				<ele>7.6</ele>
				<time>2024-08-18T13:25:10Z</time>
				<extensions>
					<gpxtpx:TrackPointExtension>
						<gpxtpx:hr>113</gpxtpx:hr>
						<gpxtpx:atemp>30</gpxtpx:atemp>
					</gpxtpx:TrackPointExtension>
				</extensions>
			</trkpt>
			<trkpt lat="48.584065" lon="-2.187848">
				<ele>7.6</ele>
				<time>2024-08-18T13:25:11Z</time>
				<extensions>
					<gpxtpx:TrackPointExtension>
						<gpxtpx:hr>113</gpxtpx:hr>
						<gpxtpx:atemp>30</gpxtpx:atemp>
					</gpxtpx:TrackPointExtension>
				</extensions>
			</trkpt>
			<trkpt lat="48.58408" lon="-2.187827">
				<ele>7.4</ele>
				<time>2024-08-18T13:25:17Z</time>
				<extensions>
					<gpxtpx:TrackPointExtension>
						<gpxtpx:hr>111</gpxtpx:hr>
						<gpxtpx:atemp>30</gpxtpx:atemp>
					</gpxtpx:TrackPointExtension>
				</extensions>
			</trkpt>
			<trkpt lat="48.584092" lon="-2.187808">
				<ele>7.4</ele>
				<time>2024-08-18T13:25:22Z</time>
				<extensions>
					<gpxtpx:TrackPointExtension>
						<gpxtpx:hr>108</gpxtpx:hr>
						<gpxtpx:atemp>30</gpxtpx:atemp>
					</gpxtpx:TrackPointExtension>
				</extensions>
			</trkpt>
			<trkpt lat="48.584111" lon="-2.187763">
				<ele>7.6</ele>
				<time>2024-08-18T13:25:25Z</time>
				<extensions>
					<gpxtpx:TrackPointExtension>
						<gpxtpx:hr>108</gpxtpx:hr>
						<gpxtpx:atemp>31</gpxtpx:atemp>
					</gpxtpx:TrackPointExtension>
				</extensions>
			</trkpt>
			<trkpt lat="48.584197" lon="-2.187621">
				<ele>7.6</ele>
				<time>2024-08-18T13:25:36Z</time>
				<extensions>
					<gpxtpx:TrackPointExtension>
						<gpxtpx:hr>107</gpxtpx:hr>
						<gpxtpx:atemp>31</gpxtpx:atemp>
					</gpxtpx:TrackPointExtension>
				</extensions>
			</trkpt>
			<trkpt lat="48.58423" lon="-2.187577">
				<ele>7.6</ele>
				<time>2024-08-18T13:25:41Z</time>
				<extensions>
					<gpxtpx:TrackPointExtension>
						<gpxtpx:hr>104</gpxtpx:hr>
						<gpxtpx:atemp>31</gpxtpx:atemp>
					</gpxtpx:TrackPointExtension>
				</extensions>
			</trkpt>
			<trkpt lat="48.584256" lon="-2.18755">
				<ele>7.6</ele>
				<time>2024-08-18T13:25:44Z</time>
				<extensions>
					<gpxtpx:TrackPointExtension>
						<gpxtpx:hr>101</gpxtpx:hr>
						<gpxtpx:atemp>31</gpxtpx:atemp>
					</gpxtpx:TrackPointExtension>
				</extensions>
			</trkpt>
			<trkpt lat="48.584304" lon="-2.187503">
				<ele>7.6</ele>
				<time>2024-08-18T13:25:49Z</time>
				<extensions>
					<gpxtpx:TrackPointExtension>
						<gpxtpx:hr>100</gpxtpx:hr>
						<gpxtpx:atemp>31</gpxtpx:atemp>
					</gpxtpx:TrackPointExtension>
				</extensions>
			</trkpt>
			<trkpt lat="48.584385" lon="-2.187407">
				<ele>7.4</ele>
				<time>2024-08-18T13:25:58Z</time>
				<extensions>
					<gpxtpx:TrackPointExtension>
						<gpxtpx:hr>97</gpxtpx:hr>
						<gpxtpx:atemp>31</gpxtpx:atemp>
					</gpxtpx:TrackPointExtension>
				</extensions>
			</trkpt>
			<trkpt lat="48.584429" lon="-2.187355">
				<ele>7.4</ele>
				<time>2024-08-18T13:26:03Z</time>
				<extensions>
					<gpxtpx:TrackPointExtension>
						<gpxtpx:hr>98</gpxtpx:hr>
						<gpxtpx:atemp>31</gpxtpx:atemp>
					</gpxtpx:TrackPointExtension>
				</extensions>
			</trkpt>
			<trkpt lat="48.584511" lon="-2.187229">
				<ele>7.6</ele>
				<time>2024-08-18T13:26:13Z</time>
				<extensions>
					<gpxtpx:TrackPointExtension>
						<gpxtpx:hr>101</gpxtpx:hr>
						<gpxtpx:atemp>31</gpxtpx:atemp>
					</gpxtpx:TrackPointExtension>
				</extensions>
			</trkpt>
			<trkpt lat="48.584538" lon="-2.187188">
				<ele>8</ele>
				<time>2024-08-18T13:26:16Z</time>
				<extensions>
					<gpxtpx:TrackPointExtension>
						<gpxtpx:hr>104</gpxtpx:hr>
						<gpxtpx:atemp>31</gpxtpx:atemp>
					</gpxtpx:TrackPointExtension>
				</extensions>
			</trkpt>
			<trkpt lat="48.584552" lon="-2.187161">
				<ele>8</ele>
				<time>2024-08-18T13:26:18Z</time>
				<extensions>
					<gpxtpx:TrackPointExtension>
						<gpxtpx:hr>107</gpxtpx:hr>
						<gpxtpx:atemp>31</gpxtpx:atemp>
					</gpxtpx:TrackPointExtension>
				</extensions>
			</trkpt>
			<trkpt lat="48.584604" lon="-2.187057">
				<ele>8</ele>
				<time>2024-08-18T13:26:25Z</time>
				<extensions>
					<gpxtpx:TrackPointExtension>
						<gpxtpx:hr>110</gpxtpx:hr>
						<gpxtpx:atemp>31</gpxtpx:atemp>
					</gpxtpx:TrackPointExtension>
				</extensions>
			</trkpt>
			<trkpt lat="48.584657" lon="-2.186972">
				<ele>7.8</ele>
				<time>2024-08-18T13:26:31Z</time>
				<extensions>
					<gpxtpx:TrackPointExtension>
						<gpxtpx:hr>110</gpxtpx:hr>
						<gpxtpx:atemp>31</gpxtpx:atemp>
					</gpxtpx:TrackPointExtension>
				</extensions>
			</trkpt>
			<trkpt lat="48.584722" lon="-2.186942">
				<ele>8</ele>
				<time>2024-08-18T13:26:37Z</time>
				<extensions>
					<gpxtpx:TrackPointExtension>
						<gpxtpx:hr>113</gpxtpx:hr>
						<gpxtpx:atemp>31</gpxtpx:atemp>
					</gpxtpx:TrackPointExtension>
				</extensions>
			</trkpt>
			<trkpt lat="48.584745" lon="-2.186953">
				<ele>8</ele>
				<time>2024-08-18T13:26:39Z</time>
				<extensions>
					<gpxtpx:TrackPointExtension>
						<gpxtpx:hr>113</gpxtpx:hr>
						<gpxtpx:atemp>31</gpxtpx:atemp>
					</gpxtpx:TrackPointExtension>
				</extensions>
			</trkpt>
			<trkpt lat="48.584844" lon="-2.187035">
				<ele>7</ele>
				<time>2024-08-18T13:26:48Z</time>
				<extensions>
					<gpxtpx:TrackPointExtension>
						<gpxtpx:hr>110</gpxtpx:hr>
						<gpxtpx:atemp>31</gpxtpx:atemp>
					</gpxtpx:TrackPointExtension>
				</extensions>
			</trkpt>
			<trkpt lat="48.584856" lon="-2.187045">
				<ele>7</ele>
				<time>2024-08-18T13:26:49Z</time>
				<extensions>
					<gpxtpx:TrackPointExtension>
						<gpxtpx:hr>109</gpxtpx:hr>
						<gpxtpx:atemp>31</gpxtpx:atemp>
					</gpxtpx:TrackPointExtension>
				</extensions>
			</trkpt>
			<trkpt lat="48.584995" lon="-2.187145">
				<ele>7.2</ele>
				<time>2024-08-18T13:27:02Z</time>
				<extensions>
					<gpxtpx:TrackPointExtension>
						<gpxtpx:hr>108</gpxtpx:hr>
						<gpxtpx:atemp>31</gpxtpx:atemp>
					</gpxtpx:TrackPointExtension>
				</extensions>
			</trkpt>
			<trkpt lat="48.585058" lon="-2.18718">
				<ele>7.4</ele>
				<time>2024-08-18T13:27:10Z</time>
				<extensions>
					<gpxtpx:TrackPointExtension>
						<gpxtpx:hr>108</gpxtpx:hr>
						<gpxtpx:atemp>31</gpxtpx:atemp>
					</gpxtpx:TrackPointExtension>
				</extensions>
			</trkpt>
			<trkpt lat="48.585066" lon="-2.187187">
				<ele>7.4</ele>
				<time>2024-08-18T13:27:11Z</time>
				<extensions>
					<gpxtpx:TrackPointExtension>
						<gpxtpx:hr>108</gpxtpx:hr>
						<gpxtpx:atemp>31</gpxtpx:atemp>
					</gpxtpx:TrackPointExtension>
				</extensions>
			</trkpt>
			<trkpt lat="48.585189" lon="-2.187282">
				<ele>7</ele>
				<time>2024-08-18T13:27:22Z</time>
				<extensions>
					<gpxtpx:TrackPointExtension>
						<gpxtpx:hr>106</gpxtpx:hr>
						<gpxtpx:atemp>31</gpxtpx:atemp>
					</gpxtpx:TrackPointExtension>
				</extensions>
			</trkpt>
			<trkpt lat="48.585308" lon="-2.187359">
				<ele>7</ele>
				<time>2024-08-18T13:27:32Z</time>
				<extensions>
					<gpxtpx:TrackPointExtension>
						<gpxtpx:hr>107</gpxtpx:hr>
						<gpxtpx:atemp>31</gpxtpx:atemp>
					</gpxtpx:TrackPointExtension>
				</extensions>
			</trkpt>
			<trkpt lat="48.585332" lon="-2.187371">
				<ele>7.2</ele>
				<time>2024-08-18T13:27:34Z</time>
				<extensions>
					<gpxtpx:TrackPointExtension>
						<gpxtpx:hr>110</gpxtpx:hr>
						<gpxtpx:atemp>31</gpxtpx:atemp>
					</gpxtpx:TrackPointExtension>
				</extensions>
			</trkpt>
			<trkpt lat="48.585407" lon="-2.187409">
				<ele>7.6</ele>
				<time>2024-08-18T13:27:40Z</time>
				<extensions>
					<gpxtpx:TrackPointExtension>
						<gpxtpx:hr>113</gpxtpx:hr>
						<gpxtpx:atemp>30</gpxtpx:atemp>
					</gpxtpx:TrackPointExtension>
				</extensions>
			</trkpt>
			<trkpt lat="48.585442" lon="-2.187425">
				<ele>7.8</ele>
				<time>2024-08-18T13:27:43Z</time>
				<extensions>
					<gpxtpx:TrackPointExtension>
						<gpxtpx:hr>113</gpxtpx:hr>
						<gpxtpx:atemp>30</gpxtpx:atemp>
					</gpxtpx:TrackPointExtension>
				</extensions>
			</trkpt>
			<trkpt lat="48.585562" lon="-2.187471">
				<ele>7</ele>
				<time>2024-08-18T13:27:53Z</time>
				<extensions>
					<gpxtpx:TrackPointExtension>
						<gpxtpx:hr>113</gpxtpx:hr>
						<gpxtpx:atemp>30</gpxtpx:atemp>
					</gpxtpx:TrackPointExtension>
				</extensions>
			</trkpt>
			<trkpt lat="48.585693" lon="-2.187507">
				<ele>7.2</ele>
				<time>2024-08-18T13:28:04Z</time>
				<extensions>
					<gpxtpx:TrackPointExtension>
						<gpxtpx:hr>115</gpxtpx:hr>
						<gpxtpx:atemp>30</gpxtpx:atemp>
					</gpxtpx:TrackPointExtension>
				</extensions>
			</trkpt>
			<trkpt lat="48.585825" lon="-2.187551">
				<ele>6.8</ele>
				<time>2024-08-18T13:28:15Z</time>
				<extensions>
					<gpxtpx:TrackPointExtension>
						<gpxtpx:hr>112</gpxtpx:hr>
						<gpxtpx:atemp>30</gpxtpx:atemp>
					</gpxtpx:TrackPointExtension>
				</extensions>
			</trkpt>
			<trkpt lat="48.585849" lon="-2.187565">
				<ele>6.4</ele>
				<time>2024-08-18T13:28:17Z</time>
				<extensions>
					<gpxtpx:TrackPointExtension>
						<gpxtpx:hr>109</gpxtpx:hr>
						<gpxtpx:atemp>30</gpxtpx:atemp>
					</gpxtpx:TrackPointExtension>
				</extensions>
			</trkpt>
			<trkpt lat="48.585872" lon="-2.187569">
				<ele>6.4</ele>
				<time>2024-08-18T13:28:19Z</time>
				<extensions>
					<gpxtpx:TrackPointExtension>
						<gpxtpx:hr>108</gpxtpx:hr>
						<gpxtpx:atemp>30</gpxtpx:atemp>
					</gpxtpx:TrackPointExtension>
				</extensions>
			</trkpt>
			<trkpt lat="48.585993" lon="-2.187609">
				<ele>6.8</ele>
				<time>2024-08-18T13:28:29Z</time>
				<extensions>
					<gpxtpx:TrackPointExtension>
						<gpxtpx:hr>109</gpxtpx:hr>
						<gpxtpx:atemp>30</gpxtpx:atemp>
					</gpxtpx:TrackPointExtension>
				</extensions>
			</trkpt>
			<trkpt lat="48.586158" lon="-2.187651">
				<ele>7</ele>
				<time>2024-08-18T13:28:42Z</time>
				<extensions>
					<gpxtpx:TrackPointExtension>
						<gpxtpx:hr>110</gpxtpx:hr>
						<gpxtpx:atemp>30</gpxtpx:atemp>
					</gpxtpx:TrackPointExtension>
				</extensions>
			</trkpt>
			<trkpt lat="48.586223" lon="-2.187666">
				<ele>7</ele>
				<time>2024-08-18T13:28:47Z</time>
				<extensions>
					<gpxtpx:TrackPointExtension>
						<gpxtpx:hr>113</gpxtpx:hr>
						<gpxtpx:atemp>30</gpxtpx:atemp>
					</gpxtpx:TrackPointExtension>
				</extensions>
			</trkpt>
			<trkpt lat="48.586312" lon="-2.187693">
				<ele>6.6</ele>
				<time>2024-08-18T13:28:54Z</time>
				<extensions>
					<gpxtpx:TrackPointExtension>
						<gpxtpx:hr>115</gpxtpx:hr>
						<gpxtpx:atemp>30</gpxtpx:atemp>
					</gpxtpx:TrackPointExtension>
				</extensions>
			</trkpt>
			<trkpt lat="48.586338" lon="-2.187702">
				<ele>6.6</ele>
				<time>2024-08-18T13:28:56Z</time>
				<extensions>
					<gpxtpx:TrackPointExtension>
						<gpxtpx:hr>115</gpxtpx:hr>
						<gpxtpx:atemp>30</gpxtpx:atemp>
					</gpxtpx:TrackPointExtension>
				</extensions>
			</trkpt>
			<trkpt lat="48.586444" lon="-2.187729">
				<ele>6</ele>
				<time>2024-08-18T13:29:05Z</time>
				<extensions>
					<gpxtpx:TrackPointExtension>
						<gpxtpx:hr>114</gpxtpx:hr>
						<gpxtpx:atemp>30</gpxtpx:atemp>
					</gpxtpx:TrackPointExtension>
				</extensions>
			</trkpt>
			<trkpt lat="48.586481" lon="-2.187737">
				<ele>6</ele>
				<time>2024-08-18T13:29:09Z</time>
				<extensions>
					<gpxtpx:TrackPointExtension>
						<gpxtpx:hr>112</gpxtpx:hr>
						<gpxtpx:atemp>30</gpxtpx:atemp>
					</gpxtpx:TrackPointExtension>
				</extensions>
			</trkpt>
			<trkpt lat="48.586493" lon="-2.187739">
				<ele>6.2</ele>
				<time>2024-08-18T13:29:11Z</time>
				<extensions>
					<gpxtpx:TrackPointExtension>
						<gpxtpx:hr>112</gpxtpx:hr>
						<gpxtpx:atemp>30</gpxtpx:atemp>
					</gpxtpx:TrackPointExtension>
				</extensions>
			</trkpt>
			<trkpt lat="48.586504" lon="-2.187741">
				<ele>6.2</ele>
				<time>2024-08-18T13:29:12Z</time>
				<extensions>
					<gpxtpx:TrackPointExtension>
						<gpxtpx:hr>112</gpxtpx:hr>
						<gpxtpx:atemp>30</gpxtpx:atemp>
					</gpxtpx:TrackPointExtension>
				</extensions>
			</trkpt>
			<trkpt lat="48.586539" lon="-2.187751">
				<ele>6.2</ele>
				<time>2024-08-18T13:29:15Z</time>
				<extensions>
					<gpxtpx:TrackPointExtension>
						<gpxtpx:hr>112</gpxtpx:hr>
						<gpxtpx:atemp>30</gpxtpx:atemp>
					</gpxtpx:TrackPointExtension>
				</extensions>
			</trkpt>
			<trkpt lat="48.586588" lon="-2.187762">
				<ele>6.4</ele>
				<time>2024-08-18T13:29:19Z</time>
				<extensions>
					<gpxtpx:TrackPointExtension>
						<gpxtpx:hr>113</gpxtpx:hr>
						<gpxtpx:atemp>30</gpxtpx:atemp>
					</gpxtpx:TrackPointExtension>
				</extensions>
			</trkpt>
			<trkpt lat="48.58668" lon="-2.187784">
				<ele>6.8</ele>
				<time>2024-08-18T13:29:26Z</time>
				<extensions>
					<gpxtpx:TrackPointExtension>
						<gpxtpx:hr>116</gpxtpx:hr>
						<gpxtpx:atemp>30</gpxtpx:atemp>
					</gpxtpx:TrackPointExtension>
				</extensions>
			</trkpt>
			<trkpt lat="48.586754" lon="-2.187812">
				<ele>6</ele>
				<time>2024-08-18T13:29:32Z</time>
				<extensions>
					<gpxtpx:TrackPointExtension>
						<gpxtpx:hr>115</gpxtpx:hr>
						<gpxtpx:atemp>30</gpxtpx:atemp>
					</gpxtpx:TrackPointExtension>
				</extensions>
			</trkpt>
			<trkpt lat="48.586781" lon="-2.187823">
				<ele>6</ele>
				<time>2024-08-18T13:29:34Z</time>
				<extensions>
					<gpxtpx:TrackPointExtension>
						<gpxtpx:hr>112</gpxtpx:hr>
						<gpxtpx:atemp>30</gpxtpx:atemp>
					</gpxtpx:TrackPointExtension>
				</extensions>
			</trkpt>
			<trkpt lat="48.586881" lon="-2.187838">
				<ele>6.2</ele>
				<time>2024-08-18T13:29:42Z</time>
				<extensions>
					<gpxtpx:TrackPointExtension>
						<gpxtpx:hr>112</gpxtpx:hr>
						<gpxtpx:atemp>30</gpxtpx:atemp>
					</gpxtpx:TrackPointExtension>
				</extensions>
			</trkpt>
			<trkpt lat="48.586995" lon="-2.187857">
				<ele>6</ele>
				<time>2024-08-18T13:29:51Z</time>
				<extensions>
					<gpxtpx:TrackPointExtension>
						<gpxtpx:hr>112</gpxtpx:hr>
						<gpxtpx:atemp>30</gpxtpx:atemp>
					</gpxtpx:TrackPointExtension>
				</extensions>
			</trkpt>
			<trkpt lat="48.587178" lon="-2.187875">
				<ele>6.2</ele>
				<time>2024-08-18T13:30:05Z</time>
				<extensions>
					<gpxtpx:TrackPointExtension>
						<gpxtpx:hr>112</gpxtpx:hr>
						<gpxtpx:atemp>30</gpxtpx:atemp>
					</gpxtpx:TrackPointExtension>
				</extensions>
			</trkpt>
			<trkpt lat="48.58719" lon="-2.187874">
				<ele>6.2</ele>
				<time>2024-08-18T13:30:06Z</time>
				<extensions>
					<gpxtpx:TrackPointExtension>
						<gpxtpx:hr>111</gpxtpx:hr>
						<gpxtpx:atemp>30</gpxtpx:atemp>
					</gpxtpx:TrackPointExtension>
				</extensions>
			</trkpt>
			<trkpt lat="48.587276" lon="-2.187871">
				<ele>6</ele>
				<time>2024-08-18T13:30:13Z</time>
				<extensions>
					<gpxtpx:TrackPointExtension>
						<gpxtpx:hr>112</gpxtpx:hr>
						<gpxtpx:atemp>30</gpxtpx:atemp>
					</gpxtpx:TrackPointExtension>
				</extensions>
			</trkpt>
			<trkpt lat="48.587341" lon="-2.187881">
				<ele>6</ele>
				<time>2024-08-18T13:30:18Z</time>
				<extensions>
					<gpxtpx:TrackPointExtension>
						<gpxtpx:hr>110</gpxtpx:hr>
						<gpxtpx:atemp>30</gpxtpx:atemp>
					</gpxtpx:TrackPointExtension>
				</extensions>
			</trkpt>
			<trkpt lat="48.587484" lon="-2.187894">
				<ele>5.8</ele>
				<time>2024-08-18T13:30:29Z</time>
				<extensions>
					<gpxtpx:TrackPointExtension>
						<gpxtpx:hr>111</gpxtpx:hr>
						<gpxtpx:atemp>30</gpxtpx:atemp>
					</gpxtpx:TrackPointExtension>
				</extensions>
			</trkpt>
			<trkpt lat="48.587524" lon="-2.1879">
				<ele>5.8</ele>
				<time>2024-08-18T13:30:32Z</time>
				<extensions>
					<gpxtpx:TrackPointExtension>
						<gpxtpx:hr>115</gpxtpx:hr>
						<gpxtpx:atemp>30</gpxtpx:atemp>
					</gpxtpx:TrackPointExtension>
				</extensions>
			</trkpt>
			<trkpt lat="48.587551" lon="-2.187901">
				<ele>5.8</ele>
				<time>2024-08-18T13:30:34Z</time>
				<extensions>
					<gpxtpx:TrackPointExtension>
						<gpxtpx:hr>118</gpxtpx:hr>
						<gpxtpx:atemp>30</gpxtpx:atemp>
					</gpxtpx:TrackPointExtension>
				</extensions>
			</trkpt>
			<trkpt lat="48.587641" lon="-2.187917">
				<ele>6</ele>
				<time>2024-08-18T13:30:41Z</time>
				<extensions>
					<gpxtpx:TrackPointExtension>
						<gpxtpx:hr>117</gpxtpx:hr>
						<gpxtpx:atemp>30</gpxtpx:atemp>
					</gpxtpx:TrackPointExtension>
				</extensions>
			</trkpt>
			<trkpt lat="48.587759" lon="-2.18792">
				<ele>5.6</ele>
				<time>2024-08-18T13:30:50Z</time>
				<extensions>
					<gpxtpx:TrackPointExtension>
						<gpxtpx:hr>116</gpxtpx:hr>
						<gpxtpx:atemp>30</gpxtpx:atemp>
					</gpxtpx:TrackPointExtension>
				</extensions>
			</trkpt>
			<trkpt lat="48.587822" lon="-2.18792">
				<ele>5.2</ele>
				<time>2024-08-18T13:30:55Z</time>
				<extensions>
					<gpxtpx:TrackPointExtension>
						<gpxtpx:hr>113</gpxtpx:hr>
						<gpxtpx:atemp>29</gpxtpx:atemp>
					</gpxtpx:TrackPointExtension>
				</extensions>
			</trkpt>
			<trkpt lat="48.587932" lon="-2.18789">
				<ele>5.4</ele>
				<time>2024-08-18T13:31:03Z</time>
				<extensions>
					<gpxtpx:TrackPointExtension>
						<gpxtpx:hr>114</gpxtpx:hr>
						<gpxtpx:atemp>29</gpxtpx:atemp>
					</gpxtpx:TrackPointExtension>
				</extensions>
			</trkpt>
			<trkpt lat="48.588061" lon="-2.187852">
				<ele>5.8</ele>
				<time>2024-08-18T13:31:13Z</time>
				<extensions>
					<gpxtpx:TrackPointExtension>
						<gpxtpx:hr>113</gpxtpx:hr>
						<gpxtpx:atemp>29</gpxtpx:atemp>
					</gpxtpx:TrackPointExtension>
				</extensions>
			</trkpt>
			<trkpt lat="48.588221" lon="-2.187815">
				<ele>5.2</ele>
				<time>2024-08-18T13:31:26Z</time>
				<extensions>
					<gpxtpx:TrackPointExtension>
						<gpxtpx:hr>113</gpxtpx:hr>
						<gpxtpx:atemp>29</gpxtpx:atemp>
					</gpxtpx:TrackPointExtension>
				</extensions>
			</trkpt>
			<trkpt lat="48.588364" lon="-2.187805">
				<ele>5.6</ele>
				<time>2024-08-18T13:31:37Z</time>
				<extensions>
					<gpxtpx:TrackPointExtension>
						<gpxtpx:hr>113</gpxtpx:hr>
						<gpxtpx:atemp>29</gpxtpx:atemp>
					</gpxtpx:TrackPointExtension>
				</extensions>
			</trkpt>
			<trkpt lat="48.588494" lon="-2.187802">
				<ele>5.6</ele>
				<time>2024-08-18T13:31:47Z</time>
				<extensions>
					<gpxtpx:TrackPointExtension>
						<gpxtpx:hr>116</gpxtpx:hr>
						<gpxtpx:atemp>29</gpxtpx:atemp>
					</gpxtpx:TrackPointExtension>
				</extensions>
			</trkpt>
			<trkpt lat="48.588519" lon="-2.187797">
				<ele>5.6</ele>
				<time>2024-08-18T13:31:49Z</time>
				<extensions>
					<gpxtpx:TrackPointExtension>
						<gpxtpx:hr>116</gpxtpx:hr>
						<gpxtpx:atemp>29</gpxtpx:atemp>
					</gpxtpx:TrackPointExtension>
				</extensions>
			</trkpt>
			<trkpt lat="48.588556" lon="-2.187787">
				<ele>5.4</ele>
				<time>2024-08-18T13:31:52Z</time>
				<extensions>
					<gpxtpx:TrackPointExtension>
						<gpxtpx:hr>120</gpxtpx:hr>
						<gpxtpx:atemp>29</gpxtpx:atemp>
					</gpxtpx:TrackPointExtension>
				</extensions>
			</trkpt>
			<trkpt lat="48.588618" lon="-2.187768">
				<ele>5.6</ele>
				<time>2024-08-18T13:31:57Z</time>
				<extensions>
					<gpxtpx:TrackPointExtension>
						<gpxtpx:hr>117</gpxtpx:hr>
						<gpxtpx:atemp>29</gpxtpx:atemp>
					</gpxtpx:TrackPointExtension>
				</extensions>
			</trkpt>
			<trkpt lat="48.588632" lon="-2.187763">
				<ele>5.6</ele>
				<time>2024-08-18T13:31:58Z</time>
				<extensions>
					<gpxtpx:TrackPointExtension>
						<gpxtpx:hr>118</gpxtpx:hr>
						<gpxtpx:atemp>29</gpxtpx:atemp>
					</gpxtpx:TrackPointExtension>
				</extensions>
			</trkpt>
			<trkpt lat="48.588786" lon="-2.187693">
				<ele>5.4</ele>
				<time>2024-08-18T13:32:10Z</time>
				<extensions>
					<gpxtpx:TrackPointExtension>
						<gpxtpx:hr>117</gpxtpx:hr>
						<gpxtpx:atemp>29</gpxtpx:atemp>
					</gpxtpx:TrackPointExtension>
				</extensions>
			</trkpt>
			<trkpt lat="48.588917" lon="-2.187655">
				<ele>5.4</ele>
				<time>2024-08-18T13:32:20Z</time>
				<extensions>
					<gpxtpx:TrackPointExtension>
						<gpxtpx:hr>116</gpxtpx:hr>
						<gpxtpx:atemp>29</gpxtpx:atemp>
					</gpxtpx:TrackPointExtension>
				</extensions>
			</trkpt>
			<trkpt lat="48.589055" lon="-2.187617">
				<ele>5.2</ele>
				<time>2024-08-18T13:32:31Z</time>
				<extensions>
					<gpxtpx:TrackPointExtension>
						<gpxtpx:hr>114</gpxtpx:hr>
						<gpxtpx:atemp>29</gpxtpx:atemp>
					</gpxtpx:TrackPointExtension>
				</extensions>
			</trkpt>
			<trkpt lat="48.589187" lon="-2.187553">
				<ele>5.8</ele>
				<time>2024-08-18T13:32:42Z</time>
				<extensions>
					<gpxtpx:TrackPointExtension>
						<gpxtpx:hr>113</gpxtpx:hr>
						<gpxtpx:atemp>29</gpxtpx:atemp>
					</gpxtpx:TrackPointExtension>
				</extensions>
			</trkpt>
			<trkpt lat="48.589208" lon="-2.187541">
				<ele>5.8</ele>
				<time>2024-08-18T13:32:44Z</time>
				<extensions>
					<gpxtpx:TrackPointExtension>
						<gpxtpx:hr>110</gpxtpx:hr>
						<gpxtpx:atemp>29</gpxtpx:atemp>
					</gpxtpx:TrackPointExtension>
				</extensions>
			</trkpt>
			<trkpt lat="48.589262" lon="-2.187482">
				<ele>5</ele>
				<time>2024-08-18T13:32:50Z</time>
				<extensions>
					<gpxtpx:TrackPointExtension>
						<gpxtpx:hr>111</gpxtpx:hr>
						<gpxtpx:atemp>29</gpxtpx:atemp>
					</gpxtpx:TrackPointExtension>
				</extensions>
			</trkpt>
			<trkpt lat="48.589301" lon="-2.187466">
				<ele>4.8</ele>
				<time>2024-08-18T13:32:55Z</time>
				<extensions>
					<gpxtpx:TrackPointExtension>
						<gpxtpx:hr>110</gpxtpx:hr>
						<gpxtpx:atemp>29</gpxtpx:atemp>
					</gpxtpx:TrackPointExtension>
				</extensions>
			</trkpt>
			<trkpt lat="48.58931" lon="-2.18746">
				<ele>4.8</ele>
				<time>2024-08-18T13:32:57Z</time>
				<extensions>
					<gpxtpx:TrackPointExtension>
						<gpxtpx:hr>110</gpxtpx:hr>
						<gpxtpx:atemp>29</gpxtpx:atemp>
					</gpxtpx:TrackPointExtension>
				</extensions>
			</trkpt>
			<trkpt lat="48.589336" lon="-2.187446">
				<ele>4.8</ele>
				<time>2024-08-18T13:33:00Z</time>
				<extensions>
					<gpxtpx:TrackPointExtension>
						<gpxtpx:hr>112</gpxtpx:hr>
						<gpxtpx:atemp>29</gpxtpx:atemp>
					</gpxtpx:TrackPointExtension>
				</extensions>
			</trkpt>
			<trkpt lat="48.589354" lon="-2.187441">
				<ele>4.8</ele>
				<time>2024-08-18T13:33:02Z</time>
				<extensions>
					<gpxtpx:TrackPointExtension>
						<gpxtpx:hr>112</gpxtpx:hr>
						<gpxtpx:atemp>29</gpxtpx:atemp>
					</gpxtpx:TrackPointExtension>
				</extensions>
			</trkpt>
			<trkpt lat="48.589357" lon="-2.18744">
				<ele>4.8</ele>
				<time>2024-08-18T13:33:04Z</time>
				<extensions>
					<gpxtpx:TrackPointExtension>
						<gpxtpx:hr>111</gpxtpx:hr>
						<gpxtpx:atemp>29</gpxtpx:atemp>
					</gpxtpx:TrackPointExtension>
				</extensions>
			</trkpt>
			<trkpt lat="48.589415" lon="-2.187412">
				<ele>4.4</ele>
				<time>2024-08-18T13:33:11Z</time>
				<extensions>
					<gpxtpx:TrackPointExtension>
						<gpxtpx:hr>111</gpxtpx:hr>
						<gpxtpx:atemp>29</gpxtpx:atemp>
					</gpxtpx:TrackPointExtension>
				</extensions>
			</trkpt>
			<trkpt lat="48.589553" lon="-2.187376">
				<ele>4.6</ele>
				<time>2024-08-18T13:33:22Z</time>
				<extensions>
					<gpxtpx:TrackPointExtension>
						<gpxtpx:hr>108</gpxtpx:hr>
						<gpxtpx:atemp>29</gpxtpx:atemp>
					</gpxtpx:TrackPointExtension>
				</extensions>
			</trkpt>
			<trkpt lat="48.589586" lon="-2.187369">
				<ele>4.8</ele>
				<time>2024-08-18T13:33:25Z</time>
				<extensions>
					<gpxtpx:TrackPointExtension>
						<gpxtpx:hr>107</gpxtpx:hr>
						<gpxtpx:atemp>29</gpxtpx:atemp>
					</gpxtpx:TrackPointExtension>
				</extensions>
			</trkpt>
			<trkpt lat="48.589705" lon="-2.18734">
				<ele>4.6</ele>
				<time>2024-08-18T13:33:35Z</time>
				<extensions>
					<gpxtpx:TrackPointExtension>
						<gpxtpx:hr>109</gpxtpx:hr>
						<gpxtpx:atemp>29</gpxtpx:atemp>
					</gpxtpx:TrackPointExtension>
				</extensions>
			</trkpt>
			<trkpt lat="48.58973" lon="-2.187331">
				<ele>4.2</ele>
				<time>2024-08-18T13:33:37Z</time>
				<extensions>
					<gpxtpx:TrackPointExtension>
						<gpxtpx:hr>109</gpxtpx:hr>
						<gpxtpx:atemp>29</gpxtpx:atemp>
					</gpxtpx:TrackPointExtension>
				</extensions>
			</trkpt>
			<trkpt lat="48.58979" lon="-2.187238">
				<ele>5</ele>
				<time>2024-08-18T13:33:44Z</time>
				<extensions>
					<gpxtpx:TrackPointExtension>
						<gpxtpx:hr>110</gpxtpx:hr>
						<gpxtpx:atemp>29</gpxtpx:atemp>
					</gpxtpx:TrackPointExtension>
				</extensions>
			</trkpt>
			<trkpt lat="48.589836" lon="-2.187036">
				<ele>4.6</ele>
				<time>2024-08-18T13:33:55Z</time>
				<extensions>
					<gpxtpx:TrackPointExtension>
						<gpxtpx:hr>112</gpxtpx:hr>
						<gpxtpx:atemp>29</gpxtpx:atemp>
					</gpxtpx:TrackPointExtension>
				</extensions>
			</trkpt>
			<trkpt lat="48.589873" lon="-2.186874">
				<ele>4.4</ele>
				<time>2024-08-18T13:34:04Z</time>
				<extensions>
					<gpxtpx:TrackPointExtension>
						<gpxtpx:hr>115</gpxtpx:hr>
						<gpxtpx:atemp>30</gpxtpx:atemp>
					</gpxtpx:TrackPointExtension>
				</extensions>
			</trkpt>
			<trkpt lat="48.589878" lon="-2.186858">
				<ele>4.4</ele>
				<time>2024-08-18T13:34:05Z</time>
				<extensions>
					<gpxtpx:TrackPointExtension>
						<gpxtpx:hr>115</gpxtpx:hr>
						<gpxtpx:atemp>30</gpxtpx:atemp>
					</gpxtpx:TrackPointExtension>
				</extensions>
			</trkpt>
			<trkpt lat="48.589938" lon="-2.186694">
				<ele>4.8</ele>
				<time>2024-08-18T13:34:15Z</time>
				<extensions>
					<gpxtpx:TrackPointExtension>
						<gpxtpx:hr>116</gpxtpx:hr>
						<gpxtpx:atemp>30</gpxtpx:atemp>
					</gpxtpx:TrackPointExtension>
				</extensions>
			</trkpt>
			<trkpt lat="48.589951" lon="-2.186646">
				<ele>4.8</ele>
				<time>2024-08-18T13:34:18Z</time>
				<extensions>
					<gpxtpx:TrackPointExtension>
						<gpxtpx:hr>118</gpxtpx:hr>
						<gpxtpx:atemp>30</gpxtpx:atemp>
					</gpxtpx:TrackPointExtension>
				</extensions>
			</trkpt>
			<trkpt lat="48.589977" lon="-2.186574">
				<ele>4.8</ele>
				<time>2024-08-18T13:34:22Z</time>
				<extensions>
					<gpxtpx:TrackPointExtension>
						<gpxtpx:hr>115</gpxtpx:hr>
						<gpxtpx:atemp>30</gpxtpx:atemp>
					</gpxtpx:TrackPointExtension>
				</extensions>
			</trkpt>
			<trkpt lat="48.590017" lon="-2.186471">
				<ele>5.4</ele>
				<time>2024-08-18T13:34:28Z</time>
				<extensions>
					<gpxtpx:TrackPointExtension>
						<gpxtpx:hr>114</gpxtpx:hr>
						<gpxtpx:atemp>30</gpxtpx:atemp>
					</gpxtpx:TrackPointExtension>
				</extensions>
			</trkpt>
			<trkpt lat="48.590024" lon="-2.186453">
				<ele>5.4</ele>
				<time>2024-08-18T13:34:29Z</time>
				<extensions>
					<gpxtpx:TrackPointExtension>
						<gpxtpx:hr>113</gpxtpx:hr>
						<gpxtpx:atemp>31</gpxtpx:atemp>
					</gpxtpx:TrackPointExtension>
				</extensions>
			</trkpt>
			<trkpt lat="48.590061" lon="-2.186346">
				<ele>5.6</ele>
				<time>2024-08-18T13:34:35Z</time>
				<extensions>
					<gpxtpx:TrackPointExtension>
						<gpxtpx:hr>115</gpxtpx:hr>
						<gpxtpx:atemp>31</gpxtpx:atemp>
					</gpxtpx:TrackPointExtension>
				</extensions>
			</trkpt>
			<trkpt lat="48.590081" lon="-2.18629">
				<ele>5.6</ele>
				<time>2024-08-18T13:34:38Z</time>
				<extensions>
					<gpxtpx:TrackPointExtension>
						<gpxtpx:hr>118</gpxtpx:hr>
						<gpxtpx:atemp>31</gpxtpx:atemp>
					</gpxtpx:TrackPointExtension>
				</extensions>
			</trkpt>
			<trkpt lat="48.590101" lon="-2.186239">
				<ele>5.4</ele>
				<time>2024-08-18T13:34:41Z</time>
				<extensions>
					<gpxtpx:TrackPointExtension>
						<gpxtpx:hr>118</gpxtpx:hr>
						<gpxtpx:atemp>31</gpxtpx:atemp>
					</gpxtpx:TrackPointExtension>
				</extensions>
			</trkpt>
			<trkpt lat="48.590143" lon="-2.186159">
				<ele>5</ele>
				<time>2024-08-18T13:34:46Z</time>
				<extensions>
					<gpxtpx:TrackPointExtension>
						<gpxtpx:hr>115</gpxtpx:hr>
						<gpxtpx:atemp>31</gpxtpx:atemp>
					</gpxtpx:TrackPointExtension>
				</extensions>
			</trkpt>
			<trkpt lat="48.590193" lon="-2.186074">
				<ele>5</ele>
				<time>2024-08-18T13:34:52Z</time>
				<extensions>
					<gpxtpx:TrackPointExtension>
						<gpxtpx:hr>113</gpxtpx:hr>
						<gpxtpx:atemp>31</gpxtpx:atemp>
					</gpxtpx:TrackPointExtension>
				</extensions>
			</trkpt>
			<trkpt lat="48.590246" lon="-2.185989">
				<ele>5.4</ele>
				<time>2024-08-18T13:34:58Z</time>
				<extensions>
					<gpxtpx:TrackPointExtension>
						<gpxtpx:hr>116</gpxtpx:hr>
						<gpxtpx:atemp>31</gpxtpx:atemp>
					</gpxtpx:TrackPointExtension>
				</extensions>
			</trkpt>
			<trkpt lat="48.590286" lon="-2.18594">
				<ele>5.6</ele>
				<time>2024-08-18T13:35:02Z</time>
				<extensions>
					<gpxtpx:TrackPointExtension>
						<gpxtpx:hr>117</gpxtpx:hr>
						<gpxtpx:atemp>31</gpxtpx:atemp>
					</gpxtpx:TrackPointExtension>
				</extensions>
			</trkpt>
			<trkpt lat="48.590318" lon="-2.185906">
				<ele>5.6</ele>
				<time>2024-08-18T13:35:05Z</time>
				<extensions>
					<gpxtpx:TrackPointExtension>
						<gpxtpx:hr>117</gpxtpx:hr>
						<gpxtpx:atemp>31</gpxtpx:atemp>
					</gpxtpx:TrackPointExtension>
				</extensions>
			</trkpt>
			<trkpt lat="48.590465" lon="-2.185782">
				<ele>5.8</ele>
				<time>2024-08-18T13:35:18Z</time>
				<extensions>
					<gpxtpx:TrackPointExtension>
						<gpxtpx:hr>114</gpxtpx:hr>
						<gpxtpx:atemp>31</gpxtpx:atemp>
					</gpxtpx:TrackPointExtension>
				</extensions>
			</trkpt>
			<trkpt lat="48.590485" lon="-2.185768">
				<ele>5.8</ele>
				<time>2024-08-18T13:35:20Z</time>
				<extensions>
					<gpxtpx:TrackPointExtension>
						<gpxtpx:hr>112</gpxtpx:hr>
						<gpxtpx:atemp>31</gpxtpx:atemp>
					</gpxtpx:TrackPointExtension>
				</extensions>
			</trkpt>
			<trkpt lat="48.590541" lon="-2.185721">
				<ele>5.8</ele>
				<time>2024-08-18T13:35:26Z</time>
				<extensions>
					<gpxtpx:TrackPointExtension>
						<gpxtpx:hr>115</gpxtpx:hr>
						<gpxtpx:atemp>31</gpxtpx:atemp>
					</gpxtpx:TrackPointExtension>
				</extensions>
			</trkpt>
			<trkpt lat="48.590578" lon="-2.185688">
				<ele>6.2</ele>
				<time>2024-08-18T13:35:30Z</time>
				<extensions>
					<gpxtpx:TrackPointExtension>
						<gpxtpx:hr>112</gpxtpx:hr>
						<gpxtpx:atemp>31</gpxtpx:atemp>
					</gpxtpx:TrackPointExtension>
				</extensions>
			</trkpt>
			<trkpt lat="48.59059" lon="-2.185679">
				<ele>6.2</ele>
				<time>2024-08-18T13:35:31Z</time>
				<extensions>
					<gpxtpx:TrackPointExtension>
						<gpxtpx:hr>111</gpxtpx:hr>
						<gpxtpx:atemp>31</gpxtpx:atemp>
					</gpxtpx:TrackPointExtension>
				</extensions>
			</trkpt>
			<trkpt lat="48.59071" lon="-2.185591">
				<ele>6.2</ele>
				<time>2024-08-18T13:35:42Z</time>
				<extensions>
					<gpxtpx:TrackPointExtension>
						<gpxtpx:hr>110</gpxtpx:hr>
						<gpxtpx:atemp>31</gpxtpx:atemp>
					</gpxtpx:TrackPointExtension>
				</extensions>
			</trkpt>
			<trkpt lat="48.590756" lon="-2.185555">
				<ele>6.2</ele>
				<time>2024-08-18T13:35:46Z</time>
				<extensions>
					<gpxtpx:TrackPointExtension>
						<gpxtpx:hr>114</gpxtpx:hr>
						<gpxtpx:atemp>31</gpxtpx:atemp>
					</gpxtpx:TrackPointExtension>
				</extensions>
			</trkpt>
			<trkpt lat="48.590776" lon="-2.185541">
				<ele>6.2</ele>
				<time>2024-08-18T13:35:48Z</time>
				<extensions>
					<gpxtpx:TrackPointExtension>
						<gpxtpx:hr>117</gpxtpx:hr>
						<gpxtpx:atemp>31</gpxtpx:atemp>
					</gpxtpx:TrackPointExtension>
				</extensions>
			</trkpt>
			<trkpt lat="48.590809" lon="-2.185522">
				<ele>6.2</ele>
				<time>2024-08-18T13:35:51Z</time>
				<extensions>
					<gpxtpx:TrackPointExtension>
						<gpxtpx:hr>120</gpxtpx:hr>
						<gpxtpx:atemp>31</gpxtpx:atemp>
					</gpxtpx:TrackPointExtension>
				</extensions>
			</trkpt>
			<trkpt lat="48.59082" lon="-2.185517">
				<ele>6.4</ele>
				<time>2024-08-18T13:35:52Z</time>
				<extensions>
					<gpxtpx:TrackPointExtension>
						<gpxtpx:hr>120</gpxtpx:hr>
						<gpxtpx:atemp>31</gpxtpx:atemp>
					</gpxtpx:TrackPointExtension>
				</extensions>
			</trkpt>
			<trkpt lat="48.590852" lon="-2.18551">
				<ele>6.4</ele>
				<time>2024-08-18T13:35:55Z</time>
				<extensions>
					<gpxtpx:TrackPointExtension>
						<gpxtpx:hr>119</gpxtpx:hr>
						<gpxtpx:atemp>31</gpxtpx:atemp>
					</gpxtpx:TrackPointExtension>
				</extensions>
			</trkpt>
			<trkpt lat="48.590889" lon="-2.185471">
				<ele>6.2</ele>
				<time>2024-08-18T13:35:59Z</time>
				<extensions>
					<gpxtpx:TrackPointExtension>
						<gpxtpx:hr>118</gpxtpx:hr>
						<gpxtpx:atemp>31</gpxtpx:atemp>
					</gpxtpx:TrackPointExtension>
				</extensions>
			</trkpt>
			<trkpt lat="48.590951" lon="-2.185407">
				<ele>6.2</ele>
				<time>2024-08-18T13:36:05Z</time>
				<extensions>
					<gpxtpx:TrackPointExtension>
						<gpxtpx:hr>117</gpxtpx:hr>
						<gpxtpx:atemp>31</gpxtpx:atemp>
					</gpxtpx:TrackPointExtension>
				</extensions>
			</trkpt>
			<trkpt lat="48.590992" lon="-2.185373">
				<ele>6</ele>
				<time>2024-08-18T13:36:09Z</time>
				<extensions>
					<gpxtpx:TrackPointExtension>
						<gpxtpx:hr>120</gpxtpx:hr>
						<gpxtpx:atemp>31</gpxtpx:atemp>
					</gpxtpx:TrackPointExtension>
				</extensions>
			</trkpt>
			<trkpt lat="48.591067" lon="-2.185301">
				<ele>6.4</ele>
				<time>2024-08-18T13:36:16Z</time>
				<extensions>
					<gpxtpx:TrackPointExtension>
						<gpxtpx:hr>116</gpxtpx:hr>
						<gpxtpx:atemp>31</gpxtpx:atemp>
					</gpxtpx:TrackPointExtension>
				</extensions>
			</trkpt>
			<trkpt lat="48.591077" lon="-2.185289">
				<ele>6.4</ele>
				<time>2024-08-18T13:36:17Z</time>
				<extensions>
					<gpxtpx:TrackPointExtension>
						<gpxtpx:hr>115</gpxtpx:hr>
						<gpxtpx:atemp>31</gpxtpx:atemp>
					</gpxtpx:TrackPointExtension>
				</extensions>
			</trkpt>
			<trkpt lat="48.591208" lon="-2.185081">
				<ele>5.6</ele>
				<time>2024-08-18T13:36:31Z</time>
				<extensions>
					<gpxtpx:TrackPointExtension>
						<gpxtpx:hr>114</gpxtpx:hr>
						<gpxtpx:atemp>31</gpxtpx:atemp>
					</gpxtpx:TrackPointExtension>
				</extensions>
			</trkpt>
			<trkpt lat="48.591216" lon="-2.185066">
				<ele>5.6</ele>
				<time>2024-08-18T13:36:32Z</time>
				<extensions>
					<gpxtpx:TrackPointExtension>
						<gpxtpx:hr>115</gpxtpx:hr>
						<gpxtpx:atemp>31</gpxtpx:atemp>
					</gpxtpx:TrackPointExtension>
				</extensions>
			</trkpt>
			<trkpt lat="48.591342" lon="-2.184854">
				<ele>5.8</ele>
				<time>2024-08-18T13:36:47Z</time>
				<extensions>
					<gpxtpx:TrackPointExtension>
						<gpxtpx:hr>115</gpxtpx:hr>
						<gpxtpx:atemp>31</gpxtpx:atemp>
					</gpxtpx:TrackPointExtension>
				</extensions>
			</trkpt>
			<trkpt lat="48.591391" lon="-2.184743">
				<ele>5.6</ele>
				<time>2024-08-18T13:36:54Z</time>
				<extensions>
					<gpxtpx:TrackPointExtension>
						<gpxtpx:hr>115</gpxtpx:hr>
						<gpxtpx:atemp>31</gpxtpx:atemp>
					</gpxtpx:TrackPointExtension>
				</extensions>
			</trkpt>
			<trkpt lat="48.591416" lon="-2.18468">
				<ele>5.6</ele>
				<time>2024-08-18T13:36:58Z</time>
				<extensions>
					<gpxtpx:TrackPointExtension>
						<gpxtpx:hr>116</gpxtpx:hr>
						<gpxtpx:atemp>31</gpxtpx:atemp>
					</gpxtpx:TrackPointExtension>
				</extensions>
			</trkpt>
			<trkpt lat="48.591453" lon="-2.184597">
				<ele>5.6</ele>
				<time>2024-08-18T13:37:04Z</time>
				<extensions>
					<gpxtpx:TrackPointExtension>
						<gpxtpx:hr>113</gpxtpx:hr>
						<gpxtpx:atemp>31</gpxtpx:atemp>
					</gpxtpx:TrackPointExtension>
				</extensions>
			</trkpt>
			<trkpt lat="48.591457" lon="-2.184595">
				<ele>5.4</ele>
				<time>2024-08-18T13:37:07Z</time>
				<extensions>
					<gpxtpx:TrackPointExtension>
						<gpxtpx:hr>113</gpxtpx:hr>
						<gpxtpx:atemp>31</gpxtpx:atemp>
					</gpxtpx:TrackPointExtension>
				</extensions>
			</trkpt>
			<trkpt lat="48.591489" lon="-2.184502">
				<ele>5.6</ele>
				<time>2024-08-18T13:37:13Z</time>
				<extensions>
					<gpxtpx:TrackPointExtension>
						<gpxtpx:hr>113</gpxtpx:hr>
						<gpxtpx:atemp>32</gpxtpx:atemp>
					</gpxtpx:TrackPointExtension>
				</extensions>
			</trkpt>
			<trkpt lat="48.59155" lon="-2.184305">
				<ele>6</ele>
				<time>2024-08-18T13:37:24Z</time>
				<extensions>
					<gpxtpx:TrackPointExtension>
						<gpxtpx:hr>114</gpxtpx:hr>
						<gpxtpx:atemp>32</gpxtpx:atemp>
					</gpxtpx:TrackPointExtension>
				</extensions>
			</trkpt>
			<trkpt lat="48.591558" lon="-2.184283">
				<ele>6</ele>
				<time>2024-08-18T13:37:25Z</time>
				<extensions>
					<gpxtpx:TrackPointExtension>
						<gpxtpx:hr>114</gpxtpx:hr>
						<gpxtpx:atemp>32</gpxtpx:atemp>
					</gpxtpx:TrackPointExtension>
				</extensions>
			</trkpt>
			<trkpt lat="48.591596" lon="-2.184097">
				<ele>6.2</ele>
				<time>2024-08-18T13:37:35Z</time>
				<extensions>
					<gpxtpx:TrackPointExtension>
						<gpxtpx:hr>117</gpxtpx:hr>
						<gpxtpx:atemp>32</gpxtpx:atemp>
					</gpxtpx:TrackPointExtension>
				</extensions>
			</trkpt>
			<trkpt lat="48.591609" lon="-2.184031">
				<ele>6.2</ele>
				<time>2024-08-18T13:37:39Z</time>
				<extensions>
					<gpxtpx:TrackPointExtension>
						<gpxtpx:hr>120</gpxtpx:hr>
						<gpxtpx:atemp>32</gpxtpx:atemp>
					</gpxtpx:TrackPointExtension>
				</extensions>
			</trkpt>
			<trkpt lat="48.591621" lon="-2.183922">
				<ele>6.4</ele>
				<time>2024-08-18T13:37:45Z</time>
				<extensions>
					<gpxtpx:TrackPointExtension>
						<gpxtpx:hr>121</gpxtpx:hr>
						<gpxtpx:atemp>32</gpxtpx:atemp>
					</gpxtpx:TrackPointExtension>
				</extensions>
			</trkpt>
			<trkpt lat="48.591625" lon="-2.183776">
				<ele>6.6</ele>
				<time>2024-08-18T13:37:53Z</time>
				<extensions>
					<gpxtpx:TrackPointExtension>
						<gpxtpx:hr>121</gpxtpx:hr>
						<gpxtpx:atemp>32</gpxtpx:atemp>
					</gpxtpx:TrackPointExtension>
				</extensions>
			</trkpt>
			<trkpt lat="48.59163" lon="-2.183722">
				<ele>6.6</ele>
				<time>2024-08-18T13:37:56Z</time>
				<extensions>
					<gpxtpx:TrackPointExtension>
						<gpxtpx:hr>120</gpxtpx:hr>
						<gpxtpx:atemp>32</gpxtpx:atemp>
					</gpxtpx:TrackPointExtension>
				</extensions>
			</trkpt>
			<trkpt lat="48.59164" lon="-2.183695">
				<ele>6.6</ele>
				<time>2024-08-18T13:37:58Z</time>
				<extensions>
					<gpxtpx:TrackPointExtension>
						<gpxtpx:hr>117</gpxtpx:hr>
						<gpxtpx:atemp>32</gpxtpx:atemp>
					</gpxtpx:TrackPointExtension>
				</extensions>
			</trkpt>
			<trkpt lat="48.591647" lon="-2.183688">
				<ele>6.4</ele>
				<time>2024-08-18T13:38:01Z</time>
				<extensions>
					<gpxtpx:TrackPointExtension>
						<gpxtpx:hr>115</gpxtpx:hr>
						<gpxtpx:atemp>32</gpxtpx:atemp>
					</gpxtpx:TrackPointExtension>
				</extensions>
			</trkpt>
			<trkpt lat="48.591667" lon="-2.183698">
				<ele>6.2</ele>
				<time>2024-08-18T13:38:04Z</time>
				<extensions>
					<gpxtpx:TrackPointExtension>
						<gpxtpx:hr>116</gpxtpx:hr>
						<gpxtpx:atemp>32</gpxtpx:atemp>
					</gpxtpx:TrackPointExtension>
				</extensions>
			</trkpt>
			<trkpt lat="48.591692" lon="-2.183721">
				<ele>6.8</ele>
				<time>2024-08-18T13:38:07Z</time>
				<extensions>
					<gpxtpx:TrackPointExtension>
						<gpxtpx:hr>117</gpxtpx:hr>
						<gpxtpx:atemp>32</gpxtpx:atemp>
					</gpxtpx:TrackPointExtension>
				</extensions>
			</trkpt>
			<trkpt lat="48.591756" lon="-2.183821">
				<ele>7</ele>
				<time>2024-08-18T13:38:15Z</time>
				<extensions>
					<gpxtpx:TrackPointExtension>
						<gpxtpx:hr>117</gpxtpx:hr>
						<gpxtpx:atemp>32</gpxtpx:atemp>
					</gpxtpx:TrackPointExtension>
				</extensions>
			</trkpt>
			<trkpt lat="48.59179" lon="-2.183859">
				<ele>7</ele>
				<time>2024-08-18T13:38:18Z</time>
				<extensions>
					<gpxtpx:TrackPointExtension>
						<gpxtpx:hr>114</gpxtpx:hr>
						<gpxtpx:atemp>32</gpxtpx:atemp>
					</gpxtpx:TrackPointExtension>
				</extensions>
			</trkpt>
			<trkpt lat="48.591858" lon="-2.183934">
				<ele>7</ele>
				<time>2024-08-18T13:38:25Z</time>
				<extensions>
					<gpxtpx:TrackPointExtension>
						<gpxtpx:hr>114</gpxtpx:hr>
						<gpxtpx:atemp>32</gpxtpx:atemp>
					</gpxtpx:TrackPointExtension>
				</extensions>
			</trkpt>
			<trkpt lat="48.591948" lon="-2.184057">
				<ele>7</ele>
				<time>2024-08-18T13:38:34Z</time>
				<extensions>
					<gpxtpx:TrackPointExtension>
						<gpxtpx:hr>113</gpxtpx:hr>
						<gpxtpx:atemp>32</gpxtpx:atemp>
					</gpxtpx:TrackPointExtension>
				</extensions>
			</trkpt>
			<trkpt lat="48.591978" lon="-2.184095">
				<ele>7</ele>
				<time>2024-08-18T13:38:37Z</time>
				<extensions>
					<gpxtpx:TrackPointExtension>
						<gpxtpx:hr>116</gpxtpx:hr>
						<gpxtpx:atemp>32</gpxtpx:atemp>
					</gpxtpx:TrackPointExtension>
				</extensions>
			</trkpt>
			<trkpt lat="48.592062" lon="-2.184211">
				<ele>7</ele>
				<time>2024-08-18T13:38:45Z</time>
				<extensions>
					<gpxtpx:TrackPointExtension>
						<gpxtpx:hr>116</gpxtpx:hr>
						<gpxtpx:atemp>32</gpxtpx:atemp>
					</gpxtpx:TrackPointExtension>
				</extensions>
			</trkpt>
			<trkpt lat="48.592099" lon="-2.18426">
				<ele>7</ele>
				<time>2024-08-18T13:38:49Z</time>
				<extensions>
					<gpxtpx:TrackPointExtension>
						<gpxtpx:hr>116</gpxtpx:hr>
						<gpxtpx:atemp>32</gpxtpx:atemp>
					</gpxtpx:TrackPointExtension>
				</extensions>
			</trkpt>
			<trkpt lat="48.592196" lon="-2.18439">
				<ele>6.4</ele>
				<time>2024-08-18T13:38:59Z</time>
				<extensions>
					<gpxtpx:TrackPointExtension>
						<gpxtpx:hr>116</gpxtpx:hr>
						<gpxtpx:atemp>32</gpxtpx:atemp>
					</gpxtpx:TrackPointExtension>
				</extensions>
			</trkpt>
			<trkpt lat="48.592346" lon="-2.184517">
				<ele>6.6</ele>
				<time>2024-08-18T13:39:12Z</time>
				<extensions>
					<gpxtpx:TrackPointExtension>
						<gpxtpx:hr>119</gpxtpx:hr>
						<gpxtpx:atemp>31</gpxtpx:atemp>
					</gpxtpx:TrackPointExtension>
				</extensions>
			</trkpt>
			<trkpt lat="48.59248" lon="-2.184588">
				<ele>6.4</ele>
				<time>2024-08-18T13:39:23Z</time>
				<extensions>
					<gpxtpx:TrackPointExtension>
						<gpxtpx:hr>120</gpxtpx:hr>
						<gpxtpx:atemp>31</gpxtpx:atemp>
					</gpxtpx:TrackPointExtension>
				</extensions>
			</trkpt>
			<trkpt lat="48.592545" lon="-2.184632">
				<ele>6.2</ele>
				<time>2024-08-18T13:39:28Z</time>
				<extensions>
					<gpxtpx:TrackPointExtension>
						<gpxtpx:hr>120</gpxtpx:hr>
						<gpxtpx:atemp>31</gpxtpx:atemp>
					</gpxtpx:TrackPointExtension>
				</extensions>
			</trkpt>
			<trkpt lat="48.59257" lon="-2.184648">
				<ele>6.2</ele>
				<time>2024-08-18T13:39:30Z</time>
				<extensions>
					<gpxtpx:TrackPointExtension>
						<gpxtpx:hr>117</gpxtpx:hr>
						<gpxtpx:atemp>31</gpxtpx:atemp>
					</gpxtpx:TrackPointExtension>
				</extensions>
			</trkpt>
			<trkpt lat="48.592607" lon="-2.184672">
				<ele>6.2</ele>
				<time>2024-08-18T13:39:33Z</time>
				<extensions>
					<gpxtpx:TrackPointExtension>
						<gpxtpx:hr>118</gpxtpx:hr>
						<gpxtpx:atemp>31</gpxtpx:atemp>
					</gpxtpx:TrackPointExtension>
				</extensions>
			</trkpt>
			<trkpt lat="48.592676" lon="-2.18471">
				<ele>6</ele>
				<time>2024-08-18T13:39:39Z</time>
				<extensions>
					<gpxtpx:TrackPointExtension>
						<gpxtpx:hr>121</gpxtpx:hr>
						<gpxtpx:atemp>31</gpxtpx:atemp>
					</gpxtpx:TrackPointExtension>
				</extensions>
			</trkpt>
			<trkpt lat="48.592702" lon="-2.18473">
				<ele>6.4</ele>
				<time>2024-08-18T13:39:41Z</time>
				<extensions>
					<gpxtpx:TrackPointExtension>
						<gpxtpx:hr>119</gpxtpx:hr>
						<gpxtpx:atemp>31</gpxtpx:atemp>
					</gpxtpx:TrackPointExtension>
				</extensions>
			</trkpt>
			<trkpt lat="48.592809" lon="-2.184773">
				<ele>6.2</ele>
				<time>2024-08-18T13:39:50Z</time>
				<extensions>
					<gpxtpx:TrackPointExtension>
						<gpxtpx:hr>116</gpxtpx:hr>
						<gpxtpx:atemp>31</gpxtpx:atemp>
					</gpxtpx:TrackPointExtension>
				</extensions>
			</trkpt>
			<trkpt lat="48.592835" lon="-2.184783">
				<ele>6.4</ele>
				<time>2024-08-18T13:39:52Z</time>
				<extensions>
					<gpxtpx:TrackPointExtension>
						<gpxtpx:hr>115</gpxtpx:hr>
						<gpxtpx:atemp>31</gpxtpx:atemp>
					</gpxtpx:TrackPointExtension>
				</extensions>
			</trkpt>
			<trkpt lat="48.592945" lon="-2.184816">
				<ele>6.8</ele>
				<time>2024-08-18T13:40:01Z</time>
				<extensions>
					<gpxtpx:TrackPointExtension>
						<gpxtpx:hr>118</gpxtpx:hr>
						<gpxtpx:atemp>31</gpxtpx:atemp>
					</gpxtpx:TrackPointExtension>
				</extensions>
			</trkpt>
			<trkpt lat="48.592984" lon="-2.184825">
				<ele>6.8</ele>
				<time>2024-08-18T13:40:04Z</time>
				<extensions>
					<gpxtpx:TrackPointExtension>
						<gpxtpx:hr>119</gpxtpx:hr>
						<gpxtpx:atemp>31</gpxtpx:atemp>
					</gpxtpx:TrackPointExtension>
				</extensions>
			</trkpt>
			<trkpt lat="48.593037" lon="-2.184836">
				<ele>6.4</ele>
				<time>2024-08-18T13:40:08Z</time>
				<extensions>
					<gpxtpx:TrackPointExtension>
						<gpxtpx:hr>119</gpxtpx:hr>
						<gpxtpx:atemp>31</gpxtpx:atemp>
					</gpxtpx:TrackPointExtension>
				</extensions>
			</trkpt>
			<trkpt lat="48.593138" lon="-2.184839">
				<ele>6.2</ele>
				<time>2024-08-18T13:40:16Z</time>
				<extensions>
					<gpxtpx:TrackPointExtension>
						<gpxtpx:hr>120</gpxtpx:hr>
						<gpxtpx:atemp>31</gpxtpx:atemp>
					</gpxtpx:TrackPointExtension>
				</extensions>
			</trkpt>
			<trkpt lat="48.593203" lon="-2.184831">
				<ele>5.8</ele>
				<time>2024-08-18T13:40:21Z</time>
				<extensions>
					<gpxtpx:TrackPointExtension>
						<gpxtpx:hr>123</gpxtpx:hr>
						<gpxtpx:atemp>31</gpxtpx:atemp>
					</gpxtpx:TrackPointExtension>
				</extensions>
			</trkpt>
			<trkpt lat="48.593249" lon="-2.184839">
				<ele>5.8</ele>
				<time>2024-08-18T13:40:25Z</time>
				<extensions>
					<gpxtpx:TrackPointExtension>
						<gpxtpx:hr>125</gpxtpx:hr>
						<gpxtpx:atemp>31</gpxtpx:atemp>
					</gpxtpx:TrackPointExtension>
				</extensions>
			</trkpt>
			<trkpt lat="48.593247" lon="-2.184842">
				<ele>6</ele>
				<time>2024-08-18T13:40:29Z</time>
				<extensions>
					<gpxtpx:TrackPointExtension>
						<gpxtpx:hr>123</gpxtpx:hr>
						<gpxtpx:atemp>31</gpxtpx:atemp>
					</gpxtpx:TrackPointExtension>
				</extensions>
			</trkpt>
			<trkpt lat="48.593275" lon="-2.18489">
				<ele>5.8</ele>
				<time>2024-08-18T13:40:36Z</time>
				<extensions>
					<gpxtpx:TrackPointExtension>
						<gpxtpx:hr>124</gpxtpx:hr>
						<gpxtpx:atemp>31</gpxtpx:atemp>
					</gpxtpx:TrackPointExtension>
				</extensions>
			</trkpt>
			<trkpt lat="48.593285" lon="-2.184951">
				<ele>5.6</ele>
				<time>2024-08-18T13:40:40Z</time>
				<extensions>
					<gpxtpx:TrackPointExtension>
						<gpxtpx:hr>124</gpxtpx:hr>
						<gpxtpx:atemp>31</gpxtpx:atemp>
					</gpxtpx:TrackPointExtension>
				</extensions>
			</trkpt>
			<trkpt lat="48.593269" lon="-2.185044">
				<ele>7</ele>
				<time>2024-08-18T14:33:10Z</time>
				<extensions>
					<gpxtpx:TrackPointExtension>
						<gpxtpx:hr>94</gpxtpx:hr>
						<gpxtpx:atemp>31</gpxtpx:atemp>
					</gpxtpx:TrackPointExtension>
				</extensions>
			</trkpt>
			<trkpt lat="48.59328" lon="-2.185042">
				<ele>6.8</ele>
				<time>2024-08-18T14:33:11Z</time>
				<extensions>
					<gpxtpx:TrackPointExtension>
						<gpxtpx:hr>94</gpxtpx:hr>
						<gpxtpx:atemp>31</gpxtpx:atemp>
					</gpxtpx:TrackPointExtension>
				</extensions>
			</trkpt>
			<trkpt lat="48.593299" lon="-2.18504">
				<ele>6.8</ele>
				<time>2024-08-18T14:33:13Z</time>
				<extensions>
					<gpxtpx:TrackPointExtension>
						<gpxtpx:hr>94</gpxtpx:hr>
						<gpxtpx:atemp>31</gpxtpx:atemp>
					</gpxtpx:TrackPointExtension>
				</extensions>
			</trkpt>
			<trkpt lat="48.593316" lon="-2.185051">
				<ele>6.8</ele>
				<time>2024-08-18T14:33:15Z</time>
				<extensions>
					<gpxtpx:TrackPointExtension>
						<gpxtpx:hr>92</gpxtpx:hr>
						<gpxtpx:atemp>31</gpxtpx:atemp>
					</gpxtpx:TrackPointExtension>
				</extensions>
			</trkpt>
			<trkpt lat="48.59335" lon="-2.185078">
				<ele>6.6</ele>
				<time>2024-08-18T14:33:18Z</time>
				<extensions>
					<gpxtpx:TrackPointExtension>
						<gpxtpx:hr>89</gpxtpx:hr>
						<gpxtpx:atemp>31</gpxtpx:atemp>
					</gpxtpx:TrackPointExtension>
				</extensions>
			</trkpt>
			<trkpt lat="48.593366" lon="-2.185098">
				<ele>6.8</ele>
				<time>2024-08-18T14:33:20Z</time>
				<extensions>
					<gpxtpx:TrackPointExtension>
						<gpxtpx:hr>89</gpxtpx:hr>
						<gpxtpx:atemp>32</gpxtpx:atemp>
					</gpxtpx:TrackPointExtension>
				</extensions>
			</trkpt>
			<trkpt lat="48.593388" lon="-2.185122">
				<ele>6.8</ele>
				<time>2024-08-18T14:33:23Z</time>
				<extensions>
					<gpxtpx:TrackPointExtension>
						<gpxtpx:hr>92</gpxtpx:hr>
						<gpxtpx:atemp>32</gpxtpx:atemp>
					</gpxtpx:TrackPointExtension>
				</extensions>
			</trkpt>
			<trkpt lat="48.593419" lon="-2.185157">
				<ele>7</ele>
				<time>2024-08-18T14:33:27Z</time>
				<extensions>
					<gpxtpx:TrackPointExtension>
						<gpxtpx:hr>89</gpxtpx:hr>
						<gpxtpx:atemp>32</gpxtpx:atemp>
					</gpxtpx:TrackPointExtension>
				</extensions>
			</trkpt>
			<trkpt lat="48.593426" lon="-2.185166">
				<ele>7.2</ele>
				<time>2024-08-18T14:33:28Z</time>
				<extensions>
					<gpxtpx:TrackPointExtension>
						<gpxtpx:hr>89</gpxtpx:hr>
						<gpxtpx:atemp>32</gpxtpx:atemp>
					</gpxtpx:TrackPointExtension>
				</extensions>
			</trkpt>
			<trkpt lat="48.593489" lon="-2.185197">
				<ele>7.2</ele>
				<time>2024-08-18T14:33:33Z</time>
				<extensions>
					<gpxtpx:TrackPointExtension>
						<gpxtpx:hr>86</gpxtpx:hr>
						<gpxtpx:atemp>32</gpxtpx:atemp>
					</gpxtpx:TrackPointExtension>
				</extensions>
			</trkpt>
			<trkpt lat="48.593524" lon="-2.185222">
				<ele>7.4</ele>
				<time>2024-08-18T14:33:37Z</time>
				<extensions>
					<gpxtpx:TrackPointExtension>
						<gpxtpx:hr>88</gpxtpx:hr>
						<gpxtpx:atemp>31</gpxtpx:atemp>
					</gpxtpx:TrackPointExtension>
				</extensions>
			</trkpt>
			<trkpt lat="48.593576" lon="-2.185287">
				<ele>8</ele>
				<time>2024-08-18T14:33:43Z</time>
				<extensions>
					<gpxtpx:TrackPointExtension>
						<gpxtpx:hr>89</gpxtpx:hr>
						<gpxtpx:atemp>31</gpxtpx:atemp>
					</gpxtpx:TrackPointExtension>
				</extensions>
			</trkpt>
			<trkpt lat="48.593603" lon="-2.185316">
				<ele>8</ele>
				<time>2024-08-18T14:33:46Z</time>
				<extensions>
					<gpxtpx:TrackPointExtension>
						<gpxtpx:hr>90</gpxtpx:hr>
						<gpxtpx:atemp>31</gpxtpx:atemp>
					</gpxtpx:TrackPointExtension>
				</extensions>
			</trkpt>
			<trkpt lat="48.59371" lon="-2.185433">
				<ele>7.8</ele>
				<time>2024-08-18T14:33:57Z</time>
				<extensions>
					<gpxtpx:TrackPointExtension>
						<gpxtpx:hr>93</gpxtpx:hr>
						<gpxtpx:atemp>31</gpxtpx:atemp>
					</gpxtpx:TrackPointExtension>
				</extensions>
			</trkpt>
			<trkpt lat="48.593756" lon="-2.185478">
				<ele>8.2</ele>
				<time>2024-08-18T14:34:02Z</time>
				<extensions>
					<gpxtpx:TrackPointExtension>
						<gpxtpx:hr>94</gpxtpx:hr>
						<gpxtpx:atemp>31</gpxtpx:atemp>
					</gpxtpx:TrackPointExtension>
				</extensions>
			</trkpt>
			<trkpt lat="48.593761" lon="-2.185515">
				<ele>8.2</ele>
				<time>2024-08-18T14:34:04Z</time>
				<extensions>
					<gpxtpx:TrackPointExtension>
						<gpxtpx:hr>95</gpxtpx:hr>
						<gpxtpx:atemp>31</gpxtpx:atemp>
					</gpxtpx:TrackPointExtension>
				</extensions>
			</trkpt>
			<trkpt lat="48.593757" lon="-2.185594">
				<ele>8.4</ele>
				<time>2024-08-18T14:34:09Z</time>
				<extensions>
					<gpxtpx:TrackPointExtension>
						<gpxtpx:hr>96</gpxtpx:hr>
						<gpxtpx:atemp>31</gpxtpx:atemp>
					</gpxtpx:TrackPointExtension>
				</extensions>
			</trkpt>
			<trkpt lat="48.593769" lon="-2.185608">
				<ele>8.4</ele>
				<time>2024-08-18T14:34:11Z</time>
				<extensions>
					<gpxtpx:TrackPointExtension>
						<gpxtpx:hr>97</gpxtpx:hr>
						<gpxtpx:atemp>31</gpxtpx:atemp>
					</gpxtpx:TrackPointExtension>
				</extensions>
			</trkpt>
			<trkpt lat="48.593835" lon="-2.18561">
				<ele>8.4</ele>
				<time>2024-08-18T14:34:17Z</time>
				<extensions>
					<gpxtpx:TrackPointExtension>
						<gpxtpx:hr>96</gpxtpx:hr>
						<gpxtpx:atemp>31</gpxtpx:atemp>
					</gpxtpx:TrackPointExtension>
				</extensions>
			</trkpt>
			<trkpt lat="48.59391" lon="-2.185573">
				<ele>8.6</ele>
				<time>2024-08-18T14:34:25Z</time>
				<extensions>
					<gpxtpx:TrackPointExtension>
						<gpxtpx:hr>92</gpxtpx:hr>
						<gpxtpx:atemp>31</gpxtpx:atemp>
					</gpxtpx:TrackPointExtension>
				</extensions>
			</trkpt>
			<trkpt lat="48.593919" lon="-2.185567">
				<ele>8.6</ele>
				<time>2024-08-18T14:34:26Z</time>
				<extensions>
					<gpxtpx:TrackPointExtension>
						<gpxtpx:hr>91</gpxtpx:hr>
						<gpxtpx:atemp>31</gpxtpx:atemp>
					</gpxtpx:TrackPointExtension>
				</extensions>
			</trkpt>
			<trkpt lat="48.593964" lon="-2.185554">
				<ele>8.4</ele>
				<time>2024-08-18T14:34:31Z</time>
				<extensions>
					<gpxtpx:TrackPointExtension>
						<gpxtpx:hr>94</gpxtpx:hr>
						<gpxtpx:atemp>31</gpxtpx:atemp>
					</gpxtpx:TrackPointExtension>
				</extensions>
			</trkpt>
			<trkpt lat="48.593976" lon="-2.185546">
				<ele>8.4</ele>
				<time>2024-08-18T14:34:32Z</time>
				<extensions>
					<gpxtpx:TrackPointExtension>
						<gpxtpx:hr>95</gpxtpx:hr>
						<gpxtpx:atemp>31</gpxtpx:atemp>
					</gpxtpx:TrackPointExtension>
				</extensions>
			</trkpt>
			<trkpt lat="48.594012" lon="-2.185538">
				<ele>8.6</ele>
				<time>2024-08-18T14:34:35Z</time>
				<extensions>
					<gpxtpx:TrackPointExtension>
						<gpxtpx:hr>95</gpxtpx:hr>
						<gpxtpx:atemp>31</gpxtpx:atemp>
					</gpxtpx:TrackPointExtension>
				</extensions>
			</trkpt>
			<trkpt lat="48.594031" lon="-2.185531">
				<ele>8.8</ele>
				<time>2024-08-18T14:34:37Z</time>
				<extensions>
					<gpxtpx:TrackPointExtension>
						<gpxtpx:hr>97</gpxtpx:hr>
						<gpxtpx:atemp>31</gpxtpx:atemp>
					</gpxtpx:TrackPointExtension>
				</extensions>
			</trkpt>
			<trkpt lat="48.594035" lon="-2.185522">
				<ele>8.8</ele>
				<time>2024-08-18T14:34:38Z</time>
				<extensions>
					<gpxtpx:TrackPointExtension>
						<gpxtpx:hr>98</gpxtpx:hr>
						<gpxtpx:atemp>31</gpxtpx:atemp>
					</gpxtpx:TrackPointExtension>
				</extensions>
			</trkpt>
			<trkpt lat="48.594059" lon="-2.185497">
				<ele>8.8</ele>
				<time>2024-08-18T14:34:41Z</time>
				<extensions>
					<gpxtpx:TrackPointExtension>
						<gpxtpx:hr>95</gpxtpx:hr>
						<gpxtpx:atemp>31</gpxtpx:atemp>
					</gpxtpx:TrackPointExtension>
				</extensions>
			</trkpt>
			<trkpt lat="48.594097" lon="-2.185488">
				<ele>8.8</ele>
				<time>2024-08-18T14:34:45Z</time>
				<extensions>
					<gpxtpx:TrackPointExtension>
						<gpxtpx:hr>94</gpxtpx:hr>
						<gpxtpx:atemp>31</gpxtpx:atemp>
					</gpxtpx:TrackPointExtension>
				</extensions>
			</trkpt>
			<trkpt lat="48.594203" lon="-2.185387">
				<ele>9</ele>
				<time>2024-08-18T14:34:52Z</time>
				<extensions>
					<gpxtpx:TrackPointExtension>
						<gpxtpx:hr>91</gpxtpx:hr>
						<gpxtpx:atemp>31</gpxtpx:atemp>
					</gpxtpx:TrackPointExtension>
				</extensions>
			</trkpt>
			<trkpt lat="48.59423" lon="-2.18535">
				<ele>9.4</ele>
				<time>2024-08-18T14:34:55Z</time>
				<extensions>
					<gpxtpx:TrackPointExtension>
						<gpxtpx:hr>90</gpxtpx:hr>
						<gpxtpx:atemp>31</gpxtpx:atemp>
					</gpxtpx:TrackPointExtension>
				</extensions>
			</trkpt>
			<trkpt lat="48.594244" lon="-2.185339">
				<ele>9.4</ele>
				<time>2024-08-18T14:34:56Z</time>
				<extensions>
					<gpxtpx:TrackPointExtension>
						<gpxtpx:hr>90</gpxtpx:hr>
						<gpxtpx:atemp>31</gpxtpx:atemp>
					</gpxtpx:TrackPointExtension>
				</extensions>
			</trkpt>
			<trkpt lat="48.59427" lon="-2.185316">
				<ele>9.6</ele>
				<time>2024-08-18T14:34:59Z</time>
				<extensions>
					<gpxtpx:TrackPointExtension>
						<gpxtpx:hr>93</gpxtpx:hr>
						<gpxtpx:atemp>31</gpxtpx:atemp>
					</gpxtpx:TrackPointExtension>
				</extensions>
			</trkpt>
			<trkpt lat="48.594291" lon="-2.185299">
				<ele>9.6</ele>
				<time>2024-08-18T14:35:01Z</time>
				<extensions>
					<gpxtpx:TrackPointExtension>
						<gpxtpx:hr>97</gpxtpx:hr>
						<gpxtpx:atemp>31</gpxtpx:atemp>
					</gpxtpx:TrackPointExtension>
				</extensions>
			</trkpt>
			<trkpt lat="48.594328" lon="-2.185262">
				<ele>9.6</ele>
				<time>2024-08-18T14:35:04Z</time>
				<extensions>
					<gpxtpx:TrackPointExtension>
						<gpxtpx:hr>99</gpxtpx:hr>
						<gpxtpx:atemp>31</gpxtpx:atemp>
					</gpxtpx:TrackPointExtension>
				</extensions>
			</trkpt>
			<trkpt lat="48.594357" lon="-2.185212">
				<ele>9.6</ele>
				<time>2024-08-18T14:35:08Z</time>
				<extensions>
					<gpxtpx:TrackPointExtension>
						<gpxtpx:hr>96</gpxtpx:hr>
						<gpxtpx:atemp>31</gpxtpx:atemp>
					</gpxtpx:TrackPointExtension>
				</extensions>
			</trkpt>
			<trkpt lat="48.594366" lon="-2.185197">
				<ele>9.6</ele>
				<time>2024-08-18T14:35:09Z</time>
				<extensions>
					<gpxtpx:TrackPointExtension>
						<gpxtpx:hr>93</gpxtpx:hr>
						<gpxtpx:atemp>31</gpxtpx:atemp>
					</gpxtpx:TrackPointExtension>
				</extensions>
			</trkpt>
			<trkpt lat="48.59439" lon="-2.185177">
				<ele>9.8</ele>
				<time>2024-08-18T14:35:12Z</time>
				<extensions>
					<gpxtpx:TrackPointExtension>
						<gpxtpx:hr>93</gpxtpx:hr>
						<gpxtpx:atemp>31</gpxtpx:atemp>
					</gpxtpx:TrackPointExtension>
				</extensions>
			</trkpt>
			<trkpt lat="48.594469" lon="-2.185131">
				<ele>9.4</ele>
				<time>2024-08-18T14:35:19Z</time>
				<extensions>
					<gpxtpx:TrackPointExtension>
						<gpxtpx:hr>92</gpxtpx:hr>
						<gpxtpx:atemp>31</gpxtpx:atemp>
					</gpxtpx:TrackPointExtension>
				</extensions>
			</trkpt>
			<trkpt lat="48.594544" lon="-2.185078">
				<ele>9.4</ele>
				<time>2024-08-18T14:35:26Z</time>
				<extensions>
					<gpxtpx:TrackPointExtension>
						<gpxtpx:hr>94</gpxtpx:hr>
						<gpxtpx:atemp>31</gpxtpx:atemp>
					</gpxtpx:TrackPointExtension>
				</extensions>
			</trkpt>
			<trkpt lat="48.594609" lon="-2.185048">
				<ele>9.8</ele>
				<time>2024-08-18T14:35:32Z</time>
				<extensions>
					<gpxtpx:TrackPointExtension>
						<gpxtpx:hr>91</gpxtpx:hr>
						<gpxtpx:atemp>31</gpxtpx:atemp>
					</gpxtpx:TrackPointExtension>
				</extensions>
			</trkpt>
			<trkpt lat="48.594649" lon="-2.185042">
				<ele>10</ele>
				<time>2024-08-18T14:35:35Z</time>
				<extensions>
					<gpxtpx:TrackPointExtension>
						<gpxtpx:hr>89</gpxtpx:hr>
						<gpxtpx:atemp>31</gpxtpx:atemp>
					</gpxtpx:TrackPointExtension>
				</extensions>
			</trkpt>
			<trkpt lat="48.594661" lon="-2.185035">
				<ele>10</ele>
				<time>2024-08-18T14:35:36Z</time>
				<extensions>
					<gpxtpx:TrackPointExtension>
						<gpxtpx:hr>90</gpxtpx:hr>
						<gpxtpx:atemp>31</gpxtpx:atemp>
					</gpxtpx:TrackPointExtension>
				</extensions>
			</trkpt>
			<trkpt lat="48.594684" lon="-2.185025">
				<ele>10</ele>
				<time>2024-08-18T14:35:38Z</time>
				<extensions>
					<gpxtpx:TrackPointExtension>
						<gpxtpx:hr>94</gpxtpx:hr>
						<gpxtpx:atemp>31</gpxtpx:atemp>
					</gpxtpx:TrackPointExtension>
				</extensions>
			</trkpt>
			<trkpt lat="48.594693" lon="-2.185022">
				<ele>10</ele>
				<time>2024-08-18T14:35:39Z</time>
				<extensions>
					<gpxtpx:TrackPointExtension>
						<gpxtpx:hr>97</gpxtpx:hr>
						<gpxtpx:atemp>31</gpxtpx:atemp>
					</gpxtpx:TrackPointExtension>
				</extensions>
			</trkpt>
			<trkpt lat="48.59471" lon="-2.18502">
				<ele>10.2</ele>
				<time>2024-08-18T14:35:40Z</time>
				<extensions>
					<gpxtpx:TrackPointExtension>
						<gpxtpx:hr>97</gpxtpx:hr>
						<gpxtpx:atemp>31</gpxtpx:atemp>
					</gpxtpx:TrackPointExtension>
				</extensions>
			</trkpt>
			<trkpt lat="48.594763" lon="-2.185004">
				<ele>10.2</ele>
				<time>2024-08-18T14:35:44Z</time>
				<extensions>
					<gpxtpx:TrackPointExtension>
						<gpxtpx:hr>98</gpxtpx:hr>
						<gpxtpx:atemp>31</gpxtpx:atemp>
					</gpxtpx:TrackPointExtension>
				</extensions>
			</trkpt>
			<trkpt lat="48.594853" lon="-2.184993">
				<ele>10.4</ele>
				<time>2024-08-18T14:35:51Z</time>
				<extensions>
					<gpxtpx:TrackPointExtension>
						<gpxtpx:hr>94</gpxtpx:hr>
						<gpxtpx:atemp>31</gpxtpx:atemp>
					</gpxtpx:TrackPointExtension>
				</extensions>
			</trkpt>
			<trkpt lat="48.594898" lon="-2.184991">
				<ele>10.4</ele>
				<time>2024-08-18T14:35:55Z</time>
				<extensions>
					<gpxtpx:TrackPointExtension>
						<gpxtpx:hr>92</gpxtpx:hr>
						<gpxtpx:atemp>31</gpxtpx:atemp>
					</gpxtpx:TrackPointExtension>
				</extensions>
			</trkpt>
			<trkpt lat="48.594923" lon="-2.184996">
				<ele>10.4</ele>
				<time>2024-08-18T14:35:57Z</time>
				<extensions>
					<gpxtpx:TrackPointExtension>
						<gpxtpx:hr>91</gpxtpx:hr>
						<gpxtpx:atemp>31</gpxtpx:atemp>
					</gpxtpx:TrackPointExtension>
				</extensions>
			</trkpt>
			<trkpt lat="48.595023" lon="-2.185046">
				<ele>10</ele>
				<time>2024-08-18T14:36:06Z</time>
				<extensions>
					<gpxtpx:TrackPointExtension>
						<gpxtpx:hr>90</gpxtpx:hr>
						<gpxtpx:atemp>31</gpxtpx:atemp>
					</gpxtpx:TrackPointExtension>
				</extensions>
			</trkpt>
			<trkpt lat="48.595096" lon="-2.185123">
				<ele>10</ele>
				<time>2024-08-18T14:36:13Z</time>
				<extensions>
					<gpxtpx:TrackPointExtension>
						<gpxtpx:hr>93</gpxtpx:hr>
						<gpxtpx:atemp>31</gpxtpx:atemp>
					</gpxtpx:TrackPointExtension>
				</extensions>
			</trkpt>
			<trkpt lat="48.595122" lon="-2.185163">
				<ele>10</ele>
				<time>2024-08-18T14:36:16Z</time>
				<extensions>
					<gpxtpx:TrackPointExtension>
						<gpxtpx:hr>94</gpxtpx:hr>
						<gpxtpx:atemp>31</gpxtpx:atemp>
					</gpxtpx:TrackPointExtension>
				</extensions>
			</trkpt>
			<trkpt lat="48.595153" lon="-2.185257">
				<ele>10</ele>
				<time>2024-08-18T14:36:21Z</time>
				<extensions>
					<gpxtpx:TrackPointExtension>
						<gpxtpx:hr>91</gpxtpx:hr>
						<gpxtpx:atemp>31</gpxtpx:atemp>
					</gpxtpx:TrackPointExtension>
				</extensions>
			</trkpt>
			<trkpt lat="48.595169" lon="-2.185288">
				<ele>10.2</ele>
				<time>2024-08-18T14:36:23Z</time>
				<extensions>
					<gpxtpx:TrackPointExtension>
						<gpxtpx:hr>93</gpxtpx:hr>
						<gpxtpx:atemp>31</gpxtpx:atemp>
					</gpxtpx:TrackPointExtension>
				</extensions>
			</trkpt>
			<trkpt lat="48.595228" lon="-2.1854">
				<ele>10.4</ele>
				<time>2024-08-18T14:36:31Z</time>
				<extensions>
					<gpxtpx:TrackPointExtension>
						<gpxtpx:hr>96</gpxtpx:hr>
						<gpxtpx:atemp>31</gpxtpx:atemp>
					</gpxtpx:TrackPointExtension>
				</extensions>
			</trkpt>
			<trkpt lat="48.595234" lon="-2.185412">
				<ele>10.4</ele>
				<time>2024-08-18T14:36:32Z</time>
				<extensions>
					<gpxtpx:TrackPointExtension>
						<gpxtpx:hr>97</gpxtpx:hr>
						<gpxtpx:atemp>31</gpxtpx:atemp>
					</gpxtpx:TrackPointExtension>
				</extensions>
			</trkpt>
			<trkpt lat="48.595273" lon="-2.185525">
				<ele>10.8</ele>
				<time>2024-08-18T14:36:39Z</time>
				<extensions>
					<gpxtpx:TrackPointExtension>
						<gpxtpx:hr>99</gpxtpx:hr>
						<gpxtpx:atemp>31</gpxtpx:atemp>
					</gpxtpx:TrackPointExtension>
				</extensions>
			</trkpt>
			<trkpt lat="48.595304" lon="-2.185573">
				<ele>11</ele>
				<time>2024-08-18T14:36:43Z</time>
				<extensions>
					<gpxtpx:TrackPointExtension>
						<gpxtpx:hr>100</gpxtpx:hr>
						<gpxtpx:atemp>31</gpxtpx:atemp>
					</gpxtpx:TrackPointExtension>
				</extensions>
			</trkpt>
			<trkpt lat="48.595331" lon="-2.185612">
				<ele>11.2</ele>
				<time>2024-08-18T14:36:46Z</time>
				<extensions>
					<gpxtpx:TrackPointExtension>
						<gpxtpx:hr>102</gpxtpx:hr>
						<gpxtpx:atemp>31</gpxtpx:atemp>
					</gpxtpx:TrackPointExtension>
				</extensions>
			</trkpt>
			<trkpt lat="48.595388" lon="-2.185694">
				<ele>11.6</ele>
				<time>2024-08-18T14:36:52Z</time>
				<extensions>
					<gpxtpx:TrackPointExtension>
						<gpxtpx:hr>105</gpxtpx:hr>
						<gpxtpx:atemp>31</gpxtpx:atemp>
					</gpxtpx:TrackPointExtension>
				</extensions>
			</trkpt>
			<trkpt lat="48.595427" lon="-2.185745">
				<ele>11.6</ele>
				<time>2024-08-18T14:36:56Z</time>
				<extensions>
					<gpxtpx:TrackPointExtension>
						<gpxtpx:hr>107</gpxtpx:hr>
						<gpxtpx:atemp>31</gpxtpx:atemp>
					</gpxtpx:TrackPointExtension>
				</extensions>
			</trkpt>
			<trkpt lat="48.595473" lon="-2.185868">
				<ele>11.8</ele>
				<time>2024-08-18T14:37:04Z</time>
				<extensions>
					<gpxtpx:TrackPointExtension>
						<gpxtpx:hr>105</gpxtpx:hr>
						<gpxtpx:atemp>31</gpxtpx:atemp>
					</gpxtpx:TrackPointExtension>
				</extensions>
			</trkpt>
			<trkpt lat="48.595487" lon="-2.185919">
				<ele>11.8</ele>
				<time>2024-08-18T14:37:07Z</time>
				<extensions>
					<gpxtpx:TrackPointExtension>
						<gpxtpx:hr>102</gpxtpx:hr>
						<gpxtpx:atemp>31</gpxtpx:atemp>
					</gpxtpx:TrackPointExtension>
				</extensions>
			</trkpt>
			<trkpt lat="48.595493" lon="-2.185964">
				<ele>11.8</ele>
				<time>2024-08-18T14:37:09Z</time>
				<extensions>
					<gpxtpx:TrackPointExtension>
						<gpxtpx:hr>99</gpxtpx:hr>
						<gpxtpx:atemp>31</gpxtpx:atemp>
					</gpxtpx:TrackPointExtension>
				</extensions>
			</trkpt>
			<trkpt lat="48.595505" lon="-2.186025">
				<ele>11.8</ele>
				<time>2024-08-18T14:37:13Z</time>
				<extensions>
					<gpxtpx:TrackPointExtension>
						<gpxtpx:hr>99</gpxtpx:hr>
						<gpxtpx:atemp>31</gpxtpx:atemp>
					</gpxtpx:TrackPointExtension>
				</extensions>
			</trkpt>
			<trkpt lat="48.595528" lon="-2.186173">
				<ele>11.8</ele>
				<time>2024-08-18T14:37:21Z</time>
				<extensions>
					<gpxtpx:TrackPointExtension>
						<gpxtpx:hr>98</gpxtpx:hr>
						<gpxtpx:atemp>31</gpxtpx:atemp>
					</gpxtpx:TrackPointExtension>
				</extensions>
			</trkpt>
			<trkpt lat="48.595532" lon="-2.186193">
				<ele>12</ele>
				<time>2024-08-18T14:37:22Z</time>
				<extensions>
					<gpxtpx:TrackPointExtension>
						<gpxtpx:hr>98</gpxtpx:hr>
						<gpxtpx:atemp>31</gpxtpx:atemp>
					</gpxtpx:TrackPointExtension>
				</extensions>
			</trkpt>
			<trkpt lat="48.59558" lon="-2.186314">
				<ele>12.8</ele>
				<time>2024-08-18T14:37:31Z</time>
				<extensions>
					<gpxtpx:TrackPointExtension>
						<gpxtpx:hr>98</gpxtpx:hr>
						<gpxtpx:atemp>31</gpxtpx:atemp>
					</gpxtpx:TrackPointExtension>
				</extensions>
			</trkpt>
			<trkpt lat="48.595636" lon="-2.186398">
				<ele>12.8</ele>
				<time>2024-08-18T14:37:38Z</time>
				<extensions>
					<gpxtpx:TrackPointExtension>
						<gpxtpx:hr>95</gpxtpx:hr>
						<gpxtpx:atemp>31</gpxtpx:atemp>
					</gpxtpx:TrackPointExtension>
				</extensions>
			</trkpt>
			<trkpt lat="48.595643" lon="-2.186416">
				<ele>12.8</ele>
				<time>2024-08-18T14:37:39Z</time>
				<extensions>
					<gpxtpx:TrackPointExtension>
						<gpxtpx:hr>95</gpxtpx:hr>
						<gpxtpx:atemp>31</gpxtpx:atemp>
					</gpxtpx:TrackPointExtension>
				</extensions>
			</trkpt>
			<trkpt lat="48.595665" lon="-2.186469">
				<ele>12.8</ele>
				<time>2024-08-18T14:37:43Z</time>
				<extensions>
					<gpxtpx:TrackPointExtension>
						<gpxtpx:hr>94</gpxtpx:hr>
						<gpxtpx:atemp>31</gpxtpx:atemp>
					</gpxtpx:TrackPointExtension>
				</extensions>
			</trkpt>
			<trkpt lat="48.595682" lon="-2.186479">
				<ele>12.8</ele>
				<time>2024-08-18T14:37:45Z</time>
				<extensions>
					<gpxtpx:TrackPointExtension>
						<gpxtpx:hr>94</gpxtpx:hr>
						<gpxtpx:atemp>31</gpxtpx:atemp>
					</gpxtpx:TrackPointExtension>
				</extensions>
			</trkpt>
			<trkpt lat="48.595693" lon="-2.18647">
				<ele>12.8</ele>
				<time>2024-08-18T14:37:46Z</time>
				<extensions>
					<gpxtpx:TrackPointExtension>
						<gpxtpx:hr>94</gpxtpx:hr>
						<gpxtpx:atemp>31</gpxtpx:atemp>
					</gpxtpx:TrackPointExtension>
				</extensions>
			</trkpt>
			<trkpt lat="48.595743" lon="-2.186401">
				<ele>12.4</ele>
				<time>2024-08-18T14:37:52Z</time>
				<extensions>
					<gpxtpx:TrackPointExtension>
						<gpxtpx:hr>93</gpxtpx:hr>
						<gpxtpx:atemp>31</gpxtpx:atemp>
					</gpxtpx:TrackPointExtension>
				</extensions>
			</trkpt>
			<trkpt lat="48.59576" lon="-2.186364">
				<ele>12.4</ele>
				<time>2024-08-18T14:37:54Z</time>
				<extensions>
					<gpxtpx:TrackPointExtension>
						<gpxtpx:hr>93</gpxtpx:hr>
						<gpxtpx:atemp>31</gpxtpx:atemp>
					</gpxtpx:TrackPointExtension>
				</extensions>
			</trkpt>
			<trkpt lat="48.595813" lon="-2.186215">
				<ele>12</ele>
				<time>2024-08-18T14:38:03Z</time>
				<extensions>
					<gpxtpx:TrackPointExtension>
						<gpxtpx:hr>92</gpxtpx:hr>
						<gpxtpx:atemp>31</gpxtpx:atemp>
					</gpxtpx:TrackPointExtension>
				</extensions>
			</trkpt>
			<trkpt lat="48.595851" lon="-2.186143">
				<ele>11.6</ele>
				<time>2024-08-18T14:38:09Z</time>
				<extensions>
					<gpxtpx:TrackPointExtension>
						<gpxtpx:hr>89</gpxtpx:hr>
						<gpxtpx:atemp>31</gpxtpx:atemp>
					</gpxtpx:TrackPointExtension>
				</extensions>
			</trkpt>
			<trkpt lat="48.595872" lon="-2.186138">
				<ele>11.4</ele>
				<time>2024-08-18T14:38:11Z</time>
				<extensions>
					<gpxtpx:TrackPointExtension>
						<gpxtpx:hr>89</gpxtpx:hr>
						<gpxtpx:atemp>31</gpxtpx:atemp>
					</gpxtpx:TrackPointExtension>
				</extensions>
			</trkpt>
			<trkpt lat="48.595906" lon="-2.186155">
				<ele>11.4</ele>
				<time>2024-08-18T14:38:14Z</time>
				<extensions>
					<gpxtpx:TrackPointExtension>
						<gpxtpx:hr>89</gpxtpx:hr>
						<gpxtpx:atemp>31</gpxtpx:atemp>
					</gpxtpx:TrackPointExtension>
				</extensions>
			</trkpt>
			<trkpt lat="48.595931" lon="-2.186167">
				<ele>11.4</ele>
				<time>2024-08-18T14:38:17Z</time>
				<extensions>
					<gpxtpx:TrackPointExtension>
						<gpxtpx:hr>86</gpxtpx:hr>
						<gpxtpx:atemp>31</gpxtpx:atemp>
					</gpxtpx:TrackPointExtension>
				</extensions>
			</trkpt>
			<trkpt lat="48.595941" lon="-2.186172">
				<ele>11.4</ele>
				<time>2024-08-18T14:38:18Z</time>
				<extensions>
					<gpxtpx:TrackPointExtension>
						<gpxtpx:hr>86</gpxtpx:hr>
						<gpxtpx:atemp>31</gpxtpx:atemp>
					</gpxtpx:TrackPointExtension>
				</extensions>
			</trkpt>
			<trkpt lat="48.59605" lon="-2.186219">
				<ele>12</ele>
				<time>2024-08-18T14:38:27Z</time>
				<extensions>
					<gpxtpx:TrackPointExtension>
						<gpxtpx:hr>87</gpxtpx:hr>
						<gpxtpx:atemp>31</gpxtpx:atemp>
					</gpxtpx:TrackPointExtension>
				</extensions>
			</trkpt>
			<trkpt lat="48.596071" lon="-2.186227">
				<ele>12</ele>
				<time>2024-08-18T14:38:29Z</time>
				<extensions>
					<gpxtpx:TrackPointExtension>
						<gpxtpx:hr>88</gpxtpx:hr>
						<gpxtpx:atemp>31</gpxtpx:atemp>
					</gpxtpx:TrackPointExtension>
				</extensions>
			</trkpt>
			<trkpt lat="48.596119" lon="-2.186258">
				<ele>12.2</ele>
				<time>2024-08-18T14:38:34Z</time>
				<extensions>
					<gpxtpx:TrackPointExtension>
						<gpxtpx:hr>89</gpxtpx:hr>
						<gpxtpx:atemp>31</gpxtpx:atemp>
					</gpxtpx:TrackPointExtension>
				</extensions>
			</trkpt>
			<trkpt lat="48.596219" lon="-2.186317">
				<ele>12.4</ele>
				<time>2024-08-18T14:38:43Z</time>
				<extensions>
					<gpxtpx:TrackPointExtension>
						<gpxtpx:hr>90</gpxtpx:hr>
						<gpxtpx:atemp>31</gpxtpx:atemp>
					</gpxtpx:TrackPointExtension>
				</extensions>
			</trkpt>
			<trkpt lat="48.596243" lon="-2.18633">
				<ele>12.4</ele>
				<time>2024-08-18T14:38:45Z</time>
				<extensions>
					<gpxtpx:TrackPointExtension>
						<gpxtpx:hr>89</gpxtpx:hr>
						<gpxtpx:atemp>31</gpxtpx:atemp>
					</gpxtpx:TrackPointExtension>
				</extensions>
			</trkpt>
			<trkpt lat="48.596268" lon="-2.186345">
				<ele>12.4</ele>
				<time>2024-08-18T14:38:47Z</time>
				<extensions>
					<gpxtpx:TrackPointExtension>
						<gpxtpx:hr>85</gpxtpx:hr>
						<gpxtpx:atemp>31</gpxtpx:atemp>
					</gpxtpx:TrackPointExtension>
				</extensions>
			</trkpt>
			<trkpt lat="48.596305" lon="-2.186375">
				<ele>12.4</ele>
				<time>2024-08-18T14:38:50Z</time>
				<extensions>
					<gpxtpx:TrackPointExtension>
						<gpxtpx:hr>84</gpxtpx:hr>
						<gpxtpx:atemp>31</gpxtpx:atemp>
					</gpxtpx:TrackPointExtension>
				</extensions>
			</trkpt>
			<trkpt lat="48.596406" lon="-2.186446">
				<ele>12.4</ele>
				<time>2024-08-18T14:38:59Z</time>
				<extensions>
					<gpxtpx:TrackPointExtension>
						<gpxtpx:hr>86</gpxtpx:hr>
						<gpxtpx:atemp>31</gpxtpx:atemp>
					</gpxtpx:TrackPointExtension>
				</extensions>
			</trkpt>
			<trkpt lat="48.596464" lon="-2.186505">
				<ele>12.6</ele>
				<time>2024-08-18T14:39:05Z</time>
				<extensions>
					<gpxtpx:TrackPointExtension>
						<gpxtpx:hr>90</gpxtpx:hr>
						<gpxtpx:atemp>31</gpxtpx:atemp>
					</gpxtpx:TrackPointExtension>
				</extensions>
			</trkpt>
			<trkpt lat="48.596475" lon="-2.186511">
				<ele>12.8</ele>
				<time>2024-08-18T14:39:06Z</time>
				<extensions>
					<gpxtpx:TrackPointExtension>
						<gpxtpx:hr>90</gpxtpx:hr>
						<gpxtpx:atemp>31</gpxtpx:atemp>
					</gpxtpx:TrackPointExtension>
				</extensions>
			</trkpt>
			<trkpt lat="48.596526" lon="-2.186522">
				<ele>12.8</ele>
				<time>2024-08-18T14:39:10Z</time>
				<extensions>
					<gpxtpx:TrackPointExtension>
						<gpxtpx:hr>91</gpxtpx:hr>
						<gpxtpx:atemp>31</gpxtpx:atemp>
					</gpxtpx:TrackPointExtension>
				</extensions>
			</trkpt>
			<trkpt lat="48.596554" lon="-2.186496">
				<ele>12.8</ele>
				<time>2024-08-18T14:39:13Z</time>
				<extensions>
					<gpxtpx:TrackPointExtension>
						<gpxtpx:hr>92</gpxtpx:hr>
						<gpxtpx:atemp>31</gpxtpx:atemp>
					</gpxtpx:TrackPointExtension>
				</extensions>
			</trkpt>
			<trkpt lat="48.59658" lon="-2.186465">
				<ele>13.2</ele>
				<time>2024-08-18T14:39:16Z</time>
				<extensions>
					<gpxtpx:TrackPointExtension>
						<gpxtpx:hr>92</gpxtpx:hr>
						<gpxtpx:atemp>31</gpxtpx:atemp>
					</gpxtpx:TrackPointExtension>
				</extensions>
			</trkpt>
			<trkpt lat="48.596599" lon="-2.186442">
				<ele>13.4</ele>
				<time>2024-08-18T14:39:18Z</time>
				<extensions>
					<gpxtpx:TrackPointExtension>
						<gpxtpx:hr>93</gpxtpx:hr>
						<gpxtpx:atemp>31</gpxtpx:atemp>
					</gpxtpx:TrackPointExtension>
				</extensions>
			</trkpt>
			<trkpt lat="48.596622" lon="-2.186409">
				<ele>13.4</ele>
				<time>2024-08-18T14:39:21Z</time>
				<extensions>
					<gpxtpx:TrackPointExtension>
						<gpxtpx:hr>95</gpxtpx:hr>
						<gpxtpx:atemp>31</gpxtpx:atemp>
					</gpxtpx:TrackPointExtension>
				</extensions>
			</trkpt>
			<trkpt lat="48.596636" lon="-2.186389">
				<ele>13.4</ele>
				<time>2024-08-18T14:39:23Z</time>
				<extensions>
					<gpxtpx:TrackPointExtension>
						<gpxtpx:hr>95</gpxtpx:hr>
						<gpxtpx:atemp>31</gpxtpx:atemp>
					</gpxtpx:TrackPointExtension>
				</extensions>
			</trkpt>
			<trkpt lat="48.596658" lon="-2.186348">
				<ele>13.2</ele>
				<time>2024-08-18T14:39:26Z</time>
				<extensions>
					<gpxtpx:TrackPointExtension>
						<gpxtpx:hr>95</gpxtpx:hr>
						<gpxtpx:atemp>31</gpxtpx:atemp>
					</gpxtpx:TrackPointExtension>
				</extensions>
			</trkpt>
			<trkpt lat="48.596668" lon="-2.186334">
				<ele>13.2</ele>
				<time>2024-08-18T14:39:27Z</time>
				<extensions>
					<gpxtpx:TrackPointExtension>
						<gpxtpx:hr>95</gpxtpx:hr>
						<gpxtpx:atemp>31</gpxtpx:atemp>
					</gpxtpx:TrackPointExtension>
				</extensions>
			</trkpt>
			<trkpt lat="48.596674" lon="-2.18632">
				<ele>13.2</ele>
				<time>2024-08-18T14:39:28Z</time>
				<extensions>
					<gpxtpx:TrackPointExtension>
						<gpxtpx:hr>95</gpxtpx:hr>
						<gpxtpx:atemp>31</gpxtpx:atemp>
					</gpxtpx:TrackPointExtension>
				</extensions>
			</trkpt>
			<trkpt lat="48.596683" lon="-2.186285">
				<ele>13.4</ele>
				<time>2024-08-18T14:39:31Z</time>
				<extensions>
					<gpxtpx:TrackPointExtension>
						<gpxtpx:hr>96</gpxtpx:hr>
						<gpxtpx:atemp>31</gpxtpx:atemp>
					</gpxtpx:TrackPointExtension>
				</extensions>
			</trkpt>
			<trkpt lat="48.596696" lon="-2.186257">
				<ele>13.4</ele>
				<time>2024-08-18T14:39:33Z</time>
				<extensions>
					<gpxtpx:TrackPointExtension>
						<gpxtpx:hr>97</gpxtpx:hr>
						<gpxtpx:atemp>31</gpxtpx:atemp>
					</gpxtpx:TrackPointExtension>
				</extensions>
			</trkpt>
			<trkpt lat="48.596759" lon="-2.186129">
				<ele>13.2</ele>
				<time>2024-08-18T14:39:42Z</time>
				<extensions>
					<gpxtpx:TrackPointExtension>
						<gpxtpx:hr>98</gpxtpx:hr>
						<gpxtpx:atemp>31</gpxtpx:atemp>
					</gpxtpx:TrackPointExtension>
				</extensions>
			</trkpt>
			<trkpt lat="48.596777" lon="-2.186088">
				<ele>13.2</ele>
				<time>2024-08-18T14:39:44Z</time>
				<extensions>
					<gpxtpx:TrackPointExtension>
						<gpxtpx:hr>101</gpxtpx:hr>
						<gpxtpx:atemp>31</gpxtpx:atemp>
					</gpxtpx:TrackPointExtension>
				</extensions>
			</trkpt>
			<trkpt lat="48.596809" lon="-2.186003">
				<ele>13</ele>
				<time>2024-08-18T14:39:49Z</time>
				<extensions>
					<gpxtpx:TrackPointExtension>
						<gpxtpx:hr>102</gpxtpx:hr>
						<gpxtpx:atemp>31</gpxtpx:atemp>
					</gpxtpx:TrackPointExtension>
				</extensions>
			</trkpt>
			<trkpt lat="48.596833" lon="-2.185925">
				<ele>12.8</ele>
				<time>2024-08-18T14:39:53Z</time>
				<extensions>
					<gpxtpx:TrackPointExtension>
						<gpxtpx:hr>99</gpxtpx:hr>
						<gpxtpx:atemp>31</gpxtpx:atemp>
					</gpxtpx:TrackPointExtension>
				</extensions>
			</trkpt>
			<trkpt lat="48.596848" lon="-2.185862">
				<ele>12.6</ele>
				<time>2024-08-18T14:39:56Z</time>
				<extensions>
					<gpxtpx:TrackPointExtension>
						<gpxtpx:hr>96</gpxtpx:hr>
						<gpxtpx:atemp>31</gpxtpx:atemp>
					</gpxtpx:TrackPointExtension>
				</extensions>
			</trkpt>
			<trkpt lat="48.59686" lon="-2.185817">
				<ele>12.6</ele>
				<time>2024-08-18T14:39:59Z</time>
				<extensions>
					<gpxtpx:TrackPointExtension>
						<gpxtpx:hr>96</gpxtpx:hr>
						<gpxtpx:atemp>31</gpxtpx:atemp>
					</gpxtpx:TrackPointExtension>
				</extensions>
			</trkpt>
			<trkpt lat="48.596887" lon="-2.185751">
				<ele>12.4</ele>
				<time>2024-08-18T14:40:04Z</time>
				<extensions>
					<gpxtpx:TrackPointExtension>
						<gpxtpx:hr>93</gpxtpx:hr>
						<gpxtpx:atemp>31</gpxtpx:atemp>
					</gpxtpx:TrackPointExtension>
				</extensions>
			</trkpt>
			<trkpt lat="48.596903" lon="-2.18568">
				<ele>12.4</ele>
				<time>2024-08-18T14:40:08Z</time>
				<extensions>
					<gpxtpx:TrackPointExtension>
						<gpxtpx:hr>92</gpxtpx:hr>
						<gpxtpx:atemp>31</gpxtpx:atemp>
					</gpxtpx:TrackPointExtension>
				</extensions>
			</trkpt>
			<trkpt lat="48.596912" lon="-2.18564">
				<ele>12.4</ele>
				<time>2024-08-18T14:40:14Z</time>
				<extensions>
					<gpxtpx:TrackPointExtension>
						<gpxtpx:hr>91</gpxtpx:hr>
						<gpxtpx:atemp>31</gpxtpx:atemp>
					</gpxtpx:TrackPointExtension>
				</extensions>
			</trkpt>
			<trkpt lat="48.59691" lon="-2.185639">
				<ele>12.4</ele>
				<time>2024-08-18T14:40:15Z</time>
				<extensions>
					<gpxtpx:TrackPointExtension>
						<gpxtpx:hr>91</gpxtpx:hr>
						<gpxtpx:atemp>31</gpxtpx:atemp>
					</gpxtpx:TrackPointExtension>
				</extensions>
			</trkpt>
			<trkpt lat="48.596934" lon="-2.185644">
				<ele>12</ele>
				<time>2024-08-18T14:40:20Z</time>
				<extensions>
					<gpxtpx:TrackPointExtension>
						<gpxtpx:hr>93</gpxtpx:hr>
						<gpxtpx:atemp>31</gpxtpx:atemp>
					</gpxtpx:TrackPointExtension>
				</extensions>
			</trkpt>
			<trkpt lat="48.596944" lon="-2.185633">
				<ele>12</ele>
				<time>2024-08-18T14:40:22Z</time>
				<extensions>
					<gpxtpx:TrackPointExtension>
						<gpxtpx:hr>97</gpxtpx:hr>
						<gpxtpx:atemp>31</gpxtpx:atemp>
					</gpxtpx:TrackPointExtension>
				</extensions>
			</trkpt>
			<trkpt lat="48.596961" lon="-2.185609">
				<ele>11.8</ele>
				<time>2024-08-18T14:40:27Z</time>
				<extensions>
					<gpxtpx:TrackPointExtension>
						<gpxtpx:hr>98</gpxtpx:hr>
						<gpxtpx:atemp>31</gpxtpx:atemp>
					</gpxtpx:TrackPointExtension>
				</extensions>
			</trkpt>
			<trkpt lat="48.596982" lon="-2.185569">
				<ele>11.8</ele>
				<time>2024-08-18T14:40:31Z</time>
				<extensions>
					<gpxtpx:TrackPointExtension>
						<gpxtpx:hr>94</gpxtpx:hr>
						<gpxtpx:atemp>31</gpxtpx:atemp>
					</gpxtpx:TrackPointExtension>
				</extensions>
			</trkpt>
			<trkpt lat="48.596996" lon="-2.185545">
				<ele>12.2</ele>
				<time>2024-08-18T14:40:33Z</time>
				<extensions>
					<gpxtpx:TrackPointExtension>
						<gpxtpx:hr>92</gpxtpx:hr>
						<gpxtpx:atemp>31</gpxtpx:atemp>
					</gpxtpx:TrackPointExtension>
				</extensions>
			</trkpt>
			<trkpt lat="48.597023" lon="-2.185465">
				<ele>12.2</ele>
				<time>2024-08-18T14:40:39Z</time>
				<extensions>
					<gpxtpx:TrackPointExtension>
						<gpxtpx:hr>89</gpxtpx:hr>
						<gpxtpx:atemp>31</gpxtpx:atemp>
					</gpxtpx:TrackPointExtension>
				</extensions>
			</trkpt>
			<trkpt lat="48.59704" lon="-2.185441">
				<ele>12.2</ele>
				<time>2024-08-18T14:40:41Z</time>
				<extensions>
					<gpxtpx:TrackPointExtension>
						<gpxtpx:hr>87</gpxtpx:hr>
						<gpxtpx:atemp>31</gpxtpx:atemp>
					</gpxtpx:TrackPointExtension>
				</extensions>
			</trkpt>
			<trkpt lat="48.597059" lon="-2.185417">
				<ele>12.4</ele>
				<time>2024-08-18T14:40:43Z</time>
				<extensions>
					<gpxtpx:TrackPointExtension>
						<gpxtpx:hr>85</gpxtpx:hr>
						<gpxtpx:atemp>31</gpxtpx:atemp>
					</gpxtpx:TrackPointExtension>
				</extensions>
			</trkpt>
			<trkpt lat="48.597077" lon="-2.185348">
				<ele>12.2</ele>
				<time>2024-08-18T14:40:47Z</time>
				<extensions>
					<gpxtpx:TrackPointExtension>
						<gpxtpx:hr>83</gpxtpx:hr>
						<gpxtpx:atemp>31</gpxtpx:atemp>
					</gpxtpx:TrackPointExtension>
				</extensions>
			</trkpt>
			<trkpt lat="48.597109" lon="-2.18526">
				<ele>11.8</ele>
				<time>2024-08-18T14:40:53Z</time>
				<extensions>
					<gpxtpx:TrackPointExtension>
						<gpxtpx:hr>80</gpxtpx:hr>
						<gpxtpx:atemp>31</gpxtpx:atemp>
					</gpxtpx:TrackPointExtension>
				</extensions>
			</trkpt>
			<trkpt lat="48.597113" lon="-2.185243">
				<ele>11.8</ele>
				<time>2024-08-18T14:40:54Z</time>
				<extensions>
					<gpxtpx:TrackPointExtension>
						<gpxtpx:hr>80</gpxtpx:hr>
						<gpxtpx:atemp>31</gpxtpx:atemp>
					</gpxtpx:TrackPointExtension>
				</extensions>
			</trkpt>
			<trkpt lat="48.597122" lon="-2.185229">
				<ele>11.8</ele>
				<time>2024-08-18T14:40:55Z</time>
				<extensions>
					<gpxtpx:TrackPointExtension>
						<gpxtpx:hr>80</gpxtpx:hr>
						<gpxtpx:atemp>31</gpxtpx:atemp>
					</gpxtpx:TrackPointExtension>
				</extensions>
			</trkpt>
			<trkpt lat="48.597137" lon="-2.185198">
				<ele>11.8</ele>
				<time>2024-08-18T14:40:57Z</time>
				<extensions>
					<gpxtpx:TrackPointExtension>
						<gpxtpx:hr>78</gpxtpx:hr>
						<gpxtpx:atemp>31</gpxtpx:atemp>
					</gpxtpx:TrackPointExtension>
				</extensions>
			</trkpt>
			<trkpt lat="48.597145" lon="-2.185187">
				<ele>11.8</ele>
				<time>2024-08-18T14:40:58Z</time>
				<extensions>
					<gpxtpx:TrackPointExtension>
						<gpxtpx:hr>78</gpxtpx:hr>
						<gpxtpx:atemp>31</gpxtpx:atemp>
					</gpxtpx:TrackPointExtension>
				</extensions>
			</trkpt>
			<trkpt lat="48.597151" lon="-2.185179">
				<ele>11.8</ele>
				<time>2024-08-18T14:40:59Z</time>
				<extensions>
					<gpxtpx:TrackPointExtension>
						<gpxtpx:hr>79</gpxtpx:hr>
						<gpxtpx:atemp>31</gpxtpx:atemp>
					</gpxtpx:TrackPointExtension>
				</extensions>
			</trkpt>
			<trkpt lat="48.597165" lon="-2.185125">
				<ele>11.6</ele>
				<time>2024-08-18T14:41:02Z</time>
				<extensions>
					<gpxtpx:TrackPointExtension>
						<gpxtpx:hr>83</gpxtpx:hr>
						<gpxtpx:atemp>31</gpxtpx:atemp>
					</gpxtpx:TrackPointExtension>
				</extensions>
			</trkpt>
			<trkpt lat="48.597175" lon="-2.18508">
				<ele>11.4</ele>
				<time>2024-08-18T14:41:05Z</time>
				<extensions>
					<gpxtpx:TrackPointExtension>
						<gpxtpx:hr>84</gpxtpx:hr>
						<gpxtpx:atemp>31</gpxtpx:atemp>
					</gpxtpx:TrackPointExtension>
				</extensions>
			</trkpt>
			<trkpt lat="48.597171" lon="-2.185061">
				<ele>11.4</ele>
				<time>2024-08-18T14:41:06Z</time>
				<extensions>
					<gpxtpx:TrackPointExtension>
						<gpxtpx:hr>85</gpxtpx:hr>
						<gpxtpx:atemp>31</gpxtpx:atemp>
					</gpxtpx:TrackPointExtension>
				</extensions>
			</trkpt>
			<trkpt lat="48.597162" lon="-2.185019">
				<ele>11.2</ele>
				<time>2024-08-18T14:41:09Z</time>
				<extensions>
					<gpxtpx:TrackPointExtension>
						<gpxtpx:hr>87</gpxtpx:hr>
						<gpxtpx:atemp>31</gpxtpx:atemp>
					</gpxtpx:TrackPointExtension>
				</extensions>
			</trkpt>
			<trkpt lat="48.59717" lon="-2.185029">
				<ele>11</ele>
				<time>2024-08-18T14:41:13Z</time>
				<extensions>
					<gpxtpx:TrackPointExtension>
						<gpxtpx:hr>87</gpxtpx:hr>
						<gpxtpx:atemp>31</gpxtpx:atemp>
					</gpxtpx:TrackPointExtension>
				</extensions>
			</trkpt>
			<trkpt lat="48.597197" lon="-2.185015">
				<ele>11</ele>
				<time>2024-08-18T14:41:19Z</time>
				<extensions>
					<gpxtpx:TrackPointExtension>
						<gpxtpx:hr>88</gpxtpx:hr>
						<gpxtpx:atemp>31</gpxtpx:atemp>
					</gpxtpx:TrackPointExtension>
				</extensions>
			</trkpt>
			<trkpt lat="48.597211" lon="-2.184987">
				<ele>11</ele>
				<time>2024-08-18T14:41:21Z</time>
				<extensions>
					<gpxtpx:TrackPointExtension>
						<gpxtpx:hr>89</gpxtpx:hr>
						<gpxtpx:atemp>31</gpxtpx:atemp>
					</gpxtpx:TrackPointExtension>
				</extensions>
			</trkpt>
			<trkpt lat="48.597227" lon="-2.184964">
				<ele>11</ele>
				<time>2024-08-18T14:41:23Z</time>
				<extensions>
					<gpxtpx:TrackPointExtension>
						<gpxtpx:hr>91</gpxtpx:hr>
						<gpxtpx:atemp>31</gpxtpx:atemp>
					</gpxtpx:TrackPointExtension>
				</extensions>
			</trkpt>
			<trkpt lat="48.597231" lon="-2.184941">
				<ele>11</ele>
				<time>2024-08-18T14:41:25Z</time>
				<extensions>
					<gpxtpx:TrackPointExtension>
						<gpxtpx:hr>92</gpxtpx:hr>
						<gpxtpx:atemp>31</gpxtpx:atemp>
					</gpxtpx:TrackPointExtension>
				</extensions>
			</trkpt>
			<trkpt lat="48.597236" lon="-2.18493">
				<ele>11</ele>
				<time>2024-08-18T14:41:26Z</time>
				<extensions>
					<gpxtpx:TrackPointExtension>
						<gpxtpx:hr>91</gpxtpx:hr>
						<gpxtpx:atemp>31</gpxtpx:atemp>
					</gpxtpx:TrackPointExtension>
				</extensions>
			</trkpt>
			<trkpt lat="48.597273" lon="-2.184788">
				<ele>10.6</ele>
				<time>2024-08-18T14:41:35Z</time>
				<extensions>
					<gpxtpx:TrackPointExtension>
						<gpxtpx:hr>87</gpxtpx:hr>
						<gpxtpx:atemp>31</gpxtpx:atemp>
					</gpxtpx:TrackPointExtension>
				</extensions>
			</trkpt>
			<trkpt lat="48.597282" lon="-2.184748">
				<ele>10.6</ele>
				<time>2024-08-18T14:41:38Z</time>
				<extensions>
					<gpxtpx:TrackPointExtension>
						<gpxtpx:hr>84</gpxtpx:hr>
						<gpxtpx:atemp>31</gpxtpx:atemp>
					</gpxtpx:TrackPointExtension>
				</extensions>
			</trkpt>
			<trkpt lat="48.597312" lon="-2.184729">
				<ele>10.6</ele>
				<time>2024-08-18T14:41:42Z</time>
				<extensions>
					<gpxtpx:TrackPointExtension>
						<gpxtpx:hr>84</gpxtpx:hr>
						<gpxtpx:atemp>31</gpxtpx:atemp>
					</gpxtpx:TrackPointExtension>
				</extensions>
			</trkpt>
			<trkpt lat="48.597373" lon="-2.184755">
				<ele>10.8</ele>
				<time>2024-08-18T14:41:48Z</time>
				<extensions>
					<gpxtpx:TrackPointExtension>
						<gpxtpx:hr>87</gpxtpx:hr>
						<gpxtpx:atemp>31</gpxtpx:atemp>
					</gpxtpx:TrackPointExtension>
				</extensions>
			</trkpt>
			<trkpt lat="48.597409" lon="-2.18477">
				<ele>11</ele>
				<time>2024-08-18T14:41:51Z</time>
				<extensions>
					<gpxtpx:TrackPointExtension>
						<gpxtpx:hr>87</gpxtpx:hr>
						<gpxtpx:atemp>31</gpxtpx:atemp>
					</gpxtpx:TrackPointExtension>
				</extensions>
			</trkpt>
			<trkpt lat="48.597439" lon="-2.184765">
				<ele>11.4</ele>
				<time>2024-08-18T14:41:54Z</time>
				<extensions>
					<gpxtpx:TrackPointExtension>
						<gpxtpx:hr>87</gpxtpx:hr>
						<gpxtpx:atemp>31</gpxtpx:atemp>
					</gpxtpx:TrackPointExtension>
				</extensions>
			</trkpt>
			<trkpt lat="48.597461" lon="-2.184758">
				<ele>11.4</ele>
				<time>2024-08-18T14:41:56Z</time>
				<extensions>
					<gpxtpx:TrackPointExtension>
						<gpxtpx:hr>87</gpxtpx:hr>
						<gpxtpx:atemp>31</gpxtpx:atemp>
					</gpxtpx:TrackPointExtension>
				</extensions>
			</trkpt>
			<trkpt lat="48.597475" lon="-2.184768">
				<ele>11.4</ele>
				<time>2024-08-18T14:41:58Z</time>
				<extensions>
					<gpxtpx:TrackPointExtension>
						<gpxtpx:hr>87</gpxtpx:hr>
						<gpxtpx:atemp>31</gpxtpx:atemp>
					</gpxtpx:TrackPointExtension>
				</extensions>
			</trkpt>
			<trkpt lat="48.597484" lon="-2.184772">
				<ele>11.4</ele>
				<time>2024-08-18T14:41:59Z</time>
				<extensions>
					<gpxtpx:TrackPointExtension>
						<gpxtpx:hr>87</gpxtpx:hr>
						<gpxtpx:atemp>31</gpxtpx:atemp>
					</gpxtpx:TrackPointExtension>
				</extensions>
			</trkpt>
			<trkpt lat="48.597536" lon="-2.184776">
				<ele>11.6</ele>
				<time>2024-08-18T14:42:04Z</time>
				<extensions>
					<gpxtpx:TrackPointExtension>
						<gpxtpx:hr>89</gpxtpx:hr>
						<gpxtpx:atemp>31</gpxtpx:atemp>
					</gpxtpx:TrackPointExtension>
				</extensions>
			</trkpt>
			<trkpt lat="48.597623" lon="-2.184783">
				<ele>11.8</ele>
				<time>2024-08-18T14:42:11Z</time>
				<extensions>
					<gpxtpx:TrackPointExtension>
						<gpxtpx:hr>92</gpxtpx:hr>
						<gpxtpx:atemp>31</gpxtpx:atemp>
					</gpxtpx:TrackPointExtension>
				</extensions>
			</trkpt>
			<trkpt lat="48.597691" lon="-2.184797">
				<ele>12.2</ele>
				<time>2024-08-18T14:42:17Z</time>
				<extensions>
					<gpxtpx:TrackPointExtension>
						<gpxtpx:hr>93</gpxtpx:hr>
						<gpxtpx:atemp>31</gpxtpx:atemp>
					</gpxtpx:TrackPointExtension>
				</extensions>
			</trkpt>
			<trkpt lat="48.597718" lon="-2.184785">
				<ele>12.4</ele>
				<time>2024-08-18T14:42:20Z</time>
				<extensions>
					<gpxtpx:TrackPointExtension>
						<gpxtpx:hr>94</gpxtpx:hr>
						<gpxtpx:atemp>31</gpxtpx:atemp>
					</gpxtpx:TrackPointExtension>
				</extensions>
			</trkpt>
			<trkpt lat="48.597732" lon="-2.184784">
				<ele>12.4</ele>
				<time>2024-08-18T14:42:21Z</time>
				<extensions>
					<gpxtpx:TrackPointExtension>
						<gpxtpx:hr>94</gpxtpx:hr>
						<gpxtpx:atemp>31</gpxtpx:atemp>
					</gpxtpx:TrackPointExtension>
				</extensions>
			</trkpt>
			<trkpt lat="48.597785" lon="-2.184781">
				<ele>12.6</ele>
				<time>2024-08-18T14:42:26Z</time>
				<extensions>
					<gpxtpx:TrackPointExtension>
						<gpxtpx:hr>98</gpxtpx:hr>
						<gpxtpx:atemp>31</gpxtpx:atemp>
					</gpxtpx:TrackPointExtension>
				</extensions>
			</trkpt>
			<trkpt lat="48.597809" lon="-2.184783">
				<ele>12.6</ele>
				<time>2024-08-18T14:42:28Z</time>
				<extensions>
					<gpxtpx:TrackPointExtension>
						<gpxtpx:hr>101</gpxtpx:hr>
						<gpxtpx:atemp>31</gpxtpx:atemp>
					</gpxtpx:TrackPointExtension>
				</extensions>
			</trkpt>
			<trkpt lat="48.597868" lon="-2.184778">
				<ele>13.2</ele>
				<time>2024-08-18T14:42:33Z</time>
				<extensions>
					<gpxtpx:TrackPointExtension>
						<gpxtpx:hr>98</gpxtpx:hr>
						<gpxtpx:atemp>31</gpxtpx:atemp>
					</gpxtpx:TrackPointExtension>
				</extensions>
			</trkpt>
			<trkpt lat="48.597901" lon="-2.184774">
				<ele>13.2</ele>
				<time>2024-08-18T14:42:36Z</time>
				<extensions>
					<gpxtpx:TrackPointExtension>
						<gpxtpx:hr>95</gpxtpx:hr>
						<gpxtpx:atemp>31</gpxtpx:atemp>
					</gpxtpx:TrackPointExtension>
				</extensions>
			</trkpt>
			<trkpt lat="48.597952" lon="-2.184765">
				<ele>13.8</ele>
				<time>2024-08-18T14:42:40Z</time>
				<extensions>
					<gpxtpx:TrackPointExtension>
						<gpxtpx:hr>98</gpxtpx:hr>
						<gpxtpx:atemp>31</gpxtpx:atemp>
					</gpxtpx:TrackPointExtension>
				</extensions>
			</trkpt>
			<trkpt lat="48.597999" lon="-2.184763">
				<ele>13.8</ele>
				<time>2024-08-18T14:42:44Z</time>
				<extensions>
					<gpxtpx:TrackPointExtension>
						<gpxtpx:hr>99</gpxtpx:hr>
						<gpxtpx:atemp>31</gpxtpx:atemp>
					</gpxtpx:TrackPointExtension>
				</extensions>
			</trkpt>
			<trkpt lat="48.59806" lon="-2.184754">
				<ele>14</ele>
				<time>2024-08-18T14:42:49Z</time>
				<extensions>
					<gpxtpx:TrackPointExtension>
						<gpxtpx:hr>100</gpxtpx:hr>
						<gpxtpx:atemp>31</gpxtpx:atemp>
					</gpxtpx:TrackPointExtension>
				</extensions>
			</trkpt>
			<trkpt lat="48.598083" lon="-2.184751">
				<ele>14.2</ele>
				<time>2024-08-18T14:42:51Z</time>
				<extensions>
					<gpxtpx:TrackPointExtension>
						<gpxtpx:hr>100</gpxtpx:hr>
						<gpxtpx:atemp>31</gpxtpx:atemp>
					</gpxtpx:TrackPointExtension>
				</extensions>
			</trkpt>
			<trkpt lat="48.598139" lon="-2.184748">
				<ele>14.4</ele>
				<time>2024-08-18T14:42:55Z</time>
				<extensions>
					<gpxtpx:TrackPointExtension>
						<gpxtpx:hr>103</gpxtpx:hr>
						<gpxtpx:atemp>31</gpxtpx:atemp>
					</gpxtpx:TrackPointExtension>
				</extensions>
			</trkpt>
			<trkpt lat="48.598198" lon="-2.184741">
				<ele>14.6</ele>
				<time>2024-08-18T14:43:00Z</time>
				<extensions>
					<gpxtpx:TrackPointExtension>
						<gpxtpx:hr>106</gpxtpx:hr>
						<gpxtpx:atemp>31</gpxtpx:atemp>
					</gpxtpx:TrackPointExtension>
				</extensions>
			</trkpt>
			<trkpt lat="48.598233" lon="-2.184726">
				<ele>14.8</ele>
				<time>2024-08-18T14:43:03Z</time>
				<extensions>
					<gpxtpx:TrackPointExtension>
						<gpxtpx:hr>106</gpxtpx:hr>
						<gpxtpx:atemp>31</gpxtpx:atemp>
					</gpxtpx:TrackPointExtension>
				</extensions>
			</trkpt>
			<trkpt lat="48.598266" lon="-2.184676">
				<ele>15</ele>
				<time>2024-08-18T14:43:07Z</time>
				<extensions>
					<gpxtpx:TrackPointExtension>
						<gpxtpx:hr>105</gpxtpx:hr>
						<gpxtpx:atemp>31</gpxtpx:atemp>
					</gpxtpx:TrackPointExtension>
				</extensions>
			</trkpt>
			<trkpt lat="48.598326" lon="-2.184553">
				<ele>15.4</ele>
				<time>2024-08-18T14:43:15Z</time>
				<extensions>
					<gpxtpx:TrackPointExtension>
						<gpxtpx:hr>104</gpxtpx:hr>
						<gpxtpx:atemp>31</gpxtpx:atemp>
					</gpxtpx:TrackPointExtension>
				</extensions>
			</trkpt>
			<trkpt lat="48.598357" lon="-2.184478">
				<ele>15.8</ele>
				<time>2024-08-18T14:43:20Z</time>
				<extensions>
					<gpxtpx:TrackPointExtension>
						<gpxtpx:hr>101</gpxtpx:hr>
						<gpxtpx:atemp>31</gpxtpx:atemp>
					</gpxtpx:TrackPointExtension>
				</extensions>
			</trkpt>
			<trkpt lat="48.598382" lon="-2.184427">
				<ele>15.8</ele>
				<time>2024-08-18T14:43:23Z</time>
				<extensions>
					<gpxtpx:TrackPointExtension>
						<gpxtpx:hr>100</gpxtpx:hr>
						<gpxtpx:atemp>31</gpxtpx:atemp>
					</gpxtpx:TrackPointExtension>
				</extensions>
			</trkpt>
			<trkpt lat="48.598389" lon="-2.184413">
				<ele>16</ele>
				<time>2024-08-18T14:43:24Z</time>
				<extensions>
					<gpxtpx:TrackPointExtension>
						<gpxtpx:hr>99</gpxtpx:hr>
						<gpxtpx:atemp>31</gpxtpx:atemp>
					</gpxtpx:TrackPointExtension>
				</extensions>
			</trkpt>
			<trkpt lat="48.598437" lon="-2.184387">
				<ele>16.6</ele>
				<time>2024-08-18T14:43:29Z</time>
				<extensions>
					<gpxtpx:TrackPointExtension>
						<gpxtpx:hr>99</gpxtpx:hr>
						<gpxtpx:atemp>31</gpxtpx:atemp>
					</gpxtpx:TrackPointExtension>
				</extensions>
			</trkpt>
			<trkpt lat="48.598447" lon="-2.184392">
				<ele>16.6</ele>
				<time>2024-08-18T14:43:30Z</time>
				<extensions>
					<gpxtpx:TrackPointExtension>
						<gpxtpx:hr>100</gpxtpx:hr>
						<gpxtpx:atemp>31</gpxtpx:atemp>
					</gpxtpx:TrackPointExtension>
				</extensions>
			</trkpt>
			<trkpt lat="48.598466" lon="-2.184417">
				<ele>16.799999</ele>
				<time>2024-08-18T14:43:32Z</time>
				<extensions>
					<gpxtpx:TrackPointExtension>
						<gpxtpx:hr>104</gpxtpx:hr>
						<gpxtpx:atemp>31</gpxtpx:atemp>
					</gpxtpx:TrackPointExtension>
				</extensions>
			</trkpt>
			<trkpt lat="48.598484" lon="-2.184443">
				<ele>16.799999</ele>
				<time>2024-08-18T14:43:34Z</time>
				<extensions>
					<gpxtpx:TrackPointExtension>
						<gpxtpx:hr>107</gpxtpx:hr>
						<gpxtpx:atemp>31</gpxtpx:atemp>
					</gpxtpx:TrackPointExtension>
				</extensions>
			</trkpt>
			<trkpt lat="48.598493" lon="-2.184454">
				<ele>16.799999</ele>
				<time>2024-08-18T14:43:35Z</time>
				<extensions>
					<gpxtpx:TrackPointExtension>
						<gpxtpx:hr>107</gpxtpx:hr>
						<gpxtpx:atemp>31</gpxtpx:atemp>
					</gpxtpx:TrackPointExtension>
				</extensions>
			</trkpt>
			<trkpt lat="48.598559" lon="-2.184504">
				<ele>16.799999</ele>
				<time>2024-08-18T14:43:41Z</time>
				<extensions>
					<gpxtpx:TrackPointExtension>
						<gpxtpx:hr>108</gpxtpx:hr>
						<gpxtpx:atemp>31</gpxtpx:atemp>
					</gpxtpx:TrackPointExtension>
				</extensions>
			</trkpt>
			<trkpt lat="48.598583" lon="-2.184539">
				<ele>16.799999</ele>
				<time>2024-08-18T14:43:44Z</time>
				<extensions>
					<gpxtpx:TrackPointExtension>
						<gpxtpx:hr>107</gpxtpx:hr>
						<gpxtpx:atemp>31</gpxtpx:atemp>
					</gpxtpx:TrackPointExtension>
				</extensions>
			</trkpt>
			<trkpt lat="48.598606" lon="-2.184567">
				<ele>17</ele>
				<time>2024-08-18T14:43:46Z</time>
				<extensions>
					<gpxtpx:TrackPointExtension>
						<gpxtpx:hr>103</gpxtpx:hr>
						<gpxtpx:atemp>31</gpxtpx:atemp>
					</gpxtpx:TrackPointExtension>
				</extensions>
			</trkpt>
			<trkpt lat="48.598613" lon="-2.184581">
				<ele>17.200001</ele>
				<time>2024-08-18T14:43:47Z</time>
				<extensions>
					<gpxtpx:TrackPointExtension>
						<gpxtpx:hr>101</gpxtpx:hr>
						<gpxtpx:atemp>31</gpxtpx:atemp>
					</gpxtpx:TrackPointExtension>
				</extensions>
			</trkpt>
			<trkpt lat="48.598669" lon="-2.184646">
				<ele>18</ele>
				<time>2024-08-18T14:43:53Z</time>
				<extensions>
					<gpxtpx:TrackPointExtension>
						<gpxtpx:hr>99</gpxtpx:hr>
						<gpxtpx:atemp>31</gpxtpx:atemp>
					</gpxtpx:TrackPointExtension>
				</extensions>
			</trkpt>
			<trkpt lat="48.598679" lon="-2.184659">
				<ele>18.200001</ele>
				<time>2024-08-18T14:43:54Z</time>
				<extensions>
					<gpxtpx:TrackPointExtension>
						<gpxtpx:hr>100</gpxtpx:hr>
						<gpxtpx:atemp>31</gpxtpx:atemp>
					</gpxtpx:TrackPointExtension>
				</extensions>
			</trkpt>
			<trkpt lat="48.59877" lon="-2.184752">
				<ele>18.4</ele>
				<time>2024-08-18T14:44:03Z</time>
				<extensions>
					<gpxtpx:TrackPointExtension>
						<gpxtpx:hr>100</gpxtpx:hr>
						<gpxtpx:atemp>31</gpxtpx:atemp>
					</gpxtpx:TrackPointExtension>
				</extensions>
			</trkpt>
			<trkpt lat="48.59884" lon="-2.184829">
				<ele>18.6</ele>
				<time>2024-08-18T14:44:10Z</time>
				<extensions>
					<gpxtpx:TrackPointExtension>
						<gpxtpx:hr>103</gpxtpx:hr>
						<gpxtpx:atemp>31</gpxtpx:atemp>
					</gpxtpx:TrackPointExtension>
				</extensions>
			</trkpt>
			<trkpt lat="48.598859" lon="-2.18486">
				<ele>18.799999</ele>
				<time>2024-08-18T14:44:12Z</time>
				<extensions>
					<gpxtpx:TrackPointExtension>
						<gpxtpx:hr>104</gpxtpx:hr>
						<gpxtpx:atemp>31</gpxtpx:atemp>
					</gpxtpx:TrackPointExtension>
				</extensions>
			</trkpt>
			<trkpt lat="48.598927" lon="-2.184937">
				<ele>19.4</ele>
				<time>2024-08-18T14:44:18Z</time>
				<extensions>
					<gpxtpx:TrackPointExtension>
						<gpxtpx:hr>108</gpxtpx:hr>
						<gpxtpx:atemp>31</gpxtpx:atemp>
					</gpxtpx:TrackPointExtension>
				</extensions>
			</trkpt>
			<trkpt lat="48.598947" lon="-2.184958">
				<ele>19.4</ele>
				<time>2024-08-18T14:44:20Z</time>
				<extensions>
					<gpxtpx:TrackPointExtension>
						<gpxtpx:hr>109</gpxtpx:hr>
						<gpxtpx:atemp>31</gpxtpx:atemp>
					</gpxtpx:TrackPointExtension>
				</extensions>
			</trkpt>
			<trkpt lat="48.59903" lon="-2.184965">
				<ele>19.6</ele>
				<time>2024-08-18T14:44:27Z</time>
				<extensions>
					<gpxtpx:TrackPointExtension>
						<gpxtpx:hr>108</gpxtpx:hr>
						<gpxtpx:atemp>31</gpxtpx:atemp>
					</gpxtpx:TrackPointExtension>
				</extensions>
			</trkpt>
			<trkpt lat="48.599039" lon="-2.184954">
				<ele>19.6</ele>
				<time>2024-08-18T14:44:28Z</time>
				<extensions>
					<gpxtpx:TrackPointExtension>
						<gpxtpx:hr>107</gpxtpx:hr>
						<gpxtpx:atemp>31</gpxtpx:atemp>
					</gpxtpx:TrackPointExtension>
				</extensions>
			</trkpt>
			<trkpt lat="48.599062" lon="-2.184919">
				<ele>19.6</ele>
				<time>2024-08-18T14:44:31Z</time>
				<extensions>
					<gpxtpx:TrackPointExtension>
						<gpxtpx:hr>107</gpxtpx:hr>
						<gpxtpx:atemp>31</gpxtpx:atemp>
					</gpxtpx:TrackPointExtension>
				</extensions>
			</trkpt>
			<trkpt lat="48.599071" lon="-2.184883">
				<ele>19.6</ele>
				<time>2024-08-18T14:44:33Z</time>
				<extensions>
					<gpxtpx:TrackPointExtension>
						<gpxtpx:hr>107</gpxtpx:hr>
						<gpxtpx:atemp>31</gpxtpx:atemp>
					</gpxtpx:TrackPointExtension>
				</extensions>
			</trkpt>
			<trkpt lat="48.599101" lon="-2.184702">
				<ele>20</ele>
				<time>2024-08-18T14:44:42Z</time>
				<extensions>
					<gpxtpx:TrackPointExtension>
						<gpxtpx:hr>108</gpxtpx:hr>
						<gpxtpx:atemp>31</gpxtpx:atemp>
					</gpxtpx:TrackPointExtension>
				</extensions>
			</trkpt>
			<trkpt lat="48.599105" lon="-2.184642">
				<ele>19.6</ele>
				<time>2024-08-18T14:44:45Z</time>
				<extensions>
					<gpxtpx:TrackPointExtension>
						<gpxtpx:hr>105</gpxtpx:hr>
						<gpxtpx:atemp>31</gpxtpx:atemp>
					</gpxtpx:TrackPointExtension>
				</extensions>
			</trkpt>
			<trkpt lat="48.599113" lon="-2.18459">
				<ele>19.4</ele>
				<time>2024-08-18T14:44:48Z</time>
				<extensions>
					<gpxtpx:TrackPointExtension>
						<gpxtpx:hr>102</gpxtpx:hr>
						<gpxtpx:atemp>31</gpxtpx:atemp>
					</gpxtpx:TrackPointExtension>
				</extensions>
			</trkpt>
			<trkpt lat="48.599119" lon="-2.184558">
				<ele>19.4</ele>
				<time>2024-08-18T14:44:50Z</time>
				<extensions>
					<gpxtpx:TrackPointExtension>
						<gpxtpx:hr>101</gpxtpx:hr>
						<gpxtpx:atemp>31</gpxtpx:atemp>
					</gpxtpx:TrackPointExtension>
				</extensions>
			</trkpt>
			<trkpt lat="48.599138" lon="-2.184448">
				<ele>19</ele>
				<time>2024-08-18T14:44:57Z</time>
				<extensions>
					<gpxtpx:TrackPointExtension>
						<gpxtpx:hr>100</gpxtpx:hr>
						<gpxtpx:atemp>31</gpxtpx:atemp>
					</gpxtpx:TrackPointExtension>
				</extensions>
			</trkpt>
			<trkpt lat="48.59914" lon="-2.18443">
				<ele>19</ele>
				<time>2024-08-18T14:44:59Z</time>
				<extensions>
					<gpxtpx:TrackPointExtension>
						<gpxtpx:hr>99</gpxtpx:hr>
						<gpxtpx:atemp>31</gpxtpx:atemp>
					</gpxtpx:TrackPointExtension>
				</extensions>
			</trkpt>
			<trkpt lat="48.599143" lon="-2.184418">
				<ele>19</ele>
				<time>2024-08-18T14:45:00Z</time>
				<extensions>
					<gpxtpx:TrackPointExtension>
						<gpxtpx:hr>99</gpxtpx:hr>
						<gpxtpx:atemp>31</gpxtpx:atemp>
					</gpxtpx:TrackPointExtension>
				</extensions>
			</trkpt>
			<trkpt lat="48.59916" lon="-2.184324">
				<ele>18.6</ele>
				<time>2024-08-18T14:45:05Z</time>
				<extensions>
					<gpxtpx:TrackPointExtension>
						<gpxtpx:hr>96</gpxtpx:hr>
						<gpxtpx:atemp>31</gpxtpx:atemp>
					</gpxtpx:TrackPointExtension>
				</extensions>
			</trkpt>
			<trkpt lat="48.599182" lon="-2.184253">
				<ele>18.6</ele>
				<time>2024-08-18T14:45:09Z</time>
				<extensions>
					<gpxtpx:TrackPointExtension>
						<gpxtpx:hr>93</gpxtpx:hr>
						<gpxtpx:atemp>31</gpxtpx:atemp>
					</gpxtpx:TrackPointExtension>
				</extensions>
			</trkpt>
			<trkpt lat="48.599196" lon="-2.184233">
				<ele>18.4</ele>
				<time>2024-08-18T14:45:11Z</time>
				<extensions>
					<gpxtpx:TrackPointExtension>
						<gpxtpx:hr>92</gpxtpx:hr>
						<gpxtpx:atemp>31</gpxtpx:atemp>
					</gpxtpx:TrackPointExtension>
				</extensions>
			</trkpt>
			<trkpt lat="48.599231" lon="-2.184201">
				<ele>18.4</ele>
				<time>2024-08-18T14:45:14Z</time>
				<extensions>
					<gpxtpx:TrackPointExtension>
						<gpxtpx:hr>88</gpxtpx:hr>
						<gpxtpx:atemp>31</gpxtpx:atemp>
					</gpxtpx:TrackPointExtension>
				</extensions>
			</trkpt>
			<trkpt lat="48.599252" lon="-2.184181">
				<ele>18.6</ele>
				<time>2024-08-18T14:45:16Z</time>
				<extensions>
					<gpxtpx:TrackPointExtension>
						<gpxtpx:hr>84</gpxtpx:hr>
						<gpxtpx:atemp>31</gpxtpx:atemp>
					</gpxtpx:TrackPointExtension>
				</extensions>
			</trkpt>
			<trkpt lat="48.599263" lon="-2.184176">
				<ele>18.6</ele>
				<time>2024-08-18T14:45:17Z</time>
				<extensions>
					<gpxtpx:TrackPointExtension>
						<gpxtpx:hr>84</gpxtpx:hr>
						<gpxtpx:atemp>31</gpxtpx:atemp>
					</gpxtpx:TrackPointExtension>
				</extensions>
			</trkpt>
			<trkpt lat="48.599304" lon="-2.184172">
				<ele>18.799999</ele>
				<time>2024-08-18T14:45:20Z</time>
				<extensions>
					<gpxtpx:TrackPointExtension>
						<gpxtpx:hr>84</gpxtpx:hr>
						<gpxtpx:atemp>31</gpxtpx:atemp>
					</gpxtpx:TrackPointExtension>
				</extensions>
			</trkpt>
			<trkpt lat="48.599424" lon="-2.184182">
				<ele>19</ele>
				<time>2024-08-18T14:45:31Z</time>
				<extensions>
					<gpxtpx:TrackPointExtension>
						<gpxtpx:hr>87</gpxtpx:hr>
						<gpxtpx:atemp>31</gpxtpx:atemp>
					</gpxtpx:TrackPointExtension>
				</extensions>
			</trkpt>
			<trkpt lat="48.599446" lon="-2.184178">
				<ele>19</ele>
				<time>2024-08-18T14:45:33Z</time>
				<extensions>
					<gpxtpx:TrackPointExtension>
						<gpxtpx:hr>88</gpxtpx:hr>
						<gpxtpx:atemp>31</gpxtpx:atemp>
					</gpxtpx:TrackPointExtension>
				</extensions>
			</trkpt>
			<trkpt lat="48.599539" lon="-2.184182">
				<ele>19.4</ele>
				<time>2024-08-18T14:45:40Z</time>
				<extensions>
					<gpxtpx:TrackPointExtension>
						<gpxtpx:hr>91</gpxtpx:hr>
						<gpxtpx:atemp>31</gpxtpx:atemp>
					</gpxtpx:TrackPointExtension>
				</extensions>
			</trkpt>
			<trkpt lat="48.599571" lon="-2.184182">
				<ele>19.4</ele>
				<time>2024-08-18T14:45:43Z</time>
				<extensions>
					<gpxtpx:TrackPointExtension>
						<gpxtpx:hr>95</gpxtpx:hr>
						<gpxtpx:atemp>31</gpxtpx:atemp>
					</gpxtpx:TrackPointExtension>
				</extensions>
			</trkpt>
			<trkpt lat="48.599576" lon="-2.184182">
				<ele>19.6</ele>
				<time>2024-08-18T14:45:44Z</time>
				<extensions>
					<gpxtpx:TrackPointExtension>
						<gpxtpx:hr>95</gpxtpx:hr>
						<gpxtpx:atemp>31</gpxtpx:atemp>
					</gpxtpx:TrackPointExtension>
				</extensions>
			</trkpt>
			<trkpt lat="48.599637" lon="-2.184173">
				<ele>20.200001</ele>
				<time>2024-08-18T14:45:49Z</time>
				<extensions>
					<gpxtpx:TrackPointExtension>
						<gpxtpx:hr>98</gpxtpx:hr>
						<gpxtpx:atemp>31</gpxtpx:atemp>
					</gpxtpx:TrackPointExtension>
				</extensions>
			</trkpt>
			<trkpt lat="48.599681" lon="-2.184162">
				<ele>20.200001</ele>
				<time>2024-08-18T14:45:53Z</time>
				<extensions>
					<gpxtpx:TrackPointExtension>
						<gpxtpx:hr>98</gpxtpx:hr>
						<gpxtpx:atemp>31</gpxtpx:atemp>
					</gpxtpx:TrackPointExtension>
				</extensions>
			</trkpt>
			<trkpt lat="48.599724" lon="-2.184147">
				<ele>20.4</ele>
				<time>2024-08-18T14:45:57Z</time>
				<extensions>
					<gpxtpx:TrackPointExtension>
						<gpxtpx:hr>97</gpxtpx:hr>
						<gpxtpx:atemp>31</gpxtpx:atemp>
					</gpxtpx:TrackPointExtension>
				</extensions>
			</trkpt>
			<trkpt lat="48.599794" lon="-2.184123">
				<ele>20.6</ele>
				<time>2024-08-18T14:46:03Z</time>
				<extensions>
					<gpxtpx:TrackPointExtension>
						<gpxtpx:hr>98</gpxtpx:hr>
						<gpxtpx:atemp>31</gpxtpx:atemp>
					</gpxtpx:TrackPointExtension>
				</extensions>
			</trkpt>
			<trkpt lat="48.599839" lon="-2.184106">
				<ele>20.6</ele>
				<time>2024-08-18T14:46:07Z</time>
				<extensions>
					<gpxtpx:TrackPointExtension>
						<gpxtpx:hr>101</gpxtpx:hr>
						<gpxtpx:atemp>31</gpxtpx:atemp>
					</gpxtpx:TrackPointExtension>
				</extensions>
			</trkpt>
			<trkpt lat="48.599895" lon="-2.184076">
				<ele>20.4</ele>
				<time>2024-08-18T14:46:12Z</time>
				<extensions>
					<gpxtpx:TrackPointExtension>
						<gpxtpx:hr>102</gpxtpx:hr>
						<gpxtpx:atemp>31</gpxtpx:atemp>
					</gpxtpx:TrackPointExtension>
				</extensions>
			</trkpt>
			<trkpt lat="48.599908" lon="-2.184072">
				<ele>20.200001</ele>
				<time>2024-08-18T14:46:13Z</time>
				<extensions>
					<gpxtpx:TrackPointExtension>
						<gpxtpx:hr>102</gpxtpx:hr>
						<gpxtpx:atemp>31</gpxtpx:atemp>
					</gpxtpx:TrackPointExtension>
				</extensions>
			</trkpt>
			<trkpt lat="48.599979" lon="-2.18404">
				<ele>20.4</ele>
				<time>2024-08-18T14:46:19Z</time>
				<extensions>
					<gpxtpx:TrackPointExtension>
						<gpxtpx:hr>98</gpxtpx:hr>
						<gpxtpx:atemp>31</gpxtpx:atemp>
					</gpxtpx:TrackPointExtension>
				</extensions>
			</trkpt>
			<trkpt lat="48.599994" lon="-2.184039">
				<ele>20.4</ele>
				<time>2024-08-18T14:46:21Z</time>
				<extensions>
					<gpxtpx:TrackPointExtension>
						<gpxtpx:hr>96</gpxtpx:hr>
						<gpxtpx:atemp>31</gpxtpx:atemp>
					</gpxtpx:TrackPointExtension>
				</extensions>
			</trkpt>
			<trkpt lat="48.600037" lon="-2.184009">
				<ele>20.4</ele>
				<time>2024-08-18T14:46:26Z</time>
				<extensions>
					<gpxtpx:TrackPointExtension>
						<gpxtpx:hr>98</gpxtpx:hr>
						<gpxtpx:atemp>31</gpxtpx:atemp>
					</gpxtpx:TrackPointExtension>
				</extensions>
			</trkpt>
			<trkpt lat="48.600087" lon="-2.18398">
				<ele>20.4</ele>
				<time>2024-08-18T14:46:30Z</time>
				<extensions>
					<gpxtpx:TrackPointExtension>
						<gpxtpx:hr>98</gpxtpx:hr>
						<gpxtpx:atemp>31</gpxtpx:atemp>
					</gpxtpx:TrackPointExtension>
				</extensions>
			</trkpt>
			<trkpt lat="48.600102" lon="-2.183975">
				<ele>20.4</ele>
				<time>2024-08-18T14:46:31Z</time>
				<extensions>
					<gpxtpx:TrackPointExtension>
						<gpxtpx:hr>98</gpxtpx:hr>
						<gpxtpx:atemp>31</gpxtpx:atemp>
					</gpxtpx:TrackPointExtension>
				</extensions>
			</trkpt>
			<trkpt lat="48.600204" lon="-2.183927">
				<ele>20.4</ele>
				<time>2024-08-18T14:46:39Z</time>
				<extensions>
					<gpxtpx:TrackPointExtension>
						<gpxtpx:hr>98</gpxtpx:hr>
						<gpxtpx:atemp>31</gpxtpx:atemp>
					</gpxtpx:TrackPointExtension>
				</extensions>
			</trkpt>
			<trkpt lat="48.600218" lon="-2.183937">
				<ele>20.4</ele>
				<time>2024-08-18T14:46:40Z</time>
				<extensions>
					<gpxtpx:TrackPointExtension>
						<gpxtpx:hr>98</gpxtpx:hr>
						<gpxtpx:atemp>31</gpxtpx:atemp>
					</gpxtpx:TrackPointExtension>
				</extensions>
			</trkpt>
			<trkpt lat="48.600246" lon="-2.183999">
				<ele>20.6</ele>
				<time>2024-08-18T14:46:44Z</time>
				<extensions>
					<gpxtpx:TrackPointExtension>
						<gpxtpx:hr>98</gpxtpx:hr>
						<gpxtpx:atemp>31</gpxtpx:atemp>
					</gpxtpx:TrackPointExtension>
				</extensions>
			</trkpt>
			<trkpt lat="48.600271" lon="-2.184111">
				<ele>21.4</ele>
				<time>2024-08-18T14:46:50Z</time>
				<extensions>
					<gpxtpx:TrackPointExtension>
						<gpxtpx:hr>102</gpxtpx:hr>
						<gpxtpx:atemp>31</gpxtpx:atemp>
					</gpxtpx:TrackPointExtension>
				</extensions>
			</trkpt>
			<trkpt lat="48.600288" lon="-2.184154">
				<ele>22</ele>
				<time>2024-08-18T14:46:53Z</time>
				<extensions>
					<gpxtpx:TrackPointExtension>
						<gpxtpx:hr>105</gpxtpx:hr>
						<gpxtpx:atemp>31</gpxtpx:atemp>
					</gpxtpx:TrackPointExtension>
				</extensions>
			</trkpt>
			<trkpt lat="48.600295" lon="-2.184168">
				<ele>22.200001</ele>
				<time>2024-08-18T14:46:54Z</time>
				<extensions>
					<gpxtpx:TrackPointExtension>
						<gpxtpx:hr>106</gpxtpx:hr>
						<gpxtpx:atemp>31</gpxtpx:atemp>
					</gpxtpx:TrackPointExtension>
				</extensions>
			</trkpt>
			<trkpt lat="48.600339" lon="-2.184217">
				<ele>22.6</ele>
				<time>2024-08-18T14:46:59Z</time>
				<extensions>
					<gpxtpx:TrackPointExtension>
						<gpxtpx:hr>107</gpxtpx:hr>
						<gpxtpx:atemp>31</gpxtpx:atemp>
					</gpxtpx:TrackPointExtension>
				</extensions>
			</trkpt>
			<trkpt lat="48.600383" lon="-2.184253">
				<ele>23</ele>
				<time>2024-08-18T14:47:03Z</time>
				<extensions>
					<gpxtpx:TrackPointExtension>
						<gpxtpx:hr>107</gpxtpx:hr>
						<gpxtpx:atemp>31</gpxtpx:atemp>
					</gpxtpx:TrackPointExtension>
				</extensions>
			</trkpt>
			<trkpt lat="48.600411" lon="-2.184268">
				<ele>23.200001</ele>
				<time>2024-08-18T14:47:06Z</time>
				<extensions>
					<gpxtpx:TrackPointExtension>
						<gpxtpx:hr>111</gpxtpx:hr>
						<gpxtpx:atemp>31</gpxtpx:atemp>
					</gpxtpx:TrackPointExtension>
				</extensions>
			</trkpt>
			<trkpt lat="48.600459" lon="-2.18431">
				<ele>23.799999</ele>
				<time>2024-08-18T14:47:11Z</time>
				<extensions>
					<gpxtpx:TrackPointExtension>
						<gpxtpx:hr>110</gpxtpx:hr>
						<gpxtpx:atemp>31</gpxtpx:atemp>
					</gpxtpx:TrackPointExtension>
				</extensions>
			</trkpt>
			<trkpt lat="48.600481" lon="-2.184336">
				<ele>24</ele>
				<time>2024-08-18T14:47:13Z</time>
				<extensions>
					<gpxtpx:TrackPointExtension>
						<gpxtpx:hr>109</gpxtpx:hr>
						<gpxtpx:atemp>31</gpxtpx:atemp>
					</gpxtpx:TrackPointExtension>
				</extensions>
			</trkpt>
			<trkpt lat="48.600559" lon="-2.184404">
				<ele>24.799999</ele>
				<time>2024-08-18T14:47:21Z</time>
				<extensions>
					<gpxtpx:TrackPointExtension>
						<gpxtpx:hr>110</gpxtpx:hr>
						<gpxtpx:atemp>31</gpxtpx:atemp>
					</gpxtpx:TrackPointExtension>
				</extensions>
			</trkpt>
			<trkpt lat="48.600568" lon="-2.184412">
				<ele>25</ele>
				<time>2024-08-18T14:47:22Z</time>
				<extensions>
					<gpxtpx:TrackPointExtension>
						<gpxtpx:hr>109</gpxtpx:hr>
						<gpxtpx:atemp>31</gpxtpx:atemp>
					</gpxtpx:TrackPointExtension>
				</extensions>
			</trkpt>
			<trkpt lat="48.600576" lon="-2.18442">
				<ele>25</ele>
				<time>2024-08-18T14:47:23Z</time>
				<extensions>
					<gpxtpx:TrackPointExtension>
						<gpxtpx:hr>109</gpxtpx:hr>
						<gpxtpx:atemp>31</gpxtpx:atemp>
					</gpxtpx:TrackPointExtension>
				</extensions>
			</trkpt>
			<trkpt lat="48.60064" lon="-2.184437">
				<ele>25.6</ele>
				<time>2024-08-18T14:47:29Z</time>
				<extensions>
					<gpxtpx:TrackPointExtension>
						<gpxtpx:hr>110</gpxtpx:hr>
						<gpxtpx:atemp>31</gpxtpx:atemp>
					</gpxtpx:TrackPointExtension>
				</extensions>
			</trkpt>
			<trkpt lat="48.600686" lon="-2.184443">
				<ele>26</ele>
				<time>2024-08-18T14:47:33Z</time>
				<extensions>
					<gpxtpx:TrackPointExtension>
						<gpxtpx:hr>110</gpxtpx:hr>
						<gpxtpx:atemp>31</gpxtpx:atemp>
					</gpxtpx:TrackPointExtension>
				</extensions>
			</trkpt>
			<trkpt lat="48.600709" lon="-2.184441">
				<ele>26</ele>
				<time>2024-08-18T14:47:35Z</time>
				<extensions>
					<gpxtpx:TrackPointExtension>
						<gpxtpx:hr>113</gpxtpx:hr>
						<gpxtpx:atemp>31</gpxtpx:atemp>
					</gpxtpx:TrackPointExtension>
				</extensions>
			</trkpt>
			<trkpt lat="48.600732" lon="-2.184441">
				<ele>26.200001</ele>
				<time>2024-08-18T14:47:37Z</time>
				<extensions>
					<gpxtpx:TrackPointExtension>
						<gpxtpx:hr>116</gpxtpx:hr>
						<gpxtpx:atemp>31</gpxtpx:atemp>
					</gpxtpx:TrackPointExtension>
				</extensions>
			</trkpt>
			<trkpt lat="48.600741" lon="-2.184447">
				<ele>26.4</ele>
				<time>2024-08-18T14:47:38Z</time>
				<extensions>
					<gpxtpx:TrackPointExtension>
						<gpxtpx:hr>118</gpxtpx:hr>
						<gpxtpx:atemp>31</gpxtpx:atemp>
					</gpxtpx:TrackPointExtension>
				</extensions>
			</trkpt>
			<trkpt lat="48.600761" lon="-2.184461">
				<ele>26.4</ele>
				<time>2024-08-18T14:47:40Z</time>
				<extensions>
					<gpxtpx:TrackPointExtension>
						<gpxtpx:hr>121</gpxtpx:hr>
						<gpxtpx:atemp>31</gpxtpx:atemp>
					</gpxtpx:TrackPointExtension>
				</extensions>
			</trkpt>
			<trkpt lat="48.600822" lon="-2.184483">
				<ele>26.799999</ele>
				<time>2024-08-18T14:47:46Z</time>
				<extensions>
					<gpxtpx:TrackPointExtension>
						<gpxtpx:hr>119</gpxtpx:hr>
						<gpxtpx:atemp>31</gpxtpx:atemp>
					</gpxtpx:TrackPointExtension>
				</extensions>
			</trkpt>
			<trkpt lat="48.600882" lon="-2.184493">
				<ele>27.200001</ele>
				<time>2024-08-18T14:47:51Z</time>
				<extensions>
					<gpxtpx:TrackPointExtension>
						<gpxtpx:hr>119</gpxtpx:hr>
						<gpxtpx:atemp>31</gpxtpx:atemp>
					</gpxtpx:TrackPointExtension>
				</extensions>
			</trkpt>
			<trkpt lat="48.60091" lon="-2.184499">
				<ele>27.4</ele>
				<time>2024-08-18T14:47:54Z</time>
				<extensions>
					<gpxtpx:TrackPointExtension>
						<gpxtpx:hr>116</gpxtpx:hr>
						<gpxtpx:atemp>31</gpxtpx:atemp>
					</gpxtpx:TrackPointExtension>
				</extensions>
			</trkpt>
			<trkpt lat="48.600932" lon="-2.184502">
				<ele>27.4</ele>
				<time>2024-08-18T14:47:56Z</time>
				<extensions>
					<gpxtpx:TrackPointExtension>
						<gpxtpx:hr>112</gpxtpx:hr>
						<gpxtpx:atemp>31</gpxtpx:atemp>
					</gpxtpx:TrackPointExtension>
				</extensions>
			</trkpt>
			<trkpt lat="48.600959" lon="-2.184497">
				<ele>27.4</ele>
				<time>2024-08-18T14:47:58Z</time>
				<extensions>
					<gpxtpx:TrackPointExtension>
						<gpxtpx:hr>108</gpxtpx:hr>
						<gpxtpx:atemp>31</gpxtpx:atemp>
					</gpxtpx:TrackPointExtension>
				</extensions>
			</trkpt>
			<trkpt lat="48.601016" lon="-2.18451">
				<ele>27.4</ele>
				<time>2024-08-18T14:48:03Z</time>
				<extensions>
					<gpxtpx:TrackPointExtension>
						<gpxtpx:hr>108</gpxtpx:hr>
						<gpxtpx:atemp>31</gpxtpx:atemp>
					</gpxtpx:TrackPointExtension>
				</extensions>
			</trkpt>
			<trkpt lat="48.601072" lon="-2.184527">
				<ele>27.4</ele>
				<time>2024-08-18T14:48:07Z</time>
				<extensions>
					<gpxtpx:TrackPointExtension>
						<gpxtpx:hr>105</gpxtpx:hr>
						<gpxtpx:atemp>31</gpxtpx:atemp>
					</gpxtpx:TrackPointExtension>
				</extensions>
			</trkpt>
			<trkpt lat="48.601095" lon="-2.184532">
				<ele>27.6</ele>
				<time>2024-08-18T14:48:09Z</time>
				<extensions>
					<gpxtpx:TrackPointExtension>
						<gpxtpx:hr>104</gpxtpx:hr>
						<gpxtpx:atemp>31</gpxtpx:atemp>
					</gpxtpx:TrackPointExtension>
				</extensions>
			</trkpt>
			<trkpt lat="48.601193" lon="-2.184536">
				<ele>28</ele>
				<time>2024-08-18T14:48:16Z</time>
				<extensions>
					<gpxtpx:TrackPointExtension>
						<gpxtpx:hr>102</gpxtpx:hr>
						<gpxtpx:atemp>31</gpxtpx:atemp>
					</gpxtpx:TrackPointExtension>
				</extensions>
			</trkpt>
			<trkpt lat="48.601221" lon="-2.18454">
				<ele>28.200001</ele>
				<time>2024-08-18T14:48:18Z</time>
				<extensions>
					<gpxtpx:TrackPointExtension>
						<gpxtpx:hr>101</gpxtpx:hr>
						<gpxtpx:atemp>31</gpxtpx:atemp>
					</gpxtpx:TrackPointExtension>
				</extensions>
			</trkpt>
			<trkpt lat="48.601318" lon="-2.184555">
				<ele>28.200001</ele>
				<time>2024-08-18T14:48:26Z</time>
				<extensions>
					<gpxtpx:TrackPointExtension>
						<gpxtpx:hr>104</gpxtpx:hr>
						<gpxtpx:atemp>31</gpxtpx:atemp>
					</gpxtpx:TrackPointExtension>
				</extensions>
			</trkpt>
			<trkpt lat="48.601373" lon="-2.184562">
				<ele>28.4</ele>
				<time>2024-08-18T14:48:31Z</time>
				<extensions>
					<gpxtpx:TrackPointExtension>
						<gpxtpx:hr>107</gpxtpx:hr>
						<gpxtpx:atemp>31</gpxtpx:atemp>
					</gpxtpx:TrackPointExtension>
				</extensions>
			</trkpt>
			<trkpt lat="48.601418" lon="-2.18457">
				<ele>28.6</ele>
				<time>2024-08-18T14:48:35Z</time>
				<extensions>
					<gpxtpx:TrackPointExtension>
						<gpxtpx:hr>107</gpxtpx:hr>
						<gpxtpx:atemp>31</gpxtpx:atemp>
					</gpxtpx:TrackPointExtension>
				</extensions>
			</trkpt>
			<trkpt lat="48.601451" lon="-2.184588">
				<ele>28.799999</ele>
				<time>2024-08-18T14:48:38Z</time>
				<extensions>
					<gpxtpx:TrackPointExtension>
						<gpxtpx:hr>104</gpxtpx:hr>
						<gpxtpx:atemp>31</gpxtpx:atemp>
					</gpxtpx:TrackPointExtension>
				</extensions>
			</trkpt>
			<trkpt lat="48.601472" lon="-2.184593">
				<ele>29.200001</ele>
				<time>2024-08-18T14:48:40Z</time>
				<extensions>
					<gpxtpx:TrackPointExtension>
						<gpxtpx:hr>104</gpxtpx:hr>
						<gpxtpx:atemp>31</gpxtpx:atemp>
					</gpxtpx:TrackPointExtension>
				</extensions>
			</trkpt>
			<trkpt lat="48.601518" lon="-2.184606">
				<ele>29.200001</ele>
				<time>2024-08-18T14:48:45Z</time>
				<extensions>
					<gpxtpx:TrackPointExtension>
						<gpxtpx:hr>104</gpxtpx:hr>
						<gpxtpx:atemp>31</gpxtpx:atemp>
					</gpxtpx:TrackPointExtension>
				</extensions>
			</trkpt>
			<trkpt lat="48.601606" lon="-2.184645">
				<ele>29.4</ele>
				<time>2024-08-18T14:48:54Z</time>
				<extensions>
					<gpxtpx:TrackPointExtension>
						<gpxtpx:hr>105</gpxtpx:hr>
						<gpxtpx:atemp>31</gpxtpx:atemp>
					</gpxtpx:TrackPointExtension>
				</extensions>
			</trkpt>
			<trkpt lat="48.601625" lon="-2.184655">
				<ele>30.200001</ele>
				<time>2024-08-18T14:48:56Z</time>
				<extensions>
					<gpxtpx:TrackPointExtension>
						<gpxtpx:hr>105</gpxtpx:hr>
						<gpxtpx:atemp>31</gpxtpx:atemp>
					</gpxtpx:TrackPointExtension>
				</extensions>
			</trkpt>
			<trkpt lat="48.601722" lon="-2.184699">
				<ele>30.4</ele>
				<time>2024-08-18T14:49:05Z</time>
				<extensions>
					<gpxtpx:TrackPointExtension>
						<gpxtpx:hr>103</gpxtpx:hr>
						<gpxtpx:atemp>31</gpxtpx:atemp>
					</gpxtpx:TrackPointExtension>
				</extensions>
			</trkpt>
			<trkpt lat="48.60177" lon="-2.184735">
				<ele>30</ele>
				<time>2024-08-18T14:49:09Z</time>
				<extensions>
					<gpxtpx:TrackPointExtension>
						<gpxtpx:hr>100</gpxtpx:hr>
						<gpxtpx:atemp>31</gpxtpx:atemp>
					</gpxtpx:TrackPointExtension>
				</extensions>
			</trkpt>
			<trkpt lat="48.601786" lon="-2.184748">
				<ele>29.799999</ele>
				<time>2024-08-18T14:49:10Z</time>
				<extensions>
					<gpxtpx:TrackPointExtension>
						<gpxtpx:hr>103</gpxtpx:hr>
						<gpxtpx:atemp>31</gpxtpx:atemp>
					</gpxtpx:TrackPointExtension>
				</extensions>
			</trkpt>
			<trkpt lat="48.601834" lon="-2.184784">
				<ele>29.799999</ele>
				<time>2024-08-18T14:49:14Z</time>
				<extensions>
					<gpxtpx:TrackPointExtension>
						<gpxtpx:hr>103</gpxtpx:hr>
						<gpxtpx:atemp>31</gpxtpx:atemp>
					</gpxtpx:TrackPointExtension>
				</extensions>
			</trkpt>
			<trkpt lat="48.601924" lon="-2.184865">
				<ele>29.4</ele>
				<time>2024-08-18T14:49:24Z</time>
				<extensions>
					<gpxtpx:TrackPointExtension>
						<gpxtpx:hr>101</gpxtpx:hr>
						<gpxtpx:atemp>30</gpxtpx:atemp>
					</gpxtpx:TrackPointExtension>
				</extensions>
			</trkpt>
			<trkpt lat="48.601966" lon="-2.1849">
				<ele>29.6</ele>
				<time>2024-08-18T14:49:28Z</time>
				<extensions>
					<gpxtpx:TrackPointExtension>
						<gpxtpx:hr>104</gpxtpx:hr>
						<gpxtpx:atemp>30</gpxtpx:atemp>
					</gpxtpx:TrackPointExtension>
				</extensions>
			</trkpt>
			<trkpt lat="48.601989" lon="-2.18492">
				<ele>29.6</ele>
				<time>2024-08-18T14:49:30Z</time>
				<extensions>
					<gpxtpx:TrackPointExtension>
						<gpxtpx:hr>101</gpxtpx:hr>
						<gpxtpx:atemp>30</gpxtpx:atemp>
					</gpxtpx:TrackPointExtension>
				</extensions>
			</trkpt>
			<trkpt lat="48.602011" lon="-2.184939">
				<ele>29</ele>
				<time>2024-08-18T14:49:32Z</time>
				<extensions>
					<gpxtpx:TrackPointExtension>
						<gpxtpx:hr>100</gpxtpx:hr>
						<gpxtpx:atemp>30</gpxtpx:atemp>
					</gpxtpx:TrackPointExtension>
				</extensions>
			</trkpt>
			<trkpt lat="48.602069" lon="-2.185002">
				<ele>28.4</ele>
				<time>2024-08-18T14:49:38Z</time>
				<extensions>
					<gpxtpx:TrackPointExtension>
						<gpxtpx:hr>97</gpxtpx:hr>
						<gpxtpx:atemp>30</gpxtpx:atemp>
					</gpxtpx:TrackPointExtension>
				</extensions>
			</trkpt>
			<trkpt lat="48.602107" lon="-2.185029">
				<ele>28</ele>
				<time>2024-08-18T14:49:41Z</time>
				<extensions>
					<gpxtpx:TrackPointExtension>
						<gpxtpx:hr>95</gpxtpx:hr>
						<gpxtpx:atemp>30</gpxtpx:atemp>
					</gpxtpx:TrackPointExtension>
				</extensions>
			</trkpt>
			<trkpt lat="48.602116" lon="-2.185042">
				<ele>27.6</ele>
				<time>2024-08-18T14:49:42Z</time>
				<extensions>
					<gpxtpx:TrackPointExtension>
						<gpxtpx:hr>95</gpxtpx:hr>
						<gpxtpx:atemp>30</gpxtpx:atemp>
					</gpxtpx:TrackPointExtension>
				</extensions>
			</trkpt>
			<trkpt lat="48.602183" lon="-2.185112">
				<ele>27.799999</ele>
				<time>2024-08-18T14:49:48Z</time>
				<extensions>
					<gpxtpx:TrackPointExtension>
						<gpxtpx:hr>93</gpxtpx:hr>
						<gpxtpx:atemp>30</gpxtpx:atemp>
					</gpxtpx:TrackPointExtension>
				</extensions>
			</trkpt>
			<trkpt lat="48.602248" lon="-2.185158">
				<ele>27.6</ele>
				<time>2024-08-18T14:49:53Z</time>
				<extensions>
					<gpxtpx:TrackPointExtension>
						<gpxtpx:hr>90</gpxtpx:hr>
						<gpxtpx:atemp>30</gpxtpx:atemp>
					</gpxtpx:TrackPointExtension>
				</extensions>
			</trkpt>
			<trkpt lat="48.602257" lon="-2.185158">
				<ele>27.6</ele>
				<time>2024-08-18T14:49:54Z</time>
				<extensions>
					<gpxtpx:TrackPointExtension>
						<gpxtpx:hr>89</gpxtpx:hr>
						<gpxtpx:atemp>30</gpxtpx:atemp>
					</gpxtpx:TrackPointExtension>
				</extensions>
			</trkpt>
			<trkpt lat="48.602276" lon="-2.185143">
				<ele>27.4</ele>
				<time>2024-08-18T14:49:56Z</time>
				<extensions>
					<gpxtpx:TrackPointExtension>
						<gpxtpx:hr>88</gpxtpx:hr>
						<gpxtpx:atemp>30</gpxtpx:atemp>
					</gpxtpx:TrackPointExtension>
				</extensions>
			</trkpt>
			<trkpt lat="48.602333" lon="-2.185098">
				<ele>27.200001</ele>
				<time>2024-08-18T14:50:02Z</time>
				<extensions>
					<gpxtpx:TrackPointExtension>
						<gpxtpx:hr>85</gpxtpx:hr>
						<gpxtpx:atemp>30</gpxtpx:atemp>
					</gpxtpx:TrackPointExtension>
				</extensions>
			</trkpt>
			<trkpt lat="48.602343" lon="-2.185104">
				<ele>27</ele>
				<time>2024-08-18T14:50:04Z</time>
				<extensions>
					<gpxtpx:TrackPointExtension>
						<gpxtpx:hr>83</gpxtpx:hr>
						<gpxtpx:atemp>30</gpxtpx:atemp>
					</gpxtpx:TrackPointExtension>
				</extensions>
			</trkpt>
			<trkpt lat="48.602352" lon="-2.18512">
				<ele>26.799999</ele>
				<time>2024-08-18T14:50:09Z</time>
				<extensions>
					<gpxtpx:TrackPointExtension>
						<gpxtpx:hr>82</gpxtpx:hr>
						<gpxtpx:atemp>30</gpxtpx:atemp>
					</gpxtpx:TrackPointExtension>
				</extensions>
			</trkpt>
			<trkpt lat="48.602362" lon="-2.18512">
				<ele>26.799999</ele>
				<time>2024-08-18T14:50:10Z</time>
				<extensions>
					<gpxtpx:TrackPointExtension>
						<gpxtpx:hr>83</gpxtpx:hr>
						<gpxtpx:atemp>30</gpxtpx:atemp>
					</gpxtpx:TrackPointExtension>
				</extensions>
			</trkpt>
			<trkpt lat="48.602385" lon="-2.18514">
				<ele>26.4</ele>
				<time>2024-08-18T14:50:13Z</time>
				<extensions>
					<gpxtpx:TrackPointExtension>
						<gpxtpx:hr>84</gpxtpx:hr>
						<gpxtpx:atemp>30</gpxtpx:atemp>
					</gpxtpx:TrackPointExtension>
				</extensions>
			</trkpt>
			<trkpt lat="48.6024" lon="-2.185159">
				<ele>26.200001</ele>
				<time>2024-08-18T14:50:15Z</time>
				<extensions>
					<gpxtpx:TrackPointExtension>
						<gpxtpx:hr>86</gpxtpx:hr>
						<gpxtpx:atemp>30</gpxtpx:atemp>
					</gpxtpx:TrackPointExtension>
				</extensions>
			</trkpt>
			<trkpt lat="48.602419" lon="-2.185179">
				<ele>26.200001</ele>
				<time>2024-08-18T14:50:17Z</time>
				<extensions>
					<gpxtpx:TrackPointExtension>
						<gpxtpx:hr>86</gpxtpx:hr>
						<gpxtpx:atemp>30</gpxtpx:atemp>
					</gpxtpx:TrackPointExtension>
				</extensions>
			</trkpt>
			<trkpt lat="48.602449" lon="-2.185214">
				<ele>26</ele>
				<time>2024-08-18T14:50:23Z</time>
				<extensions>
					<gpxtpx:TrackPointExtension>
						<gpxtpx:hr>87</gpxtpx:hr>
						<gpxtpx:atemp>30</gpxtpx:atemp>
					</gpxtpx:TrackPointExtension>
				</extensions>
			</trkpt>
			<trkpt lat="48.602479" lon="-2.185255">
				<ele>25.799999</ele>
				<time>2024-08-18T14:50:28Z</time>
				<extensions>
					<gpxtpx:TrackPointExtension>
						<gpxtpx:hr>84</gpxtpx:hr>
						<gpxtpx:atemp>30</gpxtpx:atemp>
					</gpxtpx:TrackPointExtension>
				</extensions>
			</trkpt>
			<trkpt lat="48.602489" lon="-2.185276">
				<ele>25.6</ele>
				<time>2024-08-18T14:50:30Z</time>
				<extensions>
					<gpxtpx:TrackPointExtension>
						<gpxtpx:hr>82</gpxtpx:hr>
						<gpxtpx:atemp>30</gpxtpx:atemp>
					</gpxtpx:TrackPointExtension>
				</extensions>
			</trkpt>
			<trkpt lat="48.602552" lon="-2.185373">
				<ele>25.6</ele>
				<time>2024-08-18T14:50:38Z</time>
				<extensions>
					<gpxtpx:TrackPointExtension>
						<gpxtpx:hr>83</gpxtpx:hr>
						<gpxtpx:atemp>30</gpxtpx:atemp>
					</gpxtpx:TrackPointExtension>
				</extensions>
			</trkpt>
			<trkpt lat="48.602561" lon="-2.185409">
				<ele>25.4</ele>
				<time>2024-08-18T14:50:41Z</time>
				<extensions>
					<gpxtpx:TrackPointExtension>
						<gpxtpx:hr>83</gpxtpx:hr>
						<gpxtpx:atemp>30</gpxtpx:atemp>
					</gpxtpx:TrackPointExtension>
				</extensions>
			</trkpt>
			<trkpt lat="48.602627" lon="-2.185483">
				<ele>25.200001</ele>
				<time>2024-08-18T14:50:47Z</time>
				<extensions>
					<gpxtpx:TrackPointExtension>
						<gpxtpx:hr>84</gpxtpx:hr>
						<gpxtpx:atemp>30</gpxtpx:atemp>
					</gpxtpx:TrackPointExtension>
				</extensions>
			</trkpt>
			<trkpt lat="48.602699" lon="-2.185599">
				<ele>25.4</ele>
				<time>2024-08-18T14:50:56Z</time>
				<extensions>
					<gpxtpx:TrackPointExtension>
						<gpxtpx:hr>84</gpxtpx:hr>
						<gpxtpx:atemp>30</gpxtpx:atemp>
					</gpxtpx:TrackPointExtension>
				</extensions>
			</trkpt>
			<trkpt lat="48.602715" lon="-2.185641">
				<ele>25.4</ele>
				<time>2024-08-18T14:50:59Z</time>
				<extensions>
					<gpxtpx:TrackPointExtension>
						<gpxtpx:hr>87</gpxtpx:hr>
						<gpxtpx:atemp>30</gpxtpx:atemp>
					</gpxtpx:TrackPointExtension>
				</extensions>
			</trkpt>
			<trkpt lat="48.602789" lon="-2.185759">
				<ele>25</ele>
				<time>2024-08-18T14:51:08Z</time>
				<extensions>
					<gpxtpx:TrackPointExtension>
						<gpxtpx:hr>87</gpxtpx:hr>
						<gpxtpx:atemp>30</gpxtpx:atemp>
					</gpxtpx:TrackPointExtension>
				</extensions>
			</trkpt>
			<trkpt lat="48.602874" lon="-2.185844">
				<ele>25.4</ele>
				<time>2024-08-18T14:51:16Z</time>
				<extensions>
					<gpxtpx:TrackPointExtension>
						<gpxtpx:hr>87</gpxtpx:hr>
						<gpxtpx:atemp>30</gpxtpx:atemp>
					</gpxtpx:TrackPointExtension>
				</extensions>
			</trkpt>
			<trkpt lat="48.602931" lon="-2.185902">
				<ele>25</ele>
				<time>2024-08-18T14:51:22Z</time>
				<extensions>
					<gpxtpx:TrackPointExtension>
						<gpxtpx:hr>90</gpxtpx:hr>
						<gpxtpx:atemp>30</gpxtpx:atemp>
					</gpxtpx:TrackPointExtension>
				</extensions>
			</trkpt>
			<trkpt lat="48.602989" lon="-2.185949">
				<ele>25.200001</ele>
				<time>2024-08-18T14:51:27Z</time>
				<extensions>
					<gpxtpx:TrackPointExtension>
						<gpxtpx:hr>91</gpxtpx:hr>
						<gpxtpx:atemp>30</gpxtpx:atemp>
					</gpxtpx:TrackPointExtension>
				</extensions>
			</trkpt>
			<trkpt lat="48.603008" lon="-2.185965">
				<ele>25.200001</ele>
				<time>2024-08-18T14:51:29Z</time>
				<extensions>
					<gpxtpx:TrackPointExtension>
						<gpxtpx:hr>88</gpxtpx:hr>
						<gpxtpx:atemp>30</gpxtpx:atemp>
					</gpxtpx:TrackPointExtension>
				</extensions>
			</trkpt>
			<trkpt lat="48.603099" lon="-2.186071">
				<ele>25</ele>
				<time>2024-08-18T14:51:38Z</time>
				<extensions>
					<gpxtpx:TrackPointExtension>
						<gpxtpx:hr>87</gpxtpx:hr>
						<gpxtpx:atemp>30</gpxtpx:atemp>
					</gpxtpx:TrackPointExtension>
				</extensions>
			</trkpt>
			<trkpt lat="48.603191" lon="-2.186176">
				<ele>25.4</ele>
				<time>2024-08-18T14:51:47Z</time>
				<extensions>
					<gpxtpx:TrackPointExtension>
						<gpxtpx:hr>86</gpxtpx:hr>
						<gpxtpx:atemp>30</gpxtpx:atemp>
					</gpxtpx:TrackPointExtension>
				</extensions>
			</trkpt>
			<trkpt lat="48.603236" lon="-2.186221">
				<ele>25.4</ele>
				<time>2024-08-18T14:51:51Z</time>
				<extensions>
					<gpxtpx:TrackPointExtension>
						<gpxtpx:hr>89</gpxtpx:hr>
						<gpxtpx:atemp>30</gpxtpx:atemp>
					</gpxtpx:TrackPointExtension>
				</extensions>
			</trkpt>
			<trkpt lat="48.603296" lon="-2.18632">
				<ele>25.6</ele>
				<time>2024-08-18T14:51:57Z</time>
				<extensions>
					<gpxtpx:TrackPointExtension>
						<gpxtpx:hr>90</gpxtpx:hr>
						<gpxtpx:atemp>30</gpxtpx:atemp>
					</gpxtpx:TrackPointExtension>
				</extensions>
			</trkpt>
			<trkpt lat="48.603299" lon="-2.186333">
				<ele>25.6</ele>
				<time>2024-08-18T14:51:58Z</time>
				<extensions>
					<gpxtpx:TrackPointExtension>
						<gpxtpx:hr>91</gpxtpx:hr>
						<gpxtpx:atemp>30</gpxtpx:atemp>
					</gpxtpx:TrackPointExtension>
				</extensions>
			</trkpt>
			<trkpt lat="48.603322" lon="-2.186383">
				<ele>25.4</ele>
				<time>2024-08-18T14:52:02Z</time>
				<extensions>
					<gpxtpx:TrackPointExtension>
						<gpxtpx:hr>94</gpxtpx:hr>
						<gpxtpx:atemp>30</gpxtpx:atemp>
					</gpxtpx:TrackPointExtension>
				</extensions>
			</trkpt>
			<trkpt lat="48.603334" lon="-2.186399">
				<ele>25.4</ele>
				<time>2024-08-18T14:52:04Z</time>
				<extensions>
					<gpxtpx:TrackPointExtension>
						<gpxtpx:hr>95</gpxtpx:hr>
						<gpxtpx:atemp>30</gpxtpx:atemp>
					</gpxtpx:TrackPointExtension>
				</extensions>
			</trkpt>
			<trkpt lat="48.603358" lon="-2.186404">
				<ele>25.4</ele>
				<time>2024-08-18T14:52:06Z</time>
				<extensions>
					<gpxtpx:TrackPointExtension>
						<gpxtpx:hr>96</gpxtpx:hr>
						<gpxtpx:atemp>30</gpxtpx:atemp>
					</gpxtpx:TrackPointExtension>
				</extensions>
			</trkpt>
			<trkpt lat="48.603431" lon="-2.186363">
				<ele>25.4</ele>
				<time>2024-08-18T14:52:12Z</time>
				<extensions>
					<gpxtpx:TrackPointExtension>
						<gpxtpx:hr>91</gpxtpx:hr>
						<gpxtpx:atemp>30</gpxtpx:atemp>
					</gpxtpx:TrackPointExtension>
				</extensions>
			</trkpt>
			<trkpt lat="48.603454" lon="-2.186345">
				<ele>25.6</ele>
				<time>2024-08-18T14:52:14Z</time>
				<extensions>
					<gpxtpx:TrackPointExtension>
						<gpxtpx:hr>87</gpxtpx:hr>
						<gpxtpx:atemp>30</gpxtpx:atemp>
					</gpxtpx:TrackPointExtension>
				</extensions>
			</trkpt>
			<trkpt lat="48.603466" lon="-2.186335">
				<ele>25.4</ele>
				<time>2024-08-18T14:52:15Z</time>
				<extensions>
					<gpxtpx:TrackPointExtension>
						<gpxtpx:hr>87</gpxtpx:hr>
						<gpxtpx:atemp>30</gpxtpx:atemp>
					</gpxtpx:TrackPointExtension>
				</extensions>
			</trkpt>
			<trkpt lat="48.603565" lon="-2.186249">
				<ele>24.6</ele>
				<time>2024-08-18T14:52:24Z</time>
				<extensions>
					<gpxtpx:TrackPointExtension>
						<gpxtpx:hr>86</gpxtpx:hr>
						<gpxtpx:atemp>30</gpxtpx:atemp>
					</gpxtpx:TrackPointExtension>
				</extensions>
			</trkpt>
			<trkpt lat="48.603591" lon="-2.18622">
				<ele>24.4</ele>
				<time>2024-08-18T14:52:27Z</time>
				<extensions>
					<gpxtpx:TrackPointExtension>
						<gpxtpx:hr>84</gpxtpx:hr>
						<gpxtpx:atemp>30</gpxtpx:atemp>
					</gpxtpx:TrackPointExtension>
				</extensions>
			</trkpt>
			<trkpt lat="48.603658" lon="-2.186182">
				<ele>23.6</ele>
				<time>2024-08-18T14:52:34Z</time>
				<extensions>
					<gpxtpx:TrackPointExtension>
						<gpxtpx:hr>84</gpxtpx:hr>
						<gpxtpx:atemp>30</gpxtpx:atemp>
					</gpxtpx:TrackPointExtension>
				</extensions>
			</trkpt>
			<trkpt lat="48.603679" lon="-2.186179">
				<ele>23.4</ele>
				<time>2024-08-18T14:52:36Z</time>
				<extensions>
					<gpxtpx:TrackPointExtension>
						<gpxtpx:hr>84</gpxtpx:hr>
						<gpxtpx:atemp>30</gpxtpx:atemp>
					</gpxtpx:TrackPointExtension>
				</extensions>
			</trkpt>
			<trkpt lat="48.60372" lon="-2.186152">
				<ele>23.200001</ele>
				<time>2024-08-18T14:52:39Z</time>
				<extensions>
					<gpxtpx:TrackPointExtension>
						<gpxtpx:hr>81</gpxtpx:hr>
						<gpxtpx:atemp>30</gpxtpx:atemp>
					</gpxtpx:TrackPointExtension>
				</extensions>
			</trkpt>
			<trkpt lat="48.603748" lon="-2.186127">
				<ele>23.200001</ele>
				<time>2024-08-18T14:52:41Z</time>
				<extensions>
					<gpxtpx:TrackPointExtension>
						<gpxtpx:hr>82</gpxtpx:hr>
						<gpxtpx:atemp>30</gpxtpx:atemp>
					</gpxtpx:TrackPointExtension>
				</extensions>
			</trkpt>
			<trkpt lat="48.603775" lon="-2.186112">
				<ele>23.200001</ele>
				<time>2024-08-18T14:52:43Z</time>
				<extensions>
					<gpxtpx:TrackPointExtension>
						<gpxtpx:hr>84</gpxtpx:hr>
						<gpxtpx:atemp>30</gpxtpx:atemp>
					</gpxtpx:TrackPointExtension>
				</extensions>
			</trkpt>
			<trkpt lat="48.603892" lon="-2.186067">
				<ele>23.200001</ele>
				<time>2024-08-18T14:52:53Z</time>
				<extensions>
					<gpxtpx:TrackPointExtension>
						<gpxtpx:hr>83</gpxtpx:hr>
						<gpxtpx:atemp>30</gpxtpx:atemp>
					</gpxtpx:TrackPointExtension>
				</extensions>
			</trkpt>
			<trkpt lat="48.603923" lon="-2.186042">
				<ele>23.200001</ele>
				<time>2024-08-18T14:52:58Z</time>
				<extensions>
					<gpxtpx:TrackPointExtension>
						<gpxtpx:hr>80</gpxtpx:hr>
						<gpxtpx:atemp>30</gpxtpx:atemp>
					</gpxtpx:TrackPointExtension>
				</extensions>
			</trkpt>
			<trkpt lat="48.603945" lon="-2.186027">
				<ele>23.200001</ele>
				<time>2024-08-18T14:53:00Z</time>
				<extensions>
					<gpxtpx:TrackPointExtension>
						<gpxtpx:hr>80</gpxtpx:hr>
						<gpxtpx:atemp>30</gpxtpx:atemp>
					</gpxtpx:TrackPointExtension>
				</extensions>
			</trkpt>
			<trkpt lat="48.603992" lon="-2.186003">
				<ele>22.6</ele>
				<time>2024-08-18T14:53:04Z</time>
				<extensions>
					<gpxtpx:TrackPointExtension>
						<gpxtpx:hr>83</gpxtpx:hr>
						<gpxtpx:atemp>30</gpxtpx:atemp>
					</gpxtpx:TrackPointExtension>
				</extensions>
			</trkpt>
			<trkpt lat="48.604009" lon="-2.185982">
				<ele>22.6</ele>
				<time>2024-08-18T14:53:06Z</time>
				<extensions>
					<gpxtpx:TrackPointExtension>
						<gpxtpx:hr>83</gpxtpx:hr>
						<gpxtpx:atemp>30</gpxtpx:atemp>
					</gpxtpx:TrackPointExtension>
				</extensions>
			</trkpt>
			<trkpt lat="48.604075" lon="-2.185897">
				<ele>22.6</ele>
				<time>2024-08-18T14:53:14Z</time>
				<extensions>
					<gpxtpx:TrackPointExtension>
						<gpxtpx:hr>85</gpxtpx:hr>
						<gpxtpx:atemp>30</gpxtpx:atemp>
					</gpxtpx:TrackPointExtension>
				</extensions>
			</trkpt>
			<trkpt lat="48.604084" lon="-2.185888">
				<ele>22.4</ele>
				<time>2024-08-18T14:53:15Z</time>
				<extensions>
					<gpxtpx:TrackPointExtension>
						<gpxtpx:hr>85</gpxtpx:hr>
						<gpxtpx:atemp>30</gpxtpx:atemp>
					</gpxtpx:TrackPointExtension>
				</extensions>
			</trkpt>
			<trkpt lat="48.604123" lon="-2.185807">
				<ele>22.200001</ele>
				<time>2024-08-18T14:53:21Z</time>
				<extensions>
					<gpxtpx:TrackPointExtension>
						<gpxtpx:hr>84</gpxtpx:hr>
						<gpxtpx:atemp>30</gpxtpx:atemp>
					</gpxtpx:TrackPointExtension>
				</extensions>
			</trkpt>
			<trkpt lat="48.604129" lon="-2.185797">
				<ele>22</ele>
				<time>2024-08-18T14:53:22Z</time>
				<extensions>
					<gpxtpx:TrackPointExtension>
						<gpxtpx:hr>83</gpxtpx:hr>
						<gpxtpx:atemp>30</gpxtpx:atemp>
					</gpxtpx:TrackPointExtension>
				</extensions>
			</trkpt>
			<trkpt lat="48.604178" lon="-2.185697">
				<ele>21</ele>
				<time>2024-08-18T14:53:30Z</time>
				<extensions>
					<gpxtpx:TrackPointExtension>
						<gpxtpx:hr>80</gpxtpx:hr>
						<gpxtpx:atemp>30</gpxtpx:atemp>
					</gpxtpx:TrackPointExtension>
				</extensions>
			</trkpt>
			<trkpt lat="48.604187" lon="-2.185688">
				<ele>21</ele>
				<time>2024-08-18T14:53:31Z</time>
				<extensions>
					<gpxtpx:TrackPointExtension>
						<gpxtpx:hr>80</gpxtpx:hr>
						<gpxtpx:atemp>30</gpxtpx:atemp>
					</gpxtpx:TrackPointExtension>
				</extensions>
			</trkpt>
			<trkpt lat="48.604224" lon="-2.185627">
				<ele>20.799999</ele>
				<time>2024-08-18T14:53:35Z</time>
				<extensions>
					<gpxtpx:TrackPointExtension>
						<gpxtpx:hr>77</gpxtpx:hr>
						<gpxtpx:atemp>30</gpxtpx:atemp>
					</gpxtpx:TrackPointExtension>
				</extensions>
			</trkpt>
			<trkpt lat="48.60428" lon="-2.185518">
				<ele>20.6</ele>
				<time>2024-08-18T14:53:42Z</time>
				<extensions>
					<gpxtpx:TrackPointExtension>
						<gpxtpx:hr>78</gpxtpx:hr>
						<gpxtpx:atemp>30</gpxtpx:atemp>
					</gpxtpx:TrackPointExtension>
				</extensions>
			</trkpt>
			<trkpt lat="48.604303" lon="-2.185465">
				<ele>20</ele>
				<time>2024-08-18T14:53:45Z</time>
				<extensions>
					<gpxtpx:TrackPointExtension>
						<gpxtpx:hr>78</gpxtpx:hr>
						<gpxtpx:atemp>30</gpxtpx:atemp>
					</gpxtpx:TrackPointExtension>
				</extensions>
			</trkpt>
			<trkpt lat="48.60432" lon="-2.185377">
				<ele>19.799999</ele>
				<time>2024-08-18T14:53:51Z</time>
				<extensions>
					<gpxtpx:TrackPointExtension>
						<gpxtpx:hr>81</gpxtpx:hr>
						<gpxtpx:atemp>30</gpxtpx:atemp>
					</gpxtpx:TrackPointExtension>
				</extensions>
			</trkpt>
			<trkpt lat="48.604319" lon="-2.185342">
				<ele>19.799999</ele>
				<time>2024-08-18T14:53:53Z</time>
				<extensions>
					<gpxtpx:TrackPointExtension>
						<gpxtpx:hr>82</gpxtpx:hr>
						<gpxtpx:atemp>30</gpxtpx:atemp>
					</gpxtpx:TrackPointExtension>
				</extensions>
			</trkpt>
			<trkpt lat="48.604323" lon="-2.185338">
				<ele>19.799999</ele>
				<time>2024-08-18T14:54:01Z</time>
				<extensions>
					<gpxtpx:TrackPointExtension>
						<gpxtpx:hr>79</gpxtpx:hr>
						<gpxtpx:atemp>30</gpxtpx:atemp>
					</gpxtpx:TrackPointExtension>
				</extensions>
			</trkpt>
			<trkpt lat="48.604324" lon="-2.185336">
				<ele>19.799999</ele>
				<time>2024-08-18T14:54:02Z</time>
				<extensions>
					<gpxtpx:TrackPointExtension>
						<gpxtpx:hr>79</gpxtpx:hr>
						<gpxtpx:atemp>30</gpxtpx:atemp>
					</gpxtpx:TrackPointExtension>
				</extensions>
			</trkpt>
			<trkpt lat="48.604334" lon="-2.1853">
				<ele>19.200001</ele>
				<time>2024-08-18T14:54:06Z</time>
				<extensions>
					<gpxtpx:TrackPointExtension>
						<gpxtpx:hr>83</gpxtpx:hr>
						<gpxtpx:atemp>30</gpxtpx:atemp>
					</gpxtpx:TrackPointExtension>
				</extensions>
			</trkpt>
			<trkpt lat="48.604344" lon="-2.185291">
				<ele>19</ele>
				<time>2024-08-18T14:54:07Z</time>
				<extensions>
					<gpxtpx:TrackPointExtension>
						<gpxtpx:hr>84</gpxtpx:hr>
						<gpxtpx:atemp>30</gpxtpx:atemp>
					</gpxtpx:TrackPointExtension>
				</extensions>
			</trkpt>
			<trkpt lat="48.604361" lon="-2.185266">
				<ele>18.799999</ele>
				<time>2024-08-18T14:54:09Z</time>
				<extensions>
					<gpxtpx:TrackPointExtension>
						<gpxtpx:hr>86</gpxtpx:hr>
						<gpxtpx:atemp>30</gpxtpx:atemp>
					</gpxtpx:TrackPointExtension>
				</extensions>
			</trkpt>
			<trkpt lat="48.604431" lon="-2.185201">
				<ele>18.200001</ele>
				<time>2024-08-18T14:54:17Z</time>
				<extensions>
					<gpxtpx:TrackPointExtension>
						<gpxtpx:hr>84</gpxtpx:hr>
						<gpxtpx:atemp>30</gpxtpx:atemp>
					</gpxtpx:TrackPointExtension>
				</extensions>
			</trkpt>
			<trkpt lat="48.604441" lon="-2.1852">
				<ele>18</ele>
				<time>2024-08-18T14:54:18Z</time>
				<extensions>
					<gpxtpx:TrackPointExtension>
						<gpxtpx:hr>83</gpxtpx:hr>
						<gpxtpx:atemp>30</gpxtpx:atemp>
					</gpxtpx:TrackPointExtension>
				</extensions>
			</trkpt>
			<trkpt lat="48.604452" lon="-2.185196">
				<ele>17.799999</ele>
				<time>2024-08-18T14:54:19Z</time>
				<extensions>
					<gpxtpx:TrackPointExtension>
						<gpxtpx:hr>83</gpxtpx:hr>
						<gpxtpx:atemp>30</gpxtpx:atemp>
					</gpxtpx:TrackPointExtension>
				</extensions>
			</trkpt>
			<trkpt lat="48.604501" lon="-2.185177">
				<ele>17.6</ele>
				<time>2024-08-18T14:54:23Z</time>
				<extensions>
					<gpxtpx:TrackPointExtension>
						<gpxtpx:hr>82</gpxtpx:hr>
						<gpxtpx:atemp>30</gpxtpx:atemp>
					</gpxtpx:TrackPointExtension>
				</extensions>
			</trkpt>
			<trkpt lat="48.604535" lon="-2.185158">
				<ele>17.4</ele>
				<time>2024-08-18T14:54:27Z</time>
				<extensions>
					<gpxtpx:TrackPointExtension>
						<gpxtpx:hr>81</gpxtpx:hr>
						<gpxtpx:atemp>30</gpxtpx:atemp>
					</gpxtpx:TrackPointExtension>
				</extensions>
			</trkpt>
			<trkpt lat="48.604558" lon="-2.18514">
				<ele>17.4</ele>
				<time>2024-08-18T14:54:29Z</time>
				<extensions>
					<gpxtpx:TrackPointExtension>
						<gpxtpx:hr>81</gpxtpx:hr>
						<gpxtpx:atemp>30</gpxtpx:atemp>
					</gpxtpx:TrackPointExtension>
				</extensions>
			</trkpt>
			<trkpt lat="48.604567" lon="-2.185138">
				<ele>17.4</ele>
				<time>2024-08-18T14:54:30Z</time>
				<extensions>
					<gpxtpx:TrackPointExtension>
						<gpxtpx:hr>81</gpxtpx:hr>
						<gpxtpx:atemp>30</gpxtpx:atemp>
					</gpxtpx:TrackPointExtension>
				</extensions>
			</trkpt>
			<trkpt lat="48.604616" lon="-2.185126">
				<ele>16.799999</ele>
				<time>2024-08-18T14:54:34Z</time>
				<extensions>
					<gpxtpx:TrackPointExtension>
						<gpxtpx:hr>81</gpxtpx:hr>
						<gpxtpx:atemp>30</gpxtpx:atemp>
					</gpxtpx:TrackPointExtension>
				</extensions>
			</trkpt>
			<trkpt lat="48.604632" lon="-2.185118">
				<ele>16.6</ele>
				<time>2024-08-18T14:54:35Z</time>
				<extensions>
					<gpxtpx:TrackPointExtension>
						<gpxtpx:hr>81</gpxtpx:hr>
						<gpxtpx:atemp>30</gpxtpx:atemp>
					</gpxtpx:TrackPointExtension>
				</extensions>
			</trkpt>
			<trkpt lat="48.604682" lon="-2.185064">
				<ele>15.8</ele>
				<time>2024-08-18T14:54:39Z</time>
				<extensions>
					<gpxtpx:TrackPointExtension>
						<gpxtpx:hr>81</gpxtpx:hr>
						<gpxtpx:atemp>30</gpxtpx:atemp>
					</gpxtpx:TrackPointExtension>
				</extensions>
			</trkpt>
			<trkpt lat="48.604704" lon="-2.185055">
				<ele>15.2</ele>
				<time>2024-08-18T14:54:41Z</time>
				<extensions>
					<gpxtpx:TrackPointExtension>
						<gpxtpx:hr>80</gpxtpx:hr>
						<gpxtpx:atemp>30</gpxtpx:atemp>
					</gpxtpx:TrackPointExtension>
				</extensions>
			</trkpt>
			<trkpt lat="48.604712" lon="-2.185057">
				<ele>15.2</ele>
				<time>2024-08-18T14:54:42Z</time>
				<extensions>
					<gpxtpx:TrackPointExtension>
						<gpxtpx:hr>80</gpxtpx:hr>
						<gpxtpx:atemp>30</gpxtpx:atemp>
					</gpxtpx:TrackPointExtension>
				</extensions>
			</trkpt>
			<trkpt lat="48.60473" lon="-2.185063">
				<ele>15.2</ele>
				<time>2024-08-18T14:54:46Z</time>
				<extensions>
					<gpxtpx:TrackPointExtension>
						<gpxtpx:hr>83</gpxtpx:hr>
						<gpxtpx:atemp>30</gpxtpx:atemp>
					</gpxtpx:TrackPointExtension>
				</extensions>
			</trkpt>
			<trkpt lat="48.604734" lon="-2.185065">
				<ele>15.4</ele>
				<time>2024-08-18T14:54:49Z</time>
				<extensions>
					<gpxtpx:TrackPointExtension>
						<gpxtpx:hr>86</gpxtpx:hr>
						<gpxtpx:atemp>30</gpxtpx:atemp>
					</gpxtpx:TrackPointExtension>
				</extensions>
			</trkpt>
			<trkpt lat="48.60474" lon="-2.185072">
				<ele>15.4</ele>
				<time>2024-08-18T14:54:55Z</time>
				<extensions>
					<gpxtpx:TrackPointExtension>
						<gpxtpx:hr>85</gpxtpx:hr>
						<gpxtpx:atemp>30</gpxtpx:atemp>
					</gpxtpx:TrackPointExtension>
				</extensions>
			</trkpt>
			<trkpt lat="48.604758" lon="-2.185011">
				<ele>14.8</ele>
				<time>2024-08-18T14:55:01Z</time>
				<extensions>
					<gpxtpx:TrackPointExtension>
						<gpxtpx:hr>86</gpxtpx:hr>
						<gpxtpx:atemp>30</gpxtpx:atemp>
					</gpxtpx:TrackPointExtension>
				</extensions>
			</trkpt>
			<trkpt lat="48.604762" lon="-2.185009">
				<ele>14.6</ele>
				<time>2024-08-18T14:55:02Z</time>
				<extensions>
					<gpxtpx:TrackPointExtension>
						<gpxtpx:hr>85</gpxtpx:hr>
						<gpxtpx:atemp>30</gpxtpx:atemp>
					</gpxtpx:TrackPointExtension>
				</extensions>
			</trkpt>
			<trkpt lat="48.604761" lon="-2.185003">
				<ele>14.2</ele>
				<time>2024-08-18T14:55:06Z</time>
				<extensions>
					<gpxtpx:TrackPointExtension>
						<gpxtpx:hr>86</gpxtpx:hr>
						<gpxtpx:atemp>30</gpxtpx:atemp>
					</gpxtpx:TrackPointExtension>
				</extensions>
			</trkpt>
			<trkpt lat="48.604786" lon="-2.184977">
				<ele>14.2</ele>
				<time>2024-08-18T14:55:12Z</time>
				<extensions>
					<gpxtpx:TrackPointExtension>
						<gpxtpx:hr>85</gpxtpx:hr>
						<gpxtpx:atemp>30</gpxtpx:atemp>
					</gpxtpx:TrackPointExtension>
				</extensions>
			</trkpt>
			<trkpt lat="48.604834" lon="-2.18496">
				<ele>13.6</ele>
				<time>2024-08-18T14:55:17Z</time>
				<extensions>
					<gpxtpx:TrackPointExtension>
						<gpxtpx:hr>84</gpxtpx:hr>
						<gpxtpx:atemp>30</gpxtpx:atemp>
					</gpxtpx:TrackPointExtension>
				</extensions>
			</trkpt>
			<trkpt lat="48.604843" lon="-2.184955">
				<ele>13.4</ele>
				<time>2024-08-18T14:55:18Z</time>
				<extensions>
					<gpxtpx:TrackPointExtension>
						<gpxtpx:hr>85</gpxtpx:hr>
						<gpxtpx:atemp>30</gpxtpx:atemp>
					</gpxtpx:TrackPointExtension>
				</extensions>
			</trkpt>
			<trkpt lat="48.604901" lon="-2.18492">
				<ele>12.4</ele>
				<time>2024-08-18T14:55:25Z</time>
				<extensions>
					<gpxtpx:TrackPointExtension>
						<gpxtpx:hr>82</gpxtpx:hr>
						<gpxtpx:atemp>30</gpxtpx:atemp>
					</gpxtpx:TrackPointExtension>
				</extensions>
			</trkpt>
			<trkpt lat="48.604908" lon="-2.184915">
				<ele>12.2</ele>
				<time>2024-08-18T14:55:26Z</time>
				<extensions>
					<gpxtpx:TrackPointExtension>
						<gpxtpx:hr>81</gpxtpx:hr>
						<gpxtpx:atemp>30</gpxtpx:atemp>
					</gpxtpx:TrackPointExtension>
				</extensions>
			</trkpt>
			<trkpt lat="48.604933" lon="-2.184907">
				<ele>11.8</ele>
				<time>2024-08-18T14:55:30Z</time>
				<extensions>
					<gpxtpx:TrackPointExtension>
						<gpxtpx:hr>78</gpxtpx:hr>
						<gpxtpx:atemp>31</gpxtpx:atemp>
					</gpxtpx:TrackPointExtension>
				</extensions>
			</trkpt>
			<trkpt lat="48.604958" lon="-2.184921">
				<ele>11.4</ele>
				<time>2024-08-18T14:55:33Z</time>
				<extensions>
					<gpxtpx:TrackPointExtension>
						<gpxtpx:hr>77</gpxtpx:hr>
						<gpxtpx:atemp>30</gpxtpx:atemp>
					</gpxtpx:TrackPointExtension>
				</extensions>
			</trkpt>
			<trkpt lat="48.604976" lon="-2.184924">
				<ele>11.4</ele>
				<time>2024-08-18T14:55:35Z</time>
				<extensions>
					<gpxtpx:TrackPointExtension>
						<gpxtpx:hr>76</gpxtpx:hr>
						<gpxtpx:atemp>30</gpxtpx:atemp>
					</gpxtpx:TrackPointExtension>
				</extensions>
			</trkpt>
			<trkpt lat="48.605007" lon="-2.184903">
				<ele>11.6</ele>
				<time>2024-08-18T14:55:38Z</time>
				<extensions>
					<gpxtpx:TrackPointExtension>
						<gpxtpx:hr>76</gpxtpx:hr>
						<gpxtpx:atemp>30</gpxtpx:atemp>
					</gpxtpx:TrackPointExtension>
				</extensions>
			</trkpt>
			<trkpt lat="48.605021" lon="-2.184876">
				<ele>11.6</ele>
				<time>2024-08-18T14:55:40Z</time>
				<extensions>
					<gpxtpx:TrackPointExtension>
						<gpxtpx:hr>77</gpxtpx:hr>
						<gpxtpx:atemp>30</gpxtpx:atemp>
					</gpxtpx:TrackPointExtension>
				</extensions>
			</trkpt>
			<trkpt lat="48.605052" lon="-2.18484">
				<ele>11.8</ele>
				<time>2024-08-18T14:55:43Z</time>
				<extensions>
					<gpxtpx:TrackPointExtension>
						<gpxtpx:hr>79</gpxtpx:hr>
						<gpxtpx:atemp>30</gpxtpx:atemp>
					</gpxtpx:TrackPointExtension>
				</extensions>
			</trkpt>
			<trkpt lat="48.605109" lon="-2.184827">
				<ele>12.4</ele>
				<time>2024-08-18T14:55:47Z</time>
				<extensions>
					<gpxtpx:TrackPointExtension>
						<gpxtpx:hr>79</gpxtpx:hr>
						<gpxtpx:atemp>30</gpxtpx:atemp>
					</gpxtpx:TrackPointExtension>
				</extensions>
			</trkpt>
			<trkpt lat="48.605116" lon="-2.18482">
				<ele>12.4</ele>
				<time>2024-08-18T14:55:48Z</time>
				<extensions>
					<gpxtpx:TrackPointExtension>
						<gpxtpx:hr>80</gpxtpx:hr>
						<gpxtpx:atemp>30</gpxtpx:atemp>
					</gpxtpx:TrackPointExtension>
				</extensions>
			</trkpt>
			<trkpt lat="48.605189" lon="-2.184744">
				<ele>12.2</ele>
				<time>2024-08-18T14:55:55Z</time>
				<extensions>
					<gpxtpx:TrackPointExtension>
						<gpxtpx:hr>85</gpxtpx:hr>
						<gpxtpx:atemp>30</gpxtpx:atemp>
					</gpxtpx:TrackPointExtension>
				</extensions>
			</trkpt>
			<trkpt lat="48.605214" lon="-2.184721">
				<ele>11.8</ele>
				<time>2024-08-18T14:55:58Z</time>
				<extensions>
					<gpxtpx:TrackPointExtension>
						<gpxtpx:hr>85</gpxtpx:hr>
						<gpxtpx:atemp>30</gpxtpx:atemp>
					</gpxtpx:TrackPointExtension>
				</extensions>
			</trkpt>
			<trkpt lat="48.605223" lon="-2.184713">
				<ele>11.6</ele>
				<time>2024-08-18T14:55:59Z</time>
				<extensions>
					<gpxtpx:TrackPointExtension>
						<gpxtpx:hr>86</gpxtpx:hr>
						<gpxtpx:atemp>30</gpxtpx:atemp>
					</gpxtpx:TrackPointExtension>
				</extensions>
			</trkpt>
			<trkpt lat="48.605239" lon="-2.184694">
				<ele>11.4</ele>
				<time>2024-08-18T14:56:01Z</time>
				<extensions>
					<gpxtpx:TrackPointExtension>
						<gpxtpx:hr>89</gpxtpx:hr>
						<gpxtpx:atemp>30</gpxtpx:atemp>
					</gpxtpx:TrackPointExtension>
				</extensions>
			</trkpt>
			<trkpt lat="48.605282" lon="-2.184664">
				<ele>11.2</ele>
				<time>2024-08-18T14:56:04Z</time>
				<extensions>
					<gpxtpx:TrackPointExtension>
						<gpxtpx:hr>92</gpxtpx:hr>
						<gpxtpx:atemp>30</gpxtpx:atemp>
					</gpxtpx:TrackPointExtension>
				</extensions>
			</trkpt>
			<trkpt lat="48.605309" lon="-2.184642">
				<ele>11</ele>
				<time>2024-08-18T14:56:07Z</time>
				<extensions>
					<gpxtpx:TrackPointExtension>
						<gpxtpx:hr>95</gpxtpx:hr>
						<gpxtpx:atemp>30</gpxtpx:atemp>
					</gpxtpx:TrackPointExtension>
				</extensions>
			</trkpt>
			<trkpt lat="48.605316" lon="-2.184632">
				<ele>11</ele>
				<time>2024-08-18T14:56:08Z</time>
				<extensions>
					<gpxtpx:TrackPointExtension>
						<gpxtpx:hr>95</gpxtpx:hr>
						<gpxtpx:atemp>30</gpxtpx:atemp>
					</gpxtpx:TrackPointExtension>
				</extensions>
			</trkpt>
			<trkpt lat="48.605357" lon="-2.184615">
				<ele>10.8</ele>
				<time>2024-08-18T14:56:11Z</time>
				<extensions>
					<gpxtpx:TrackPointExtension>
						<gpxtpx:hr>94</gpxtpx:hr>
						<gpxtpx:atemp>30</gpxtpx:atemp>
					</gpxtpx:TrackPointExtension>
				</extensions>
			</trkpt>
			<trkpt lat="48.605502" lon="-2.18458">
				<ele>10.8</ele>
				<time>2024-08-18T14:56:22Z</time>
				<extensions>
					<gpxtpx:TrackPointExtension>
						<gpxtpx:hr>93</gpxtpx:hr>
						<gpxtpx:atemp>30</gpxtpx:atemp>
					</gpxtpx:TrackPointExtension>
				</extensions>
			</trkpt>
			<trkpt lat="48.605536" lon="-2.184586">
				<ele>10.8</ele>
				<time>2024-08-18T14:56:25Z</time>
				<extensions>
					<gpxtpx:TrackPointExtension>
						<gpxtpx:hr>92</gpxtpx:hr>
						<gpxtpx:atemp>30</gpxtpx:atemp>
					</gpxtpx:TrackPointExtension>
				</extensions>
			</trkpt>
			<trkpt lat="48.60556" lon="-2.184601">
				<ele>10.8</ele>
				<time>2024-08-18T14:56:27Z</time>
				<extensions>
					<gpxtpx:TrackPointExtension>
						<gpxtpx:hr>91</gpxtpx:hr>
						<gpxtpx:atemp>30</gpxtpx:atemp>
					</gpxtpx:TrackPointExtension>
				</extensions>
			</trkpt>
			<trkpt lat="48.60557" lon="-2.184611">
				<ele>10.8</ele>
				<time>2024-08-18T14:56:28Z</time>
				<extensions>
					<gpxtpx:TrackPointExtension>
						<gpxtpx:hr>91</gpxtpx:hr>
						<gpxtpx:atemp>30</gpxtpx:atemp>
					</gpxtpx:TrackPointExtension>
				</extensions>
			</trkpt>
			<trkpt lat="48.605659" lon="-2.184724">
				<ele>10.8</ele>
				<time>2024-08-18T14:56:37Z</time>
				<extensions>
					<gpxtpx:TrackPointExtension>
						<gpxtpx:hr>90</gpxtpx:hr>
						<gpxtpx:atemp>30</gpxtpx:atemp>
					</gpxtpx:TrackPointExtension>
				</extensions>
			</trkpt>
			<trkpt lat="48.605731" lon="-2.184823">
				<ele>11.4</ele>
				<time>2024-08-18T14:56:44Z</time>
				<extensions>
					<gpxtpx:TrackPointExtension>
						<gpxtpx:hr>93</gpxtpx:hr>
						<gpxtpx:atemp>30</gpxtpx:atemp>
					</gpxtpx:TrackPointExtension>
				</extensions>
			</trkpt>
			<trkpt lat="48.605754" lon="-2.184865">
				<ele>11.8</ele>
				<time>2024-08-18T14:56:47Z</time>
				<extensions>
					<gpxtpx:TrackPointExtension>
						<gpxtpx:hr>92</gpxtpx:hr>
						<gpxtpx:atemp>30</gpxtpx:atemp>
					</gpxtpx:TrackPointExtension>
				</extensions>
			</trkpt>
			<trkpt lat="48.605788" lon="-2.184961">
				<ele>11.4</ele>
				<time>2024-08-18T14:56:54Z</time>
				<extensions>
					<gpxtpx:TrackPointExtension>
						<gpxtpx:hr>91</gpxtpx:hr>
						<gpxtpx:atemp>30</gpxtpx:atemp>
					</gpxtpx:TrackPointExtension>
				</extensions>
			</trkpt>
			<trkpt lat="48.605834" lon="-2.185056">
				<ele>11.2</ele>
				<time>2024-08-18T14:57:01Z</time>
				<extensions>
					<gpxtpx:TrackPointExtension>
						<gpxtpx:hr>89</gpxtpx:hr>
						<gpxtpx:atemp>30</gpxtpx:atemp>
					</gpxtpx:TrackPointExtension>
				</extensions>
			</trkpt>
			<trkpt lat="48.605855" lon="-2.185068">
				<ele>11</ele>
				<time>2024-08-18T14:57:03Z</time>
				<extensions>
					<gpxtpx:TrackPointExtension>
						<gpxtpx:hr>92</gpxtpx:hr>
						<gpxtpx:atemp>30</gpxtpx:atemp>
					</gpxtpx:TrackPointExtension>
				</extensions>
			</trkpt>
			<trkpt lat="48.6059" lon="-2.185095">
				<ele>10.8</ele>
				<time>2024-08-18T14:57:07Z</time>
				<extensions>
					<gpxtpx:TrackPointExtension>
						<gpxtpx:hr>89</gpxtpx:hr>
						<gpxtpx:atemp>30</gpxtpx:atemp>
					</gpxtpx:TrackPointExtension>
				</extensions>
			</trkpt>
			<trkpt lat="48.605946" lon="-2.185179">
				<ele>10.8</ele>
				<time>2024-08-18T14:57:13Z</time>
				<extensions>
					<gpxtpx:TrackPointExtension>
						<gpxtpx:hr>88</gpxtpx:hr>
						<gpxtpx:atemp>30</gpxtpx:atemp>
					</gpxtpx:TrackPointExtension>
				</extensions>
			</trkpt>
			<trkpt lat="48.605952" lon="-2.185193">
				<ele>11</ele>
				<time>2024-08-18T14:57:14Z</time>
				<extensions>
					<gpxtpx:TrackPointExtension>
						<gpxtpx:hr>89</gpxtpx:hr>
						<gpxtpx:atemp>30</gpxtpx:atemp>
					</gpxtpx:TrackPointExtension>
				</extensions>
			</trkpt>
			<trkpt lat="48.60598" lon="-2.185232">
				<ele>11.2</ele>
				<time>2024-08-18T14:57:18Z</time>
				<extensions>
					<gpxtpx:TrackPointExtension>
						<gpxtpx:hr>89</gpxtpx:hr>
						<gpxtpx:atemp>30</gpxtpx:atemp>
					</gpxtpx:TrackPointExtension>
				</extensions>
			</trkpt>
			<trkpt lat="48.606012" lon="-2.185275">
				<ele>11</ele>
				<time>2024-08-18T14:57:21Z</time>
				<extensions>
					<gpxtpx:TrackPointExtension>
						<gpxtpx:hr>92</gpxtpx:hr>
						<gpxtpx:atemp>30</gpxtpx:atemp>
					</gpxtpx:TrackPointExtension>
				</extensions>
			</trkpt>
			<trkpt lat="48.60602" lon="-2.185297">
				<ele>11</ele>
				<time>2024-08-18T14:57:23Z</time>
				<extensions>
					<gpxtpx:TrackPointExtension>
						<gpxtpx:hr>92</gpxtpx:hr>
						<gpxtpx:atemp>30</gpxtpx:atemp>
					</gpxtpx:TrackPointExtension>
				</extensions>
			</trkpt>
			<trkpt lat="48.606032" lon="-2.185315">
				<ele>11</ele>
				<time>2024-08-18T14:57:25Z</time>
				<extensions>
					<gpxtpx:TrackPointExtension>
						<gpxtpx:hr>91</gpxtpx:hr>
						<gpxtpx:atemp>30</gpxtpx:atemp>
					</gpxtpx:TrackPointExtension>
				</extensions>
			</trkpt>
			<trkpt lat="48.60609" lon="-2.185376">
				<ele>11</ele>
				<time>2024-08-18T14:57:32Z</time>
				<extensions>
					<gpxtpx:TrackPointExtension>
						<gpxtpx:hr>92</gpxtpx:hr>
						<gpxtpx:atemp>30</gpxtpx:atemp>
					</gpxtpx:TrackPointExtension>
				</extensions>
			</trkpt>
			<trkpt lat="48.6061" lon="-2.185378">
				<ele>11</ele>
				<time>2024-08-18T14:57:33Z</time>
				<extensions>
					<gpxtpx:TrackPointExtension>
						<gpxtpx:hr>92</gpxtpx:hr>
						<gpxtpx:atemp>30</gpxtpx:atemp>
					</gpxtpx:TrackPointExtension>
				</extensions>
			</trkpt>
			<trkpt lat="48.606175" lon="-2.185353">
				<ele>10.4</ele>
				<time>2024-08-18T14:57:39Z</time>
				<extensions>
					<gpxtpx:TrackPointExtension>
						<gpxtpx:hr>94</gpxtpx:hr>
						<gpxtpx:atemp>30</gpxtpx:atemp>
					</gpxtpx:TrackPointExtension>
				</extensions>
			</trkpt>
			<trkpt lat="48.606189" lon="-2.185351">
				<ele>10.2</ele>
				<time>2024-08-18T14:57:40Z</time>
				<extensions>
					<gpxtpx:TrackPointExtension>
						<gpxtpx:hr>94</gpxtpx:hr>
						<gpxtpx:atemp>30</gpxtpx:atemp>
					</gpxtpx:TrackPointExtension>
				</extensions>
			</trkpt>
			<trkpt lat="48.60621" lon="-2.185361">
				<ele>10</ele>
				<time>2024-08-18T14:57:42Z</time>
				<extensions>
					<gpxtpx:TrackPointExtension>
						<gpxtpx:hr>94</gpxtpx:hr>
						<gpxtpx:atemp>30</gpxtpx:atemp>
					</gpxtpx:TrackPointExtension>
				</extensions>
			</trkpt>
			<trkpt lat="48.606217" lon="-2.185388">
				<ele>9.6</ele>
				<time>2024-08-18T14:57:44Z</time>
				<extensions>
					<gpxtpx:TrackPointExtension>
						<gpxtpx:hr>91</gpxtpx:hr>
						<gpxtpx:atemp>30</gpxtpx:atemp>
					</gpxtpx:TrackPointExtension>
				</extensions>
			</trkpt>
			<trkpt lat="48.606216" lon="-2.185403">
				<ele>9.6</ele>
				<time>2024-08-18T14:57:45Z</time>
				<extensions>
					<gpxtpx:TrackPointExtension>
						<gpxtpx:hr>89</gpxtpx:hr>
						<gpxtpx:atemp>30</gpxtpx:atemp>
					</gpxtpx:TrackPointExtension>
				</extensions>
			</trkpt>
			<trkpt lat="48.606211" lon="-2.185417">
				<ele>9.4</ele>
				<time>2024-08-18T14:57:46Z</time>
				<extensions>
					<gpxtpx:TrackPointExtension>
						<gpxtpx:hr>88</gpxtpx:hr>
						<gpxtpx:atemp>30</gpxtpx:atemp>
					</gpxtpx:TrackPointExtension>
				</extensions>
			</trkpt>
			<trkpt lat="48.606204" lon="-2.185425">
				<ele>9.2</ele>
				<time>2024-08-18T14:57:47Z</time>
				<extensions>
					<gpxtpx:TrackPointExtension>
						<gpxtpx:hr>87</gpxtpx:hr>
						<gpxtpx:atemp>30</gpxtpx:atemp>
					</gpxtpx:TrackPointExtension>
				</extensions>
			</trkpt>
			<trkpt lat="48.606175" lon="-2.185462">
				<ele>9.6</ele>
				<time>2024-08-18T14:57:51Z</time>
				<extensions>
					<gpxtpx:TrackPointExtension>
						<gpxtpx:hr>86</gpxtpx:hr>
						<gpxtpx:atemp>30</gpxtpx:atemp>
					</gpxtpx:TrackPointExtension>
				</extensions>
			</trkpt>
			<trkpt lat="48.606151" lon="-2.185526">
				<ele>9.4</ele>
				<time>2024-08-18T14:57:55Z</time>
				<extensions>
					<gpxtpx:TrackPointExtension>
						<gpxtpx:hr>86</gpxtpx:hr>
						<gpxtpx:atemp>30</gpxtpx:atemp>
					</gpxtpx:TrackPointExtension>
				</extensions>
			</trkpt>
			<trkpt lat="48.606139" lon="-2.185556">
				<ele>9.4</ele>
				<time>2024-08-18T14:57:57Z</time>
				<extensions>
					<gpxtpx:TrackPointExtension>
						<gpxtpx:hr>89</gpxtpx:hr>
						<gpxtpx:atemp>30</gpxtpx:atemp>
					</gpxtpx:TrackPointExtension>
				</extensions>
			</trkpt>
			<trkpt lat="48.606131" lon="-2.185602">
				<ele>10.4</ele>
				<time>2024-08-18T14:58:01Z</time>
				<extensions>
					<gpxtpx:TrackPointExtension>
						<gpxtpx:hr>90</gpxtpx:hr>
						<gpxtpx:atemp>30</gpxtpx:atemp>
					</gpxtpx:TrackPointExtension>
				</extensions>
			</trkpt>
			<trkpt lat="48.606144" lon="-2.185641">
				<ele>10.6</ele>
				<time>2024-08-18T14:58:03Z</time>
				<extensions>
					<gpxtpx:TrackPointExtension>
						<gpxtpx:hr>90</gpxtpx:hr>
						<gpxtpx:atemp>30</gpxtpx:atemp>
					</gpxtpx:TrackPointExtension>
				</extensions>
			</trkpt>
			<trkpt lat="48.606151" lon="-2.185751">
				<ele>10.6</ele>
				<time>2024-08-18T14:58:09Z</time>
				<extensions>
					<gpxtpx:TrackPointExtension>
						<gpxtpx:hr>93</gpxtpx:hr>
						<gpxtpx:atemp>30</gpxtpx:atemp>
					</gpxtpx:TrackPointExtension>
				</extensions>
			</trkpt>
			<trkpt lat="48.60615" lon="-2.185771">
				<ele>10.8</ele>
				<time>2024-08-18T14:58:10Z</time>
				<extensions>
					<gpxtpx:TrackPointExtension>
						<gpxtpx:hr>93</gpxtpx:hr>
						<gpxtpx:atemp>30</gpxtpx:atemp>
					</gpxtpx:TrackPointExtension>
				</extensions>
			</trkpt>
			<trkpt lat="48.606155" lon="-2.185801">
				<ele>11.6</ele>
				<time>2024-08-18T14:58:12Z</time>
				<extensions>
					<gpxtpx:TrackPointExtension>
						<gpxtpx:hr>94</gpxtpx:hr>
						<gpxtpx:atemp>30</gpxtpx:atemp>
					</gpxtpx:TrackPointExtension>
				</extensions>
			</trkpt>
			<trkpt lat="48.606186" lon="-2.18584">
				<ele>11.6</ele>
				<time>2024-08-18T14:58:15Z</time>
				<extensions>
					<gpxtpx:TrackPointExtension>
						<gpxtpx:hr>97</gpxtpx:hr>
						<gpxtpx:atemp>30</gpxtpx:atemp>
					</gpxtpx:TrackPointExtension>
				</extensions>
			</trkpt>
			<trkpt lat="48.606195" lon="-2.185864">
				<ele>11.6</ele>
				<time>2024-08-18T14:58:17Z</time>
				<extensions>
					<gpxtpx:TrackPointExtension>
						<gpxtpx:hr>100</gpxtpx:hr>
						<gpxtpx:atemp>30</gpxtpx:atemp>
					</gpxtpx:TrackPointExtension>
				</extensions>
			</trkpt>
			<trkpt lat="48.606202" lon="-2.185881">
				<ele>11.6</ele>
				<time>2024-08-18T14:58:18Z</time>
				<extensions>
					<gpxtpx:TrackPointExtension>
						<gpxtpx:hr>101</gpxtpx:hr>
						<gpxtpx:atemp>30</gpxtpx:atemp>
					</gpxtpx:TrackPointExtension>
				</extensions>
			</trkpt>
			<trkpt lat="48.606207" lon="-2.185946">
				<ele>12.4</ele>
				<time>2024-08-18T14:58:22Z</time>
				<extensions>
					<gpxtpx:TrackPointExtension>
						<gpxtpx:hr>104</gpxtpx:hr>
						<gpxtpx:atemp>30</gpxtpx:atemp>
					</gpxtpx:TrackPointExtension>
				</extensions>
			</trkpt>
			<trkpt lat="48.60621" lon="-2.186001">
				<ele>12.6</ele>
				<time>2024-08-18T14:58:25Z</time>
				<extensions>
					<gpxtpx:TrackPointExtension>
						<gpxtpx:hr>105</gpxtpx:hr>
						<gpxtpx:atemp>30</gpxtpx:atemp>
					</gpxtpx:TrackPointExtension>
				</extensions>
			</trkpt>
			<trkpt lat="48.60621" lon="-2.186024">
				<ele>12.6</ele>
				<time>2024-08-18T14:58:26Z</time>
				<extensions>
					<gpxtpx:TrackPointExtension>
						<gpxtpx:hr>105</gpxtpx:hr>
						<gpxtpx:atemp>30</gpxtpx:atemp>
					</gpxtpx:TrackPointExtension>
				</extensions>
			</trkpt>
			<trkpt lat="48.60621" lon="-2.186085">
				<ele>13</ele>
				<time>2024-08-18T14:58:29Z</time>
				<extensions>
					<gpxtpx:TrackPointExtension>
						<gpxtpx:hr>106</gpxtpx:hr>
						<gpxtpx:atemp>30</gpxtpx:atemp>
					</gpxtpx:TrackPointExtension>
				</extensions>
			</trkpt>
			<trkpt lat="48.606198" lon="-2.186157">
				<ele>13.2</ele>
				<time>2024-08-18T14:58:33Z</time>
				<extensions>
					<gpxtpx:TrackPointExtension>
						<gpxtpx:hr>107</gpxtpx:hr>
						<gpxtpx:atemp>30</gpxtpx:atemp>
					</gpxtpx:TrackPointExtension>
				</extensions>
			</trkpt>
			<trkpt lat="48.606198" lon="-2.186262">
				<ele>13.8</ele>
				<time>2024-08-18T14:58:39Z</time>
				<extensions>
					<gpxtpx:TrackPointExtension>
						<gpxtpx:hr>106</gpxtpx:hr>
						<gpxtpx:atemp>30</gpxtpx:atemp>
					</gpxtpx:TrackPointExtension>
				</extensions>
			</trkpt>
			<trkpt lat="48.606197" lon="-2.186296">
				<ele>14</ele>
				<time>2024-08-18T14:58:41Z</time>
				<extensions>
					<gpxtpx:TrackPointExtension>
						<gpxtpx:hr>106</gpxtpx:hr>
						<gpxtpx:atemp>30</gpxtpx:atemp>
					</gpxtpx:TrackPointExtension>
				</extensions>
			</trkpt>
			<trkpt lat="48.606186" lon="-2.186376">
				<ele>14.4</ele>
				<time>2024-08-18T14:58:48Z</time>
				<extensions>
					<gpxtpx:TrackPointExtension>
						<gpxtpx:hr>106</gpxtpx:hr>
						<gpxtpx:atemp>30</gpxtpx:atemp>
					</gpxtpx:TrackPointExtension>
				</extensions>
			</trkpt>
			<trkpt lat="48.606196" lon="-2.186458">
				<ele>14</ele>
				<time>2024-08-18T14:58:56Z</time>
				<extensions>
					<gpxtpx:TrackPointExtension>
						<gpxtpx:hr>107</gpxtpx:hr>
						<gpxtpx:atemp>30</gpxtpx:atemp>
					</gpxtpx:TrackPointExtension>
				</extensions>
			</trkpt>
			<trkpt lat="48.606188" lon="-2.186535">
				<ele>13.8</ele>
				<time>2024-08-18T14:59:04Z</time>
				<extensions>
					<gpxtpx:TrackPointExtension>
						<gpxtpx:hr>105</gpxtpx:hr>
						<gpxtpx:atemp>30</gpxtpx:atemp>
					</gpxtpx:TrackPointExtension>
				</extensions>
			</trkpt>
			<trkpt lat="48.606197" lon="-2.186579">
				<ele>13.2</ele>
				<time>2024-08-18T14:59:18Z</time>
				<extensions>
					<gpxtpx:TrackPointExtension>
						<gpxtpx:hr>105</gpxtpx:hr>
						<gpxtpx:atemp>30</gpxtpx:atemp>
					</gpxtpx:TrackPointExtension>
				</extensions>
			</trkpt>
			<trkpt lat="48.606205" lon="-2.186606">
				<ele>12.6</ele>
				<time>2024-08-18T14:59:22Z</time>
				<extensions>
					<gpxtpx:TrackPointExtension>
						<gpxtpx:hr>101</gpxtpx:hr>
						<gpxtpx:atemp>30</gpxtpx:atemp>
					</gpxtpx:TrackPointExtension>
				</extensions>
			</trkpt>
			<trkpt lat="48.606205" lon="-2.186607">
				<ele>12.6</ele>
				<time>2024-08-18T14:59:24Z</time>
				<extensions>
					<gpxtpx:TrackPointExtension>
						<gpxtpx:hr>98</gpxtpx:hr>
						<gpxtpx:atemp>30</gpxtpx:atemp>
					</gpxtpx:TrackPointExtension>
				</extensions>
			</trkpt>
			<trkpt lat="48.606205" lon="-2.186607">
				<ele>12.6</ele>
				<time>2024-08-18T14:59:25Z</time>
				<extensions>
					<gpxtpx:TrackPointExtension>
						<gpxtpx:hr>97</gpxtpx:hr>
						<gpxtpx:atemp>30</gpxtpx:atemp>
					</gpxtpx:TrackPointExtension>
				</extensions>
			</trkpt>
			<trkpt lat="48.606195" lon="-2.186677">
				<ele>12.8</ele>
				<time>2024-08-18T14:59:32Z</time>
				<extensions>
					<gpxtpx:TrackPointExtension>
						<gpxtpx:hr>95</gpxtpx:hr>
						<gpxtpx:atemp>30</gpxtpx:atemp>
					</gpxtpx:TrackPointExtension>
				</extensions>
			</trkpt>
			<trkpt lat="48.606153" lon="-2.186762">
				<ele>13.8</ele>
				<time>2024-08-18T14:59:38Z</time>
				<extensions>
					<gpxtpx:TrackPointExtension>
						<gpxtpx:hr>93</gpxtpx:hr>
						<gpxtpx:atemp>30</gpxtpx:atemp>
					</gpxtpx:TrackPointExtension>
				</extensions>
			</trkpt>
			<trkpt lat="48.60614" lon="-2.186778">
				<ele>14.6</ele>
				<time>2024-08-18T14:59:40Z</time>
				<extensions>
					<gpxtpx:TrackPointExtension>
						<gpxtpx:hr>92</gpxtpx:hr>
						<gpxtpx:atemp>30</gpxtpx:atemp>
					</gpxtpx:TrackPointExtension>
				</extensions>
			</trkpt>
			<trkpt lat="48.606133" lon="-2.18679">
				<ele>15</ele>
				<time>2024-08-18T14:59:41Z</time>
				<extensions>
					<gpxtpx:TrackPointExtension>
						<gpxtpx:hr>93</gpxtpx:hr>
						<gpxtpx:atemp>30</gpxtpx:atemp>
					</gpxtpx:TrackPointExtension>
				</extensions>
			</trkpt>
			<trkpt lat="48.606095" lon="-2.186855">
				<ele>16.200001</ele>
				<time>2024-08-18T14:59:47Z</time>
				<extensions>
					<gpxtpx:TrackPointExtension>
						<gpxtpx:hr>96</gpxtpx:hr>
						<gpxtpx:atemp>30</gpxtpx:atemp>
					</gpxtpx:TrackPointExtension>
				</extensions>
			</trkpt>
			<trkpt lat="48.606089" lon="-2.186883">
				<ele>16.200001</ele>
				<time>2024-08-18T14:59:49Z</time>
				<extensions>
					<gpxtpx:TrackPointExtension>
						<gpxtpx:hr>96</gpxtpx:hr>
						<gpxtpx:atemp>30</gpxtpx:atemp>
					</gpxtpx:TrackPointExtension>
				</extensions>
			</trkpt>
			<trkpt lat="48.606076" lon="-2.186919">
				<ele>16.200001</ele>
				<time>2024-08-18T14:59:51Z</time>
				<extensions>
					<gpxtpx:TrackPointExtension>
						<gpxtpx:hr>99</gpxtpx:hr>
						<gpxtpx:atemp>30</gpxtpx:atemp>
					</gpxtpx:TrackPointExtension>
				</extensions>
			</trkpt>
			<trkpt lat="48.606067" lon="-2.186969">
				<ele>16.4</ele>
				<time>2024-08-18T14:59:54Z</time>
				<extensions>
					<gpxtpx:TrackPointExtension>
						<gpxtpx:hr>107</gpxtpx:hr>
						<gpxtpx:atemp>30</gpxtpx:atemp>
					</gpxtpx:TrackPointExtension>
				</extensions>
			</trkpt>
			<trkpt lat="48.60607" lon="-2.186979">
				<ele>16.4</ele>
				<time>2024-08-18T14:59:55Z</time>
				<extensions>
					<gpxtpx:TrackPointExtension>
						<gpxtpx:hr>110</gpxtpx:hr>
						<gpxtpx:atemp>30</gpxtpx:atemp>
					</gpxtpx:TrackPointExtension>
				</extensions>
			</trkpt>
			<trkpt lat="48.606084" lon="-2.187037">
				<ele>16.6</ele>
				<time>2024-08-18T14:59:58Z</time>
				<extensions>
					<gpxtpx:TrackPointExtension>
						<gpxtpx:hr>111</gpxtpx:hr>
						<gpxtpx:atemp>30</gpxtpx:atemp>
					</gpxtpx:TrackPointExtension>
				</extensions>
			</trkpt>
			<trkpt lat="48.606097" lon="-2.18718">
				<ele>16.799999</ele>
				<time>2024-08-18T15:00:06Z</time>
				<extensions>
					<gpxtpx:TrackPointExtension>
						<gpxtpx:hr>113</gpxtpx:hr>
						<gpxtpx:atemp>30</gpxtpx:atemp>
					</gpxtpx:TrackPointExtension>
				</extensions>
			</trkpt>
			<trkpt lat="48.606093" lon="-2.187216">
				<ele>17</ele>
				<time>2024-08-18T15:00:08Z</time>
				<extensions>
					<gpxtpx:TrackPointExtension>
						<gpxtpx:hr>113</gpxtpx:hr>
						<gpxtpx:atemp>30</gpxtpx:atemp>
					</gpxtpx:TrackPointExtension>
				</extensions>
			</trkpt>
			<trkpt lat="48.606082" lon="-2.187311">
				<ele>16.799999</ele>
				<time>2024-08-18T15:00:13Z</time>
				<extensions>
					<gpxtpx:TrackPointExtension>
						<gpxtpx:hr>111</gpxtpx:hr>
						<gpxtpx:atemp>30</gpxtpx:atemp>
					</gpxtpx:TrackPointExtension>
				</extensions>
			</trkpt>
			<trkpt lat="48.606068" lon="-2.187417">
				<ele>16.6</ele>
				<time>2024-08-18T15:00:19Z</time>
				<extensions>
					<gpxtpx:TrackPointExtension>
						<gpxtpx:hr>108</gpxtpx:hr>
						<gpxtpx:atemp>30</gpxtpx:atemp>
					</gpxtpx:TrackPointExtension>
				</extensions>
			</trkpt>
			<trkpt lat="48.606056" lon="-2.187476">
				<ele>16.6</ele>
				<time>2024-08-18T15:00:23Z</time>
				<extensions>
					<gpxtpx:TrackPointExtension>
						<gpxtpx:hr>106</gpxtpx:hr>
						<gpxtpx:atemp>30</gpxtpx:atemp>
					</gpxtpx:TrackPointExtension>
				</extensions>
			</trkpt>
			<trkpt lat="48.606034" lon="-2.187538">
				<ele>16.4</ele>
				<time>2024-08-18T15:00:26Z</time>
				<extensions>
					<gpxtpx:TrackPointExtension>
						<gpxtpx:hr>102</gpxtpx:hr>
						<gpxtpx:atemp>30</gpxtpx:atemp>
					</gpxtpx:TrackPointExtension>
				</extensions>
			</trkpt>
			<trkpt lat="48.606022" lon="-2.187563">
				<ele>16.4</ele>
				<time>2024-08-18T15:00:28Z</time>
				<extensions>
					<gpxtpx:TrackPointExtension>
						<gpxtpx:hr>100</gpxtpx:hr>
						<gpxtpx:atemp>30</gpxtpx:atemp>
					</gpxtpx:TrackPointExtension>
				</extensions>
			</trkpt>
			<trkpt lat="48.606013" lon="-2.187644">
				<ele>16.200001</ele>
				<time>2024-08-18T15:00:32Z</time>
				<extensions>
					<gpxtpx:TrackPointExtension>
						<gpxtpx:hr>99</gpxtpx:hr>
						<gpxtpx:atemp>30</gpxtpx:atemp>
					</gpxtpx:TrackPointExtension>
				</extensions>
			</trkpt>
			<trkpt lat="48.605986" lon="-2.187729">
				<ele>16</ele>
				<time>2024-08-18T15:00:37Z</time>
				<extensions>
					<gpxtpx:TrackPointExtension>
						<gpxtpx:hr>95</gpxtpx:hr>
						<gpxtpx:atemp>30</gpxtpx:atemp>
					</gpxtpx:TrackPointExtension>
				</extensions>
			</trkpt>
			<trkpt lat="48.605975" lon="-2.187762">
				<ele>16.200001</ele>
				<time>2024-08-18T15:00:39Z</time>
				<extensions>
					<gpxtpx:TrackPointExtension>
						<gpxtpx:hr>92</gpxtpx:hr>
						<gpxtpx:atemp>30</gpxtpx:atemp>
					</gpxtpx:TrackPointExtension>
				</extensions>
			</trkpt>
			<trkpt lat="48.605971" lon="-2.187774">
				<ele>16</ele>
				<time>2024-08-18T15:00:40Z</time>
				<extensions>
					<gpxtpx:TrackPointExtension>
						<gpxtpx:hr>92</gpxtpx:hr>
						<gpxtpx:atemp>30</gpxtpx:atemp>
					</gpxtpx:TrackPointExtension>
				</extensions>
			</trkpt>
			<trkpt lat="48.605969" lon="-2.18779">
				<ele>16</ele>
				<time>2024-08-18T15:00:41Z</time>
				<extensions>
					<gpxtpx:TrackPointExtension>
						<gpxtpx:hr>92</gpxtpx:hr>
						<gpxtpx:atemp>30</gpxtpx:atemp>
					</gpxtpx:TrackPointExtension>
				</extensions>
			</trkpt>
			<trkpt lat="48.605962" lon="-2.187876">
				<ele>16</ele>
				<time>2024-08-18T15:00:46Z</time>
				<extensions>
					<gpxtpx:TrackPointExtension>
						<gpxtpx:hr>93</gpxtpx:hr>
						<gpxtpx:atemp>30</gpxtpx:atemp>
					</gpxtpx:TrackPointExtension>
				</extensions>
			</trkpt>
			<trkpt lat="48.605959" lon="-2.187919">
				<ele>16</ele>
				<time>2024-08-18T15:00:48Z</time>
				<extensions>
					<gpxtpx:TrackPointExtension>
						<gpxtpx:hr>94</gpxtpx:hr>
						<gpxtpx:atemp>30</gpxtpx:atemp>
					</gpxtpx:TrackPointExtension>
				</extensions>
			</trkpt>
			<trkpt lat="48.605962" lon="-2.188056">
				<ele>16</ele>
				<time>2024-08-18T15:00:54Z</time>
				<extensions>
					<gpxtpx:TrackPointExtension>
						<gpxtpx:hr>93</gpxtpx:hr>
						<gpxtpx:atemp>31</gpxtpx:atemp>
					</gpxtpx:TrackPointExtension>
				</extensions>
			</trkpt>
			<trkpt lat="48.60593" lon="-2.188222">
				<ele>16.200001</ele>
				<time>2024-08-18T15:01:04Z</time>
				<extensions>
					<gpxtpx:TrackPointExtension>
						<gpxtpx:hr>93</gpxtpx:hr>
						<gpxtpx:atemp>31</gpxtpx:atemp>
					</gpxtpx:TrackPointExtension>
				</extensions>
			</trkpt>
			<trkpt lat="48.605904" lon="-2.188359">
				<ele>16.4</ele>
				<time>2024-08-18T15:01:13Z</time>
				<extensions>
					<gpxtpx:TrackPointExtension>
						<gpxtpx:hr>94</gpxtpx:hr>
						<gpxtpx:atemp>31</gpxtpx:atemp>
					</gpxtpx:TrackPointExtension>
				</extensions>
			</trkpt>
			<trkpt lat="48.605896" lon="-2.188432">
				<ele>16.6</ele>
				<time>2024-08-18T15:01:19Z</time>
				<extensions>
					<gpxtpx:TrackPointExtension>
						<gpxtpx:hr>94</gpxtpx:hr>
						<gpxtpx:atemp>31</gpxtpx:atemp>
					</gpxtpx:TrackPointExtension>
				</extensions>
			</trkpt>
			<trkpt lat="48.605883" lon="-2.188471">
				<ele>16.6</ele>
				<time>2024-08-18T15:01:22Z</time>
				<extensions>
					<gpxtpx:TrackPointExtension>
						<gpxtpx:hr>98</gpxtpx:hr>
						<gpxtpx:atemp>31</gpxtpx:atemp>
					</gpxtpx:TrackPointExtension>
				</extensions>
			</trkpt>
			<trkpt lat="48.60586" lon="-2.188533">
				<ele>16.799999</ele>
				<time>2024-08-18T15:01:26Z</time>
				<extensions>
					<gpxtpx:TrackPointExtension>
						<gpxtpx:hr>97</gpxtpx:hr>
						<gpxtpx:atemp>31</gpxtpx:atemp>
					</gpxtpx:TrackPointExtension>
				</extensions>
			</trkpt>
			<trkpt lat="48.605853" lon="-2.188575">
				<ele>16.799999</ele>
				<time>2024-08-18T15:01:29Z</time>
				<extensions>
					<gpxtpx:TrackPointExtension>
						<gpxtpx:hr>94</gpxtpx:hr>
						<gpxtpx:atemp>31</gpxtpx:atemp>
					</gpxtpx:TrackPointExtension>
				</extensions>
			</trkpt>
			<trkpt lat="48.605854" lon="-2.188591">
				<ele>17</ele>
				<time>2024-08-18T15:01:30Z</time>
				<extensions>
					<gpxtpx:TrackPointExtension>
						<gpxtpx:hr>94</gpxtpx:hr>
						<gpxtpx:atemp>31</gpxtpx:atemp>
					</gpxtpx:TrackPointExtension>
				</extensions>
			</trkpt>
			<trkpt lat="48.605842" lon="-2.188643">
				<ele>17</ele>
				<time>2024-08-18T15:01:33Z</time>
				<extensions>
					<gpxtpx:TrackPointExtension>
						<gpxtpx:hr>95</gpxtpx:hr>
						<gpxtpx:atemp>31</gpxtpx:atemp>
					</gpxtpx:TrackPointExtension>
				</extensions>
			</trkpt>
			<trkpt lat="48.605836" lon="-2.188659">
				<ele>17.200001</ele>
				<time>2024-08-18T15:01:34Z</time>
				<extensions>
					<gpxtpx:TrackPointExtension>
						<gpxtpx:hr>95</gpxtpx:hr>
						<gpxtpx:atemp>31</gpxtpx:atemp>
					</gpxtpx:TrackPointExtension>
				</extensions>
			</trkpt>
			<trkpt lat="48.605805" lon="-2.188804">
				<ele>17.4</ele>
				<time>2024-08-18T15:01:42Z</time>
				<extensions>
					<gpxtpx:TrackPointExtension>
						<gpxtpx:hr>95</gpxtpx:hr>
						<gpxtpx:atemp>31</gpxtpx:atemp>
					</gpxtpx:TrackPointExtension>
				</extensions>
			</trkpt>
			<trkpt lat="48.605794" lon="-2.188865">
				<ele>17.799999</ele>
				<time>2024-08-18T15:01:45Z</time>
				<extensions>
					<gpxtpx:TrackPointExtension>
						<gpxtpx:hr>98</gpxtpx:hr>
						<gpxtpx:atemp>31</gpxtpx:atemp>
					</gpxtpx:TrackPointExtension>
				</extensions>
			</trkpt>
			<trkpt lat="48.605765" lon="-2.18896">
				<ele>17.799999</ele>
				<time>2024-08-18T15:01:51Z</time>
				<extensions>
					<gpxtpx:TrackPointExtension>
						<gpxtpx:hr>96</gpxtpx:hr>
						<gpxtpx:atemp>31</gpxtpx:atemp>
					</gpxtpx:TrackPointExtension>
				</extensions>
			</trkpt>
			<trkpt lat="48.605763" lon="-2.188973">
				<ele>17.799999</ele>
				<time>2024-08-18T15:01:52Z</time>
				<extensions>
					<gpxtpx:TrackPointExtension>
						<gpxtpx:hr>96</gpxtpx:hr>
						<gpxtpx:atemp>31</gpxtpx:atemp>
					</gpxtpx:TrackPointExtension>
				</extensions>
			</trkpt>
			<trkpt lat="48.605743" lon="-2.189063">
				<ele>18</ele>
				<time>2024-08-18T15:01:57Z</time>
				<extensions>
					<gpxtpx:TrackPointExtension>
						<gpxtpx:hr>97</gpxtpx:hr>
						<gpxtpx:atemp>31</gpxtpx:atemp>
					</gpxtpx:TrackPointExtension>
				</extensions>
			</trkpt>
			<trkpt lat="48.605739" lon="-2.189076">
				<ele>18</ele>
				<time>2024-08-18T15:01:58Z</time>
				<extensions>
					<gpxtpx:TrackPointExtension>
						<gpxtpx:hr>96</gpxtpx:hr>
						<gpxtpx:atemp>31</gpxtpx:atemp>
					</gpxtpx:TrackPointExtension>
				</extensions>
			</trkpt>
			<trkpt lat="48.605741" lon="-2.189107">
				<ele>18.200001</ele>
				<time>2024-08-18T15:02:00Z</time>
				<extensions>
					<gpxtpx:TrackPointExtension>
						<gpxtpx:hr>96</gpxtpx:hr>
						<gpxtpx:atemp>31</gpxtpx:atemp>
					</gpxtpx:TrackPointExtension>
				</extensions>
			</trkpt>
			<trkpt lat="48.605746" lon="-2.189193">
				<ele>18</ele>
				<time>2024-08-18T15:02:04Z</time>
				<extensions>
					<gpxtpx:TrackPointExtension>
						<gpxtpx:hr>93</gpxtpx:hr>
						<gpxtpx:atemp>31</gpxtpx:atemp>
					</gpxtpx:TrackPointExtension>
				</extensions>
			</trkpt>
			<trkpt lat="48.605742" lon="-2.189202">
				<ele>18</ele>
				<time>2024-08-18T15:02:05Z</time>
				<extensions>
					<gpxtpx:TrackPointExtension>
						<gpxtpx:hr>94</gpxtpx:hr>
						<gpxtpx:atemp>31</gpxtpx:atemp>
					</gpxtpx:TrackPointExtension>
				</extensions>
			</trkpt>
			<trkpt lat="48.605736" lon="-2.189207">
				<ele>18</ele>
				<time>2024-08-18T15:02:06Z</time>
				<extensions>
					<gpxtpx:TrackPointExtension>
						<gpxtpx:hr>94</gpxtpx:hr>
						<gpxtpx:atemp>31</gpxtpx:atemp>
					</gpxtpx:TrackPointExtension>
				</extensions>
			</trkpt>
			<trkpt lat="48.605696" lon="-2.189227">
				<ele>18.200001</ele>
				<time>2024-08-18T15:02:10Z</time>
				<extensions>
					<gpxtpx:TrackPointExtension>
						<gpxtpx:hr>96</gpxtpx:hr>
						<gpxtpx:atemp>31</gpxtpx:atemp>
					</gpxtpx:TrackPointExtension>
				</extensions>
			</trkpt>
			<trkpt lat="48.605684" lon="-2.189233">
				<ele>18.200001</ele>
				<time>2024-08-18T15:02:11Z</time>
				<extensions>
					<gpxtpx:TrackPointExtension>
						<gpxtpx:hr>97</gpxtpx:hr>
						<gpxtpx:atemp>31</gpxtpx:atemp>
					</gpxtpx:TrackPointExtension>
				</extensions>
			</trkpt>
			<trkpt lat="48.605634" lon="-2.189251">
				<ele>18.6</ele>
				<time>2024-08-18T15:02:16Z</time>
				<extensions>
					<gpxtpx:TrackPointExtension>
						<gpxtpx:hr>97</gpxtpx:hr>
						<gpxtpx:atemp>31</gpxtpx:atemp>
					</gpxtpx:TrackPointExtension>
				</extensions>
			</trkpt>
			<trkpt lat="48.605618" lon="-2.189264">
				<ele>18.6</ele>
				<time>2024-08-18T15:02:18Z</time>
				<extensions>
					<gpxtpx:TrackPointExtension>
						<gpxtpx:hr>97</gpxtpx:hr>
						<gpxtpx:atemp>31</gpxtpx:atemp>
					</gpxtpx:TrackPointExtension>
				</extensions>
			</trkpt>
			<trkpt lat="48.605594" lon="-2.189318">
				<ele>18.799999</ele>
				<time>2024-08-18T15:02:22Z</time>
				<extensions>
					<gpxtpx:TrackPointExtension>
						<gpxtpx:hr>94</gpxtpx:hr>
						<gpxtpx:atemp>31</gpxtpx:atemp>
					</gpxtpx:TrackPointExtension>
				</extensions>
			</trkpt>
			<trkpt lat="48.605587" lon="-2.189348">
				<ele>18.799999</ele>
				<time>2024-08-18T15:02:24Z</time>
				<extensions>
					<gpxtpx:TrackPointExtension>
						<gpxtpx:hr>93</gpxtpx:hr>
						<gpxtpx:atemp>31</gpxtpx:atemp>
					</gpxtpx:TrackPointExtension>
				</extensions>
			</trkpt>
			<trkpt lat="48.60559" lon="-2.189384">
				<ele>18.799999</ele>
				<time>2024-08-18T15:02:26Z</time>
				<extensions>
					<gpxtpx:TrackPointExtension>
						<gpxtpx:hr>93</gpxtpx:hr>
						<gpxtpx:atemp>31</gpxtpx:atemp>
					</gpxtpx:TrackPointExtension>
				</extensions>
			</trkpt>
			<trkpt lat="48.605603" lon="-2.18947">
				<ele>18.799999</ele>
				<time>2024-08-18T15:02:32Z</time>
				<extensions>
					<gpxtpx:TrackPointExtension>
						<gpxtpx:hr>93</gpxtpx:hr>
						<gpxtpx:atemp>31</gpxtpx:atemp>
					</gpxtpx:TrackPointExtension>
				</extensions>
			</trkpt>
			<trkpt lat="48.605604" lon="-2.189594">
				<ele>19</ele>
				<time>2024-08-18T15:02:39Z</time>
				<extensions>
					<gpxtpx:TrackPointExtension>
						<gpxtpx:hr>92</gpxtpx:hr>
						<gpxtpx:atemp>31</gpxtpx:atemp>
					</gpxtpx:TrackPointExtension>
				</extensions>
			</trkpt>
			<trkpt lat="48.605605" lon="-2.189639">
				<ele>19</ele>
				<time>2024-08-18T15:02:41Z</time>
				<extensions>
					<gpxtpx:TrackPointExtension>
						<gpxtpx:hr>93</gpxtpx:hr>
						<gpxtpx:atemp>31</gpxtpx:atemp>
					</gpxtpx:TrackPointExtension>
				</extensions>
			</trkpt>
			<trkpt lat="48.605603" lon="-2.189769">
				<ele>18.799999</ele>
				<time>2024-08-18T15:02:48Z</time>
				<extensions>
					<gpxtpx:TrackPointExtension>
						<gpxtpx:hr>95</gpxtpx:hr>
						<gpxtpx:atemp>31</gpxtpx:atemp>
					</gpxtpx:TrackPointExtension>
				</extensions>
			</trkpt>
			<trkpt lat="48.605592" lon="-2.18993">
				<ele>19.200001</ele>
				<time>2024-08-18T15:02:56Z</time>
				<extensions>
					<gpxtpx:TrackPointExtension>
						<gpxtpx:hr>96</gpxtpx:hr>
						<gpxtpx:atemp>31</gpxtpx:atemp>
					</gpxtpx:TrackPointExtension>
				</extensions>
			</trkpt>
			<trkpt lat="48.605589" lon="-2.189989">
				<ele>19.4</ele>
				<time>2024-08-18T15:02:59Z</time>
				<extensions>
					<gpxtpx:TrackPointExtension>
						<gpxtpx:hr>96</gpxtpx:hr>
						<gpxtpx:atemp>31</gpxtpx:atemp>
					</gpxtpx:TrackPointExtension>
				</extensions>
			</trkpt>
			<trkpt lat="48.60558" lon="-2.190112">
				<ele>19.4</ele>
				<time>2024-08-18T15:03:05Z</time>
				<extensions>
					<gpxtpx:TrackPointExtension>
						<gpxtpx:hr>98</gpxtpx:hr>
						<gpxtpx:atemp>32</gpxtpx:atemp>
					</gpxtpx:TrackPointExtension>
				</extensions>
			</trkpt>
			<trkpt lat="48.605572" lon="-2.190181">
				<ele>19.6</ele>
				<time>2024-08-18T15:03:09Z</time>
				<extensions>
					<gpxtpx:TrackPointExtension>
						<gpxtpx:hr>99</gpxtpx:hr>
						<gpxtpx:atemp>32</gpxtpx:atemp>
					</gpxtpx:TrackPointExtension>
				</extensions>
			</trkpt>
			<trkpt lat="48.60558" lon="-2.19023">
				<ele>19.799999</ele>
				<time>2024-08-18T15:03:12Z</time>
				<extensions>
					<gpxtpx:TrackPointExtension>
						<gpxtpx:hr>99</gpxtpx:hr>
						<gpxtpx:atemp>32</gpxtpx:atemp>
					</gpxtpx:TrackPointExtension>
				</extensions>
			</trkpt>
			<trkpt lat="48.605578" lon="-2.190303">
				<ele>20</ele>
				<time>2024-08-18T15:03:17Z</time>
				<extensions>
					<gpxtpx:TrackPointExtension>
						<gpxtpx:hr>98</gpxtpx:hr>
						<gpxtpx:atemp>32</gpxtpx:atemp>
					</gpxtpx:TrackPointExtension>
				</extensions>
			</trkpt>
			<trkpt lat="48.605601" lon="-2.190375">
				<ele>20.200001</ele>
				<time>2024-08-18T15:03:21Z</time>
				<extensions>
					<gpxtpx:TrackPointExtension>
						<gpxtpx:hr>95</gpxtpx:hr>
						<gpxtpx:atemp>32</gpxtpx:atemp>
					</gpxtpx:TrackPointExtension>
				</extensions>
			</trkpt>
			<trkpt lat="48.605608" lon="-2.190389">
				<ele>20.4</ele>
				<time>2024-08-18T15:03:22Z</time>
				<extensions>
					<gpxtpx:TrackPointExtension>
						<gpxtpx:hr>95</gpxtpx:hr>
						<gpxtpx:atemp>32</gpxtpx:atemp>
					</gpxtpx:TrackPointExtension>
				</extensions>
			</trkpt>
			<trkpt lat="48.605641" lon="-2.190434">
				<ele>21</ele>
				<time>2024-08-18T15:03:26Z</time>
				<extensions>
					<gpxtpx:TrackPointExtension>
						<gpxtpx:hr>95</gpxtpx:hr>
						<gpxtpx:atemp>32</gpxtpx:atemp>
					</gpxtpx:TrackPointExtension>
				</extensions>
			</trkpt>
			<trkpt lat="48.605654" lon="-2.190445">
				<ele>21.4</ele>
				<time>2024-08-18T15:03:27Z</time>
				<extensions>
					<gpxtpx:TrackPointExtension>
						<gpxtpx:hr>96</gpxtpx:hr>
						<gpxtpx:atemp>32</gpxtpx:atemp>
					</gpxtpx:TrackPointExtension>
				</extensions>
			</trkpt>
			<trkpt lat="48.605666" lon="-2.190453">
				<ele>21.6</ele>
				<time>2024-08-18T15:03:28Z</time>
				<extensions>
					<gpxtpx:TrackPointExtension>
						<gpxtpx:hr>96</gpxtpx:hr>
						<gpxtpx:atemp>32</gpxtpx:atemp>
					</gpxtpx:TrackPointExtension>
				</extensions>
			</trkpt>
			<trkpt lat="48.605696" lon="-2.190477">
				<ele>22</ele>
				<time>2024-08-18T15:03:31Z</time>
				<extensions>
					<gpxtpx:TrackPointExtension>
						<gpxtpx:hr>100</gpxtpx:hr>
						<gpxtpx:atemp>32</gpxtpx:atemp>
					</gpxtpx:TrackPointExtension>
				</extensions>
			</trkpt>
			<trkpt lat="48.605719" lon="-2.190499">
				<ele>22</ele>
				<time>2024-08-18T15:03:33Z</time>
				<extensions>
					<gpxtpx:TrackPointExtension>
						<gpxtpx:hr>105</gpxtpx:hr>
						<gpxtpx:atemp>32</gpxtpx:atemp>
					</gpxtpx:TrackPointExtension>
				</extensions>
			</trkpt>
			<trkpt lat="48.605754" lon="-2.190518">
				<ele>22.200001</ele>
				<time>2024-08-18T15:03:36Z</time>
				<extensions>
					<gpxtpx:TrackPointExtension>
						<gpxtpx:hr>107</gpxtpx:hr>
						<gpxtpx:atemp>32</gpxtpx:atemp>
					</gpxtpx:TrackPointExtension>
				</extensions>
			</trkpt>
			<trkpt lat="48.605774" lon="-2.190535">
				<ele>22.4</ele>
				<time>2024-08-18T15:03:38Z</time>
				<extensions>
					<gpxtpx:TrackPointExtension>
						<gpxtpx:hr>108</gpxtpx:hr>
						<gpxtpx:atemp>32</gpxtpx:atemp>
					</gpxtpx:TrackPointExtension>
				</extensions>
			</trkpt>
			<trkpt lat="48.605846" lon="-2.190588">
				<ele>22.6</ele>
				<time>2024-08-18T15:03:45Z</time>
				<extensions>
					<gpxtpx:TrackPointExtension>
						<gpxtpx:hr>109</gpxtpx:hr>
						<gpxtpx:atemp>32</gpxtpx:atemp>
					</gpxtpx:TrackPointExtension>
				</extensions>
			</trkpt>
			<trkpt lat="48.60597" lon="-2.190659">
				<ele>23</ele>
				<time>2024-08-18T15:03:55Z</time>
				<extensions>
					<gpxtpx:TrackPointExtension>
						<gpxtpx:hr>108</gpxtpx:hr>
						<gpxtpx:atemp>32</gpxtpx:atemp>
					</gpxtpx:TrackPointExtension>
				</extensions>
			</trkpt>
			<trkpt lat="48.606035" lon="-2.190694">
				<ele>22.799999</ele>
				<time>2024-08-18T15:04:01Z</time>
				<extensions>
					<gpxtpx:TrackPointExtension>
						<gpxtpx:hr>108</gpxtpx:hr>
						<gpxtpx:atemp>31</gpxtpx:atemp>
					</gpxtpx:TrackPointExtension>
				</extensions>
			</trkpt>
			<trkpt lat="48.606104" lon="-2.190743">
				<ele>22.799999</ele>
				<time>2024-08-18T15:04:07Z</time>
				<extensions>
					<gpxtpx:TrackPointExtension>
						<gpxtpx:hr>105</gpxtpx:hr>
						<gpxtpx:atemp>31</gpxtpx:atemp>
					</gpxtpx:TrackPointExtension>
				</extensions>
			</trkpt>
			<trkpt lat="48.606127" lon="-2.190763">
				<ele>22.799999</ele>
				<time>2024-08-18T15:04:09Z</time>
				<extensions>
					<gpxtpx:TrackPointExtension>
						<gpxtpx:hr>103</gpxtpx:hr>
						<gpxtpx:atemp>31</gpxtpx:atemp>
					</gpxtpx:TrackPointExtension>
				</extensions>
			</trkpt>
			<trkpt lat="48.60616" lon="-2.190779">
				<ele>22.799999</ele>
				<time>2024-08-18T15:04:12Z</time>
				<extensions>
					<gpxtpx:TrackPointExtension>
						<gpxtpx:hr>100</gpxtpx:hr>
						<gpxtpx:atemp>31</gpxtpx:atemp>
					</gpxtpx:TrackPointExtension>
				</extensions>
			</trkpt>
			<trkpt lat="48.606192" lon="-2.190796">
				<ele>22.6</ele>
				<time>2024-08-18T15:04:15Z</time>
				<extensions>
					<gpxtpx:TrackPointExtension>
						<gpxtpx:hr>98</gpxtpx:hr>
						<gpxtpx:atemp>31</gpxtpx:atemp>
					</gpxtpx:TrackPointExtension>
				</extensions>
			</trkpt>
			<trkpt lat="48.606197" lon="-2.190804">
				<ele>22.4</ele>
				<time>2024-08-18T15:04:17Z</time>
				<extensions>
					<gpxtpx:TrackPointExtension>
						<gpxtpx:hr>97</gpxtpx:hr>
						<gpxtpx:atemp>31</gpxtpx:atemp>
					</gpxtpx:TrackPointExtension>
				</extensions>
			</trkpt>
			<trkpt lat="48.606231" lon="-2.190828">
				<ele>22.4</ele>
				<time>2024-08-18T15:04:23Z</time>
				<extensions>
					<gpxtpx:TrackPointExtension>
						<gpxtpx:hr>96</gpxtpx:hr>
						<gpxtpx:atemp>31</gpxtpx:atemp>
					</gpxtpx:TrackPointExtension>
				</extensions>
			</trkpt>
			<trkpt lat="48.606302" lon="-2.190874">
				<ele>22</ele>
				<time>2024-08-18T15:04:30Z</time>
				<extensions>
					<gpxtpx:TrackPointExtension>
						<gpxtpx:hr>96</gpxtpx:hr>
						<gpxtpx:atemp>31</gpxtpx:atemp>
					</gpxtpx:TrackPointExtension>
				</extensions>
			</trkpt>
			<trkpt lat="48.606362" lon="-2.190913">
				<ele>21.4</ele>
				<time>2024-08-18T15:04:36Z</time>
				<extensions>
					<gpxtpx:TrackPointExtension>
						<gpxtpx:hr>93</gpxtpx:hr>
						<gpxtpx:atemp>31</gpxtpx:atemp>
					</gpxtpx:TrackPointExtension>
				</extensions>
			</trkpt>
			<trkpt lat="48.606364" lon="-2.190913">
				<ele>21.200001</ele>
				<time>2024-08-18T15:04:37Z</time>
				<extensions>
					<gpxtpx:TrackPointExtension>
						<gpxtpx:hr>91</gpxtpx:hr>
						<gpxtpx:atemp>31</gpxtpx:atemp>
					</gpxtpx:TrackPointExtension>
				</extensions>
			</trkpt>
			<trkpt lat="48.606364" lon="-2.190914">
				<ele>21.200001</ele>
				<time>2024-08-18T15:04:38Z</time>
				<extensions>
					<gpxtpx:TrackPointExtension>
						<gpxtpx:hr>89</gpxtpx:hr>
						<gpxtpx:atemp>31</gpxtpx:atemp>
					</gpxtpx:TrackPointExtension>
				</extensions>
			</trkpt>
			<trkpt lat="48.606371" lon="-2.190916">
				<ele>21.200001</ele>
				<time>2024-08-18T15:04:40Z</time>
				<extensions>
					<gpxtpx:TrackPointExtension>
						<gpxtpx:hr>86</gpxtpx:hr>
						<gpxtpx:atemp>31</gpxtpx:atemp>
					</gpxtpx:TrackPointExtension>
				</extensions>
			</trkpt>
			<trkpt lat="48.606416" lon="-2.190938">
				<ele>21</ele>
				<time>2024-08-18T15:04:45Z</time>
				<extensions>
					<gpxtpx:TrackPointExtension>
						<gpxtpx:hr>86</gpxtpx:hr>
						<gpxtpx:atemp>31</gpxtpx:atemp>
					</gpxtpx:TrackPointExtension>
				</extensions>
			</trkpt>
			<trkpt lat="48.606467" lon="-2.190984">
				<ele>20.799999</ele>
				<time>2024-08-18T15:04:50Z</time>
				<extensions>
					<gpxtpx:TrackPointExtension>
						<gpxtpx:hr>89</gpxtpx:hr>
						<gpxtpx:atemp>31</gpxtpx:atemp>
					</gpxtpx:TrackPointExtension>
				</extensions>
			</trkpt>
			<trkpt lat="48.60648" lon="-2.191002">
				<ele>20.799999</ele>
				<time>2024-08-18T15:04:52Z</time>
				<extensions>
					<gpxtpx:TrackPointExtension>
						<gpxtpx:hr>87</gpxtpx:hr>
						<gpxtpx:atemp>31</gpxtpx:atemp>
					</gpxtpx:TrackPointExtension>
				</extensions>
			</trkpt>
			<trkpt lat="48.606518" lon="-2.191048">
				<ele>20.6</ele>
				<time>2024-08-18T15:04:57Z</time>
				<extensions>
					<gpxtpx:TrackPointExtension>
						<gpxtpx:hr>84</gpxtpx:hr>
						<gpxtpx:atemp>31</gpxtpx:atemp>
					</gpxtpx:TrackPointExtension>
				</extensions>
			</trkpt>
			<trkpt lat="48.606542" lon="-2.191071">
				<ele>20.4</ele>
				<time>2024-08-18T15:05:00Z</time>
				<extensions>
					<gpxtpx:TrackPointExtension>
						<gpxtpx:hr>82</gpxtpx:hr>
						<gpxtpx:atemp>31</gpxtpx:atemp>
					</gpxtpx:TrackPointExtension>
				</extensions>
			</trkpt>
			<trkpt lat="48.606566" lon="-2.191094">
				<ele>20.200001</ele>
				<time>2024-08-18T15:05:02Z</time>
				<extensions>
					<gpxtpx:TrackPointExtension>
						<gpxtpx:hr>81</gpxtpx:hr>
						<gpxtpx:atemp>31</gpxtpx:atemp>
					</gpxtpx:TrackPointExtension>
				</extensions>
			</trkpt>
			<trkpt lat="48.606645" lon="-2.191157">
				<ele>19.799999</ele>
				<time>2024-08-18T15:05:07Z</time>
				<extensions>
					<gpxtpx:TrackPointExtension>
						<gpxtpx:hr>80</gpxtpx:hr>
						<gpxtpx:atemp>31</gpxtpx:atemp>
					</gpxtpx:TrackPointExtension>
				</extensions>
			</trkpt>
			<trkpt lat="48.606721" lon="-2.191248">
				<ele>19.4</ele>
				<time>2024-08-18T15:05:15Z</time>
				<extensions>
					<gpxtpx:TrackPointExtension>
						<gpxtpx:hr>80</gpxtpx:hr>
						<gpxtpx:atemp>31</gpxtpx:atemp>
					</gpxtpx:TrackPointExtension>
				</extensions>
			</trkpt>
			<trkpt lat="48.60674" lon="-2.191276">
				<ele>19.200001</ele>
				<time>2024-08-18T15:05:17Z</time>
				<extensions>
					<gpxtpx:TrackPointExtension>
						<gpxtpx:hr>81</gpxtpx:hr>
						<gpxtpx:atemp>31</gpxtpx:atemp>
					</gpxtpx:TrackPointExtension>
				</extensions>
			</trkpt>
			<trkpt lat="48.60676" lon="-2.191299">
				<ele>19</ele>
				<time>2024-08-18T15:05:19Z</time>
				<extensions>
					<gpxtpx:TrackPointExtension>
						<gpxtpx:hr>84</gpxtpx:hr>
						<gpxtpx:atemp>31</gpxtpx:atemp>
					</gpxtpx:TrackPointExtension>
				</extensions>
			</trkpt>
			<trkpt lat="48.606834" lon="-2.191384">
				<ele>18.6</ele>
				<time>2024-08-18T15:05:25Z</time>
				<extensions>
					<gpxtpx:TrackPointExtension>
						<gpxtpx:hr>86</gpxtpx:hr>
						<gpxtpx:atemp>31</gpxtpx:atemp>
					</gpxtpx:TrackPointExtension>
				</extensions>
			</trkpt>
			<trkpt lat="48.60688" lon="-2.191466">
				<ele>18</ele>
				<time>2024-08-18T15:05:31Z</time>
				<extensions>
					<gpxtpx:TrackPointExtension>
						<gpxtpx:hr>86</gpxtpx:hr>
						<gpxtpx:atemp>31</gpxtpx:atemp>
					</gpxtpx:TrackPointExtension>
				</extensions>
			</trkpt>
			<trkpt lat="48.606931" lon="-2.191523">
				<ele>18</ele>
				<time>2024-08-18T15:05:35Z</time>
				<extensions>
					<gpxtpx:TrackPointExtension>
						<gpxtpx:hr>86</gpxtpx:hr>
						<gpxtpx:atemp>31</gpxtpx:atemp>
					</gpxtpx:TrackPointExtension>
				</extensions>
			</trkpt>
			<trkpt lat="48.607021" lon="-2.191638">
				<ele>17.6</ele>
				<time>2024-08-18T15:05:44Z</time>
				<extensions>
					<gpxtpx:TrackPointExtension>
						<gpxtpx:hr>89</gpxtpx:hr>
						<gpxtpx:atemp>31</gpxtpx:atemp>
					</gpxtpx:TrackPointExtension>
				</extensions>
			</trkpt>
			<trkpt lat="48.607038" lon="-2.191673">
				<ele>17.4</ele>
				<time>2024-08-18T15:05:46Z</time>
				<extensions>
					<gpxtpx:TrackPointExtension>
						<gpxtpx:hr>89</gpxtpx:hr>
						<gpxtpx:atemp>31</gpxtpx:atemp>
					</gpxtpx:TrackPointExtension>
				</extensions>
			</trkpt>
			<trkpt lat="48.607084" lon="-2.191745">
				<ele>17</ele>
				<time>2024-08-18T15:05:52Z</time>
				<extensions>
					<gpxtpx:TrackPointExtension>
						<gpxtpx:hr>89</gpxtpx:hr>
						<gpxtpx:atemp>31</gpxtpx:atemp>
					</gpxtpx:TrackPointExtension>
				</extensions>
			</trkpt>
			<trkpt lat="48.607101" lon="-2.19178">
				<ele>17</ele>
				<time>2024-08-18T15:05:54Z</time>
				<extensions>
					<gpxtpx:TrackPointExtension>
						<gpxtpx:hr>89</gpxtpx:hr>
						<gpxtpx:atemp>31</gpxtpx:atemp>
					</gpxtpx:TrackPointExtension>
				</extensions>
			</trkpt>
			<trkpt lat="48.607138" lon="-2.191863">
				<ele>17</ele>
				<time>2024-08-18T15:06:00Z</time>
				<extensions>
					<gpxtpx:TrackPointExtension>
						<gpxtpx:hr>89</gpxtpx:hr>
						<gpxtpx:atemp>31</gpxtpx:atemp>
					</gpxtpx:TrackPointExtension>
				</extensions>
			</trkpt>
			<trkpt lat="48.607148" lon="-2.191874">
				<ele>17</ele>
				<time>2024-08-18T15:06:02Z</time>
				<extensions>
					<gpxtpx:TrackPointExtension>
						<gpxtpx:hr>90</gpxtpx:hr>
						<gpxtpx:atemp>31</gpxtpx:atemp>
					</gpxtpx:TrackPointExtension>
				</extensions>
			</trkpt>
			<trkpt lat="48.607203" lon="-2.191941">
				<ele>16.6</ele>
				<time>2024-08-18T15:06:08Z</time>
				<extensions>
					<gpxtpx:TrackPointExtension>
						<gpxtpx:hr>91</gpxtpx:hr>
						<gpxtpx:atemp>31</gpxtpx:atemp>
					</gpxtpx:TrackPointExtension>
				</extensions>
			</trkpt>
			<trkpt lat="48.607216" lon="-2.191959">
				<ele>16.6</ele>
				<time>2024-08-18T15:06:10Z</time>
				<extensions>
					<gpxtpx:TrackPointExtension>
						<gpxtpx:hr>91</gpxtpx:hr>
						<gpxtpx:atemp>31</gpxtpx:atemp>
					</gpxtpx:TrackPointExtension>
				</extensions>
			</trkpt>
			<trkpt lat="48.60726" lon="-2.19199">
				<ele>16.6</ele>
				<time>2024-08-18T15:06:14Z</time>
				<extensions>
					<gpxtpx:TrackPointExtension>
						<gpxtpx:hr>88</gpxtpx:hr>
						<gpxtpx:atemp>31</gpxtpx:atemp>
					</gpxtpx:TrackPointExtension>
				</extensions>
			</trkpt>
			<trkpt lat="48.607351" lon="-2.19209">
				<ele>17.200001</ele>
				<time>2024-08-18T15:06:23Z</time>
				<extensions>
					<gpxtpx:TrackPointExtension>
						<gpxtpx:hr>88</gpxtpx:hr>
						<gpxtpx:atemp>31</gpxtpx:atemp>
					</gpxtpx:TrackPointExtension>
				</extensions>
			</trkpt>
			<trkpt lat="48.60741" lon="-2.192152">
				<ele>17.4</ele>
				<time>2024-08-18T15:06:29Z</time>
				<extensions>
					<gpxtpx:TrackPointExtension>
						<gpxtpx:hr>85</gpxtpx:hr>
						<gpxtpx:atemp>31</gpxtpx:atemp>
					</gpxtpx:TrackPointExtension>
				</extensions>
			</trkpt>
			<trkpt lat="48.607425" lon="-2.192176">
				<ele>17.4</ele>
				<time>2024-08-18T15:06:31Z</time>
				<extensions>
					<gpxtpx:TrackPointExtension>
						<gpxtpx:hr>86</gpxtpx:hr>
						<gpxtpx:atemp>31</gpxtpx:atemp>
					</gpxtpx:TrackPointExtension>
				</extensions>
			</trkpt>
			<trkpt lat="48.607517" lon="-2.192274">
				<ele>17.799999</ele>
				<time>2024-08-18T15:06:41Z</time>
				<extensions>
					<gpxtpx:TrackPointExtension>
						<gpxtpx:hr>85</gpxtpx:hr>
						<gpxtpx:atemp>31</gpxtpx:atemp>
					</gpxtpx:TrackPointExtension>
				</extensions>
			</trkpt>
			<trkpt lat="48.607522" lon="-2.192284">
				<ele>17.799999</ele>
				<time>2024-08-18T15:06:42Z</time>
				<extensions>
					<gpxtpx:TrackPointExtension>
						<gpxtpx:hr>85</gpxtpx:hr>
						<gpxtpx:atemp>31</gpxtpx:atemp>
					</gpxtpx:TrackPointExtension>
				</extensions>
			</trkpt>
			<trkpt lat="48.607537" lon="-2.192308">
				<ele>17.799999</ele>
				<time>2024-08-18T15:06:44Z</time>
				<extensions>
					<gpxtpx:TrackPointExtension>
						<gpxtpx:hr>88</gpxtpx:hr>
						<gpxtpx:atemp>31</gpxtpx:atemp>
					</gpxtpx:TrackPointExtension>
				</extensions>
			</trkpt>
			<trkpt lat="48.607579" lon="-2.192354">
				<ele>17.799999</ele>
				<time>2024-08-18T15:06:48Z</time>
				<extensions>
					<gpxtpx:TrackPointExtension>
						<gpxtpx:hr>88</gpxtpx:hr>
						<gpxtpx:atemp>30</gpxtpx:atemp>
					</gpxtpx:TrackPointExtension>
				</extensions>
			</trkpt>
			<trkpt lat="48.607671" lon="-2.192488">
				<ele>17.799999</ele>
				<time>2024-08-18T15:06:58Z</time>
				<extensions>
					<gpxtpx:TrackPointExtension>
						<gpxtpx:hr>90</gpxtpx:hr>
						<gpxtpx:atemp>30</gpxtpx:atemp>
					</gpxtpx:TrackPointExtension>
				</extensions>
			</trkpt>
			<trkpt lat="48.607708" lon="-2.19256">
				<ele>18.200001</ele>
				<time>2024-08-18T15:07:03Z</time>
				<extensions>
					<gpxtpx:TrackPointExtension>
						<gpxtpx:hr>89</gpxtpx:hr>
						<gpxtpx:atemp>30</gpxtpx:atemp>
					</gpxtpx:TrackPointExtension>
				</extensions>
			</trkpt>
			<trkpt lat="48.607747" lon="-2.192603">
				<ele>18.4</ele>
				<time>2024-08-18T15:07:06Z</time>
				<extensions>
					<gpxtpx:TrackPointExtension>
						<gpxtpx:hr>89</gpxtpx:hr>
						<gpxtpx:atemp>30</gpxtpx:atemp>
					</gpxtpx:TrackPointExtension>
				</extensions>
			</trkpt>
			<trkpt lat="48.607792" lon="-2.192661">
				<ele>18.4</ele>
				<time>2024-08-18T15:07:11Z</time>
				<extensions>
					<gpxtpx:TrackPointExtension>
						<gpxtpx:hr>92</gpxtpx:hr>
						<gpxtpx:atemp>30</gpxtpx:atemp>
					</gpxtpx:TrackPointExtension>
				</extensions>
			</trkpt>
			<trkpt lat="48.607813" lon="-2.19269">
				<ele>18.4</ele>
				<time>2024-08-18T15:07:13Z</time>
				<extensions>
					<gpxtpx:TrackPointExtension>
						<gpxtpx:hr>96</gpxtpx:hr>
						<gpxtpx:atemp>30</gpxtpx:atemp>
					</gpxtpx:TrackPointExtension>
				</extensions>
			</trkpt>
			<trkpt lat="48.607844" lon="-2.192721">
				<ele>18.6</ele>
				<time>2024-08-18T15:07:16Z</time>
				<extensions>
					<gpxtpx:TrackPointExtension>
						<gpxtpx:hr>100</gpxtpx:hr>
						<gpxtpx:atemp>31</gpxtpx:atemp>
					</gpxtpx:TrackPointExtension>
				</extensions>
			</trkpt>
			<trkpt lat="48.60788" lon="-2.192768">
				<ele>18.6</ele>
				<time>2024-08-18T15:07:20Z</time>
				<extensions>
					<gpxtpx:TrackPointExtension>
						<gpxtpx:hr>102</gpxtpx:hr>
						<gpxtpx:atemp>31</gpxtpx:atemp>
					</gpxtpx:TrackPointExtension>
				</extensions>
			</trkpt>
			<trkpt lat="48.607922" lon="-2.192837">
				<ele>18.799999</ele>
				<time>2024-08-18T15:07:26Z</time>
				<extensions>
					<gpxtpx:TrackPointExtension>
						<gpxtpx:hr>102</gpxtpx:hr>
						<gpxtpx:atemp>31</gpxtpx:atemp>
					</gpxtpx:TrackPointExtension>
				</extensions>
			</trkpt>
			<trkpt lat="48.607931" lon="-2.192849">
				<ele>18.799999</ele>
				<time>2024-08-18T15:07:27Z</time>
				<extensions>
					<gpxtpx:TrackPointExtension>
						<gpxtpx:hr>101</gpxtpx:hr>
						<gpxtpx:atemp>31</gpxtpx:atemp>
					</gpxtpx:TrackPointExtension>
				</extensions>
			</trkpt>
			<trkpt lat="48.608005" lon="-2.192967">
				<ele>18.6</ele>
				<time>2024-08-18T15:07:36Z</time>
				<extensions>
					<gpxtpx:TrackPointExtension>
						<gpxtpx:hr>100</gpxtpx:hr>
						<gpxtpx:atemp>31</gpxtpx:atemp>
					</gpxtpx:TrackPointExtension>
				</extensions>
			</trkpt>
			<trkpt lat="48.608064" lon="-2.193028">
				<ele>18.4</ele>
				<time>2024-08-18T15:07:42Z</time>
				<extensions>
					<gpxtpx:TrackPointExtension>
						<gpxtpx:hr>100</gpxtpx:hr>
						<gpxtpx:atemp>31</gpxtpx:atemp>
					</gpxtpx:TrackPointExtension>
				</extensions>
			</trkpt>
			<trkpt lat="48.608074" lon="-2.193038">
				<ele>18.6</ele>
				<time>2024-08-18T15:07:43Z</time>
				<extensions>
					<gpxtpx:TrackPointExtension>
						<gpxtpx:hr>100</gpxtpx:hr>
						<gpxtpx:atemp>31</gpxtpx:atemp>
					</gpxtpx:TrackPointExtension>
				</extensions>
			</trkpt>
			<trkpt lat="48.608146" lon="-2.193124">
				<ele>18.6</ele>
				<time>2024-08-18T15:07:51Z</time>
				<extensions>
					<gpxtpx:TrackPointExtension>
						<gpxtpx:hr>97</gpxtpx:hr>
						<gpxtpx:atemp>31</gpxtpx:atemp>
					</gpxtpx:TrackPointExtension>
				</extensions>
			</trkpt>
			<trkpt lat="48.608167" lon="-2.19316">
				<ele>18.4</ele>
				<time>2024-08-18T15:07:53Z</time>
				<extensions>
					<gpxtpx:TrackPointExtension>
						<gpxtpx:hr>96</gpxtpx:hr>
						<gpxtpx:atemp>31</gpxtpx:atemp>
					</gpxtpx:TrackPointExtension>
				</extensions>
			</trkpt>
			<trkpt lat="48.608202" lon="-2.193201">
				<ele>18.4</ele>
				<time>2024-08-18T15:07:56Z</time>
				<extensions>
					<gpxtpx:TrackPointExtension>
						<gpxtpx:hr>93</gpxtpx:hr>
						<gpxtpx:atemp>31</gpxtpx:atemp>
					</gpxtpx:TrackPointExtension>
				</extensions>
			</trkpt>
			<trkpt lat="48.608222" lon="-2.193238">
				<ele>18.200001</ele>
				<time>2024-08-18T15:07:59Z</time>
				<extensions>
					<gpxtpx:TrackPointExtension>
						<gpxtpx:hr>91</gpxtpx:hr>
						<gpxtpx:atemp>31</gpxtpx:atemp>
					</gpxtpx:TrackPointExtension>
				</extensions>
			</trkpt>
			<trkpt lat="48.608229" lon="-2.193253">
				<ele>18.200001</ele>
				<time>2024-08-18T15:08:00Z</time>
				<extensions>
					<gpxtpx:TrackPointExtension>
						<gpxtpx:hr>91</gpxtpx:hr>
						<gpxtpx:atemp>31</gpxtpx:atemp>
					</gpxtpx:TrackPointExtension>
				</extensions>
			</trkpt>
			<trkpt lat="48.608283" lon="-2.193334">
				<ele>17.6</ele>
				<time>2024-08-18T15:08:07Z</time>
				<extensions>
					<gpxtpx:TrackPointExtension>
						<gpxtpx:hr>90</gpxtpx:hr>
						<gpxtpx:atemp>31</gpxtpx:atemp>
					</gpxtpx:TrackPointExtension>
				</extensions>
			</trkpt>
			<trkpt lat="48.608289" lon="-2.19333">
				<ele>17.6</ele>
				<time>2024-08-18T15:08:08Z</time>
				<extensions>
					<gpxtpx:TrackPointExtension>
						<gpxtpx:hr>90</gpxtpx:hr>
						<gpxtpx:atemp>31</gpxtpx:atemp>
					</gpxtpx:TrackPointExtension>
				</extensions>
			</trkpt>
			<trkpt lat="48.608299" lon="-2.193319">
				<ele>17.4</ele>
				<time>2024-08-18T15:08:09Z</time>
				<extensions>
					<gpxtpx:TrackPointExtension>
						<gpxtpx:hr>90</gpxtpx:hr>
						<gpxtpx:atemp>31</gpxtpx:atemp>
					</gpxtpx:TrackPointExtension>
				</extensions>
			</trkpt>
			<trkpt lat="48.608319" lon="-2.193297">
				<ele>16.799999</ele>
				<time>2024-08-18T15:08:11Z</time>
				<extensions>
					<gpxtpx:TrackPointExtension>
						<gpxtpx:hr>90</gpxtpx:hr>
						<gpxtpx:atemp>31</gpxtpx:atemp>
					</gpxtpx:TrackPointExtension>
				</extensions>
			</trkpt>
			<trkpt lat="48.608349" lon="-2.193276">
				<ele>16.4</ele>
				<time>2024-08-18T15:08:14Z</time>
				<extensions>
					<gpxtpx:TrackPointExtension>
						<gpxtpx:hr>90</gpxtpx:hr>
						<gpxtpx:atemp>30</gpxtpx:atemp>
					</gpxtpx:TrackPointExtension>
				</extensions>
			</trkpt>
			<trkpt lat="48.608358" lon="-2.193262">
				<ele>16.200001</ele>
				<time>2024-08-18T15:08:17Z</time>
				<extensions>
					<gpxtpx:TrackPointExtension>
						<gpxtpx:hr>90</gpxtpx:hr>
						<gpxtpx:atemp>30</gpxtpx:atemp>
					</gpxtpx:TrackPointExtension>
				</extensions>
			</trkpt>
			<trkpt lat="48.608376" lon="-2.193266">
				<ele>16</ele>
				<time>2024-08-18T15:08:19Z</time>
				<extensions>
					<gpxtpx:TrackPointExtension>
						<gpxtpx:hr>90</gpxtpx:hr>
						<gpxtpx:atemp>30</gpxtpx:atemp>
					</gpxtpx:TrackPointExtension>
				</extensions>
			</trkpt>
			<trkpt lat="48.608398" lon="-2.193297">
				<ele>16</ele>
				<time>2024-08-18T15:08:22Z</time>
				<extensions>
					<gpxtpx:TrackPointExtension>
						<gpxtpx:hr>91</gpxtpx:hr>
						<gpxtpx:atemp>30</gpxtpx:atemp>
					</gpxtpx:TrackPointExtension>
				</extensions>
			</trkpt>
			<trkpt lat="48.608408" lon="-2.193306">
				<ele>16</ele>
				<time>2024-08-18T15:08:23Z</time>
				<extensions>
					<gpxtpx:TrackPointExtension>
						<gpxtpx:hr>90</gpxtpx:hr>
						<gpxtpx:atemp>30</gpxtpx:atemp>
					</gpxtpx:TrackPointExtension>
				</extensions>
			</trkpt>
			<trkpt lat="48.608435" lon="-2.193344">
				<ele>16</ele>
				<time>2024-08-18T15:08:26Z</time>
				<extensions>
					<gpxtpx:TrackPointExtension>
						<gpxtpx:hr>90</gpxtpx:hr>
						<gpxtpx:atemp>30</gpxtpx:atemp>
					</gpxtpx:TrackPointExtension>
				</extensions>
			</trkpt>
			<trkpt lat="48.608468" lon="-2.193407">
				<ele>16</ele>
				<time>2024-08-18T15:08:30Z</time>
				<extensions>
					<gpxtpx:TrackPointExtension>
						<gpxtpx:hr>86</gpxtpx:hr>
						<gpxtpx:atemp>30</gpxtpx:atemp>
					</gpxtpx:TrackPointExtension>
				</extensions>
			</trkpt>
			<trkpt lat="48.608484" lon="-2.193427">
				<ele>16</ele>
				<time>2024-08-18T15:08:32Z</time>
				<extensions>
					<gpxtpx:TrackPointExtension>
						<gpxtpx:hr>85</gpxtpx:hr>
						<gpxtpx:atemp>30</gpxtpx:atemp>
					</gpxtpx:TrackPointExtension>
				</extensions>
			</trkpt>
			<trkpt lat="48.608496" lon="-2.193434">
				<ele>16</ele>
				<time>2024-08-18T15:08:33Z</time>
				<extensions>
					<gpxtpx:TrackPointExtension>
						<gpxtpx:hr>85</gpxtpx:hr>
						<gpxtpx:atemp>30</gpxtpx:atemp>
					</gpxtpx:TrackPointExtension>
				</extensions>
			</trkpt>
			<trkpt lat="48.608555" lon="-2.193485">
				<ele>16.200001</ele>
				<time>2024-08-18T15:08:39Z</time>
				<extensions>
					<gpxtpx:TrackPointExtension>
						<gpxtpx:hr>88</gpxtpx:hr>
						<gpxtpx:atemp>30</gpxtpx:atemp>
					</gpxtpx:TrackPointExtension>
				</extensions>
			</trkpt>
			<trkpt lat="48.608575" lon="-2.19351">
				<ele>16.200001</ele>
				<time>2024-08-18T15:08:41Z</time>
				<extensions>
					<gpxtpx:TrackPointExtension>
						<gpxtpx:hr>89</gpxtpx:hr>
						<gpxtpx:atemp>30</gpxtpx:atemp>
					</gpxtpx:TrackPointExtension>
				</extensions>
			</trkpt>
			<trkpt lat="48.6086" lon="-2.193529">
				<ele>16.4</ele>
				<time>2024-08-18T15:08:45Z</time>
				<extensions>
					<gpxtpx:TrackPointExtension>
						<gpxtpx:hr>89</gpxtpx:hr>
						<gpxtpx:atemp>30</gpxtpx:atemp>
					</gpxtpx:TrackPointExtension>
				</extensions>
			</trkpt>
			<trkpt lat="48.608608" lon="-2.193531">
				<ele>16.4</ele>
				<time>2024-08-18T15:08:46Z</time>
				<extensions>
					<gpxtpx:TrackPointExtension>
						<gpxtpx:hr>89</gpxtpx:hr>
						<gpxtpx:atemp>30</gpxtpx:atemp>
					</gpxtpx:TrackPointExtension>
				</extensions>
			</trkpt>
			<trkpt lat="48.608684" lon="-2.193542">
				<ele>16.6</ele>
				<time>2024-08-18T15:08:53Z</time>
				<extensions>
					<gpxtpx:TrackPointExtension>
						<gpxtpx:hr>90</gpxtpx:hr>
						<gpxtpx:atemp>30</gpxtpx:atemp>
					</gpxtpx:TrackPointExtension>
				</extensions>
			</trkpt>
			<trkpt lat="48.608706" lon="-2.193525">
				<ele>16.6</ele>
				<time>2024-08-18T15:08:56Z</time>
				<extensions>
					<gpxtpx:TrackPointExtension>
						<gpxtpx:hr>94</gpxtpx:hr>
						<gpxtpx:atemp>30</gpxtpx:atemp>
					</gpxtpx:TrackPointExtension>
				</extensions>
			</trkpt>
			<trkpt lat="48.608715" lon="-2.193511">
				<ele>16.6</ele>
				<time>2024-08-18T15:08:57Z</time>
				<extensions>
					<gpxtpx:TrackPointExtension>
						<gpxtpx:hr>95</gpxtpx:hr>
						<gpxtpx:atemp>30</gpxtpx:atemp>
					</gpxtpx:TrackPointExtension>
				</extensions>
			</trkpt>
			<trkpt lat="48.608746" lon="-2.193482">
				<ele>16.4</ele>
				<time>2024-08-18T15:09:00Z</time>
				<extensions>
					<gpxtpx:TrackPointExtension>
						<gpxtpx:hr>96</gpxtpx:hr>
						<gpxtpx:atemp>30</gpxtpx:atemp>
					</gpxtpx:TrackPointExtension>
				</extensions>
			</trkpt>
			<trkpt lat="48.608772" lon="-2.193467">
				<ele>15.8</ele>
				<time>2024-08-18T15:09:03Z</time>
				<extensions>
					<gpxtpx:TrackPointExtension>
						<gpxtpx:hr>92</gpxtpx:hr>
						<gpxtpx:atemp>30</gpxtpx:atemp>
					</gpxtpx:TrackPointExtension>
				</extensions>
			</trkpt>
			<trkpt lat="48.608782" lon="-2.193466">
				<ele>15.6</ele>
				<time>2024-08-18T15:09:04Z</time>
				<extensions>
					<gpxtpx:TrackPointExtension>
						<gpxtpx:hr>92</gpxtpx:hr>
						<gpxtpx:atemp>30</gpxtpx:atemp>
					</gpxtpx:TrackPointExtension>
				</extensions>
			</trkpt>
			<trkpt lat="48.608828" lon="-2.193476">
				<ele>15</ele>
				<time>2024-08-18T15:09:08Z</time>
				<extensions>
					<gpxtpx:TrackPointExtension>
						<gpxtpx:hr>92</gpxtpx:hr>
						<gpxtpx:atemp>30</gpxtpx:atemp>
					</gpxtpx:TrackPointExtension>
				</extensions>
			</trkpt>
			<trkpt lat="48.608856" lon="-2.193502">
				<ele>15</ele>
				<time>2024-08-18T15:09:11Z</time>
				<extensions>
					<gpxtpx:TrackPointExtension>
						<gpxtpx:hr>92</gpxtpx:hr>
						<gpxtpx:atemp>30</gpxtpx:atemp>
					</gpxtpx:TrackPointExtension>
				</extensions>
			</trkpt>
			<trkpt lat="48.608875" lon="-2.193566">
				<ele>15</ele>
				<time>2024-08-18T15:09:15Z</time>
				<extensions>
					<gpxtpx:TrackPointExtension>
						<gpxtpx:hr>93</gpxtpx:hr>
						<gpxtpx:atemp>30</gpxtpx:atemp>
					</gpxtpx:TrackPointExtension>
				</extensions>
			</trkpt>
			<trkpt lat="48.608908" lon="-2.193748">
				<ele>16.4</ele>
				<time>2024-08-18T15:09:26Z</time>
				<extensions>
					<gpxtpx:TrackPointExtension>
						<gpxtpx:hr>92</gpxtpx:hr>
						<gpxtpx:atemp>30</gpxtpx:atemp>
					</gpxtpx:TrackPointExtension>
				</extensions>
			</trkpt>
			<trkpt lat="48.608923" lon="-2.193821">
				<ele>16.4</ele>
				<time>2024-08-18T15:09:30Z</time>
				<extensions>
					<gpxtpx:TrackPointExtension>
						<gpxtpx:hr>94</gpxtpx:hr>
						<gpxtpx:atemp>30</gpxtpx:atemp>
					</gpxtpx:TrackPointExtension>
				</extensions>
			</trkpt>
			<trkpt lat="48.608923" lon="-2.193856">
				<ele>16.799999</ele>
				<time>2024-08-18T15:09:32Z</time>
				<extensions>
					<gpxtpx:TrackPointExtension>
						<gpxtpx:hr>94</gpxtpx:hr>
						<gpxtpx:atemp>30</gpxtpx:atemp>
					</gpxtpx:TrackPointExtension>
				</extensions>
			</trkpt>
			<trkpt lat="48.608926" lon="-2.193869">
				<ele>17</ele>
				<time>2024-08-18T15:09:33Z</time>
				<extensions>
					<gpxtpx:TrackPointExtension>
						<gpxtpx:hr>94</gpxtpx:hr>
						<gpxtpx:atemp>30</gpxtpx:atemp>
					</gpxtpx:TrackPointExtension>
				</extensions>
			</trkpt>
			<trkpt lat="48.608935" lon="-2.193878">
				<ele>17</ele>
				<time>2024-08-18T15:09:34Z</time>
				<extensions>
					<gpxtpx:TrackPointExtension>
						<gpxtpx:hr>95</gpxtpx:hr>
						<gpxtpx:atemp>30</gpxtpx:atemp>
					</gpxtpx:TrackPointExtension>
				</extensions>
			</trkpt>
			<trkpt lat="48.608986" lon="-2.193886">
				<ele>17</ele>
				<time>2024-08-18T15:09:39Z</time>
				<extensions>
					<gpxtpx:TrackPointExtension>
						<gpxtpx:hr>98</gpxtpx:hr>
						<gpxtpx:atemp>30</gpxtpx:atemp>
					</gpxtpx:TrackPointExtension>
				</extensions>
			</trkpt>
			<trkpt lat="48.60901" lon="-2.193887">
				<ele>17</ele>
				<time>2024-08-18T15:09:41Z</time>
				<extensions>
					<gpxtpx:TrackPointExtension>
						<gpxtpx:hr>99</gpxtpx:hr>
						<gpxtpx:atemp>30</gpxtpx:atemp>
					</gpxtpx:TrackPointExtension>
				</extensions>
			</trkpt>
			<trkpt lat="48.609095" lon="-2.193961">
				<ele>16.6</ele>
				<time>2024-08-18T15:09:49Z</time>
				<extensions>
					<gpxtpx:TrackPointExtension>
						<gpxtpx:hr>99</gpxtpx:hr>
						<gpxtpx:atemp>30</gpxtpx:atemp>
					</gpxtpx:TrackPointExtension>
				</extensions>
			</trkpt>
			<trkpt lat="48.609173" lon="-2.194041">
				<ele>17.200001</ele>
				<time>2024-08-18T15:09:57Z</time>
				<extensions>
					<gpxtpx:TrackPointExtension>
						<gpxtpx:hr>99</gpxtpx:hr>
						<gpxtpx:atemp>30</gpxtpx:atemp>
					</gpxtpx:TrackPointExtension>
				</extensions>
			</trkpt>
			<trkpt lat="48.609242" lon="-2.194155">
				<ele>17.200001</ele>
				<time>2024-08-18T15:10:05Z</time>
				<extensions>
					<gpxtpx:TrackPointExtension>
						<gpxtpx:hr>98</gpxtpx:hr>
						<gpxtpx:atemp>30</gpxtpx:atemp>
					</gpxtpx:TrackPointExtension>
				</extensions>
			</trkpt>
			<trkpt lat="48.609301" lon="-2.194277">
				<ele>16.799999</ele>
				<time>2024-08-18T15:10:15Z</time>
				<extensions>
					<gpxtpx:TrackPointExtension>
						<gpxtpx:hr>99</gpxtpx:hr>
						<gpxtpx:atemp>30</gpxtpx:atemp>
					</gpxtpx:TrackPointExtension>
				</extensions>
			</trkpt>
			<trkpt lat="48.609326" lon="-2.194367">
				<ele>16</ele>
				<time>2024-08-18T15:10:23Z</time>
				<extensions>
					<gpxtpx:TrackPointExtension>
						<gpxtpx:hr>100</gpxtpx:hr>
						<gpxtpx:atemp>30</gpxtpx:atemp>
					</gpxtpx:TrackPointExtension>
				</extensions>
			</trkpt>
			<trkpt lat="48.609329" lon="-2.194395">
				<ele>15.8</ele>
				<time>2024-08-18T15:10:26Z</time>
				<extensions>
					<gpxtpx:TrackPointExtension>
						<gpxtpx:hr>100</gpxtpx:hr>
						<gpxtpx:atemp>30</gpxtpx:atemp>
					</gpxtpx:TrackPointExtension>
				</extensions>
			</trkpt>
			<trkpt lat="48.609345" lon="-2.194475">
				<ele>14.8</ele>
				<time>2024-08-18T15:10:33Z</time>
				<extensions>
					<gpxtpx:TrackPointExtension>
						<gpxtpx:hr>99</gpxtpx:hr>
						<gpxtpx:atemp>30</gpxtpx:atemp>
					</gpxtpx:TrackPointExtension>
				</extensions>
			</trkpt>
			<trkpt lat="48.609353" lon="-2.194506">
				<ele>14.8</ele>
				<time>2024-08-18T15:10:35Z</time>
				<extensions>
					<gpxtpx:TrackPointExtension>
						<gpxtpx:hr>97</gpxtpx:hr>
						<gpxtpx:atemp>30</gpxtpx:atemp>
					</gpxtpx:TrackPointExtension>
				</extensions>
			</trkpt>
			<trkpt lat="48.609356" lon="-2.194549">
				<ele>14.2</ele>
				<time>2024-08-18T15:10:38Z</time>
				<extensions>
					<gpxtpx:TrackPointExtension>
						<gpxtpx:hr>94</gpxtpx:hr>
						<gpxtpx:atemp>30</gpxtpx:atemp>
					</gpxtpx:TrackPointExtension>
				</extensions>
			</trkpt>
			<trkpt lat="48.609358" lon="-2.194564">
				<ele>14.2</ele>
				<time>2024-08-18T15:10:39Z</time>
				<extensions>
					<gpxtpx:TrackPointExtension>
						<gpxtpx:hr>93</gpxtpx:hr>
						<gpxtpx:atemp>30</gpxtpx:atemp>
					</gpxtpx:TrackPointExtension>
				</extensions>
			</trkpt>
			<trkpt lat="48.609368" lon="-2.194588">
				<ele>14.2</ele>
				<time>2024-08-18T15:10:42Z</time>
				<extensions>
					<gpxtpx:TrackPointExtension>
						<gpxtpx:hr>90</gpxtpx:hr>
						<gpxtpx:atemp>30</gpxtpx:atemp>
					</gpxtpx:TrackPointExtension>
				</extensions>
			</trkpt>
			<trkpt lat="48.609375" lon="-2.194597">
				<ele>14</ele>
				<time>2024-08-18T15:10:43Z</time>
				<extensions>
					<gpxtpx:TrackPointExtension>
						<gpxtpx:hr>88</gpxtpx:hr>
						<gpxtpx:atemp>30</gpxtpx:atemp>
					</gpxtpx:TrackPointExtension>
				</extensions>
			</trkpt>
			<trkpt lat="48.609393" lon="-2.194611">
				<ele>14</ele>
				<time>2024-08-18T15:10:46Z</time>
				<extensions>
					<gpxtpx:TrackPointExtension>
						<gpxtpx:hr>86</gpxtpx:hr>
						<gpxtpx:atemp>30</gpxtpx:atemp>
					</gpxtpx:TrackPointExtension>
				</extensions>
			</trkpt>
			<trkpt lat="48.609436" lon="-2.194632">
				<ele>13.8</ele>
				<time>2024-08-18T15:10:51Z</time>
				<extensions>
					<gpxtpx:TrackPointExtension>
						<gpxtpx:hr>84</gpxtpx:hr>
						<gpxtpx:atemp>30</gpxtpx:atemp>
					</gpxtpx:TrackPointExtension>
				</extensions>
			</trkpt>
			<trkpt lat="48.609486" lon="-2.194645">
				<ele>13.8</ele>
				<time>2024-08-18T15:10:56Z</time>
				<extensions>
					<gpxtpx:TrackPointExtension>
						<gpxtpx:hr>84</gpxtpx:hr>
						<gpxtpx:atemp>30</gpxtpx:atemp>
					</gpxtpx:TrackPointExtension>
				</extensions>
			</trkpt>
			<trkpt lat="48.609494" lon="-2.194646">
				<ele>13.8</ele>
				<time>2024-08-18T15:10:57Z</time>
				<extensions>
					<gpxtpx:TrackPointExtension>
						<gpxtpx:hr>84</gpxtpx:hr>
						<gpxtpx:atemp>30</gpxtpx:atemp>
					</gpxtpx:TrackPointExtension>
				</extensions>
			</trkpt>
			<trkpt lat="48.609512" lon="-2.194653">
				<ele>13.8</ele>
				<time>2024-08-18T15:10:59Z</time>
				<extensions>
					<gpxtpx:TrackPointExtension>
						<gpxtpx:hr>81</gpxtpx:hr>
						<gpxtpx:atemp>30</gpxtpx:atemp>
					</gpxtpx:TrackPointExtension>
				</extensions>
			</trkpt>
			<trkpt lat="48.609607" lon="-2.194701">
				<ele>13.4</ele>
				<time>2024-08-18T15:11:08Z</time>
				<extensions>
					<gpxtpx:TrackPointExtension>
						<gpxtpx:hr>80</gpxtpx:hr>
						<gpxtpx:atemp>30</gpxtpx:atemp>
					</gpxtpx:TrackPointExtension>
				</extensions>
			</trkpt>
			<trkpt lat="48.60971" lon="-2.194753">
				<ele>12.8</ele>
				<time>2024-08-18T15:11:17Z</time>
				<extensions>
					<gpxtpx:TrackPointExtension>
						<gpxtpx:hr>83</gpxtpx:hr>
						<gpxtpx:atemp>30</gpxtpx:atemp>
					</gpxtpx:TrackPointExtension>
				</extensions>
			</trkpt>
			<trkpt lat="48.60973" lon="-2.194767">
				<ele>12.8</ele>
				<time>2024-08-18T15:11:19Z</time>
				<extensions>
					<gpxtpx:TrackPointExtension>
						<gpxtpx:hr>82</gpxtpx:hr>
						<gpxtpx:atemp>30</gpxtpx:atemp>
					</gpxtpx:TrackPointExtension>
				</extensions>
			</trkpt>
			<trkpt lat="48.609753" lon="-2.194803">
				<ele>12.6</ele>
				<time>2024-08-18T15:11:22Z</time>
				<extensions>
					<gpxtpx:TrackPointExtension>
						<gpxtpx:hr>80</gpxtpx:hr>
						<gpxtpx:atemp>30</gpxtpx:atemp>
					</gpxtpx:TrackPointExtension>
				</extensions>
			</trkpt>
			<trkpt lat="48.609784" lon="-2.194878">
				<ele>12.6</ele>
				<time>2024-08-18T15:11:26Z</time>
				<extensions>
					<gpxtpx:TrackPointExtension>
						<gpxtpx:hr>81</gpxtpx:hr>
						<gpxtpx:atemp>30</gpxtpx:atemp>
					</gpxtpx:TrackPointExtension>
				</extensions>
			</trkpt>
			<trkpt lat="48.6098" lon="-2.194929">
				<ele>13</ele>
				<time>2024-08-18T15:11:30Z</time>
				<extensions>
					<gpxtpx:TrackPointExtension>
						<gpxtpx:hr>84</gpxtpx:hr>
						<gpxtpx:atemp>30</gpxtpx:atemp>
					</gpxtpx:TrackPointExtension>
				</extensions>
			</trkpt>
			<trkpt lat="48.609823" lon="-2.194974">
				<ele>13</ele>
				<time>2024-08-18T15:11:33Z</time>
				<extensions>
					<gpxtpx:TrackPointExtension>
						<gpxtpx:hr>88</gpxtpx:hr>
						<gpxtpx:atemp>30</gpxtpx:atemp>
					</gpxtpx:TrackPointExtension>
				</extensions>
			</trkpt>
			<trkpt lat="48.609828" lon="-2.194986">
				<ele>13</ele>
				<time>2024-08-18T15:11:34Z</time>
				<extensions>
					<gpxtpx:TrackPointExtension>
						<gpxtpx:hr>88</gpxtpx:hr>
						<gpxtpx:atemp>30</gpxtpx:atemp>
					</gpxtpx:TrackPointExtension>
				</extensions>
			</trkpt>
			<trkpt lat="48.60986" lon="-2.195055">
				<ele>13.8</ele>
				<time>2024-08-18T15:11:40Z</time>
				<extensions>
					<gpxtpx:TrackPointExtension>
						<gpxtpx:hr>85</gpxtpx:hr>
						<gpxtpx:atemp>30</gpxtpx:atemp>
					</gpxtpx:TrackPointExtension>
				</extensions>
			</trkpt>
			<trkpt lat="48.609871" lon="-2.19506">
				<ele>13.8</ele>
				<time>2024-08-18T15:11:41Z</time>
				<extensions>
					<gpxtpx:TrackPointExtension>
						<gpxtpx:hr>85</gpxtpx:hr>
						<gpxtpx:atemp>30</gpxtpx:atemp>
					</gpxtpx:TrackPointExtension>
				</extensions>
			</trkpt>
			<trkpt lat="48.609881" lon="-2.195071">
				<ele>14</ele>
				<time>2024-08-18T15:11:42Z</time>
				<extensions>
					<gpxtpx:TrackPointExtension>
						<gpxtpx:hr>85</gpxtpx:hr>
						<gpxtpx:atemp>30</gpxtpx:atemp>
					</gpxtpx:TrackPointExtension>
				</extensions>
			</trkpt>
			<trkpt lat="48.609899" lon="-2.195104">
				<ele>14</ele>
				<time>2024-08-18T15:11:45Z</time>
				<extensions>
					<gpxtpx:TrackPointExtension>
						<gpxtpx:hr>88</gpxtpx:hr>
						<gpxtpx:atemp>30</gpxtpx:atemp>
					</gpxtpx:TrackPointExtension>
				</extensions>
			</trkpt>
			<trkpt lat="48.609946" lon="-2.195149">
				<ele>14</ele>
				<time>2024-08-18T15:11:49Z</time>
				<extensions>
					<gpxtpx:TrackPointExtension>
						<gpxtpx:hr>90</gpxtpx:hr>
						<gpxtpx:atemp>30</gpxtpx:atemp>
					</gpxtpx:TrackPointExtension>
				</extensions>
			</trkpt>
			<trkpt lat="48.609988" lon="-2.195205">
				<ele>14.2</ele>
				<time>2024-08-18T15:11:54Z</time>
				<extensions>
					<gpxtpx:TrackPointExtension>
						<gpxtpx:hr>91</gpxtpx:hr>
						<gpxtpx:atemp>30</gpxtpx:atemp>
					</gpxtpx:TrackPointExtension>
				</extensions>
			</trkpt>
			<trkpt lat="48.610029" lon="-2.19526">
				<ele>13.8</ele>
				<time>2024-08-18T15:11:59Z</time>
				<extensions>
					<gpxtpx:TrackPointExtension>
						<gpxtpx:hr>93</gpxtpx:hr>
						<gpxtpx:atemp>30</gpxtpx:atemp>
					</gpxtpx:TrackPointExtension>
				</extensions>
			</trkpt>
			<trkpt lat="48.610091" lon="-2.19536">
				<ele>13.8</ele>
				<time>2024-08-18T15:12:08Z</time>
				<extensions>
					<gpxtpx:TrackPointExtension>
						<gpxtpx:hr>94</gpxtpx:hr>
						<gpxtpx:atemp>30</gpxtpx:atemp>
					</gpxtpx:TrackPointExtension>
				</extensions>
			</trkpt>
			<trkpt lat="48.610116" lon="-2.195451">
				<ele>14</ele>
				<time>2024-08-18T15:12:15Z</time>
				<extensions>
					<gpxtpx:TrackPointExtension>
						<gpxtpx:hr>93</gpxtpx:hr>
						<gpxtpx:atemp>30</gpxtpx:atemp>
					</gpxtpx:TrackPointExtension>
				</extensions>
			</trkpt>
			<trkpt lat="48.610129" lon="-2.195558">
				<ele>14</ele>
				<time>2024-08-18T15:12:22Z</time>
				<extensions>
					<gpxtpx:TrackPointExtension>
						<gpxtpx:hr>90</gpxtpx:hr>
						<gpxtpx:atemp>30</gpxtpx:atemp>
					</gpxtpx:TrackPointExtension>
				</extensions>
			</trkpt>
			<trkpt lat="48.610135" lon="-2.195585">
				<ele>13.8</ele>
				<time>2024-08-18T15:12:25Z</time>
				<extensions>
					<gpxtpx:TrackPointExtension>
						<gpxtpx:hr>91</gpxtpx:hr>
						<gpxtpx:atemp>30</gpxtpx:atemp>
					</gpxtpx:TrackPointExtension>
				</extensions>
			</trkpt>
			<trkpt lat="48.610143" lon="-2.19563">
				<ele>12.8</ele>
				<time>2024-08-18T15:12:29Z</time>
				<extensions>
					<gpxtpx:TrackPointExtension>
						<gpxtpx:hr>87</gpxtpx:hr>
						<gpxtpx:atemp>30</gpxtpx:atemp>
					</gpxtpx:TrackPointExtension>
				</extensions>
			</trkpt>
			<trkpt lat="48.610147" lon="-2.195642">
				<ele>12.6</ele>
				<time>2024-08-18T15:12:30Z</time>
				<extensions>
					<gpxtpx:TrackPointExtension>
						<gpxtpx:hr>89</gpxtpx:hr>
						<gpxtpx:atemp>30</gpxtpx:atemp>
					</gpxtpx:TrackPointExtension>
				</extensions>
			</trkpt>
			<trkpt lat="48.610147" lon="-2.195657">
				<ele>13.4</ele>
				<time>2024-08-18T15:12:35Z</time>
				<extensions>
					<gpxtpx:TrackPointExtension>
						<gpxtpx:hr>89</gpxtpx:hr>
						<gpxtpx:atemp>30</gpxtpx:atemp>
					</gpxtpx:TrackPointExtension>
				</extensions>
			</trkpt>
			<trkpt lat="48.610149" lon="-2.195668">
				<ele>12.6</ele>
				<time>2024-08-18T15:12:44Z</time>
				<extensions>
					<gpxtpx:TrackPointExtension>
						<gpxtpx:hr>89</gpxtpx:hr>
						<gpxtpx:atemp>30</gpxtpx:atemp>
					</gpxtpx:TrackPointExtension>
				</extensions>
			</trkpt>
			<trkpt lat="48.610149" lon="-2.195668">
				<ele>12.8</ele>
				<time>2024-08-18T15:12:51Z</time>
				<extensions>
					<gpxtpx:TrackPointExtension>
						<gpxtpx:hr>86</gpxtpx:hr>
						<gpxtpx:atemp>30</gpxtpx:atemp>
					</gpxtpx:TrackPointExtension>
				</extensions>
			</trkpt>
			<trkpt lat="48.610146" lon="-2.195669">
				<ele>12.6</ele>
				<time>2024-08-18T15:13:03Z</time>
				<extensions>
					<gpxtpx:TrackPointExtension>
						<gpxtpx:hr>83</gpxtpx:hr>
						<gpxtpx:atemp>30</gpxtpx:atemp>
					</gpxtpx:TrackPointExtension>
				</extensions>
			</trkpt>
			<trkpt lat="48.61011" lon="-2.195603">
				<ele>13.2</ele>
				<time>2024-08-18T15:13:21Z</time>
				<extensions>
					<gpxtpx:TrackPointExtension>
						<gpxtpx:hr>81</gpxtpx:hr>
						<gpxtpx:atemp>30</gpxtpx:atemp>
					</gpxtpx:TrackPointExtension>
				</extensions>
			</trkpt>
			<trkpt lat="48.610095" lon="-2.19557">
				<ele>13.4</ele>
				<time>2024-08-18T15:13:23Z</time>
				<extensions>
					<gpxtpx:TrackPointExtension>
						<gpxtpx:hr>81</gpxtpx:hr>
						<gpxtpx:atemp>30</gpxtpx:atemp>
					</gpxtpx:TrackPointExtension>
				</extensions>
			</trkpt>
			<trkpt lat="48.610057" lon="-2.195529">
				<ele>13.8</ele>
				<time>2024-08-18T15:13:26Z</time>
				<extensions>
					<gpxtpx:TrackPointExtension>
						<gpxtpx:hr>82</gpxtpx:hr>
						<gpxtpx:atemp>30</gpxtpx:atemp>
					</gpxtpx:TrackPointExtension>
				</extensions>
			</trkpt>
			<trkpt lat="48.61005" lon="-2.195521">
				<ele>13.8</ele>
				<time>2024-08-18T15:13:27Z</time>
				<extensions>
					<gpxtpx:TrackPointExtension>
						<gpxtpx:hr>82</gpxtpx:hr>
						<gpxtpx:atemp>30</gpxtpx:atemp>
					</gpxtpx:TrackPointExtension>
				</extensions>
			</trkpt>
			<trkpt lat="48.609965" lon="-2.195449">
				<ele>14.4</ele>
				<time>2024-08-18T15:13:36Z</time>
				<extensions>
					<gpxtpx:TrackPointExtension>
						<gpxtpx:hr>85</gpxtpx:hr>
						<gpxtpx:atemp>30</gpxtpx:atemp>
					</gpxtpx:TrackPointExtension>
				</extensions>
			</trkpt>
			<trkpt lat="48.60994" lon="-2.195423">
				<ele>14</ele>
				<time>2024-08-18T15:13:39Z</time>
				<extensions>
					<gpxtpx:TrackPointExtension>
						<gpxtpx:hr>88</gpxtpx:hr>
						<gpxtpx:atemp>30</gpxtpx:atemp>
					</gpxtpx:TrackPointExtension>
				</extensions>
			</trkpt>
			<trkpt lat="48.609929" lon="-2.195409">
				<ele>14</ele>
				<time>2024-08-18T15:13:40Z</time>
				<extensions>
					<gpxtpx:TrackPointExtension>
						<gpxtpx:hr>91</gpxtpx:hr>
						<gpxtpx:atemp>30</gpxtpx:atemp>
					</gpxtpx:TrackPointExtension>
				</extensions>
			</trkpt>
			<trkpt lat="48.609908" lon="-2.195386">
				<ele>13.8</ele>
				<time>2024-08-18T15:13:42Z</time>
				<extensions>
					<gpxtpx:TrackPointExtension>
						<gpxtpx:hr>94</gpxtpx:hr>
						<gpxtpx:atemp>30</gpxtpx:atemp>
					</gpxtpx:TrackPointExtension>
				</extensions>
			</trkpt>
			<trkpt lat="48.609852" lon="-2.195315">
				<ele>13.6</ele>
				<time>2024-08-18T15:13:48Z</time>
				<extensions>
					<gpxtpx:TrackPointExtension>
						<gpxtpx:hr>96</gpxtpx:hr>
						<gpxtpx:atemp>31</gpxtpx:atemp>
					</gpxtpx:TrackPointExtension>
				</extensions>
			</trkpt>
			<trkpt lat="48.609798" lon="-2.195213">
				<ele>13.6</ele>
				<time>2024-08-18T15:13:55Z</time>
				<extensions>
					<gpxtpx:TrackPointExtension>
						<gpxtpx:hr>99</gpxtpx:hr>
						<gpxtpx:atemp>31</gpxtpx:atemp>
					</gpxtpx:TrackPointExtension>
				</extensions>
			</trkpt>
			<trkpt lat="48.609756" lon="-2.19515">
				<ele>13</ele>
				<time>2024-08-18T15:14:01Z</time>
				<extensions>
					<gpxtpx:TrackPointExtension>
						<gpxtpx:hr>103</gpxtpx:hr>
						<gpxtpx:atemp>31</gpxtpx:atemp>
					</gpxtpx:TrackPointExtension>
				</extensions>
			</trkpt>
			<trkpt lat="48.609743" lon="-2.195147">
				<ele>13</ele>
				<time>2024-08-18T15:14:02Z</time>
				<extensions>
					<gpxtpx:TrackPointExtension>
						<gpxtpx:hr>101</gpxtpx:hr>
						<gpxtpx:atemp>31</gpxtpx:atemp>
					</gpxtpx:TrackPointExtension>
				</extensions>
			</trkpt>
			<trkpt lat="48.609695" lon="-2.195129">
				<ele>12.6</ele>
				<time>2024-08-18T15:14:05Z</time>
				<extensions>
					<gpxtpx:TrackPointExtension>
						<gpxtpx:hr>100</gpxtpx:hr>
						<gpxtpx:atemp>31</gpxtpx:atemp>
					</gpxtpx:TrackPointExtension>
				</extensions>
			</trkpt>
			<trkpt lat="48.609675" lon="-2.195111">
				<ele>12.6</ele>
				<time>2024-08-18T15:14:07Z</time>
				<extensions>
					<gpxtpx:TrackPointExtension>
						<gpxtpx:hr>97</gpxtpx:hr>
						<gpxtpx:atemp>31</gpxtpx:atemp>
					</gpxtpx:TrackPointExtension>
				</extensions>
			</trkpt>
			<trkpt lat="48.609672" lon="-2.195095">
				<ele>12.4</ele>
				<time>2024-08-18T15:14:08Z</time>
				<extensions>
					<gpxtpx:TrackPointExtension>
						<gpxtpx:hr>94</gpxtpx:hr>
						<gpxtpx:atemp>31</gpxtpx:atemp>
					</gpxtpx:TrackPointExtension>
				</extensions>
			</trkpt>
			<trkpt lat="48.609674" lon="-2.195068">
				<ele>12.4</ele>
				<time>2024-08-18T15:14:10Z</time>
				<extensions>
					<gpxtpx:TrackPointExtension>
						<gpxtpx:hr>91</gpxtpx:hr>
						<gpxtpx:atemp>31</gpxtpx:atemp>
					</gpxtpx:TrackPointExtension>
				</extensions>
			</trkpt>
			<trkpt lat="48.609678" lon="-2.195036">
				<ele>12.4</ele>
				<time>2024-08-18T15:14:12Z</time>
				<extensions>
					<gpxtpx:TrackPointExtension>
						<gpxtpx:hr>89</gpxtpx:hr>
						<gpxtpx:atemp>31</gpxtpx:atemp>
					</gpxtpx:TrackPointExtension>
				</extensions>
			</trkpt>
			<trkpt lat="48.609675" lon="-2.195021">
				<ele>12.4</ele>
				<time>2024-08-18T15:14:13Z</time>
				<extensions>
					<gpxtpx:TrackPointExtension>
						<gpxtpx:hr>89</gpxtpx:hr>
						<gpxtpx:atemp>31</gpxtpx:atemp>
					</gpxtpx:TrackPointExtension>
				</extensions>
			</trkpt>
			<trkpt lat="48.609659" lon="-2.194998">
				<ele>11.8</ele>
				<time>2024-08-18T15:14:15Z</time>
				<extensions>
					<gpxtpx:TrackPointExtension>
						<gpxtpx:hr>89</gpxtpx:hr>
						<gpxtpx:atemp>31</gpxtpx:atemp>
					</gpxtpx:TrackPointExtension>
				</extensions>
			</trkpt>
			<trkpt lat="48.609644" lon="-2.194979">
				<ele>11.8</ele>
				<time>2024-08-18T15:14:17Z</time>
				<extensions>
					<gpxtpx:TrackPointExtension>
						<gpxtpx:hr>89</gpxtpx:hr>
						<gpxtpx:atemp>31</gpxtpx:atemp>
					</gpxtpx:TrackPointExtension>
				</extensions>
			</trkpt>
			<trkpt lat="48.60962" lon="-2.194938">
				<ele>11.6</ele>
				<time>2024-08-18T15:14:20Z</time>
				<extensions>
					<gpxtpx:TrackPointExtension>
						<gpxtpx:hr>90</gpxtpx:hr>
						<gpxtpx:atemp>31</gpxtpx:atemp>
					</gpxtpx:TrackPointExtension>
				</extensions>
			</trkpt>
			<trkpt lat="48.609552" lon="-2.194856">
				<ele>11.6</ele>
				<time>2024-08-18T15:14:27Z</time>
				<extensions>
					<gpxtpx:TrackPointExtension>
						<gpxtpx:hr>91</gpxtpx:hr>
						<gpxtpx:atemp>31</gpxtpx:atemp>
					</gpxtpx:TrackPointExtension>
				</extensions>
			</trkpt>
			<trkpt lat="48.60953" lon="-2.194841">
				<ele>11.6</ele>
				<time>2024-08-18T15:14:29Z</time>
				<extensions>
					<gpxtpx:TrackPointExtension>
						<gpxtpx:hr>88</gpxtpx:hr>
						<gpxtpx:atemp>31</gpxtpx:atemp>
					</gpxtpx:TrackPointExtension>
				</extensions>
			</trkpt>
			<trkpt lat="48.609447" lon="-2.19477">
				<ele>11.8</ele>
				<time>2024-08-18T15:14:37Z</time>
				<extensions>
					<gpxtpx:TrackPointExtension>
						<gpxtpx:hr>91</gpxtpx:hr>
						<gpxtpx:atemp>31</gpxtpx:atemp>
					</gpxtpx:TrackPointExtension>
				</extensions>
			</trkpt>
			<trkpt lat="48.609438" lon="-2.194764">
				<ele>11.8</ele>
				<time>2024-08-18T15:14:38Z</time>
				<extensions>
					<gpxtpx:TrackPointExtension>
						<gpxtpx:hr>91</gpxtpx:hr>
						<gpxtpx:atemp>31</gpxtpx:atemp>
					</gpxtpx:TrackPointExtension>
				</extensions>
			</trkpt>
			<trkpt lat="48.609345" lon="-2.194662">
				<ele>12.2</ele>
				<time>2024-08-18T15:14:47Z</time>
				<extensions>
					<gpxtpx:TrackPointExtension>
						<gpxtpx:hr>94</gpxtpx:hr>
						<gpxtpx:atemp>31</gpxtpx:atemp>
					</gpxtpx:TrackPointExtension>
				</extensions>
			</trkpt>
			<trkpt lat="48.609329" lon="-2.194634">
				<ele>12.4</ele>
				<time>2024-08-18T15:14:49Z</time>
				<extensions>
					<gpxtpx:TrackPointExtension>
						<gpxtpx:hr>95</gpxtpx:hr>
						<gpxtpx:atemp>31</gpxtpx:atemp>
					</gpxtpx:TrackPointExtension>
				</extensions>
			</trkpt>
			<trkpt lat="48.609317" lon="-2.194611">
				<ele>12.8</ele>
				<time>2024-08-18T15:14:51Z</time>
				<extensions>
					<gpxtpx:TrackPointExtension>
						<gpxtpx:hr>95</gpxtpx:hr>
						<gpxtpx:atemp>31</gpxtpx:atemp>
					</gpxtpx:TrackPointExtension>
				</extensions>
			</trkpt>
			<trkpt lat="48.609303" lon="-2.194591">
				<ele>13</ele>
				<time>2024-08-18T15:14:53Z</time>
				<extensions>
					<gpxtpx:TrackPointExtension>
						<gpxtpx:hr>98</gpxtpx:hr>
						<gpxtpx:atemp>31</gpxtpx:atemp>
					</gpxtpx:TrackPointExtension>
				</extensions>
			</trkpt>
			<trkpt lat="48.609284" lon="-2.194553">
				<ele>13.4</ele>
				<time>2024-08-18T15:14:57Z</time>
				<extensions>
					<gpxtpx:TrackPointExtension>
						<gpxtpx:hr>99</gpxtpx:hr>
						<gpxtpx:atemp>31</gpxtpx:atemp>
					</gpxtpx:TrackPointExtension>
				</extensions>
			</trkpt>
			<trkpt lat="48.609281" lon="-2.194544">
				<ele>13.8</ele>
				<time>2024-08-18T15:15:02Z</time>
				<extensions>
					<gpxtpx:TrackPointExtension>
						<gpxtpx:hr>97</gpxtpx:hr>
						<gpxtpx:atemp>31</gpxtpx:atemp>
					</gpxtpx:TrackPointExtension>
				</extensions>
			</trkpt>
			<trkpt lat="48.60928" lon="-2.194546">
				<ele>13.8</ele>
				<time>2024-08-18T15:15:06Z</time>
				<extensions>
					<gpxtpx:TrackPointExtension>
						<gpxtpx:hr>98</gpxtpx:hr>
						<gpxtpx:atemp>31</gpxtpx:atemp>
					</gpxtpx:TrackPointExtension>
				</extensions>
			</trkpt>
			<trkpt lat="48.609279" lon="-2.194553">
				<ele>13.8</ele>
				<time>2024-08-18T15:15:09Z</time>
				<extensions>
					<gpxtpx:TrackPointExtension>
						<gpxtpx:hr>101</gpxtpx:hr>
						<gpxtpx:atemp>31</gpxtpx:atemp>
					</gpxtpx:TrackPointExtension>
				</extensions>
			</trkpt>
			<trkpt lat="48.609254" lon="-2.194556">
				<ele>13.8</ele>
				<time>2024-08-18T15:15:15Z</time>
				<extensions>
					<gpxtpx:TrackPointExtension>
						<gpxtpx:hr>103</gpxtpx:hr>
						<gpxtpx:atemp>31</gpxtpx:atemp>
					</gpxtpx:TrackPointExtension>
				</extensions>
			</trkpt>
			<trkpt lat="48.60924" lon="-2.194516">
				<ele>14.8</ele>
				<time>2024-08-18T15:15:28Z</time>
				<extensions>
					<gpxtpx:TrackPointExtension>
						<gpxtpx:hr>102</gpxtpx:hr>
						<gpxtpx:atemp>31</gpxtpx:atemp>
					</gpxtpx:TrackPointExtension>
				</extensions>
			</trkpt>
			<trkpt lat="48.609234" lon="-2.194498">
				<ele>15</ele>
				<time>2024-08-18T15:15:29Z</time>
				<extensions>
					<gpxtpx:TrackPointExtension>
						<gpxtpx:hr>100</gpxtpx:hr>
						<gpxtpx:atemp>31</gpxtpx:atemp>
					</gpxtpx:TrackPointExtension>
				</extensions>
			</trkpt>
			<trkpt lat="48.609195" lon="-2.194397">
				<ele>15.6</ele>
				<time>2024-08-18T15:15:35Z</time>
				<extensions>
					<gpxtpx:TrackPointExtension>
						<gpxtpx:hr>100</gpxtpx:hr>
						<gpxtpx:atemp>31</gpxtpx:atemp>
					</gpxtpx:TrackPointExtension>
				</extensions>
			</trkpt>
			<trkpt lat="48.609192" lon="-2.19437">
				<ele>16.200001</ele>
				<time>2024-08-18T15:15:37Z</time>
				<extensions>
					<gpxtpx:TrackPointExtension>
						<gpxtpx:hr>100</gpxtpx:hr>
						<gpxtpx:atemp>31</gpxtpx:atemp>
					</gpxtpx:TrackPointExtension>
				</extensions>
			</trkpt>
			<trkpt lat="48.609203" lon="-2.194329">
				<ele>17.200001</ele>
				<time>2024-08-18T15:15:40Z</time>
				<extensions>
					<gpxtpx:TrackPointExtension>
						<gpxtpx:hr>99</gpxtpx:hr>
						<gpxtpx:atemp>31</gpxtpx:atemp>
					</gpxtpx:TrackPointExtension>
				</extensions>
			</trkpt>
			<trkpt lat="48.609205" lon="-2.194315">
				<ele>17.200001</ele>
				<time>2024-08-18T15:15:41Z</time>
				<extensions>
					<gpxtpx:TrackPointExtension>
						<gpxtpx:hr>99</gpxtpx:hr>
						<gpxtpx:atemp>31</gpxtpx:atemp>
					</gpxtpx:TrackPointExtension>
				</extensions>
			</trkpt>
			<trkpt lat="48.609197" lon="-2.194295">
				<ele>17.4</ele>
				<time>2024-08-18T15:15:45Z</time>
				<extensions>
					<gpxtpx:TrackPointExtension>
						<gpxtpx:hr>99</gpxtpx:hr>
						<gpxtpx:atemp>32</gpxtpx:atemp>
					</gpxtpx:TrackPointExtension>
				</extensions>
			</trkpt>
			<trkpt lat="48.609212" lon="-2.194285">
				<ele>17.4</ele>
				<time>2024-08-18T15:15:50Z</time>
				<extensions>
					<gpxtpx:TrackPointExtension>
						<gpxtpx:hr>104</gpxtpx:hr>
						<gpxtpx:atemp>32</gpxtpx:atemp>
					</gpxtpx:TrackPointExtension>
				</extensions>
			</trkpt>
			<trkpt lat="48.60922" lon="-2.194292">
				<ele>17.4</ele>
				<time>2024-08-18T15:15:51Z</time>
				<extensions>
					<gpxtpx:TrackPointExtension>
						<gpxtpx:hr>107</gpxtpx:hr>
						<gpxtpx:atemp>32</gpxtpx:atemp>
					</gpxtpx:TrackPointExtension>
				</extensions>
			</trkpt>
			<trkpt lat="48.609227" lon="-2.194299">
				<ele>17.4</ele>
				<time>2024-08-18T15:15:53Z</time>
				<extensions>
					<gpxtpx:TrackPointExtension>
						<gpxtpx:hr>110</gpxtpx:hr>
						<gpxtpx:atemp>32</gpxtpx:atemp>
					</gpxtpx:TrackPointExtension>
				</extensions>
			</trkpt>
			<trkpt lat="48.609234" lon="-2.194294">
				<ele>17.4</ele>
				<time>2024-08-18T15:15:56Z</time>
				<extensions>
					<gpxtpx:TrackPointExtension>
						<gpxtpx:hr>107</gpxtpx:hr>
						<gpxtpx:atemp>31</gpxtpx:atemp>
					</gpxtpx:TrackPointExtension>
				</extensions>
			</trkpt>
			<trkpt lat="48.609236" lon="-2.194298">
				<ele>17.200001</ele>
				<time>2024-08-18T15:16:01Z</time>
				<extensions>
					<gpxtpx:TrackPointExtension>
						<gpxtpx:hr>104</gpxtpx:hr>
						<gpxtpx:atemp>31</gpxtpx:atemp>
					</gpxtpx:TrackPointExtension>
				</extensions>
			</trkpt>
			<trkpt lat="48.609236" lon="-2.194298">
				<ele>17.4</ele>
				<time>2024-08-18T15:16:03Z</time>
				<extensions>
					<gpxtpx:TrackPointExtension>
						<gpxtpx:hr>103</gpxtpx:hr>
						<gpxtpx:atemp>31</gpxtpx:atemp>
					</gpxtpx:TrackPointExtension>
				</extensions>
			</trkpt>
			<trkpt lat="48.609231" lon="-2.194296">
				<ele>17.6</ele>
				<time>2024-08-18T15:16:14Z</time>
				<extensions>
					<gpxtpx:TrackPointExtension>
						<gpxtpx:hr>100</gpxtpx:hr>
						<gpxtpx:atemp>31</gpxtpx:atemp>
					</gpxtpx:TrackPointExtension>
				</extensions>
			</trkpt>
			<trkpt lat="48.609231" lon="-2.194295">
				<ele>17.6</ele>
				<time>2024-08-18T15:16:17Z</time>
				<extensions>
					<gpxtpx:TrackPointExtension>
						<gpxtpx:hr>96</gpxtpx:hr>
						<gpxtpx:atemp>31</gpxtpx:atemp>
					</gpxtpx:TrackPointExtension>
				</extensions>
			</trkpt>
			<trkpt lat="48.609231" lon="-2.194295">
				<ele>17.799999</ele>
				<time>2024-08-18T15:16:20Z</time>
				<extensions>
					<gpxtpx:TrackPointExtension>
						<gpxtpx:hr>93</gpxtpx:hr>
						<gpxtpx:atemp>31</gpxtpx:atemp>
					</gpxtpx:TrackPointExtension>
				</extensions>
			</trkpt>
			<trkpt lat="48.609231" lon="-2.194295">
				<ele>17.799999</ele>
				<time>2024-08-18T15:16:21Z</time>
				<extensions>
					<gpxtpx:TrackPointExtension>
						<gpxtpx:hr>92</gpxtpx:hr>
						<gpxtpx:atemp>31</gpxtpx:atemp>
					</gpxtpx:TrackPointExtension>
				</extensions>
			</trkpt>
			<trkpt lat="48.609226" lon="-2.194296">
				<ele>17.799999</ele>
				<time>2024-08-18T15:16:39Z</time>
				<extensions>
					<gpxtpx:TrackPointExtension>
						<gpxtpx:hr>95</gpxtpx:hr>
						<gpxtpx:atemp>31</gpxtpx:atemp>
					</gpxtpx:TrackPointExtension>
				</extensions>
			</trkpt>
			<trkpt lat="48.609225" lon="-2.194297">
				<ele>17.6</ele>
				<time>2024-08-18T15:16:46Z</time>
				<extensions>
					<gpxtpx:TrackPointExtension>
						<gpxtpx:hr>97</gpxtpx:hr>
						<gpxtpx:atemp>30</gpxtpx:atemp>
					</gpxtpx:TrackPointExtension>
				</extensions>
			</trkpt>
			<trkpt lat="48.609228" lon="-2.194299">
				<ele>17.4</ele>
				<time>2024-08-18T15:16:58Z</time>
				<extensions>
					<gpxtpx:TrackPointExtension>
						<gpxtpx:hr>91</gpxtpx:hr>
						<gpxtpx:atemp>30</gpxtpx:atemp>
					</gpxtpx:TrackPointExtension>
				</extensions>
			</trkpt>
			<trkpt lat="48.609229" lon="-2.1943">
				<ele>17.4</ele>
				<time>2024-08-18T15:16:59Z</time>
				<extensions>
					<gpxtpx:TrackPointExtension>
						<gpxtpx:hr>91</gpxtpx:hr>
						<gpxtpx:atemp>30</gpxtpx:atemp>
					</gpxtpx:TrackPointExtension>
				</extensions>
			</trkpt>
			<trkpt lat="48.609232" lon="-2.1943">
				<ele>17.200001</ele>
				<time>2024-08-18T15:17:06Z</time>
				<extensions>
					<gpxtpx:TrackPointExtension>
						<gpxtpx:hr>86</gpxtpx:hr>
						<gpxtpx:atemp>30</gpxtpx:atemp>
					</gpxtpx:TrackPointExtension>
				</extensions>
			</trkpt>
			<trkpt lat="48.609232" lon="-2.1943">
				<ele>17.4</ele>
				<time>2024-08-18T15:17:09Z</time>
				<extensions>
					<gpxtpx:TrackPointExtension>
						<gpxtpx:hr>83</gpxtpx:hr>
						<gpxtpx:atemp>30</gpxtpx:atemp>
					</gpxtpx:TrackPointExtension>
				</extensions>
			</trkpt>
			<trkpt lat="48.609232" lon="-2.1943">
				<ele>17.4</ele>
				<time>2024-08-18T15:17:12Z</time>
				<extensions>
					<gpxtpx:TrackPointExtension>
						<gpxtpx:hr>82</gpxtpx:hr>
						<gpxtpx:atemp>30</gpxtpx:atemp>
					</gpxtpx:TrackPointExtension>
				</extensions>
			</trkpt>
			<trkpt lat="48.60922" lon="-2.194301">
				<ele>17</ele>
				<time>2024-08-18T15:17:30Z</time>
				<extensions>
					<gpxtpx:TrackPointExtension>
						<gpxtpx:hr>79</gpxtpx:hr>
						<gpxtpx:atemp>30</gpxtpx:atemp>
					</gpxtpx:TrackPointExtension>
				</extensions>
			</trkpt>
			<trkpt lat="48.609219" lon="-2.194304">
				<ele>17</ele>
				<time>2024-08-18T15:17:33Z</time>
				<extensions>
					<gpxtpx:TrackPointExtension>
						<gpxtpx:hr>76</gpxtpx:hr>
						<gpxtpx:atemp>30</gpxtpx:atemp>
					</gpxtpx:TrackPointExtension>
				</extensions>
			</trkpt>
			<trkpt lat="48.609218" lon="-2.194305">
				<ele>16.799999</ele>
				<time>2024-08-18T15:17:36Z</time>
				<extensions>
					<gpxtpx:TrackPointExtension>
						<gpxtpx:hr>73</gpxtpx:hr>
						<gpxtpx:atemp>30</gpxtpx:atemp>
					</gpxtpx:TrackPointExtension>
				</extensions>
			</trkpt>
			<trkpt lat="48.609217" lon="-2.194307">
				<ele>17</ele>
				<time>2024-08-18T15:17:38Z</time>
				<extensions>
					<gpxtpx:TrackPointExtension>
						<gpxtpx:hr>70</gpxtpx:hr>
						<gpxtpx:atemp>30</gpxtpx:atemp>
					</gpxtpx:TrackPointExtension>
				</extensions>
			</trkpt>
			<trkpt lat="48.609216" lon="-2.19431">
				<ele>17</ele>
				<time>2024-08-18T15:17:51Z</time>
				<extensions>
					<gpxtpx:TrackPointExtension>
						<gpxtpx:hr>73</gpxtpx:hr>
						<gpxtpx:atemp>30</gpxtpx:atemp>
					</gpxtpx:TrackPointExtension>
				</extensions>
			</trkpt>
			<trkpt lat="48.609214" lon="-2.19431">
				<ele>17.200001</ele>
				<time>2024-08-18T15:17:56Z</time>
				<extensions>
					<gpxtpx:TrackPointExtension>
						<gpxtpx:hr>76</gpxtpx:hr>
						<gpxtpx:atemp>30</gpxtpx:atemp>
					</gpxtpx:TrackPointExtension>
				</extensions>
			</trkpt>
			<trkpt lat="48.609206" lon="-2.194306">
				<ele>17.200001</ele>
				<time>2024-08-18T15:18:19Z</time>
				<extensions>
					<gpxtpx:TrackPointExtension>
						<gpxtpx:hr>79</gpxtpx:hr>
						<gpxtpx:atemp>30</gpxtpx:atemp>
					</gpxtpx:TrackPointExtension>
				</extensions>
			</trkpt>
			<trkpt lat="48.609206" lon="-2.194305">
				<ele>17.200001</ele>
				<time>2024-08-18T15:18:24Z</time>
				<extensions>
					<gpxtpx:TrackPointExtension>
						<gpxtpx:hr>76</gpxtpx:hr>
						<gpxtpx:atemp>30</gpxtpx:atemp>
					</gpxtpx:TrackPointExtension>
				</extensions>
			</trkpt>
			<trkpt lat="48.609207" lon="-2.194305">
				<ele>17</ele>
				<time>2024-08-18T15:18:32Z</time>
				<extensions>
					<gpxtpx:TrackPointExtension>
						<gpxtpx:hr>79</gpxtpx:hr>
						<gpxtpx:atemp>30</gpxtpx:atemp>
					</gpxtpx:TrackPointExtension>
				</extensions>
			</trkpt>
			<trkpt lat="48.609207" lon="-2.194307">
				<ele>17</ele>
				<time>2024-08-18T15:18:36Z</time>
				<extensions>
					<gpxtpx:TrackPointExtension>
						<gpxtpx:hr>83</gpxtpx:hr>
						<gpxtpx:atemp>30</gpxtpx:atemp>
					</gpxtpx:TrackPointExtension>
				</extensions>
			</trkpt>
			<trkpt lat="48.609207" lon="-2.194308">
				<ele>17</ele>
				<time>2024-08-18T15:18:38Z</time>
				<extensions>
					<gpxtpx:TrackPointExtension>
						<gpxtpx:hr>87</gpxtpx:hr>
						<gpxtpx:atemp>30</gpxtpx:atemp>
					</gpxtpx:TrackPointExtension>
				</extensions>
			</trkpt>
			<trkpt lat="48.609208" lon="-2.19431">
				<ele>17</ele>
				<time>2024-08-18T15:18:40Z</time>
				<extensions>
					<gpxtpx:TrackPointExtension>
						<gpxtpx:hr>91</gpxtpx:hr>
						<gpxtpx:atemp>30</gpxtpx:atemp>
					</gpxtpx:TrackPointExtension>
				</extensions>
			</trkpt>
			<trkpt lat="48.609173" lon="-2.194269">
				<ele>17</ele>
				<time>2024-08-18T15:18:57Z</time>
				<extensions>
					<gpxtpx:TrackPointExtension>
						<gpxtpx:hr>87</gpxtpx:hr>
						<gpxtpx:atemp>30</gpxtpx:atemp>
					</gpxtpx:TrackPointExtension>
				</extensions>
			</trkpt>
			<trkpt lat="48.609144" lon="-2.194221">
				<ele>16.799999</ele>
				<time>2024-08-18T15:19:00Z</time>
				<extensions>
					<gpxtpx:TrackPointExtension>
						<gpxtpx:hr>85</gpxtpx:hr>
						<gpxtpx:atemp>30</gpxtpx:atemp>
					</gpxtpx:TrackPointExtension>
				</extensions>
			</trkpt>
			<trkpt lat="48.609114" lon="-2.194183">
				<ele>16</ele>
				<time>2024-08-18T15:19:03Z</time>
				<extensions>
					<gpxtpx:TrackPointExtension>
						<gpxtpx:hr>85</gpxtpx:hr>
						<gpxtpx:atemp>30</gpxtpx:atemp>
					</gpxtpx:TrackPointExtension>
				</extensions>
			</trkpt>
			<trkpt lat="48.609094" lon="-2.194164">
				<ele>16</ele>
				<time>2024-08-18T15:19:05Z</time>
				<extensions>
					<gpxtpx:TrackPointExtension>
						<gpxtpx:hr>84</gpxtpx:hr>
						<gpxtpx:atemp>30</gpxtpx:atemp>
					</gpxtpx:TrackPointExtension>
				</extensions>
			</trkpt>
			<trkpt lat="48.609041" lon="-2.194121">
				<ele>15.8</ele>
				<time>2024-08-18T15:19:11Z</time>
				<extensions>
					<gpxtpx:TrackPointExtension>
						<gpxtpx:hr>87</gpxtpx:hr>
						<gpxtpx:atemp>30</gpxtpx:atemp>
					</gpxtpx:TrackPointExtension>
				</extensions>
			</trkpt>
			<trkpt lat="48.60901" lon="-2.194101">
				<ele>15.8</ele>
				<time>2024-08-18T15:19:14Z</time>
				<extensions>
					<gpxtpx:TrackPointExtension>
						<gpxtpx:hr>88</gpxtpx:hr>
						<gpxtpx:atemp>30</gpxtpx:atemp>
					</gpxtpx:TrackPointExtension>
				</extensions>
			</trkpt>
			<trkpt lat="48.608917" lon="-2.194088">
				<ele>15</ele>
				<time>2024-08-18T15:19:22Z</time>
				<extensions>
					<gpxtpx:TrackPointExtension>
						<gpxtpx:hr>85</gpxtpx:hr>
						<gpxtpx:atemp>30</gpxtpx:atemp>
					</gpxtpx:TrackPointExtension>
				</extensions>
			</trkpt>
			<trkpt lat="48.608905" lon="-2.194089">
				<ele>14.8</ele>
				<time>2024-08-18T15:19:23Z</time>
				<extensions>
					<gpxtpx:TrackPointExtension>
						<gpxtpx:hr>85</gpxtpx:hr>
						<gpxtpx:atemp>30</gpxtpx:atemp>
					</gpxtpx:TrackPointExtension>
				</extensions>
			</trkpt>
			<trkpt lat="48.608798" lon="-2.1941">
				<ele>14</ele>
				<time>2024-08-18T15:19:32Z</time>
				<extensions>
					<gpxtpx:TrackPointExtension>
						<gpxtpx:hr>86</gpxtpx:hr>
						<gpxtpx:atemp>30</gpxtpx:atemp>
					</gpxtpx:TrackPointExtension>
				</extensions>
			</trkpt>
			<trkpt lat="48.608775" lon="-2.194111">
				<ele>13.8</ele>
				<time>2024-08-18T15:19:34Z</time>
				<extensions>
					<gpxtpx:TrackPointExtension>
						<gpxtpx:hr>88</gpxtpx:hr>
						<gpxtpx:atemp>30</gpxtpx:atemp>
					</gpxtpx:TrackPointExtension>
				</extensions>
			</trkpt>
			<trkpt lat="48.608747" lon="-2.19416">
				<ele>13.2</ele>
				<time>2024-08-18T15:19:40Z</time>
				<extensions>
					<gpxtpx:TrackPointExtension>
						<gpxtpx:hr>89</gpxtpx:hr>
						<gpxtpx:atemp>30</gpxtpx:atemp>
					</gpxtpx:TrackPointExtension>
				</extensions>
			</trkpt>
			<trkpt lat="48.608717" lon="-2.194212">
				<ele>13</ele>
				<time>2024-08-18T15:19:48Z</time>
				<extensions>
					<gpxtpx:TrackPointExtension>
						<gpxtpx:hr>88</gpxtpx:hr>
						<gpxtpx:atemp>30</gpxtpx:atemp>
					</gpxtpx:TrackPointExtension>
				</extensions>
			</trkpt>
			<trkpt lat="48.608698" lon="-2.19425">
				<ele>13</ele>
				<time>2024-08-18T15:19:53Z</time>
				<extensions>
					<gpxtpx:TrackPointExtension>
						<gpxtpx:hr>85</gpxtpx:hr>
						<gpxtpx:atemp>30</gpxtpx:atemp>
					</gpxtpx:TrackPointExtension>
				</extensions>
			</trkpt>
			<trkpt lat="48.608701" lon="-2.194266">
				<ele>13</ele>
				<time>2024-08-18T15:19:54Z</time>
				<extensions>
					<gpxtpx:TrackPointExtension>
						<gpxtpx:hr>84</gpxtpx:hr>
						<gpxtpx:atemp>30</gpxtpx:atemp>
					</gpxtpx:TrackPointExtension>
				</extensions>
			</trkpt>
			<trkpt lat="48.608698" lon="-2.194267">
				<ele>13.6</ele>
				<time>2024-08-18T15:19:58Z</time>
				<extensions>
					<gpxtpx:TrackPointExtension>
						<gpxtpx:hr>83</gpxtpx:hr>
						<gpxtpx:atemp>30</gpxtpx:atemp>
					</gpxtpx:TrackPointExtension>
				</extensions>
			</trkpt>
			<trkpt lat="48.608687" lon="-2.194215">
				<ele>13.6</ele>
				<time>2024-08-18T15:20:03Z</time>
				<extensions>
					<gpxtpx:TrackPointExtension>
						<gpxtpx:hr>86</gpxtpx:hr>
						<gpxtpx:atemp>30</gpxtpx:atemp>
					</gpxtpx:TrackPointExtension>
				</extensions>
			</trkpt>
			<trkpt lat="48.608684" lon="-2.194202">
				<ele>13.6</ele>
				<time>2024-08-18T15:20:04Z</time>
				<extensions>
					<gpxtpx:TrackPointExtension>
						<gpxtpx:hr>87</gpxtpx:hr>
						<gpxtpx:atemp>30</gpxtpx:atemp>
					</gpxtpx:TrackPointExtension>
				</extensions>
			</trkpt>
			<trkpt lat="48.608642" lon="-2.194114">
				<ele>13.8</ele>
				<time>2024-08-18T15:20:10Z</time>
				<extensions>
					<gpxtpx:TrackPointExtension>
						<gpxtpx:hr>86</gpxtpx:hr>
						<gpxtpx:atemp>30</gpxtpx:atemp>
					</gpxtpx:TrackPointExtension>
				</extensions>
			</trkpt>
			<trkpt lat="48.608582" lon="-2.194101">
				<ele>13.2</ele>
				<time>2024-08-18T15:20:17Z</time>
				<extensions>
					<gpxtpx:TrackPointExtension>
						<gpxtpx:hr>88</gpxtpx:hr>
						<gpxtpx:atemp>30</gpxtpx:atemp>
					</gpxtpx:TrackPointExtension>
				</extensions>
			</trkpt>
			<trkpt lat="48.60857" lon="-2.194158">
				<ele>12.8</ele>
				<time>2024-08-18T15:20:21Z</time>
				<extensions>
					<gpxtpx:TrackPointExtension>
						<gpxtpx:hr>88</gpxtpx:hr>
						<gpxtpx:atemp>30</gpxtpx:atemp>
					</gpxtpx:TrackPointExtension>
				</extensions>
			</trkpt>
			<trkpt lat="48.608555" lon="-2.194181">
				<ele>12.4</ele>
				<time>2024-08-18T15:20:25Z</time>
				<extensions>
					<gpxtpx:TrackPointExtension>
						<gpxtpx:hr>87</gpxtpx:hr>
						<gpxtpx:atemp>30</gpxtpx:atemp>
					</gpxtpx:TrackPointExtension>
				</extensions>
			</trkpt>
			<trkpt lat="48.608546" lon="-2.194205">
				<ele>11.8</ele>
				<time>2024-08-18T15:20:28Z</time>
				<extensions>
					<gpxtpx:TrackPointExtension>
						<gpxtpx:hr>87</gpxtpx:hr>
						<gpxtpx:atemp>30</gpxtpx:atemp>
					</gpxtpx:TrackPointExtension>
				</extensions>
			</trkpt>
			<trkpt lat="48.608554" lon="-2.194222">
				<ele>11</ele>
				<time>2024-08-18T15:20:31Z</time>
				<extensions>
					<gpxtpx:TrackPointExtension>
						<gpxtpx:hr>87</gpxtpx:hr>
						<gpxtpx:atemp>30</gpxtpx:atemp>
					</gpxtpx:TrackPointExtension>
				</extensions>
			</trkpt>
			<trkpt lat="48.608565" lon="-2.194241">
				<ele>10.6</ele>
				<time>2024-08-18T15:20:33Z</time>
				<extensions>
					<gpxtpx:TrackPointExtension>
						<gpxtpx:hr>87</gpxtpx:hr>
						<gpxtpx:atemp>30</gpxtpx:atemp>
					</gpxtpx:TrackPointExtension>
				</extensions>
			</trkpt>
			<trkpt lat="48.608569" lon="-2.194287">
				<ele>9.4</ele>
				<time>2024-08-18T15:20:38Z</time>
				<extensions>
					<gpxtpx:TrackPointExtension>
						<gpxtpx:hr>87</gpxtpx:hr>
						<gpxtpx:atemp>30</gpxtpx:atemp>
					</gpxtpx:TrackPointExtension>
				</extensions>
			</trkpt>
			<trkpt lat="48.608569" lon="-2.19429">
				<ele>9.4</ele>
				<time>2024-08-18T15:20:40Z</time>
				<extensions>
					<gpxtpx:TrackPointExtension>
						<gpxtpx:hr>87</gpxtpx:hr>
						<gpxtpx:atemp>30</gpxtpx:atemp>
					</gpxtpx:TrackPointExtension>
				</extensions>
			</trkpt>
			<trkpt lat="48.608571" lon="-2.194302">
				<ele>9.2</ele>
				<time>2024-08-18T15:20:47Z</time>
				<extensions>
					<gpxtpx:TrackPointExtension>
						<gpxtpx:hr>87</gpxtpx:hr>
						<gpxtpx:atemp>30</gpxtpx:atemp>
					</gpxtpx:TrackPointExtension>
				</extensions>
			</trkpt>
			<trkpt lat="48.608572" lon="-2.194328">
				<ele>8.8</ele>
				<time>2024-08-18T15:20:51Z</time>
				<extensions>
					<gpxtpx:TrackPointExtension>
						<gpxtpx:hr>82</gpxtpx:hr>
						<gpxtpx:atemp>30</gpxtpx:atemp>
					</gpxtpx:TrackPointExtension>
				</extensions>
			</trkpt>
			<trkpt lat="48.608575" lon="-2.194381">
				<ele>8.6</ele>
				<time>2024-08-18T15:20:55Z</time>
				<extensions>
					<gpxtpx:TrackPointExtension>
						<gpxtpx:hr>83</gpxtpx:hr>
						<gpxtpx:atemp>30</gpxtpx:atemp>
					</gpxtpx:TrackPointExtension>
				</extensions>
			</trkpt>
			<trkpt lat="48.608573" lon="-2.194394">
				<ele>8.2</ele>
				<time>2024-08-18T15:20:56Z</time>
				<extensions>
					<gpxtpx:TrackPointExtension>
						<gpxtpx:hr>85</gpxtpx:hr>
						<gpxtpx:atemp>30</gpxtpx:atemp>
					</gpxtpx:TrackPointExtension>
				</extensions>
			</trkpt>
			<trkpt lat="48.608579" lon="-2.194477">
				<ele>7.6</ele>
				<time>2024-08-18T15:21:01Z</time>
				<extensions>
					<gpxtpx:TrackPointExtension>
						<gpxtpx:hr>86</gpxtpx:hr>
						<gpxtpx:atemp>30</gpxtpx:atemp>
					</gpxtpx:TrackPointExtension>
				</extensions>
			</trkpt>
			<trkpt lat="48.608578" lon="-2.194517">
				<ele>7.2</ele>
				<time>2024-08-18T15:21:04Z</time>
				<extensions>
					<gpxtpx:TrackPointExtension>
						<gpxtpx:hr>82</gpxtpx:hr>
						<gpxtpx:atemp>30</gpxtpx:atemp>
					</gpxtpx:TrackPointExtension>
				</extensions>
			</trkpt>
			<trkpt lat="48.608581" lon="-2.194535">
				<ele>7.2</ele>
				<time>2024-08-18T15:21:05Z</time>
				<extensions>
					<gpxtpx:TrackPointExtension>
						<gpxtpx:hr>80</gpxtpx:hr>
						<gpxtpx:atemp>30</gpxtpx:atemp>
					</gpxtpx:TrackPointExtension>
				</extensions>
			</trkpt>
			<trkpt lat="48.608577" lon="-2.194579">
				<ele>7</ele>
				<time>2024-08-18T15:21:08Z</time>
				<extensions>
					<gpxtpx:TrackPointExtension>
						<gpxtpx:hr>77</gpxtpx:hr>
						<gpxtpx:atemp>30</gpxtpx:atemp>
					</gpxtpx:TrackPointExtension>
				</extensions>
			</trkpt>
			<trkpt lat="48.608587" lon="-2.194611">
				<ele>6.8</ele>
				<time>2024-08-18T15:21:10Z</time>
				<extensions>
					<gpxtpx:TrackPointExtension>
						<gpxtpx:hr>77</gpxtpx:hr>
						<gpxtpx:atemp>30</gpxtpx:atemp>
					</gpxtpx:TrackPointExtension>
				</extensions>
			</trkpt>
			<trkpt lat="48.608601" lon="-2.194641">
				<ele>6.8</ele>
				<time>2024-08-18T15:21:12Z</time>
				<extensions>
					<gpxtpx:TrackPointExtension>
						<gpxtpx:hr>76</gpxtpx:hr>
						<gpxtpx:atemp>30</gpxtpx:atemp>
					</gpxtpx:TrackPointExtension>
				</extensions>
			</trkpt>
			<trkpt lat="48.608602" lon="-2.194653">
				<ele>6.6</ele>
				<time>2024-08-18T15:21:13Z</time>
				<extensions>
					<gpxtpx:TrackPointExtension>
						<gpxtpx:hr>77</gpxtpx:hr>
						<gpxtpx:atemp>30</gpxtpx:atemp>
					</gpxtpx:TrackPointExtension>
				</extensions>
			</trkpt>
			<trkpt lat="48.608592" lon="-2.194721">
				<ele>6.4</ele>
				<time>2024-08-18T15:21:17Z</time>
				<extensions>
					<gpxtpx:TrackPointExtension>
						<gpxtpx:hr>77</gpxtpx:hr>
						<gpxtpx:atemp>30</gpxtpx:atemp>
					</gpxtpx:TrackPointExtension>
				</extensions>
			</trkpt>
			<trkpt lat="48.608593" lon="-2.194767">
				<ele>6</ele>
				<time>2024-08-18T15:21:20Z</time>
				<extensions>
					<gpxtpx:TrackPointExtension>
						<gpxtpx:hr>75</gpxtpx:hr>
						<gpxtpx:atemp>30</gpxtpx:atemp>
					</gpxtpx:TrackPointExtension>
				</extensions>
			</trkpt>
			<trkpt lat="48.608589" lon="-2.194815">
				<ele>5.4</ele>
				<time>2024-08-18T15:21:23Z</time>
				<extensions>
					<gpxtpx:TrackPointExtension>
						<gpxtpx:hr>75</gpxtpx:hr>
						<gpxtpx:atemp>30</gpxtpx:atemp>
					</gpxtpx:TrackPointExtension>
				</extensions>
			</trkpt>
			<trkpt lat="48.608586" lon="-2.19482">
				<ele>5.4</ele>
				<time>2024-08-18T15:21:24Z</time>
				<extensions>
					<gpxtpx:TrackPointExtension>
						<gpxtpx:hr>75</gpxtpx:hr>
						<gpxtpx:atemp>30</gpxtpx:atemp>
					</gpxtpx:TrackPointExtension>
				</extensions>
			</trkpt>
			<trkpt lat="48.608584" lon="-2.194821">
				<ele>5.6</ele>
				<time>2024-08-18T15:21:29Z</time>
				<extensions>
					<gpxtpx:TrackPointExtension>
						<gpxtpx:hr>76</gpxtpx:hr>
						<gpxtpx:atemp>30</gpxtpx:atemp>
					</gpxtpx:TrackPointExtension>
				</extensions>
			</trkpt>
			<trkpt lat="48.608529" lon="-2.194828">
				<ele>5.2</ele>
				<time>2024-08-18T15:21:34Z</time>
				<extensions>
					<gpxtpx:TrackPointExtension>
						<gpxtpx:hr>76</gpxtpx:hr>
						<gpxtpx:atemp>30</gpxtpx:atemp>
					</gpxtpx:TrackPointExtension>
				</extensions>
			</trkpt>
			<trkpt lat="48.608513" lon="-2.194822">
				<ele>5.2</ele>
				<time>2024-08-18T15:21:35Z</time>
				<extensions>
					<gpxtpx:TrackPointExtension>
						<gpxtpx:hr>76</gpxtpx:hr>
						<gpxtpx:atemp>30</gpxtpx:atemp>
					</gpxtpx:TrackPointExtension>
				</extensions>
			</trkpt>
			<trkpt lat="48.608466" lon="-2.194779">
				<ele>5.2</ele>
				<time>2024-08-18T15:21:39Z</time>
				<extensions>
					<gpxtpx:TrackPointExtension>
						<gpxtpx:hr>79</gpxtpx:hr>
						<gpxtpx:atemp>31</gpxtpx:atemp>
					</gpxtpx:TrackPointExtension>
				</extensions>
			</trkpt>
			<trkpt lat="48.60845" lon="-2.194738">
				<ele>5</ele>
				<time>2024-08-18T15:21:42Z</time>
				<extensions>
					<gpxtpx:TrackPointExtension>
						<gpxtpx:hr>80</gpxtpx:hr>
						<gpxtpx:atemp>31</gpxtpx:atemp>
					</gpxtpx:TrackPointExtension>
				</extensions>
			</trkpt>
			<trkpt lat="48.6084" lon="-2.194675">
				<ele>4.6</ele>
				<time>2024-08-18T15:21:48Z</time>
				<extensions>
					<gpxtpx:TrackPointExtension>
						<gpxtpx:hr>79</gpxtpx:hr>
						<gpxtpx:atemp>31</gpxtpx:atemp>
					</gpxtpx:TrackPointExtension>
				</extensions>
			</trkpt>
			<trkpt lat="48.608361" lon="-2.194569">
				<ele>5</ele>
				<time>2024-08-18T15:21:55Z</time>
				<extensions>
					<gpxtpx:TrackPointExtension>
						<gpxtpx:hr>82</gpxtpx:hr>
						<gpxtpx:atemp>31</gpxtpx:atemp>
					</gpxtpx:TrackPointExtension>
				</extensions>
			</trkpt>
			<trkpt lat="48.608363" lon="-2.19454">
				<ele>5.2</ele>
				<time>2024-08-18T15:21:57Z</time>
				<extensions>
					<gpxtpx:TrackPointExtension>
						<gpxtpx:hr>83</gpxtpx:hr>
						<gpxtpx:atemp>31</gpxtpx:atemp>
					</gpxtpx:TrackPointExtension>
				</extensions>
			</trkpt>
			<trkpt lat="48.608374" lon="-2.194485">
				<ele>6</ele>
				<time>2024-08-18T15:22:01Z</time>
				<extensions>
					<gpxtpx:TrackPointExtension>
						<gpxtpx:hr>85</gpxtpx:hr>
						<gpxtpx:atemp>31</gpxtpx:atemp>
					</gpxtpx:TrackPointExtension>
				</extensions>
			</trkpt>
			<trkpt lat="48.608378" lon="-2.194469">
				<ele>6.2</ele>
				<time>2024-08-18T15:22:02Z</time>
				<extensions>
					<gpxtpx:TrackPointExtension>
						<gpxtpx:hr>84</gpxtpx:hr>
						<gpxtpx:atemp>31</gpxtpx:atemp>
					</gpxtpx:TrackPointExtension>
				</extensions>
			</trkpt>
			<trkpt lat="48.6084" lon="-2.194411">
				<ele>7.2</ele>
				<time>2024-08-18T15:22:06Z</time>
				<extensions>
					<gpxtpx:TrackPointExtension>
						<gpxtpx:hr>83</gpxtpx:hr>
						<gpxtpx:atemp>31</gpxtpx:atemp>
					</gpxtpx:TrackPointExtension>
				</extensions>
			</trkpt>
			<trkpt lat="48.608415" lon="-2.194375">
				<ele>7.6</ele>
				<time>2024-08-18T15:22:09Z</time>
				<extensions>
					<gpxtpx:TrackPointExtension>
						<gpxtpx:hr>83</gpxtpx:hr>
						<gpxtpx:atemp>31</gpxtpx:atemp>
					</gpxtpx:TrackPointExtension>
				</extensions>
			</trkpt>
			<trkpt lat="48.608425" lon="-2.194355">
				<ele>8</ele>
				<time>2024-08-18T15:22:11Z</time>
				<extensions>
					<gpxtpx:TrackPointExtension>
						<gpxtpx:hr>86</gpxtpx:hr>
						<gpxtpx:atemp>31</gpxtpx:atemp>
					</gpxtpx:TrackPointExtension>
				</extensions>
			</trkpt>
			<trkpt lat="48.608428" lon="-2.194329">
				<ele>8.2</ele>
				<time>2024-08-18T15:22:13Z</time>
				<extensions>
					<gpxtpx:TrackPointExtension>
						<gpxtpx:hr>87</gpxtpx:hr>
						<gpxtpx:atemp>31</gpxtpx:atemp>
					</gpxtpx:TrackPointExtension>
				</extensions>
			</trkpt>
			<trkpt lat="48.608429" lon="-2.194316">
				<ele>8.4</ele>
				<time>2024-08-18T15:22:14Z</time>
				<extensions>
					<gpxtpx:TrackPointExtension>
						<gpxtpx:hr>88</gpxtpx:hr>
						<gpxtpx:atemp>31</gpxtpx:atemp>
					</gpxtpx:TrackPointExtension>
				</extensions>
			</trkpt>
			<trkpt lat="48.608426" lon="-2.194289">
				<ele>9</ele>
				<time>2024-08-18T15:22:16Z</time>
				<extensions>
					<gpxtpx:TrackPointExtension>
						<gpxtpx:hr>91</gpxtpx:hr>
						<gpxtpx:atemp>31</gpxtpx:atemp>
					</gpxtpx:TrackPointExtension>
				</extensions>
			</trkpt>
			<trkpt lat="48.608424" lon="-2.194275">
				<ele>9.2</ele>
				<time>2024-08-18T15:22:17Z</time>
				<extensions>
					<gpxtpx:TrackPointExtension>
						<gpxtpx:hr>93</gpxtpx:hr>
						<gpxtpx:atemp>31</gpxtpx:atemp>
					</gpxtpx:TrackPointExtension>
				</extensions>
			</trkpt>
			<trkpt lat="48.608419" lon="-2.194248">
				<ele>9.4</ele>
				<time>2024-08-18T15:22:19Z</time>
				<extensions>
					<gpxtpx:TrackPointExtension>
						<gpxtpx:hr>97</gpxtpx:hr>
						<gpxtpx:atemp>31</gpxtpx:atemp>
					</gpxtpx:TrackPointExtension>
				</extensions>
			</trkpt>
			<trkpt lat="48.60841" lon="-2.194236">
				<ele>9.4</ele>
				<time>2024-08-18T15:22:20Z</time>
				<extensions>
					<gpxtpx:TrackPointExtension>
						<gpxtpx:hr>99</gpxtpx:hr>
						<gpxtpx:atemp>31</gpxtpx:atemp>
					</gpxtpx:TrackPointExtension>
				</extensions>
			</trkpt>
			<trkpt lat="48.608405" lon="-2.194223">
				<ele>9.8</ele>
				<time>2024-08-18T15:22:23Z</time>
				<extensions>
					<gpxtpx:TrackPointExtension>
						<gpxtpx:hr>103</gpxtpx:hr>
						<gpxtpx:atemp>31</gpxtpx:atemp>
					</gpxtpx:TrackPointExtension>
				</extensions>
			</trkpt>
			<trkpt lat="48.608404" lon="-2.194222">
				<ele>9.8</ele>
				<time>2024-08-18T15:22:24Z</time>
				<extensions>
					<gpxtpx:TrackPointExtension>
						<gpxtpx:hr>104</gpxtpx:hr>
						<gpxtpx:atemp>31</gpxtpx:atemp>
					</gpxtpx:TrackPointExtension>
				</extensions>
			</trkpt>
			<trkpt lat="48.6084" lon="-2.194223">
				<ele>9.8</ele>
				<time>2024-08-18T15:22:26Z</time>
				<extensions>
					<gpxtpx:TrackPointExtension>
						<gpxtpx:hr>108</gpxtpx:hr>
						<gpxtpx:atemp>31</gpxtpx:atemp>
					</gpxtpx:TrackPointExtension>
				</extensions>
			</trkpt>
			<trkpt lat="48.608396" lon="-2.194218">
				<ele>9.8</ele>
				<time>2024-08-18T15:22:27Z</time>
				<extensions>
					<gpxtpx:TrackPointExtension>
						<gpxtpx:hr>112</gpxtpx:hr>
						<gpxtpx:atemp>31</gpxtpx:atemp>
					</gpxtpx:TrackPointExtension>
				</extensions>
			</trkpt>
			<trkpt lat="48.608377" lon="-2.194203">
				<ele>9.4</ele>
				<time>2024-08-18T15:22:29Z</time>
				<extensions>
					<gpxtpx:TrackPointExtension>
						<gpxtpx:hr>116</gpxtpx:hr>
						<gpxtpx:atemp>31</gpxtpx:atemp>
					</gpxtpx:TrackPointExtension>
				</extensions>
			</trkpt>
			<trkpt lat="48.608353" lon="-2.194196">
				<ele>9.4</ele>
				<time>2024-08-18T15:22:31Z</time>
				<extensions>
					<gpxtpx:TrackPointExtension>
						<gpxtpx:hr>118</gpxtpx:hr>
						<gpxtpx:atemp>31</gpxtpx:atemp>
					</gpxtpx:TrackPointExtension>
				</extensions>
			</trkpt>
			<trkpt lat="48.608333" lon="-2.194199">
				<ele>9.4</ele>
				<time>2024-08-18T15:22:33Z</time>
				<extensions>
					<gpxtpx:TrackPointExtension>
						<gpxtpx:hr>120</gpxtpx:hr>
						<gpxtpx:atemp>31</gpxtpx:atemp>
					</gpxtpx:TrackPointExtension>
				</extensions>
			</trkpt>
			<trkpt lat="48.608317" lon="-2.194199">
				<ele>9.2</ele>
				<time>2024-08-18T15:22:35Z</time>
				<extensions>
					<gpxtpx:TrackPointExtension>
						<gpxtpx:hr>121</gpxtpx:hr>
						<gpxtpx:atemp>31</gpxtpx:atemp>
					</gpxtpx:TrackPointExtension>
				</extensions>
			</trkpt>
			<trkpt lat="48.60829" lon="-2.19421">
				<ele>8.4</ele>
				<time>2024-08-18T15:22:39Z</time>
				<extensions>
					<gpxtpx:TrackPointExtension>
						<gpxtpx:hr>119</gpxtpx:hr>
						<gpxtpx:atemp>31</gpxtpx:atemp>
					</gpxtpx:TrackPointExtension>
				</extensions>
			</trkpt>
			<trkpt lat="48.608246" lon="-2.194209">
				<ele>8</ele>
				<time>2024-08-18T15:22:42Z</time>
				<extensions>
					<gpxtpx:TrackPointExtension>
						<gpxtpx:hr>116</gpxtpx:hr>
						<gpxtpx:atemp>31</gpxtpx:atemp>
					</gpxtpx:TrackPointExtension>
				</extensions>
			</trkpt>
			<trkpt lat="48.608203" lon="-2.194187">
				<ele>8</ele>
				<time>2024-08-18T15:22:46Z</time>
				<extensions>
					<gpxtpx:TrackPointExtension>
						<gpxtpx:hr>112</gpxtpx:hr>
						<gpxtpx:atemp>31</gpxtpx:atemp>
					</gpxtpx:TrackPointExtension>
				</extensions>
			</trkpt>
			<trkpt lat="48.608165" lon="-2.194169">
				<ele>8</ele>
				<time>2024-08-18T15:22:49Z</time>
				<extensions>
					<gpxtpx:TrackPointExtension>
						<gpxtpx:hr>109</gpxtpx:hr>
						<gpxtpx:atemp>31</gpxtpx:atemp>
					</gpxtpx:TrackPointExtension>
				</extensions>
			</trkpt>
			<trkpt lat="48.608132" lon="-2.194156">
				<ele>8.2</ele>
				<time>2024-08-18T15:22:52Z</time>
				<extensions>
					<gpxtpx:TrackPointExtension>
						<gpxtpx:hr>108</gpxtpx:hr>
						<gpxtpx:atemp>31</gpxtpx:atemp>
					</gpxtpx:TrackPointExtension>
				</extensions>
			</trkpt>
			<trkpt lat="48.608112" lon="-2.194149">
				<ele>8.2</ele>
				<time>2024-08-18T15:22:54Z</time>
				<extensions>
					<gpxtpx:TrackPointExtension>
						<gpxtpx:hr>108</gpxtpx:hr>
						<gpxtpx:atemp>31</gpxtpx:atemp>
					</gpxtpx:TrackPointExtension>
				</extensions>
			</trkpt>
			<trkpt lat="48.608077" lon="-2.194155">
				<ele>7.8</ele>
				<time>2024-08-18T15:22:57Z</time>
				<extensions>
					<gpxtpx:TrackPointExtension>
						<gpxtpx:hr>106</gpxtpx:hr>
						<gpxtpx:atemp>31</gpxtpx:atemp>
					</gpxtpx:TrackPointExtension>
				</extensions>
			</trkpt>
			<trkpt lat="48.608027" lon="-2.194147">
				<ele>8</ele>
				<time>2024-08-18T15:23:01Z</time>
				<extensions>
					<gpxtpx:TrackPointExtension>
						<gpxtpx:hr>107</gpxtpx:hr>
						<gpxtpx:atemp>31</gpxtpx:atemp>
					</gpxtpx:TrackPointExtension>
				</extensions>
			</trkpt>
			<trkpt lat="48.608004" lon="-2.194146">
				<ele>8</ele>
				<time>2024-08-18T15:23:03Z</time>
				<extensions>
					<gpxtpx:TrackPointExtension>
						<gpxtpx:hr>109</gpxtpx:hr>
						<gpxtpx:atemp>31</gpxtpx:atemp>
					</gpxtpx:TrackPointExtension>
				</extensions>
			</trkpt>
			<trkpt lat="48.607992" lon="-2.194149">
				<ele>8</ele>
				<time>2024-08-18T15:23:04Z</time>
				<extensions>
					<gpxtpx:TrackPointExtension>
						<gpxtpx:hr>106</gpxtpx:hr>
						<gpxtpx:atemp>31</gpxtpx:atemp>
					</gpxtpx:TrackPointExtension>
				</extensions>
			</trkpt>
			<trkpt lat="48.607944" lon="-2.194154">
				<ele>8.4</ele>
				<time>2024-08-18T15:23:08Z</time>
				<extensions>
					<gpxtpx:TrackPointExtension>
						<gpxtpx:hr>103</gpxtpx:hr>
						<gpxtpx:atemp>31</gpxtpx:atemp>
					</gpxtpx:TrackPointExtension>
				</extensions>
			</trkpt>
			<trkpt lat="48.607926" lon="-2.194165">
				<ele>8.6</ele>
				<time>2024-08-18T15:23:10Z</time>
				<extensions>
					<gpxtpx:TrackPointExtension>
						<gpxtpx:hr>102</gpxtpx:hr>
						<gpxtpx:atemp>31</gpxtpx:atemp>
					</gpxtpx:TrackPointExtension>
				</extensions>
			</trkpt>
			<trkpt lat="48.607908" lon="-2.194179">
				<ele>8.8</ele>
				<time>2024-08-18T15:23:12Z</time>
				<extensions>
					<gpxtpx:TrackPointExtension>
						<gpxtpx:hr>100</gpxtpx:hr>
						<gpxtpx:atemp>31</gpxtpx:atemp>
					</gpxtpx:TrackPointExtension>
				</extensions>
			</trkpt>
			<trkpt lat="48.607892" lon="-2.194211">
				<ele>8.6</ele>
				<time>2024-08-18T15:23:14Z</time>
				<extensions>
					<gpxtpx:TrackPointExtension>
						<gpxtpx:hr>94</gpxtpx:hr>
						<gpxtpx:atemp>31</gpxtpx:atemp>
					</gpxtpx:TrackPointExtension>
				</extensions>
			</trkpt>
			<trkpt lat="48.607885" lon="-2.194229">
				<ele>8.4</ele>
				<time>2024-08-18T15:23:15Z</time>
				<extensions>
					<gpxtpx:TrackPointExtension>
						<gpxtpx:hr>91</gpxtpx:hr>
						<gpxtpx:atemp>31</gpxtpx:atemp>
					</gpxtpx:TrackPointExtension>
				</extensions>
			</trkpt>
			<trkpt lat="48.607883" lon="-2.19425">
				<ele>8</ele>
				<time>2024-08-18T15:23:16Z</time>
				<extensions>
					<gpxtpx:TrackPointExtension>
						<gpxtpx:hr>90</gpxtpx:hr>
						<gpxtpx:atemp>31</gpxtpx:atemp>
					</gpxtpx:TrackPointExtension>
				</extensions>
			</trkpt>
			<trkpt lat="48.60788" lon="-2.194289">
				<ele>7.6</ele>
				<time>2024-08-18T15:23:18Z</time>
				<extensions>
					<gpxtpx:TrackPointExtension>
						<gpxtpx:hr>89</gpxtpx:hr>
						<gpxtpx:atemp>31</gpxtpx:atemp>
					</gpxtpx:TrackPointExtension>
				</extensions>
			</trkpt>
			<trkpt lat="48.607873" lon="-2.194324">
				<ele>7.4</ele>
				<time>2024-08-18T15:23:20Z</time>
				<extensions>
					<gpxtpx:TrackPointExtension>
						<gpxtpx:hr>89</gpxtpx:hr>
						<gpxtpx:atemp>31</gpxtpx:atemp>
					</gpxtpx:TrackPointExtension>
				</extensions>
			</trkpt>
			<trkpt lat="48.607872" lon="-2.194336">
				<ele>7.2</ele>
				<time>2024-08-18T15:23:23Z</time>
				<extensions>
					<gpxtpx:TrackPointExtension>
						<gpxtpx:hr>89</gpxtpx:hr>
						<gpxtpx:atemp>31</gpxtpx:atemp>
					</gpxtpx:TrackPointExtension>
				</extensions>
			</trkpt>
			<trkpt lat="48.607813" lon="-2.194369">
				<ele>7.4</ele>
				<time>2024-08-18T15:23:29Z</time>
				<extensions>
					<gpxtpx:TrackPointExtension>
						<gpxtpx:hr>90</gpxtpx:hr>
						<gpxtpx:atemp>31</gpxtpx:atemp>
					</gpxtpx:TrackPointExtension>
				</extensions>
			</trkpt>
			<trkpt lat="48.607723" lon="-2.194356">
				<ele>8</ele>
				<time>2024-08-18T15:23:36Z</time>
				<extensions>
					<gpxtpx:TrackPointExtension>
						<gpxtpx:hr>92</gpxtpx:hr>
						<gpxtpx:atemp>31</gpxtpx:atemp>
					</gpxtpx:TrackPointExtension>
				</extensions>
			</trkpt>
			<trkpt lat="48.607701" lon="-2.194357">
				<ele>8.4</ele>
				<time>2024-08-18T15:23:38Z</time>
				<extensions>
					<gpxtpx:TrackPointExtension>
						<gpxtpx:hr>91</gpxtpx:hr>
						<gpxtpx:atemp>31</gpxtpx:atemp>
					</gpxtpx:TrackPointExtension>
				</extensions>
			</trkpt>
			<trkpt lat="48.607683" lon="-2.194362">
				<ele>8.6</ele>
				<time>2024-08-18T15:23:40Z</time>
				<extensions>
					<gpxtpx:TrackPointExtension>
						<gpxtpx:hr>91</gpxtpx:hr>
						<gpxtpx:atemp>31</gpxtpx:atemp>
					</gpxtpx:TrackPointExtension>
				</extensions>
			</trkpt>
			<trkpt lat="48.607641" lon="-2.194354">
				<ele>8.6</ele>
				<time>2024-08-18T15:23:43Z</time>
				<extensions>
					<gpxtpx:TrackPointExtension>
						<gpxtpx:hr>90</gpxtpx:hr>
						<gpxtpx:atemp>31</gpxtpx:atemp>
					</gpxtpx:TrackPointExtension>
				</extensions>
			</trkpt>
			<trkpt lat="48.607587" lon="-2.194328">
				<ele>8.8</ele>
				<time>2024-08-18T15:23:47Z</time>
				<extensions>
					<gpxtpx:TrackPointExtension>
						<gpxtpx:hr>93</gpxtpx:hr>
						<gpxtpx:atemp>31</gpxtpx:atemp>
					</gpxtpx:TrackPointExtension>
				</extensions>
			</trkpt>
			<trkpt lat="48.607541" lon="-2.194332">
				<ele>9.2</ele>
				<time>2024-08-18T15:23:51Z</time>
				<extensions>
					<gpxtpx:TrackPointExtension>
						<gpxtpx:hr>96</gpxtpx:hr>
						<gpxtpx:atemp>31</gpxtpx:atemp>
					</gpxtpx:TrackPointExtension>
				</extensions>
			</trkpt>
			<trkpt lat="48.607527" lon="-2.194339">
				<ele>9.2</ele>
				<time>2024-08-18T15:23:52Z</time>
				<extensions>
					<gpxtpx:TrackPointExtension>
						<gpxtpx:hr>96</gpxtpx:hr>
						<gpxtpx:atemp>31</gpxtpx:atemp>
					</gpxtpx:TrackPointExtension>
				</extensions>
			</trkpt>
			<trkpt lat="48.607463" lon="-2.194356">
				<ele>9.2</ele>
				<time>2024-08-18T15:23:58Z</time>
				<extensions>
					<gpxtpx:TrackPointExtension>
						<gpxtpx:hr>97</gpxtpx:hr>
						<gpxtpx:atemp>31</gpxtpx:atemp>
					</gpxtpx:TrackPointExtension>
				</extensions>
			</trkpt>
			<trkpt lat="48.607395" lon="-2.194358">
				<ele>9.2</ele>
				<time>2024-08-18T15:24:03Z</time>
				<extensions>
					<gpxtpx:TrackPointExtension>
						<gpxtpx:hr>95</gpxtpx:hr>
						<gpxtpx:atemp>31</gpxtpx:atemp>
					</gpxtpx:TrackPointExtension>
				</extensions>
			</trkpt>
			<trkpt lat="48.60737" lon="-2.194353">
				<ele>9.6</ele>
				<time>2024-08-18T15:24:05Z</time>
				<extensions>
					<gpxtpx:TrackPointExtension>
						<gpxtpx:hr>94</gpxtpx:hr>
						<gpxtpx:atemp>31</gpxtpx:atemp>
					</gpxtpx:TrackPointExtension>
				</extensions>
			</trkpt>
			<trkpt lat="48.607357" lon="-2.194352">
				<ele>10</ele>
				<time>2024-08-18T15:24:06Z</time>
				<extensions>
					<gpxtpx:TrackPointExtension>
						<gpxtpx:hr>95</gpxtpx:hr>
						<gpxtpx:atemp>31</gpxtpx:atemp>
					</gpxtpx:TrackPointExtension>
				</extensions>
			</trkpt>
			<trkpt lat="48.607267" lon="-2.194362">
				<ele>10.4</ele>
				<time>2024-08-18T15:24:13Z</time>
				<extensions>
					<gpxtpx:TrackPointExtension>
						<gpxtpx:hr>97</gpxtpx:hr>
						<gpxtpx:atemp>31</gpxtpx:atemp>
					</gpxtpx:TrackPointExtension>
				</extensions>
			</trkpt>
			<trkpt lat="48.607255" lon="-2.194369">
				<ele>10.4</ele>
				<time>2024-08-18T15:24:14Z</time>
				<extensions>
					<gpxtpx:TrackPointExtension>
						<gpxtpx:hr>97</gpxtpx:hr>
						<gpxtpx:atemp>31</gpxtpx:atemp>
					</gpxtpx:TrackPointExtension>
				</extensions>
			</trkpt>
			<trkpt lat="48.607231" lon="-2.194401">
				<ele>10.4</ele>
				<time>2024-08-18T15:24:17Z</time>
				<extensions>
					<gpxtpx:TrackPointExtension>
						<gpxtpx:hr>97</gpxtpx:hr>
						<gpxtpx:atemp>31</gpxtpx:atemp>
					</gpxtpx:TrackPointExtension>
				</extensions>
			</trkpt>
			<trkpt lat="48.607222" lon="-2.194468">
				<ele>10.2</ele>
				<time>2024-08-18T15:24:21Z</time>
				<extensions>
					<gpxtpx:TrackPointExtension>
						<gpxtpx:hr>98</gpxtpx:hr>
						<gpxtpx:atemp>31</gpxtpx:atemp>
					</gpxtpx:TrackPointExtension>
				</extensions>
			</trkpt>
			<trkpt lat="48.607199" lon="-2.194635">
				<ele>8.8</ele>
				<time>2024-08-18T15:24:30Z</time>
				<extensions>
					<gpxtpx:TrackPointExtension>
						<gpxtpx:hr>99</gpxtpx:hr>
						<gpxtpx:atemp>31</gpxtpx:atemp>
					</gpxtpx:TrackPointExtension>
				</extensions>
			</trkpt>
			<trkpt lat="48.607198" lon="-2.194651">
				<ele>8.6</ele>
				<time>2024-08-18T15:24:31Z</time>
				<extensions>
					<gpxtpx:TrackPointExtension>
						<gpxtpx:hr>99</gpxtpx:hr>
						<gpxtpx:atemp>31</gpxtpx:atemp>
					</gpxtpx:TrackPointExtension>
				</extensions>
			</trkpt>
			<trkpt lat="48.607156" lon="-2.194744">
				<ele>7.8</ele>
				<time>2024-08-18T15:24:36Z</time>
				<extensions>
					<gpxtpx:TrackPointExtension>
						<gpxtpx:hr>95</gpxtpx:hr>
						<gpxtpx:atemp>31</gpxtpx:atemp>
					</gpxtpx:TrackPointExtension>
				</extensions>
			</trkpt>
			<trkpt lat="48.607139" lon="-2.194765">
				<ele>7.8</ele>
				<time>2024-08-18T15:24:38Z</time>
				<extensions>
					<gpxtpx:TrackPointExtension>
						<gpxtpx:hr>92</gpxtpx:hr>
						<gpxtpx:atemp>31</gpxtpx:atemp>
					</gpxtpx:TrackPointExtension>
				</extensions>
			</trkpt>
			<trkpt lat="48.607046" lon="-2.194857">
				<ele>7.8</ele>
				<time>2024-08-18T15:24:47Z</time>
				<extensions>
					<gpxtpx:TrackPointExtension>
						<gpxtpx:hr>89</gpxtpx:hr>
						<gpxtpx:atemp>31</gpxtpx:atemp>
					</gpxtpx:TrackPointExtension>
				</extensions>
			</trkpt>
			<trkpt lat="48.607025" lon="-2.194863">
				<ele>7.6</ele>
				<time>2024-08-18T15:24:49Z</time>
				<extensions>
					<gpxtpx:TrackPointExtension>
						<gpxtpx:hr>86</gpxtpx:hr>
						<gpxtpx:atemp>31</gpxtpx:atemp>
					</gpxtpx:TrackPointExtension>
				</extensions>
			</trkpt>
			<trkpt lat="48.606996" lon="-2.194878">
				<ele>7.4</ele>
				<time>2024-08-18T15:24:51Z</time>
				<extensions>
					<gpxtpx:TrackPointExtension>
						<gpxtpx:hr>83</gpxtpx:hr>
						<gpxtpx:atemp>31</gpxtpx:atemp>
					</gpxtpx:TrackPointExtension>
				</extensions>
			</trkpt>
			<trkpt lat="48.606983" lon="-2.194879">
				<ele>7.4</ele>
				<time>2024-08-18T15:24:52Z</time>
				<extensions>
					<gpxtpx:TrackPointExtension>
						<gpxtpx:hr>83</gpxtpx:hr>
						<gpxtpx:atemp>31</gpxtpx:atemp>
					</gpxtpx:TrackPointExtension>
				</extensions>
			</trkpt>
			<trkpt lat="48.60695" lon="-2.194865">
				<ele>7.2</ele>
				<time>2024-08-18T15:24:55Z</time>
				<extensions>
					<gpxtpx:TrackPointExtension>
						<gpxtpx:hr>82</gpxtpx:hr>
						<gpxtpx:atemp>31</gpxtpx:atemp>
					</gpxtpx:TrackPointExtension>
				</extensions>
			</trkpt>
			<trkpt lat="48.606943" lon="-2.194853">
				<ele>7</ele>
				<time>2024-08-18T15:24:56Z</time>
				<extensions>
					<gpxtpx:TrackPointExtension>
						<gpxtpx:hr>82</gpxtpx:hr>
						<gpxtpx:atemp>31</gpxtpx:atemp>
					</gpxtpx:TrackPointExtension>
				</extensions>
			</trkpt>
			<trkpt lat="48.606896" lon="-2.194709">
				<ele>7.4</ele>
				<time>2024-08-18T15:25:05Z</time>
				<extensions>
					<gpxtpx:TrackPointExtension>
						<gpxtpx:hr>85</gpxtpx:hr>
						<gpxtpx:atemp>32</gpxtpx:atemp>
					</gpxtpx:TrackPointExtension>
				</extensions>
			</trkpt>
			<trkpt lat="48.606881" lon="-2.194663">
				<ele>7.8</ele>
				<time>2024-08-18T15:25:08Z</time>
				<extensions>
					<gpxtpx:TrackPointExtension>
						<gpxtpx:hr>88</gpxtpx:hr>
						<gpxtpx:atemp>32</gpxtpx:atemp>
					</gpxtpx:TrackPointExtension>
				</extensions>
			</trkpt>
			<trkpt lat="48.606871" lon="-2.194626">
				<ele>7.8</ele>
				<time>2024-08-18T15:25:10Z</time>
				<extensions>
					<gpxtpx:TrackPointExtension>
						<gpxtpx:hr>91</gpxtpx:hr>
						<gpxtpx:atemp>32</gpxtpx:atemp>
					</gpxtpx:TrackPointExtension>
				</extensions>
			</trkpt>
			<trkpt lat="48.606863" lon="-2.194597">
				<ele>7.8</ele>
				<time>2024-08-18T15:25:12Z</time>
				<extensions>
					<gpxtpx:TrackPointExtension>
						<gpxtpx:hr>94</gpxtpx:hr>
						<gpxtpx:atemp>32</gpxtpx:atemp>
					</gpxtpx:TrackPointExtension>
				</extensions>
			</trkpt>
			<trkpt lat="48.606851" lon="-2.194552">
				<ele>8.4</ele>
				<time>2024-08-18T15:25:15Z</time>
				<extensions>
					<gpxtpx:TrackPointExtension>
						<gpxtpx:hr>95</gpxtpx:hr>
						<gpxtpx:atemp>32</gpxtpx:atemp>
					</gpxtpx:TrackPointExtension>
				</extensions>
			</trkpt>
			<trkpt lat="48.606842" lon="-2.194504">
				<ele>8.6</ele>
				<time>2024-08-18T15:25:18Z</time>
				<extensions>
					<gpxtpx:TrackPointExtension>
						<gpxtpx:hr>98</gpxtpx:hr>
						<gpxtpx:atemp>32</gpxtpx:atemp>
					</gpxtpx:TrackPointExtension>
				</extensions>
			</trkpt>
			<trkpt lat="48.606821" lon="-2.194421">
				<ele>8.8</ele>
				<time>2024-08-18T15:25:23Z</time>
				<extensions>
					<gpxtpx:TrackPointExtension>
						<gpxtpx:hr>102</gpxtpx:hr>
						<gpxtpx:atemp>32</gpxtpx:atemp>
					</gpxtpx:TrackPointExtension>
				</extensions>
			</trkpt>
			<trkpt lat="48.606796" lon="-2.194378">
				<ele>9</ele>
				<time>2024-08-18T15:25:27Z</time>
				<extensions>
					<gpxtpx:TrackPointExtension>
						<gpxtpx:hr>103</gpxtpx:hr>
						<gpxtpx:atemp>32</gpxtpx:atemp>
					</gpxtpx:TrackPointExtension>
				</extensions>
			</trkpt>
			<trkpt lat="48.60675" lon="-2.194338">
				<ele>8.8</ele>
				<time>2024-08-18T15:25:31Z</time>
				<extensions>
					<gpxtpx:TrackPointExtension>
						<gpxtpx:hr>105</gpxtpx:hr>
						<gpxtpx:atemp>32</gpxtpx:atemp>
					</gpxtpx:TrackPointExtension>
				</extensions>
			</trkpt>
			<trkpt lat="48.606658" lon="-2.19422">
				<ele>8.6</ele>
				<time>2024-08-18T15:25:41Z</time>
				<extensions>
					<gpxtpx:TrackPointExtension>
						<gpxtpx:hr>105</gpxtpx:hr>
						<gpxtpx:atemp>32</gpxtpx:atemp>
					</gpxtpx:TrackPointExtension>
				</extensions>
			</trkpt>
			<trkpt lat="48.606649" lon="-2.19416">
				<ele>8.6</ele>
				<time>2024-08-18T15:25:45Z</time>
				<extensions>
					<gpxtpx:TrackPointExtension>
						<gpxtpx:hr>103</gpxtpx:hr>
						<gpxtpx:atemp>32</gpxtpx:atemp>
					</gpxtpx:TrackPointExtension>
				</extensions>
			</trkpt>
			<trkpt lat="48.606639" lon="-2.194136">
				<ele>8.8</ele>
				<time>2024-08-18T15:25:47Z</time>
				<extensions>
					<gpxtpx:TrackPointExtension>
						<gpxtpx:hr>103</gpxtpx:hr>
						<gpxtpx:atemp>32</gpxtpx:atemp>
					</gpxtpx:TrackPointExtension>
				</extensions>
			</trkpt>
			<trkpt lat="48.606631" lon="-2.194121">
				<ele>8.8</ele>
				<time>2024-08-18T15:25:48Z</time>
				<extensions>
					<gpxtpx:TrackPointExtension>
						<gpxtpx:hr>103</gpxtpx:hr>
						<gpxtpx:atemp>32</gpxtpx:atemp>
					</gpxtpx:TrackPointExtension>
				</extensions>
			</trkpt>
			<trkpt lat="48.606611" lon="-2.194071">
				<ele>8.8</ele>
				<time>2024-08-18T15:25:51Z</time>
				<extensions>
					<gpxtpx:TrackPointExtension>
						<gpxtpx:hr>102</gpxtpx:hr>
						<gpxtpx:atemp>32</gpxtpx:atemp>
					</gpxtpx:TrackPointExtension>
				</extensions>
			</trkpt>
			<trkpt lat="48.606577" lon="-2.193983">
				<ele>8.6</ele>
				<time>2024-08-18T15:25:56Z</time>
				<extensions>
					<gpxtpx:TrackPointExtension>
						<gpxtpx:hr>102</gpxtpx:hr>
						<gpxtpx:atemp>32</gpxtpx:atemp>
					</gpxtpx:TrackPointExtension>
				</extensions>
			</trkpt>
			<trkpt lat="48.606539" lon="-2.193881">
				<ele>8.4</ele>
				<time>2024-08-18T15:26:02Z</time>
				<extensions>
					<gpxtpx:TrackPointExtension>
						<gpxtpx:hr>98</gpxtpx:hr>
						<gpxtpx:atemp>32</gpxtpx:atemp>
					</gpxtpx:TrackPointExtension>
				</extensions>
			</trkpt>
			<trkpt lat="48.606532" lon="-2.193867">
				<ele>8.4</ele>
				<time>2024-08-18T15:26:03Z</time>
				<extensions>
					<gpxtpx:TrackPointExtension>
						<gpxtpx:hr>96</gpxtpx:hr>
						<gpxtpx:atemp>32</gpxtpx:atemp>
					</gpxtpx:TrackPointExtension>
				</extensions>
			</trkpt>
			<trkpt lat="48.606491" lon="-2.193801">
				<ele>8</ele>
				<time>2024-08-18T15:26:08Z</time>
				<extensions>
					<gpxtpx:TrackPointExtension>
						<gpxtpx:hr>94</gpxtpx:hr>
						<gpxtpx:atemp>32</gpxtpx:atemp>
					</gpxtpx:TrackPointExtension>
				</extensions>
			</trkpt>
			<trkpt lat="48.60648" lon="-2.193792">
				<ele>7.6</ele>
				<time>2024-08-18T15:26:09Z</time>
				<extensions>
					<gpxtpx:TrackPointExtension>
						<gpxtpx:hr>94</gpxtpx:hr>
						<gpxtpx:atemp>32</gpxtpx:atemp>
					</gpxtpx:TrackPointExtension>
				</extensions>
			</trkpt>
			<trkpt lat="48.606471" lon="-2.193783">
				<ele>7.4</ele>
				<time>2024-08-18T15:26:10Z</time>
				<extensions>
					<gpxtpx:TrackPointExtension>
						<gpxtpx:hr>94</gpxtpx:hr>
						<gpxtpx:atemp>32</gpxtpx:atemp>
					</gpxtpx:TrackPointExtension>
				</extensions>
			</trkpt>
			<trkpt lat="48.606461" lon="-2.193783">
				<ele>7</ele>
				<time>2024-08-18T15:26:14Z</time>
				<extensions>
					<gpxtpx:TrackPointExtension>
						<gpxtpx:hr>95</gpxtpx:hr>
						<gpxtpx:atemp>32</gpxtpx:atemp>
					</gpxtpx:TrackPointExtension>
				</extensions>
			</trkpt>
			<trkpt lat="48.606413" lon="-2.193763">
				<ele>6.6</ele>
				<time>2024-08-18T15:26:21Z</time>
				<extensions>
					<gpxtpx:TrackPointExtension>
						<gpxtpx:hr>95</gpxtpx:hr>
						<gpxtpx:atemp>32</gpxtpx:atemp>
					</gpxtpx:TrackPointExtension>
				</extensions>
			</trkpt>
			<trkpt lat="48.606381" lon="-2.193759">
				<ele>6.4</ele>
				<time>2024-08-18T15:26:23Z</time>
				<extensions>
					<gpxtpx:TrackPointExtension>
						<gpxtpx:hr>95</gpxtpx:hr>
						<gpxtpx:atemp>32</gpxtpx:atemp>
					</gpxtpx:TrackPointExtension>
				</extensions>
			</trkpt>
			<trkpt lat="48.606359" lon="-2.193742">
				<ele>6</ele>
				<time>2024-08-18T15:26:25Z</time>
				<extensions>
					<gpxtpx:TrackPointExtension>
						<gpxtpx:hr>94</gpxtpx:hr>
						<gpxtpx:atemp>32</gpxtpx:atemp>
					</gpxtpx:TrackPointExtension>
				</extensions>
			</trkpt>
			<trkpt lat="48.606354" lon="-2.193712">
				<ele>5.8</ele>
				<time>2024-08-18T15:26:27Z</time>
				<extensions>
					<gpxtpx:TrackPointExtension>
						<gpxtpx:hr>93</gpxtpx:hr>
						<gpxtpx:atemp>32</gpxtpx:atemp>
					</gpxtpx:TrackPointExtension>
				</extensions>
			</trkpt>
			<trkpt lat="48.606369" lon="-2.193593">
				<ele>6.2</ele>
				<time>2024-08-18T15:26:34Z</time>
				<extensions>
					<gpxtpx:TrackPointExtension>
						<gpxtpx:hr>93</gpxtpx:hr>
						<gpxtpx:atemp>32</gpxtpx:atemp>
					</gpxtpx:TrackPointExtension>
				</extensions>
			</trkpt>
			<trkpt lat="48.606379" lon="-2.193528">
				<ele>6.4</ele>
				<time>2024-08-18T15:26:37Z</time>
				<extensions>
					<gpxtpx:TrackPointExtension>
						<gpxtpx:hr>90</gpxtpx:hr>
						<gpxtpx:atemp>32</gpxtpx:atemp>
					</gpxtpx:TrackPointExtension>
				</extensions>
			</trkpt>
			<trkpt lat="48.606382" lon="-2.193482">
				<ele>6.6</ele>
				<time>2024-08-18T15:26:39Z</time>
				<extensions>
					<gpxtpx:TrackPointExtension>
						<gpxtpx:hr>87</gpxtpx:hr>
						<gpxtpx:atemp>32</gpxtpx:atemp>
					</gpxtpx:TrackPointExtension>
				</extensions>
			</trkpt>
			<trkpt lat="48.606381" lon="-2.193417">
				<ele>6.8</ele>
				<time>2024-08-18T15:26:42Z</time>
				<extensions>
					<gpxtpx:TrackPointExtension>
						<gpxtpx:hr>88</gpxtpx:hr>
						<gpxtpx:atemp>32</gpxtpx:atemp>
					</gpxtpx:TrackPointExtension>
				</extensions>
			</trkpt>
			<trkpt lat="48.606387" lon="-2.193308">
				<ele>7.2</ele>
				<time>2024-08-18T15:26:48Z</time>
				<extensions>
					<gpxtpx:TrackPointExtension>
						<gpxtpx:hr>91</gpxtpx:hr>
						<gpxtpx:atemp>32</gpxtpx:atemp>
					</gpxtpx:TrackPointExtension>
				</extensions>
			</trkpt>
			<trkpt lat="48.606387" lon="-2.193294">
				<ele>7.2</ele>
				<time>2024-08-18T15:26:49Z</time>
				<extensions>
					<gpxtpx:TrackPointExtension>
						<gpxtpx:hr>92</gpxtpx:hr>
						<gpxtpx:atemp>32</gpxtpx:atemp>
					</gpxtpx:TrackPointExtension>
				</extensions>
			</trkpt>
			<trkpt lat="48.606382" lon="-2.193282">
				<ele>7.2</ele>
				<time>2024-08-18T15:26:50Z</time>
				<extensions>
					<gpxtpx:TrackPointExtension>
						<gpxtpx:hr>92</gpxtpx:hr>
						<gpxtpx:atemp>32</gpxtpx:atemp>
					</gpxtpx:TrackPointExtension>
				</extensions>
			</trkpt>
			<trkpt lat="48.606357" lon="-2.193271">
				<ele>7.2</ele>
				<time>2024-08-18T15:26:53Z</time>
				<extensions>
					<gpxtpx:TrackPointExtension>
						<gpxtpx:hr>92</gpxtpx:hr>
						<gpxtpx:atemp>32</gpxtpx:atemp>
					</gpxtpx:TrackPointExtension>
				</extensions>
			</trkpt>
			<trkpt lat="48.606351" lon="-2.193274">
				<ele>7</ele>
				<time>2024-08-18T15:26:54Z</time>
				<extensions>
					<gpxtpx:TrackPointExtension>
						<gpxtpx:hr>93</gpxtpx:hr>
						<gpxtpx:atemp>32</gpxtpx:atemp>
					</gpxtpx:TrackPointExtension>
				</extensions>
			</trkpt>
			<trkpt lat="48.606283" lon="-2.193286">
				<ele>6.8</ele>
				<time>2024-08-18T15:26:59Z</time>
				<extensions>
					<gpxtpx:TrackPointExtension>
						<gpxtpx:hr>94</gpxtpx:hr>
						<gpxtpx:atemp>32</gpxtpx:atemp>
					</gpxtpx:TrackPointExtension>
				</extensions>
			</trkpt>
			<trkpt lat="48.606218" lon="-2.193224">
				<ele>6.8</ele>
				<time>2024-08-18T15:27:05Z</time>
				<extensions>
					<gpxtpx:TrackPointExtension>
						<gpxtpx:hr>96</gpxtpx:hr>
						<gpxtpx:atemp>32</gpxtpx:atemp>
					</gpxtpx:TrackPointExtension>
				</extensions>
			</trkpt>
			<trkpt lat="48.60617" lon="-2.193187">
				<ele>6.8</ele>
				<time>2024-08-18T15:27:09Z</time>
				<extensions>
					<gpxtpx:TrackPointExtension>
						<gpxtpx:hr>97</gpxtpx:hr>
						<gpxtpx:atemp>32</gpxtpx:atemp>
					</gpxtpx:TrackPointExtension>
				</extensions>
			</trkpt>
			<trkpt lat="48.606151" lon="-2.193171">
				<ele>6.8</ele>
				<time>2024-08-18T15:27:11Z</time>
				<extensions>
					<gpxtpx:TrackPointExtension>
						<gpxtpx:hr>96</gpxtpx:hr>
						<gpxtpx:atemp>32</gpxtpx:atemp>
					</gpxtpx:TrackPointExtension>
				</extensions>
			</trkpt>
			<trkpt lat="48.606088" lon="-2.193126">
				<ele>6.6</ele>
				<time>2024-08-18T15:27:17Z</time>
				<extensions>
					<gpxtpx:TrackPointExtension>
						<gpxtpx:hr>95</gpxtpx:hr>
						<gpxtpx:atemp>32</gpxtpx:atemp>
					</gpxtpx:TrackPointExtension>
				</extensions>
			</trkpt>
			<trkpt lat="48.606048" lon="-2.193096">
				<ele>6.2</ele>
				<time>2024-08-18T15:27:21Z</time>
				<extensions>
					<gpxtpx:TrackPointExtension>
						<gpxtpx:hr>95</gpxtpx:hr>
						<gpxtpx:atemp>32</gpxtpx:atemp>
					</gpxtpx:TrackPointExtension>
				</extensions>
			</trkpt>
			<trkpt lat="48.606061" lon="-2.193063">
				<ele>6.2</ele>
				<time>2024-08-18T15:27:23Z</time>
				<extensions>
					<gpxtpx:TrackPointExtension>
						<gpxtpx:hr>95</gpxtpx:hr>
						<gpxtpx:atemp>32</gpxtpx:atemp>
					</gpxtpx:TrackPointExtension>
				</extensions>
			</trkpt>
			<trkpt lat="48.60608" lon="-2.192988">
				<ele>6.4</ele>
				<time>2024-08-18T15:27:28Z</time>
				<extensions>
					<gpxtpx:TrackPointExtension>
						<gpxtpx:hr>94</gpxtpx:hr>
						<gpxtpx:atemp>32</gpxtpx:atemp>
					</gpxtpx:TrackPointExtension>
				</extensions>
			</trkpt>
			<trkpt lat="48.60607" lon="-2.192917">
				<ele>6.8</ele>
				<time>2024-08-18T15:27:32Z</time>
				<extensions>
					<gpxtpx:TrackPointExtension>
						<gpxtpx:hr>93</gpxtpx:hr>
						<gpxtpx:atemp>32</gpxtpx:atemp>
					</gpxtpx:TrackPointExtension>
				</extensions>
			</trkpt>
			<trkpt lat="48.606067" lon="-2.192895">
				<ele>7.4</ele>
				<time>2024-08-18T15:27:34Z</time>
				<extensions>
					<gpxtpx:TrackPointExtension>
						<gpxtpx:hr>93</gpxtpx:hr>
						<gpxtpx:atemp>32</gpxtpx:atemp>
					</gpxtpx:TrackPointExtension>
				</extensions>
			</trkpt>
			<trkpt lat="48.606038" lon="-2.192845">
				<ele>8.4</ele>
				<time>2024-08-18T15:27:38Z</time>
				<extensions>
					<gpxtpx:TrackPointExtension>
						<gpxtpx:hr>93</gpxtpx:hr>
						<gpxtpx:atemp>32</gpxtpx:atemp>
					</gpxtpx:TrackPointExtension>
				</extensions>
			</trkpt>
			<trkpt lat="48.606008" lon="-2.1928">
				<ele>8.6</ele>
				<time>2024-08-18T15:27:42Z</time>
				<extensions>
					<gpxtpx:TrackPointExtension>
						<gpxtpx:hr>96</gpxtpx:hr>
						<gpxtpx:atemp>32</gpxtpx:atemp>
					</gpxtpx:TrackPointExtension>
				</extensions>
			</trkpt>
			<trkpt lat="48.605963" lon="-2.192746">
				<ele>8.6</ele>
				<time>2024-08-18T15:27:46Z</time>
				<extensions>
					<gpxtpx:TrackPointExtension>
						<gpxtpx:hr>99</gpxtpx:hr>
						<gpxtpx:atemp>32</gpxtpx:atemp>
					</gpxtpx:TrackPointExtension>
				</extensions>
			</trkpt>
			<trkpt lat="48.605958" lon="-2.192723">
				<ele>8.6</ele>
				<time>2024-08-18T15:27:47Z</time>
				<extensions>
					<gpxtpx:TrackPointExtension>
						<gpxtpx:hr>100</gpxtpx:hr>
						<gpxtpx:atemp>32</gpxtpx:atemp>
					</gpxtpx:TrackPointExtension>
				</extensions>
			</trkpt>
			<trkpt lat="48.605953" lon="-2.192672">
				<ele>8.6</ele>
				<time>2024-08-18T15:27:50Z</time>
				<extensions>
					<gpxtpx:TrackPointExtension>
						<gpxtpx:hr>103</gpxtpx:hr>
						<gpxtpx:atemp>32</gpxtpx:atemp>
					</gpxtpx:TrackPointExtension>
				</extensions>
			</trkpt>
			<trkpt lat="48.605943" lon="-2.192614">
				<ele>9</ele>
				<time>2024-08-18T15:27:54Z</time>
				<extensions>
					<gpxtpx:TrackPointExtension>
						<gpxtpx:hr>106</gpxtpx:hr>
						<gpxtpx:atemp>32</gpxtpx:atemp>
					</gpxtpx:TrackPointExtension>
				</extensions>
			</trkpt>
			<trkpt lat="48.605939" lon="-2.192598">
				<ele>9.2</ele>
				<time>2024-08-18T15:27:55Z</time>
				<extensions>
					<gpxtpx:TrackPointExtension>
						<gpxtpx:hr>107</gpxtpx:hr>
						<gpxtpx:atemp>32</gpxtpx:atemp>
					</gpxtpx:TrackPointExtension>
				</extensions>
			</trkpt>
			<trkpt lat="48.605927" lon="-2.192546">
				<ele>9.6</ele>
				<time>2024-08-18T15:27:58Z</time>
				<extensions>
					<gpxtpx:TrackPointExtension>
						<gpxtpx:hr>109</gpxtpx:hr>
						<gpxtpx:atemp>32</gpxtpx:atemp>
					</gpxtpx:TrackPointExtension>
				</extensions>
			</trkpt>
			<trkpt lat="48.605915" lon="-2.192529">
				<ele>9.8</ele>
				<time>2024-08-18T15:28:00Z</time>
				<extensions>
					<gpxtpx:TrackPointExtension>
						<gpxtpx:hr>112</gpxtpx:hr>
						<gpxtpx:atemp>32</gpxtpx:atemp>
					</gpxtpx:TrackPointExtension>
				</extensions>
			</trkpt>
			<trkpt lat="48.605914" lon="-2.192512">
				<ele>9.8</ele>
				<time>2024-08-18T15:28:02Z</time>
				<extensions>
					<gpxtpx:TrackPointExtension>
						<gpxtpx:hr>114</gpxtpx:hr>
						<gpxtpx:atemp>32</gpxtpx:atemp>
					</gpxtpx:TrackPointExtension>
				</extensions>
			</trkpt>
			<trkpt lat="48.60591" lon="-2.192504">
				<ele>9.8</ele>
				<time>2024-08-18T15:28:07Z</time>
				<extensions>
					<gpxtpx:TrackPointExtension>
						<gpxtpx:hr>116</gpxtpx:hr>
						<gpxtpx:atemp>32</gpxtpx:atemp>
					</gpxtpx:TrackPointExtension>
				</extensions>
			</trkpt>
			<trkpt lat="48.605901" lon="-2.19251">
				<ele>9.8</ele>
				<time>2024-08-18T15:28:13Z</time>
				<extensions>
					<gpxtpx:TrackPointExtension>
						<gpxtpx:hr>116</gpxtpx:hr>
						<gpxtpx:atemp>32</gpxtpx:atemp>
					</gpxtpx:TrackPointExtension>
				</extensions>
			</trkpt>
			<trkpt lat="48.605851" lon="-2.192506">
				<ele>9.6</ele>
				<time>2024-08-18T15:28:18Z</time>
				<extensions>
					<gpxtpx:TrackPointExtension>
						<gpxtpx:hr>119</gpxtpx:hr>
						<gpxtpx:atemp>32</gpxtpx:atemp>
					</gpxtpx:TrackPointExtension>
				</extensions>
			</trkpt>
			<trkpt lat="48.605835" lon="-2.192499">
				<ele>9.6</ele>
				<time>2024-08-18T15:28:19Z</time>
				<extensions>
					<gpxtpx:TrackPointExtension>
						<gpxtpx:hr>120</gpxtpx:hr>
						<gpxtpx:atemp>32</gpxtpx:atemp>
					</gpxtpx:TrackPointExtension>
				</extensions>
			</trkpt>
			<trkpt lat="48.605758" lon="-2.192464">
				<ele>9.4</ele>
				<time>2024-08-18T15:28:26Z</time>
				<extensions>
					<gpxtpx:TrackPointExtension>
						<gpxtpx:hr>122</gpxtpx:hr>
						<gpxtpx:atemp>32</gpxtpx:atemp>
					</gpxtpx:TrackPointExtension>
				</extensions>
			</trkpt>
			<trkpt lat="48.605702" lon="-2.192452">
				<ele>9.2</ele>
				<time>2024-08-18T15:28:31Z</time>
				<extensions>
					<gpxtpx:TrackPointExtension>
						<gpxtpx:hr>119</gpxtpx:hr>
						<gpxtpx:atemp>32</gpxtpx:atemp>
					</gpxtpx:TrackPointExtension>
				</extensions>
			</trkpt>
			<trkpt lat="48.605681" lon="-2.192455">
				<ele>9</ele>
				<time>2024-08-18T15:28:33Z</time>
				<extensions>
					<gpxtpx:TrackPointExtension>
						<gpxtpx:hr>117</gpxtpx:hr>
						<gpxtpx:atemp>32</gpxtpx:atemp>
					</gpxtpx:TrackPointExtension>
				</extensions>
			</trkpt>
			<trkpt lat="48.605639" lon="-2.192438">
				<ele>8.8</ele>
				<time>2024-08-18T15:28:37Z</time>
				<extensions>
					<gpxtpx:TrackPointExtension>
						<gpxtpx:hr>114</gpxtpx:hr>
						<gpxtpx:atemp>32</gpxtpx:atemp>
					</gpxtpx:TrackPointExtension>
				</extensions>
			</trkpt>
			<trkpt lat="48.605572" lon="-2.192417">
				<ele>8.8</ele>
				<time>2024-08-18T15:28:42Z</time>
				<extensions>
					<gpxtpx:TrackPointExtension>
						<gpxtpx:hr>112</gpxtpx:hr>
						<gpxtpx:atemp>32</gpxtpx:atemp>
					</gpxtpx:TrackPointExtension>
				</extensions>
			</trkpt>
			<trkpt lat="48.60555" lon="-2.192413">
				<ele>8.6</ele>
				<time>2024-08-18T15:28:44Z</time>
				<extensions>
					<gpxtpx:TrackPointExtension>
						<gpxtpx:hr>111</gpxtpx:hr>
						<gpxtpx:atemp>32</gpxtpx:atemp>
					</gpxtpx:TrackPointExtension>
				</extensions>
			</trkpt>
			<trkpt lat="48.605483" lon="-2.192392">
				<ele>8.2</ele>
				<time>2024-08-18T15:28:50Z</time>
				<extensions>
					<gpxtpx:TrackPointExtension>
						<gpxtpx:hr>105</gpxtpx:hr>
						<gpxtpx:atemp>32</gpxtpx:atemp>
					</gpxtpx:TrackPointExtension>
				</extensions>
			</trkpt>
			<trkpt lat="48.605473" lon="-2.192395">
				<ele>8.2</ele>
				<time>2024-08-18T15:28:51Z</time>
				<extensions>
					<gpxtpx:TrackPointExtension>
						<gpxtpx:hr>106</gpxtpx:hr>
						<gpxtpx:atemp>32</gpxtpx:atemp>
					</gpxtpx:TrackPointExtension>
				</extensions>
			</trkpt>
			<trkpt lat="48.605455" lon="-2.192401">
				<ele>7.8</ele>
				<time>2024-08-18T15:28:54Z</time>
				<extensions>
					<gpxtpx:TrackPointExtension>
						<gpxtpx:hr>103</gpxtpx:hr>
						<gpxtpx:atemp>32</gpxtpx:atemp>
					</gpxtpx:TrackPointExtension>
				</extensions>
			</trkpt>
			<trkpt lat="48.605446" lon="-2.192409">
				<ele>7.4</ele>
				<time>2024-08-18T15:28:55Z</time>
				<extensions>
					<gpxtpx:TrackPointExtension>
						<gpxtpx:hr>104</gpxtpx:hr>
						<gpxtpx:atemp>32</gpxtpx:atemp>
					</gpxtpx:TrackPointExtension>
				</extensions>
			</trkpt>
			<trkpt lat="48.605424" lon="-2.192421">
				<ele>6.8</ele>
				<time>2024-08-18T15:28:57Z</time>
				<extensions>
					<gpxtpx:TrackPointExtension>
						<gpxtpx:hr>100</gpxtpx:hr>
						<gpxtpx:atemp>32</gpxtpx:atemp>
					</gpxtpx:TrackPointExtension>
				</extensions>
			</trkpt>
			<trkpt lat="48.605386" lon="-2.192429">
				<ele>6.8</ele>
				<time>2024-08-18T15:29:00Z</time>
				<extensions>
					<gpxtpx:TrackPointExtension>
						<gpxtpx:hr>96</gpxtpx:hr>
						<gpxtpx:atemp>32</gpxtpx:atemp>
					</gpxtpx:TrackPointExtension>
				</extensions>
			</trkpt>
			<trkpt lat="48.605361" lon="-2.192425">
				<ele>6.8</ele>
				<time>2024-08-18T15:29:02Z</time>
				<extensions>
					<gpxtpx:TrackPointExtension>
						<gpxtpx:hr>92</gpxtpx:hr>
						<gpxtpx:atemp>32</gpxtpx:atemp>
					</gpxtpx:TrackPointExtension>
				</extensions>
			</trkpt>
			<trkpt lat="48.605322" lon="-2.192426">
				<ele>7</ele>
				<time>2024-08-18T15:29:05Z</time>
				<extensions>
					<gpxtpx:TrackPointExtension>
						<gpxtpx:hr>92</gpxtpx:hr>
						<gpxtpx:atemp>32</gpxtpx:atemp>
					</gpxtpx:TrackPointExtension>
				</extensions>
			</trkpt>
			<trkpt lat="48.605304" lon="-2.192415">
				<ele>7</ele>
				<time>2024-08-18T15:29:07Z</time>
				<extensions>
					<gpxtpx:TrackPointExtension>
						<gpxtpx:hr>90</gpxtpx:hr>
						<gpxtpx:atemp>32</gpxtpx:atemp>
					</gpxtpx:TrackPointExtension>
				</extensions>
			</trkpt>
			<trkpt lat="48.605284" lon="-2.192399">
				<ele>7</ele>
				<time>2024-08-18T15:29:09Z</time>
				<extensions>
					<gpxtpx:TrackPointExtension>
						<gpxtpx:hr>87</gpxtpx:hr>
						<gpxtpx:atemp>32</gpxtpx:atemp>
					</gpxtpx:TrackPointExtension>
				</extensions>
			</trkpt>
			<trkpt lat="48.605269" lon="-2.192388">
				<ele>7</ele>
				<time>2024-08-18T15:29:11Z</time>
				<extensions>
					<gpxtpx:TrackPointExtension>
						<gpxtpx:hr>85</gpxtpx:hr>
						<gpxtpx:atemp>32</gpxtpx:atemp>
					</gpxtpx:TrackPointExtension>
				</extensions>
			</trkpt>
			<trkpt lat="48.605251" lon="-2.192381">
				<ele>6.2</ele>
				<time>2024-08-18T15:29:14Z</time>
				<extensions>
					<gpxtpx:TrackPointExtension>
						<gpxtpx:hr>85</gpxtpx:hr>
						<gpxtpx:atemp>32</gpxtpx:atemp>
					</gpxtpx:TrackPointExtension>
				</extensions>
			</trkpt>
			<trkpt lat="48.605227" lon="-2.192366">
				<ele>5.2</ele>
				<time>2024-08-18T15:29:17Z</time>
				<extensions>
					<gpxtpx:TrackPointExtension>
						<gpxtpx:hr>85</gpxtpx:hr>
						<gpxtpx:atemp>32</gpxtpx:atemp>
					</gpxtpx:TrackPointExtension>
				</extensions>
			</trkpt>
			<trkpt lat="48.605222" lon="-2.192359">
				<ele>5.2</ele>
				<time>2024-08-18T15:29:18Z</time>
				<extensions>
					<gpxtpx:TrackPointExtension>
						<gpxtpx:hr>85</gpxtpx:hr>
						<gpxtpx:atemp>32</gpxtpx:atemp>
					</gpxtpx:TrackPointExtension>
				</extensions>
			</trkpt>
			<trkpt lat="48.605197" lon="-2.192328">
				<ele>5.8</ele>
				<time>2024-08-18T15:29:23Z</time>
				<extensions>
					<gpxtpx:TrackPointExtension>
						<gpxtpx:hr>88</gpxtpx:hr>
						<gpxtpx:atemp>32</gpxtpx:atemp>
					</gpxtpx:TrackPointExtension>
				</extensions>
			</trkpt>
			<trkpt lat="48.605193" lon="-2.19232">
				<ele>6.2</ele>
				<time>2024-08-18T15:29:25Z</time>
				<extensions>
					<gpxtpx:TrackPointExtension>
						<gpxtpx:hr>90</gpxtpx:hr>
						<gpxtpx:atemp>32</gpxtpx:atemp>
					</gpxtpx:TrackPointExtension>
				</extensions>
			</trkpt>
			<trkpt lat="48.605171" lon="-2.192291">
				<ele>7</ele>
				<time>2024-08-18T15:29:30Z</time>
				<extensions>
					<gpxtpx:TrackPointExtension>
						<gpxtpx:hr>93</gpxtpx:hr>
						<gpxtpx:atemp>32</gpxtpx:atemp>
					</gpxtpx:TrackPointExtension>
				</extensions>
			</trkpt>
			<trkpt lat="48.605165" lon="-2.192279">
				<ele>7.4</ele>
				<time>2024-08-18T15:29:32Z</time>
				<extensions>
					<gpxtpx:TrackPointExtension>
						<gpxtpx:hr>93</gpxtpx:hr>
						<gpxtpx:atemp>32</gpxtpx:atemp>
					</gpxtpx:TrackPointExtension>
				</extensions>
			</trkpt>
			<trkpt lat="48.60514" lon="-2.192239">
				<ele>8.8</ele>
				<time>2024-08-18T15:29:37Z</time>
				<extensions>
					<gpxtpx:TrackPointExtension>
						<gpxtpx:hr>97</gpxtpx:hr>
						<gpxtpx:atemp>32</gpxtpx:atemp>
					</gpxtpx:TrackPointExtension>
				</extensions>
			</trkpt>
			<trkpt lat="48.605133" lon="-2.192232">
				<ele>9.2</ele>
				<time>2024-08-18T15:29:38Z</time>
				<extensions>
					<gpxtpx:TrackPointExtension>
						<gpxtpx:hr>97</gpxtpx:hr>
						<gpxtpx:atemp>32</gpxtpx:atemp>
					</gpxtpx:TrackPointExtension>
				</extensions>
			</trkpt>
			<trkpt lat="48.605111" lon="-2.192203">
				<ele>9.8</ele>
				<time>2024-08-18T15:29:41Z</time>
				<extensions>
					<gpxtpx:TrackPointExtension>
						<gpxtpx:hr>100</gpxtpx:hr>
						<gpxtpx:atemp>32</gpxtpx:atemp>
					</gpxtpx:TrackPointExtension>
				</extensions>
			</trkpt>
			<trkpt lat="48.605102" lon="-2.192202">
				<ele>9.8</ele>
				<time>2024-08-18T15:29:42Z</time>
				<extensions>
					<gpxtpx:TrackPointExtension>
						<gpxtpx:hr>105</gpxtpx:hr>
						<gpxtpx:atemp>32</gpxtpx:atemp>
					</gpxtpx:TrackPointExtension>
				</extensions>
			</trkpt>
			<trkpt lat="48.605095" lon="-2.192198">
				<ele>9.8</ele>
				<time>2024-08-18T15:29:43Z</time>
				<extensions>
					<gpxtpx:TrackPointExtension>
						<gpxtpx:hr>106</gpxtpx:hr>
						<gpxtpx:atemp>32</gpxtpx:atemp>
					</gpxtpx:TrackPointExtension>
				</extensions>
			</trkpt>
			<trkpt lat="48.605085" lon="-2.192187">
				<ele>9.8</ele>
				<time>2024-08-18T15:29:46Z</time>
				<extensions>
					<gpxtpx:TrackPointExtension>
						<gpxtpx:hr>110</gpxtpx:hr>
						<gpxtpx:atemp>32</gpxtpx:atemp>
					</gpxtpx:TrackPointExtension>
				</extensions>
			</trkpt>
			<trkpt lat="48.605074" lon="-2.192188">
				<ele>9.8</ele>
				<time>2024-08-18T15:29:48Z</time>
				<extensions>
					<gpxtpx:TrackPointExtension>
						<gpxtpx:hr>113</gpxtpx:hr>
						<gpxtpx:atemp>32</gpxtpx:atemp>
					</gpxtpx:TrackPointExtension>
				</extensions>
			</trkpt>
			<trkpt lat="48.605064" lon="-2.19219">
				<ele>9.8</ele>
				<time>2024-08-18T15:29:49Z</time>
				<extensions>
					<gpxtpx:TrackPointExtension>
						<gpxtpx:hr>112</gpxtpx:hr>
						<gpxtpx:atemp>32</gpxtpx:atemp>
					</gpxtpx:TrackPointExtension>
				</extensions>
			</trkpt>
			<trkpt lat="48.605026" lon="-2.192195">
				<ele>9.2</ele>
				<time>2024-08-18T15:29:52Z</time>
				<extensions>
					<gpxtpx:TrackPointExtension>
						<gpxtpx:hr>113</gpxtpx:hr>
						<gpxtpx:atemp>32</gpxtpx:atemp>
					</gpxtpx:TrackPointExtension>
				</extensions>
			</trkpt>
			<trkpt lat="48.605003" lon="-2.192206">
				<ele>9</ele>
				<time>2024-08-18T15:29:54Z</time>
				<extensions>
					<gpxtpx:TrackPointExtension>
						<gpxtpx:hr>114</gpxtpx:hr>
						<gpxtpx:atemp>32</gpxtpx:atemp>
					</gpxtpx:TrackPointExtension>
				</extensions>
			</trkpt>
			<trkpt lat="48.604983" lon="-2.192201">
				<ele>8.8</ele>
				<time>2024-08-18T15:29:56Z</time>
				<extensions>
					<gpxtpx:TrackPointExtension>
						<gpxtpx:hr>116</gpxtpx:hr>
						<gpxtpx:atemp>32</gpxtpx:atemp>
					</gpxtpx:TrackPointExtension>
				</extensions>
			</trkpt>
			<trkpt lat="48.604971" lon="-2.192201">
				<ele>8.6</ele>
				<time>2024-08-18T15:29:57Z</time>
				<extensions>
					<gpxtpx:TrackPointExtension>
						<gpxtpx:hr>118</gpxtpx:hr>
						<gpxtpx:atemp>32</gpxtpx:atemp>
					</gpxtpx:TrackPointExtension>
				</extensions>
			</trkpt>
			<trkpt lat="48.604931" lon="-2.192206">
				<ele>8.4</ele>
				<time>2024-08-18T15:30:01Z</time>
				<extensions>
					<gpxtpx:TrackPointExtension>
						<gpxtpx:hr>117</gpxtpx:hr>
						<gpxtpx:atemp>32</gpxtpx:atemp>
					</gpxtpx:TrackPointExtension>
				</extensions>
			</trkpt>
			<trkpt lat="48.604919" lon="-2.192206">
				<ele>8.4</ele>
				<time>2024-08-18T15:30:03Z</time>
				<extensions>
					<gpxtpx:TrackPointExtension>
						<gpxtpx:hr>113</gpxtpx:hr>
						<gpxtpx:atemp>32</gpxtpx:atemp>
					</gpxtpx:TrackPointExtension>
				</extensions>
			</trkpt>
			<trkpt lat="48.604903" lon="-2.192209">
				<ele>7.8</ele>
				<time>2024-08-18T15:30:06Z</time>
				<extensions>
					<gpxtpx:TrackPointExtension>
						<gpxtpx:hr>110</gpxtpx:hr>
						<gpxtpx:atemp>32</gpxtpx:atemp>
					</gpxtpx:TrackPointExtension>
				</extensions>
			</trkpt>
			<trkpt lat="48.604898" lon="-2.192213">
				<ele>7.6</ele>
				<time>2024-08-18T15:30:07Z</time>
				<extensions>
					<gpxtpx:TrackPointExtension>
						<gpxtpx:hr>108</gpxtpx:hr>
						<gpxtpx:atemp>32</gpxtpx:atemp>
					</gpxtpx:TrackPointExtension>
				</extensions>
			</trkpt>
			<trkpt lat="48.604887" lon="-2.192238">
				<ele>7.2</ele>
				<time>2024-08-18T15:30:09Z</time>
				<extensions>
					<gpxtpx:TrackPointExtension>
						<gpxtpx:hr>107</gpxtpx:hr>
						<gpxtpx:atemp>32</gpxtpx:atemp>
					</gpxtpx:TrackPointExtension>
				</extensions>
			</trkpt>
			<trkpt lat="48.604875" lon="-2.19224">
				<ele>6.6</ele>
				<time>2024-08-18T15:30:11Z</time>
				<extensions>
					<gpxtpx:TrackPointExtension>
						<gpxtpx:hr>104</gpxtpx:hr>
						<gpxtpx:atemp>32</gpxtpx:atemp>
					</gpxtpx:TrackPointExtension>
				</extensions>
			</trkpt>
			<trkpt lat="48.604874" lon="-2.192228">
				<ele>6.4</ele>
				<time>2024-08-18T15:30:12Z</time>
				<extensions>
					<gpxtpx:TrackPointExtension>
						<gpxtpx:hr>104</gpxtpx:hr>
						<gpxtpx:atemp>32</gpxtpx:atemp>
					</gpxtpx:TrackPointExtension>
				</extensions>
			</trkpt>
			<trkpt lat="48.604861" lon="-2.19225">
				<ele>5.8</ele>
				<time>2024-08-18T15:30:15Z</time>
				<extensions>
					<gpxtpx:TrackPointExtension>
						<gpxtpx:hr>103</gpxtpx:hr>
						<gpxtpx:atemp>32</gpxtpx:atemp>
					</gpxtpx:TrackPointExtension>
				</extensions>
			</trkpt>
			<trkpt lat="48.604851" lon="-2.192283">
				<ele>5.2</ele>
				<time>2024-08-18T15:30:17Z</time>
				<extensions>
					<gpxtpx:TrackPointExtension>
						<gpxtpx:hr>103</gpxtpx:hr>
						<gpxtpx:atemp>32</gpxtpx:atemp>
					</gpxtpx:TrackPointExtension>
				</extensions>
			</trkpt>
			<trkpt lat="48.604788" lon="-2.192318">
				<ele>4.2</ele>
				<time>2024-08-18T15:30:23Z</time>
				<extensions>
					<gpxtpx:TrackPointExtension>
						<gpxtpx:hr>101</gpxtpx:hr>
						<gpxtpx:atemp>32</gpxtpx:atemp>
					</gpxtpx:TrackPointExtension>
				</extensions>
			</trkpt>
			<trkpt lat="48.604778" lon="-2.192326">
				<ele>4.2</ele>
				<time>2024-08-18T15:30:24Z</time>
				<extensions>
					<gpxtpx:TrackPointExtension>
						<gpxtpx:hr>100</gpxtpx:hr>
						<gpxtpx:atemp>32</gpxtpx:atemp>
					</gpxtpx:TrackPointExtension>
				</extensions>
			</trkpt>
			<trkpt lat="48.60474" lon="-2.192338">
				<ele>2.8</ele>
				<time>2024-08-18T15:30:27Z</time>
				<extensions>
					<gpxtpx:TrackPointExtension>
						<gpxtpx:hr>97</gpxtpx:hr>
						<gpxtpx:atemp>32</gpxtpx:atemp>
					</gpxtpx:TrackPointExtension>
				</extensions>
			</trkpt>
			<trkpt lat="48.604723" lon="-2.192327">
				<ele>2.6</ele>
				<time>2024-08-18T15:30:29Z</time>
				<extensions>
					<gpxtpx:TrackPointExtension>
						<gpxtpx:hr>94</gpxtpx:hr>
						<gpxtpx:atemp>32</gpxtpx:atemp>
					</gpxtpx:TrackPointExtension>
				</extensions>
			</trkpt>
			<trkpt lat="48.604692" lon="-2.192309">
				<ele>2.6</ele>
				<time>2024-08-18T15:30:32Z</time>
				<extensions>
					<gpxtpx:TrackPointExtension>
						<gpxtpx:hr>91</gpxtpx:hr>
						<gpxtpx:atemp>32</gpxtpx:atemp>
					</gpxtpx:TrackPointExtension>
				</extensions>
			</trkpt>
			<trkpt lat="48.60468" lon="-2.192306">
				<ele>2.8</ele>
				<time>2024-08-18T15:30:34Z</time>
				<extensions>
					<gpxtpx:TrackPointExtension>
						<gpxtpx:hr>90</gpxtpx:hr>
						<gpxtpx:atemp>32</gpxtpx:atemp>
					</gpxtpx:TrackPointExtension>
				</extensions>
			</trkpt>
			<trkpt lat="48.604655" lon="-2.192299">
				<ele>3.6</ele>
				<time>2024-08-18T15:30:38Z</time>
				<extensions>
					<gpxtpx:TrackPointExtension>
						<gpxtpx:hr>90</gpxtpx:hr>
						<gpxtpx:atemp>32</gpxtpx:atemp>
					</gpxtpx:TrackPointExtension>
				</extensions>
			</trkpt>
			<trkpt lat="48.604647" lon="-2.192299">
				<ele>3.8</ele>
				<time>2024-08-18T15:30:39Z</time>
				<extensions>
					<gpxtpx:TrackPointExtension>
						<gpxtpx:hr>90</gpxtpx:hr>
						<gpxtpx:atemp>32</gpxtpx:atemp>
					</gpxtpx:TrackPointExtension>
				</extensions>
			</trkpt>
			<trkpt lat="48.604636" lon="-2.192304">
				<ele>4.2</ele>
				<time>2024-08-18T15:30:40Z</time>
				<extensions>
					<gpxtpx:TrackPointExtension>
						<gpxtpx:hr>90</gpxtpx:hr>
						<gpxtpx:atemp>32</gpxtpx:atemp>
					</gpxtpx:TrackPointExtension>
				</extensions>
			</trkpt>
			<trkpt lat="48.604617" lon="-2.192283">
				<ele>5.4</ele>
				<time>2024-08-18T15:30:43Z</time>
				<extensions>
					<gpxtpx:TrackPointExtension>
						<gpxtpx:hr>92</gpxtpx:hr>
						<gpxtpx:atemp>33</gpxtpx:atemp>
					</gpxtpx:TrackPointExtension>
				</extensions>
			</trkpt>
			<trkpt lat="48.604605" lon="-2.19227">
				<ele>6.4</ele>
				<time>2024-08-18T15:30:45Z</time>
				<extensions>
					<gpxtpx:TrackPointExtension>
						<gpxtpx:hr>91</gpxtpx:hr>
						<gpxtpx:atemp>33</gpxtpx:atemp>
					</gpxtpx:TrackPointExtension>
				</extensions>
			</trkpt>
			<trkpt lat="48.604592" lon="-2.192254">
				<ele>7.2</ele>
				<time>2024-08-18T15:30:47Z</time>
				<extensions>
					<gpxtpx:TrackPointExtension>
						<gpxtpx:hr>92</gpxtpx:hr>
						<gpxtpx:atemp>33</gpxtpx:atemp>
					</gpxtpx:TrackPointExtension>
				</extensions>
			</trkpt>
			<trkpt lat="48.604586" lon="-2.192246">
				<ele>7.8</ele>
				<time>2024-08-18T15:30:48Z</time>
				<extensions>
					<gpxtpx:TrackPointExtension>
						<gpxtpx:hr>94</gpxtpx:hr>
						<gpxtpx:atemp>33</gpxtpx:atemp>
					</gpxtpx:TrackPointExtension>
				</extensions>
			</trkpt>
			<trkpt lat="48.604551" lon="-2.192205">
				<ele>8.6</ele>
				<time>2024-08-18T15:30:52Z</time>
				<extensions>
					<gpxtpx:TrackPointExtension>
						<gpxtpx:hr>97</gpxtpx:hr>
						<gpxtpx:atemp>33</gpxtpx:atemp>
					</gpxtpx:TrackPointExtension>
				</extensions>
			</trkpt>
			<trkpt lat="48.604534" lon="-2.192183">
				<ele>8.8</ele>
				<time>2024-08-18T15:30:54Z</time>
				<extensions>
					<gpxtpx:TrackPointExtension>
						<gpxtpx:hr>100</gpxtpx:hr>
						<gpxtpx:atemp>33</gpxtpx:atemp>
					</gpxtpx:TrackPointExtension>
				</extensions>
			</trkpt>
			<trkpt lat="48.604527" lon="-2.192178">
				<ele>9</ele>
				<time>2024-08-18T15:30:55Z</time>
				<extensions>
					<gpxtpx:TrackPointExtension>
						<gpxtpx:hr>102</gpxtpx:hr>
						<gpxtpx:atemp>33</gpxtpx:atemp>
					</gpxtpx:TrackPointExtension>
				</extensions>
			</trkpt>
			<trkpt lat="48.604505" lon="-2.192161">
				<ele>8.6</ele>
				<time>2024-08-18T15:31:00Z</time>
				<extensions>
					<gpxtpx:TrackPointExtension>
						<gpxtpx:hr>106</gpxtpx:hr>
						<gpxtpx:atemp>33</gpxtpx:atemp>
					</gpxtpx:TrackPointExtension>
				</extensions>
			</trkpt>
			<trkpt lat="48.604508" lon="-2.192161">
				<ele>8.6</ele>
				<time>2024-08-18T15:31:04Z</time>
				<extensions>
					<gpxtpx:TrackPointExtension>
						<gpxtpx:hr>109</gpxtpx:hr>
						<gpxtpx:atemp>33</gpxtpx:atemp>
					</gpxtpx:TrackPointExtension>
				</extensions>
			</trkpt>
			<trkpt lat="48.604493" lon="-2.192156">
				<ele>8.2</ele>
				<time>2024-08-18T15:31:07Z</time>
				<extensions>
					<gpxtpx:TrackPointExtension>
						<gpxtpx:hr>115</gpxtpx:hr>
						<gpxtpx:atemp>33</gpxtpx:atemp>
					</gpxtpx:TrackPointExtension>
				</extensions>
			</trkpt>
			<trkpt lat="48.604485" lon="-2.192155">
				<ele>8.2</ele>
				<time>2024-08-18T15:31:08Z</time>
				<extensions>
					<gpxtpx:TrackPointExtension>
						<gpxtpx:hr>115</gpxtpx:hr>
						<gpxtpx:atemp>33</gpxtpx:atemp>
					</gpxtpx:TrackPointExtension>
				</extensions>
			</trkpt>
			<trkpt lat="48.604461" lon="-2.192159">
				<ele>8</ele>
				<time>2024-08-18T15:31:10Z</time>
				<extensions>
					<gpxtpx:TrackPointExtension>
						<gpxtpx:hr>122</gpxtpx:hr>
						<gpxtpx:atemp>33</gpxtpx:atemp>
					</gpxtpx:TrackPointExtension>
				</extensions>
			</trkpt>
			<trkpt lat="48.604454" lon="-2.192157">
				<ele>8</ele>
				<time>2024-08-18T15:31:11Z</time>
				<extensions>
					<gpxtpx:TrackPointExtension>
						<gpxtpx:hr>128</gpxtpx:hr>
						<gpxtpx:atemp>33</gpxtpx:atemp>
					</gpxtpx:TrackPointExtension>
				</extensions>
			</trkpt>
			<trkpt lat="48.604448" lon="-2.19215">
				<ele>8</ele>
				<time>2024-08-18T15:31:12Z</time>
				<extensions>
					<gpxtpx:TrackPointExtension>
						<gpxtpx:hr>128</gpxtpx:hr>
						<gpxtpx:atemp>33</gpxtpx:atemp>
					</gpxtpx:TrackPointExtension>
				</extensions>
			</trkpt>
			<trkpt lat="48.604443" lon="-2.192143">
				<ele>8</ele>
				<time>2024-08-18T15:31:13Z</time>
				<extensions>
					<gpxtpx:TrackPointExtension>
						<gpxtpx:hr>129</gpxtpx:hr>
						<gpxtpx:atemp>33</gpxtpx:atemp>
					</gpxtpx:TrackPointExtension>
				</extensions>
			</trkpt>
			<trkpt lat="48.604414" lon="-2.192114">
				<ele>8.8</ele>
				<time>2024-08-18T15:31:17Z</time>
				<extensions>
					<gpxtpx:TrackPointExtension>
						<gpxtpx:hr>126</gpxtpx:hr>
						<gpxtpx:atemp>33</gpxtpx:atemp>
					</gpxtpx:TrackPointExtension>
				</extensions>
			</trkpt>
			<trkpt lat="48.604391" lon="-2.192093">
				<ele>9.8</ele>
				<time>2024-08-18T15:31:20Z</time>
				<extensions>
					<gpxtpx:TrackPointExtension>
						<gpxtpx:hr>123</gpxtpx:hr>
						<gpxtpx:atemp>33</gpxtpx:atemp>
					</gpxtpx:TrackPointExtension>
				</extensions>
			</trkpt>
			<trkpt lat="48.604385" lon="-2.192087">
				<ele>10.2</ele>
				<time>2024-08-18T15:31:21Z</time>
				<extensions>
					<gpxtpx:TrackPointExtension>
						<gpxtpx:hr>121</gpxtpx:hr>
						<gpxtpx:atemp>33</gpxtpx:atemp>
					</gpxtpx:TrackPointExtension>
				</extensions>
			</trkpt>
			<trkpt lat="48.604359" lon="-2.192082">
				<ele>11.2</ele>
				<time>2024-08-18T15:31:24Z</time>
				<extensions>
					<gpxtpx:TrackPointExtension>
						<gpxtpx:hr>118</gpxtpx:hr>
						<gpxtpx:atemp>33</gpxtpx:atemp>
					</gpxtpx:TrackPointExtension>
				</extensions>
			</trkpt>
			<trkpt lat="48.604326" lon="-2.192069">
				<ele>11.4</ele>
				<time>2024-08-18T15:31:27Z</time>
				<extensions>
					<gpxtpx:TrackPointExtension>
						<gpxtpx:hr>118</gpxtpx:hr>
						<gpxtpx:atemp>33</gpxtpx:atemp>
					</gpxtpx:TrackPointExtension>
				</extensions>
			</trkpt>
			<trkpt lat="48.604267" lon="-2.192052">
				<ele>11</ele>
				<time>2024-08-18T15:31:34Z</time>
				<extensions>
					<gpxtpx:TrackPointExtension>
						<gpxtpx:hr>119</gpxtpx:hr>
						<gpxtpx:atemp>33</gpxtpx:atemp>
					</gpxtpx:TrackPointExtension>
				</extensions>
			</trkpt>
			<trkpt lat="48.604208" lon="-2.192017">
				<ele>11</ele>
				<time>2024-08-18T15:31:40Z</time>
				<extensions>
					<gpxtpx:TrackPointExtension>
						<gpxtpx:hr>116</gpxtpx:hr>
						<gpxtpx:atemp>33</gpxtpx:atemp>
					</gpxtpx:TrackPointExtension>
				</extensions>
			</trkpt>
			<trkpt lat="48.604154" lon="-2.191979">
				<ele>10.2</ele>
				<time>2024-08-18T15:31:45Z</time>
				<extensions>
					<gpxtpx:TrackPointExtension>
						<gpxtpx:hr>114</gpxtpx:hr>
						<gpxtpx:atemp>33</gpxtpx:atemp>
					</gpxtpx:TrackPointExtension>
				</extensions>
			</trkpt>
			<trkpt lat="48.604145" lon="-2.191973">
				<ele>10.2</ele>
				<time>2024-08-18T15:31:46Z</time>
				<extensions>
					<gpxtpx:TrackPointExtension>
						<gpxtpx:hr>115</gpxtpx:hr>
						<gpxtpx:atemp>33</gpxtpx:atemp>
					</gpxtpx:TrackPointExtension>
				</extensions>
			</trkpt>
			<trkpt lat="48.604123" lon="-2.191956">
				<ele>10.2</ele>
				<time>2024-08-18T15:31:49Z</time>
				<extensions>
					<gpxtpx:TrackPointExtension>
						<gpxtpx:hr>112</gpxtpx:hr>
						<gpxtpx:atemp>33</gpxtpx:atemp>
					</gpxtpx:TrackPointExtension>
				</extensions>
			</trkpt>
			<trkpt lat="48.604119" lon="-2.191957">
				<ele>10.2</ele>
				<time>2024-08-18T15:31:50Z</time>
				<extensions>
					<gpxtpx:TrackPointExtension>
						<gpxtpx:hr>112</gpxtpx:hr>
						<gpxtpx:atemp>33</gpxtpx:atemp>
					</gpxtpx:TrackPointExtension>
				</extensions>
			</trkpt>
			<trkpt lat="48.604112" lon="-2.191962">
				<ele>10</ele>
				<time>2024-08-18T15:31:52Z</time>
				<extensions>
					<gpxtpx:TrackPointExtension>
						<gpxtpx:hr>110</gpxtpx:hr>
						<gpxtpx:atemp>33</gpxtpx:atemp>
					</gpxtpx:TrackPointExtension>
				</extensions>
			</trkpt>
			<trkpt lat="48.604101" lon="-2.191961">
				<ele>9.8</ele>
				<time>2024-08-18T15:31:54Z</time>
				<extensions>
					<gpxtpx:TrackPointExtension>
						<gpxtpx:hr>106</gpxtpx:hr>
						<gpxtpx:atemp>33</gpxtpx:atemp>
					</gpxtpx:TrackPointExtension>
				</extensions>
			</trkpt>
			<trkpt lat="48.604095" lon="-2.19196">
				<ele>9.6</ele>
				<time>2024-08-18T15:31:55Z</time>
				<extensions>
					<gpxtpx:TrackPointExtension>
						<gpxtpx:hr>103</gpxtpx:hr>
						<gpxtpx:atemp>33</gpxtpx:atemp>
					</gpxtpx:TrackPointExtension>
				</extensions>
			</trkpt>
			<trkpt lat="48.604077" lon="-2.191961">
				<ele>9</ele>
				<time>2024-08-18T15:31:58Z</time>
				<extensions>
					<gpxtpx:TrackPointExtension>
						<gpxtpx:hr>100</gpxtpx:hr>
						<gpxtpx:atemp>33</gpxtpx:atemp>
					</gpxtpx:TrackPointExtension>
				</extensions>
			</trkpt>
			<trkpt lat="48.604036" lon="-2.191948">
				<ele>7.8</ele>
				<time>2024-08-18T15:32:06Z</time>
				<extensions>
					<gpxtpx:TrackPointExtension>
						<gpxtpx:hr>97</gpxtpx:hr>
						<gpxtpx:atemp>33</gpxtpx:atemp>
					</gpxtpx:TrackPointExtension>
				</extensions>
			</trkpt>
			<trkpt lat="48.604013" lon="-2.191954">
				<ele>7</ele>
				<time>2024-08-18T15:32:09Z</time>
				<extensions>
					<gpxtpx:TrackPointExtension>
						<gpxtpx:hr>94</gpxtpx:hr>
						<gpxtpx:atemp>33</gpxtpx:atemp>
					</gpxtpx:TrackPointExtension>
				</extensions>
			</trkpt>
			<trkpt lat="48.604003" lon="-2.191958">
				<ele>6.6</ele>
				<time>2024-08-18T15:32:10Z</time>
				<extensions>
					<gpxtpx:TrackPointExtension>
						<gpxtpx:hr>93</gpxtpx:hr>
						<gpxtpx:atemp>33</gpxtpx:atemp>
					</gpxtpx:TrackPointExtension>
				</extensions>
			</trkpt>
			<trkpt lat="48.603971" lon="-2.191947">
				<ele>5.6</ele>
				<time>2024-08-18T15:32:14Z</time>
				<extensions>
					<gpxtpx:TrackPointExtension>
						<gpxtpx:hr>93</gpxtpx:hr>
						<gpxtpx:atemp>33</gpxtpx:atemp>
					</gpxtpx:TrackPointExtension>
				</extensions>
			</trkpt>
			<trkpt lat="48.603953" lon="-2.191942">
				<ele>4.8</ele>
				<time>2024-08-18T15:32:17Z</time>
				<extensions>
					<gpxtpx:TrackPointExtension>
						<gpxtpx:hr>90</gpxtpx:hr>
						<gpxtpx:atemp>33</gpxtpx:atemp>
					</gpxtpx:TrackPointExtension>
				</extensions>
			</trkpt>
			<trkpt lat="48.603944" lon="-2.191938">
				<ele>4.2</ele>
				<time>2024-08-18T15:32:19Z</time>
				<extensions>
					<gpxtpx:TrackPointExtension>
						<gpxtpx:hr>88</gpxtpx:hr>
						<gpxtpx:atemp>33</gpxtpx:atemp>
					</gpxtpx:TrackPointExtension>
				</extensions>
			</trkpt>
			<trkpt lat="48.60392" lon="-2.191919">
				<ele>3.2</ele>
				<time>2024-08-18T15:32:23Z</time>
				<extensions>
					<gpxtpx:TrackPointExtension>
						<gpxtpx:hr>87</gpxtpx:hr>
						<gpxtpx:atemp>33</gpxtpx:atemp>
					</gpxtpx:TrackPointExtension>
				</extensions>
			</trkpt>
			<trkpt lat="48.603863" lon="-2.1919">
				<ele>2.2</ele>
				<time>2024-08-18T15:32:28Z</time>
				<extensions>
					<gpxtpx:TrackPointExtension>
						<gpxtpx:hr>87</gpxtpx:hr>
						<gpxtpx:atemp>33</gpxtpx:atemp>
					</gpxtpx:TrackPointExtension>
				</extensions>
			</trkpt>
			<trkpt lat="48.603824" lon="-2.191871">
				<ele>2.2</ele>
				<time>2024-08-18T15:32:32Z</time>
				<extensions>
					<gpxtpx:TrackPointExtension>
						<gpxtpx:hr>88</gpxtpx:hr>
						<gpxtpx:atemp>33</gpxtpx:atemp>
					</gpxtpx:TrackPointExtension>
				</extensions>
			</trkpt>
			<trkpt lat="48.603802" lon="-2.191847">
				<ele>2.2</ele>
				<time>2024-08-18T15:32:34Z</time>
				<extensions>
					<gpxtpx:TrackPointExtension>
						<gpxtpx:hr>90</gpxtpx:hr>
						<gpxtpx:atemp>34</gpxtpx:atemp>
					</gpxtpx:TrackPointExtension>
				</extensions>
			</trkpt>
			<trkpt lat="48.603753" lon="-2.191801">
				<ele>2</ele>
				<time>2024-08-18T15:32:38Z</time>
				<extensions>
					<gpxtpx:TrackPointExtension>
						<gpxtpx:hr>93</gpxtpx:hr>
						<gpxtpx:atemp>34</gpxtpx:atemp>
					</gpxtpx:TrackPointExtension>
				</extensions>
			</trkpt>
			<trkpt lat="48.603695" lon="-2.191764">
				<ele>2</ele>
				<time>2024-08-18T15:32:44Z</time>
				<extensions>
					<gpxtpx:TrackPointExtension>
						<gpxtpx:hr>93</gpxtpx:hr>
						<gpxtpx:atemp>34</gpxtpx:atemp>
					</gpxtpx:TrackPointExtension>
				</extensions>
			</trkpt>
			<trkpt lat="48.603656" lon="-2.191722">
				<ele>2</ele>
				<time>2024-08-18T15:32:47Z</time>
				<extensions>
					<gpxtpx:TrackPointExtension>
						<gpxtpx:hr>89</gpxtpx:hr>
						<gpxtpx:atemp>34</gpxtpx:atemp>
					</gpxtpx:TrackPointExtension>
				</extensions>
			</trkpt>
			<trkpt lat="48.603625" lon="-2.191689">
				<ele>2</ele>
				<time>2024-08-18T15:32:51Z</time>
				<extensions>
					<gpxtpx:TrackPointExtension>
						<gpxtpx:hr>86</gpxtpx:hr>
						<gpxtpx:atemp>34</gpxtpx:atemp>
					</gpxtpx:TrackPointExtension>
				</extensions>
			</trkpt>
			<trkpt lat="48.603623" lon="-2.191681">
				<ele>2.4</ele>
				<time>2024-08-18T15:32:53Z</time>
				<extensions>
					<gpxtpx:TrackPointExtension>
						<gpxtpx:hr>86</gpxtpx:hr>
						<gpxtpx:atemp>34</gpxtpx:atemp>
					</gpxtpx:TrackPointExtension>
				</extensions>
			</trkpt>
			<trkpt lat="48.60359" lon="-2.191703">
				<ele>2.4</ele>
				<time>2024-08-18T15:32:57Z</time>
				<extensions>
					<gpxtpx:TrackPointExtension>
						<gpxtpx:hr>86</gpxtpx:hr>
						<gpxtpx:atemp>34</gpxtpx:atemp>
					</gpxtpx:TrackPointExtension>
				</extensions>
			</trkpt>
			<trkpt lat="48.603577" lon="-2.19171">
				<ele>2.4</ele>
				<time>2024-08-18T15:32:58Z</time>
				<extensions>
					<gpxtpx:TrackPointExtension>
						<gpxtpx:hr>86</gpxtpx:hr>
						<gpxtpx:atemp>34</gpxtpx:atemp>
					</gpxtpx:TrackPointExtension>
				</extensions>
			</trkpt>
			<trkpt lat="48.6035" lon="-2.191745">
				<ele>2.4</ele>
				<time>2024-08-18T15:33:05Z</time>
				<extensions>
					<gpxtpx:TrackPointExtension>
						<gpxtpx:hr>87</gpxtpx:hr>
						<gpxtpx:atemp>34</gpxtpx:atemp>
					</gpxtpx:TrackPointExtension>
				</extensions>
			</trkpt>
			<trkpt lat="48.603447" lon="-2.191763">
				<ele>3.2</ele>
				<time>2024-08-18T15:33:09Z</time>
				<extensions>
					<gpxtpx:TrackPointExtension>
						<gpxtpx:hr>89</gpxtpx:hr>
						<gpxtpx:atemp>34</gpxtpx:atemp>
					</gpxtpx:TrackPointExtension>
				</extensions>
			</trkpt>
			<trkpt lat="48.603379" lon="-2.191787">
				<ele>3.2</ele>
				<time>2024-08-18T15:33:15Z</time>
				<extensions>
					<gpxtpx:TrackPointExtension>
						<gpxtpx:hr>90</gpxtpx:hr>
						<gpxtpx:atemp>34</gpxtpx:atemp>
					</gpxtpx:TrackPointExtension>
				</extensions>
			</trkpt>
			<trkpt lat="48.60335" lon="-2.19181">
				<ele>3.2</ele>
				<time>2024-08-18T15:33:18Z</time>
				<extensions>
					<gpxtpx:TrackPointExtension>
						<gpxtpx:hr>89</gpxtpx:hr>
						<gpxtpx:atemp>34</gpxtpx:atemp>
					</gpxtpx:TrackPointExtension>
				</extensions>
			</trkpt>
			<trkpt lat="48.603289" lon="-2.191867">
				<ele>3.2</ele>
				<time>2024-08-18T15:33:23Z</time>
				<extensions>
					<gpxtpx:TrackPointExtension>
						<gpxtpx:hr>89</gpxtpx:hr>
						<gpxtpx:atemp>33</gpxtpx:atemp>
					</gpxtpx:TrackPointExtension>
				</extensions>
			</trkpt>
			<trkpt lat="48.60327" lon="-2.19187">
				<ele>3.2</ele>
				<time>2024-08-18T15:33:25Z</time>
				<extensions>
					<gpxtpx:TrackPointExtension>
						<gpxtpx:hr>90</gpxtpx:hr>
						<gpxtpx:atemp>33</gpxtpx:atemp>
					</gpxtpx:TrackPointExtension>
				</extensions>
			</trkpt>
			<trkpt lat="48.60324" lon="-2.191892">
				<ele>3.2</ele>
				<time>2024-08-18T15:33:28Z</time>
				<extensions>
					<gpxtpx:TrackPointExtension>
						<gpxtpx:hr>92</gpxtpx:hr>
						<gpxtpx:atemp>33</gpxtpx:atemp>
					</gpxtpx:TrackPointExtension>
				</extensions>
			</trkpt>
			<trkpt lat="48.603213" lon="-2.191935">
				<ele>3.2</ele>
				<time>2024-08-18T15:33:30Z</time>
				<extensions>
					<gpxtpx:TrackPointExtension>
						<gpxtpx:hr>94</gpxtpx:hr>
						<gpxtpx:atemp>33</gpxtpx:atemp>
					</gpxtpx:TrackPointExtension>
				</extensions>
			</trkpt>
			<trkpt lat="48.603212" lon="-2.191961">
				<ele>3.2</ele>
				<time>2024-08-18T15:33:32Z</time>
				<extensions>
					<gpxtpx:TrackPointExtension>
						<gpxtpx:hr>97</gpxtpx:hr>
						<gpxtpx:atemp>33</gpxtpx:atemp>
					</gpxtpx:TrackPointExtension>
				</extensions>
			</trkpt>
			<trkpt lat="48.603217" lon="-2.191969">
				<ele>3.4</ele>
				<time>2024-08-18T15:33:33Z</time>
				<extensions>
					<gpxtpx:TrackPointExtension>
						<gpxtpx:hr>98</gpxtpx:hr>
						<gpxtpx:atemp>33</gpxtpx:atemp>
					</gpxtpx:TrackPointExtension>
				</extensions>
			</trkpt>
			<trkpt lat="48.603172" lon="-2.192066">
				<ele>3.8</ele>
				<time>2024-08-18T15:33:41Z</time>
				<extensions>
					<gpxtpx:TrackPointExtension>
						<gpxtpx:hr>96</gpxtpx:hr>
						<gpxtpx:atemp>33</gpxtpx:atemp>
					</gpxtpx:TrackPointExtension>
				</extensions>
			</trkpt>
			<trkpt lat="48.603154" lon="-2.19209">
				<ele>4</ele>
				<time>2024-08-18T15:33:43Z</time>
				<extensions>
					<gpxtpx:TrackPointExtension>
						<gpxtpx:hr>93</gpxtpx:hr>
						<gpxtpx:atemp>33</gpxtpx:atemp>
					</gpxtpx:TrackPointExtension>
				</extensions>
			</trkpt>
			<trkpt lat="48.603123" lon="-2.192117">
				<ele>4.2</ele>
				<time>2024-08-18T15:33:47Z</time>
				<extensions>
					<gpxtpx:TrackPointExtension>
						<gpxtpx:hr>94</gpxtpx:hr>
						<gpxtpx:atemp>33</gpxtpx:atemp>
					</gpxtpx:TrackPointExtension>
				</extensions>
			</trkpt>
			<trkpt lat="48.603094" lon="-2.192121">
				<ele>4.8</ele>
				<time>2024-08-18T15:33:51Z</time>
				<extensions>
					<gpxtpx:TrackPointExtension>
						<gpxtpx:hr>96</gpxtpx:hr>
						<gpxtpx:atemp>33</gpxtpx:atemp>
					</gpxtpx:TrackPointExtension>
				</extensions>
			</trkpt>
			<trkpt lat="48.603074" lon="-2.192139">
				<ele>5.2</ele>
				<time>2024-08-18T15:33:54Z</time>
				<extensions>
					<gpxtpx:TrackPointExtension>
						<gpxtpx:hr>100</gpxtpx:hr>
						<gpxtpx:atemp>33</gpxtpx:atemp>
					</gpxtpx:TrackPointExtension>
				</extensions>
			</trkpt>
			<trkpt lat="48.603072" lon="-2.192152">
				<ele>5.2</ele>
				<time>2024-08-18T15:33:55Z</time>
				<extensions>
					<gpxtpx:TrackPointExtension>
						<gpxtpx:hr>101</gpxtpx:hr>
						<gpxtpx:atemp>33</gpxtpx:atemp>
					</gpxtpx:TrackPointExtension>
				</extensions>
			</trkpt>
			<trkpt lat="48.603071" lon="-2.192165">
				<ele>5.2</ele>
				<time>2024-08-18T15:33:57Z</time>
				<extensions>
					<gpxtpx:TrackPointExtension>
						<gpxtpx:hr>103</gpxtpx:hr>
						<gpxtpx:atemp>33</gpxtpx:atemp>
					</gpxtpx:TrackPointExtension>
				</extensions>
			</trkpt>
			<trkpt lat="48.603079" lon="-2.192188">
				<ele>4.6</ele>
				<time>2024-08-18T15:34:01Z</time>
				<extensions>
					<gpxtpx:TrackPointExtension>
						<gpxtpx:hr>106</gpxtpx:hr>
						<gpxtpx:atemp>33</gpxtpx:atemp>
					</gpxtpx:TrackPointExtension>
				</extensions>
			</trkpt>
			<trkpt lat="48.603082" lon="-2.192203">
				<ele>4</ele>
				<time>2024-08-18T15:34:04Z</time>
				<extensions>
					<gpxtpx:TrackPointExtension>
						<gpxtpx:hr>106</gpxtpx:hr>
						<gpxtpx:atemp>33</gpxtpx:atemp>
					</gpxtpx:TrackPointExtension>
				</extensions>
			</trkpt>
			<trkpt lat="48.603077" lon="-2.192205">
				<ele>3.8</ele>
				<time>2024-08-18T15:34:05Z</time>
				<extensions>
					<gpxtpx:TrackPointExtension>
						<gpxtpx:hr>106</gpxtpx:hr>
						<gpxtpx:atemp>33</gpxtpx:atemp>
					</gpxtpx:TrackPointExtension>
				</extensions>
			</trkpt>
			<trkpt lat="48.603048" lon="-2.192226">
				<ele>3.8</ele>
				<time>2024-08-18T15:34:08Z</time>
				<extensions>
					<gpxtpx:TrackPointExtension>
						<gpxtpx:hr>106</gpxtpx:hr>
						<gpxtpx:atemp>33</gpxtpx:atemp>
					</gpxtpx:TrackPointExtension>
				</extensions>
			</trkpt>
			<trkpt lat="48.602999" lon="-2.192271">
				<ele>3.6</ele>
				<time>2024-08-18T15:34:12Z</time>
				<extensions>
					<gpxtpx:TrackPointExtension>
						<gpxtpx:hr>103</gpxtpx:hr>
						<gpxtpx:atemp>33</gpxtpx:atemp>
					</gpxtpx:TrackPointExtension>
				</extensions>
			</trkpt>
			<trkpt lat="48.602975" lon="-2.19229">
				<ele>3.6</ele>
				<time>2024-08-18T15:34:14Z</time>
				<extensions>
					<gpxtpx:TrackPointExtension>
						<gpxtpx:hr>99</gpxtpx:hr>
						<gpxtpx:atemp>33</gpxtpx:atemp>
					</gpxtpx:TrackPointExtension>
				</extensions>
			</trkpt>
			<trkpt lat="48.602917" lon="-2.192308">
				<ele>3.4</ele>
				<time>2024-08-18T15:34:19Z</time>
				<extensions>
					<gpxtpx:TrackPointExtension>
						<gpxtpx:hr>100</gpxtpx:hr>
						<gpxtpx:atemp>33</gpxtpx:atemp>
					</gpxtpx:TrackPointExtension>
				</extensions>
			</trkpt>
			<trkpt lat="48.602887" lon="-2.192315">
				<ele>3.2</ele>
				<time>2024-08-18T15:34:22Z</time>
				<extensions>
					<gpxtpx:TrackPointExtension>
						<gpxtpx:hr>96</gpxtpx:hr>
						<gpxtpx:atemp>33</gpxtpx:atemp>
					</gpxtpx:TrackPointExtension>
				</extensions>
			</trkpt>
			<trkpt lat="48.602874" lon="-2.192327">
				<ele>3.2</ele>
				<time>2024-08-18T15:34:23Z</time>
				<extensions>
					<gpxtpx:TrackPointExtension>
						<gpxtpx:hr>94</gpxtpx:hr>
						<gpxtpx:atemp>33</gpxtpx:atemp>
					</gpxtpx:TrackPointExtension>
				</extensions>
			</trkpt>
			<trkpt lat="48.602849" lon="-2.192338">
				<ele>3.2</ele>
				<time>2024-08-18T15:34:25Z</time>
				<extensions>
					<gpxtpx:TrackPointExtension>
						<gpxtpx:hr>90</gpxtpx:hr>
						<gpxtpx:atemp>33</gpxtpx:atemp>
					</gpxtpx:TrackPointExtension>
				</extensions>
			</trkpt>
			<trkpt lat="48.60277" lon="-2.192344">
				<ele>3.2</ele>
				<time>2024-08-18T15:34:31Z</time>
				<extensions>
					<gpxtpx:TrackPointExtension>
						<gpxtpx:hr>92</gpxtpx:hr>
						<gpxtpx:atemp>33</gpxtpx:atemp>
					</gpxtpx:TrackPointExtension>
				</extensions>
			</trkpt>
			<trkpt lat="48.602754" lon="-2.192325">
				<ele>3.2</ele>
				<time>2024-08-18T15:34:33Z</time>
				<extensions>
					<gpxtpx:TrackPointExtension>
						<gpxtpx:hr>93</gpxtpx:hr>
						<gpxtpx:atemp>33</gpxtpx:atemp>
					</gpxtpx:TrackPointExtension>
				</extensions>
			</trkpt>
			<trkpt lat="48.602702" lon="-2.19232">
				<ele>3.2</ele>
				<time>2024-08-18T15:34:37Z</time>
				<extensions>
					<gpxtpx:TrackPointExtension>
						<gpxtpx:hr>92</gpxtpx:hr>
						<gpxtpx:atemp>33</gpxtpx:atemp>
					</gpxtpx:TrackPointExtension>
				</extensions>
			</trkpt>
			<trkpt lat="48.602685" lon="-2.192315">
				<ele>3.2</ele>
				<time>2024-08-18T15:34:38Z</time>
				<extensions>
					<gpxtpx:TrackPointExtension>
						<gpxtpx:hr>91</gpxtpx:hr>
						<gpxtpx:atemp>33</gpxtpx:atemp>
					</gpxtpx:TrackPointExtension>
				</extensions>
			</trkpt>
			<trkpt lat="48.602642" lon="-2.192296">
				<ele>3.4</ele>
				<time>2024-08-18T15:34:42Z</time>
				<extensions>
					<gpxtpx:TrackPointExtension>
						<gpxtpx:hr>89</gpxtpx:hr>
						<gpxtpx:atemp>33</gpxtpx:atemp>
					</gpxtpx:TrackPointExtension>
				</extensions>
			</trkpt>
			<trkpt lat="48.602576" lon="-2.192299">
				<ele>3.2</ele>
				<time>2024-08-18T15:34:47Z</time>
				<extensions>
					<gpxtpx:TrackPointExtension>
						<gpxtpx:hr>89</gpxtpx:hr>
						<gpxtpx:atemp>33</gpxtpx:atemp>
					</gpxtpx:TrackPointExtension>
				</extensions>
			</trkpt>
			<trkpt lat="48.602557" lon="-2.192296">
				<ele>3.2</ele>
				<time>2024-08-18T15:34:49Z</time>
				<extensions>
					<gpxtpx:TrackPointExtension>
						<gpxtpx:hr>89</gpxtpx:hr>
						<gpxtpx:atemp>33</gpxtpx:atemp>
					</gpxtpx:TrackPointExtension>
				</extensions>
			</trkpt>
			<trkpt lat="48.602526" lon="-2.192283">
				<ele>3.6</ele>
				<time>2024-08-18T15:34:54Z</time>
				<extensions>
					<gpxtpx:TrackPointExtension>
						<gpxtpx:hr>89</gpxtpx:hr>
						<gpxtpx:atemp>33</gpxtpx:atemp>
					</gpxtpx:TrackPointExtension>
				</extensions>
			</trkpt>
			<trkpt lat="48.602516" lon="-2.19229">
				<ele>3.6</ele>
				<time>2024-08-18T15:34:55Z</time>
				<extensions>
					<gpxtpx:TrackPointExtension>
						<gpxtpx:hr>89</gpxtpx:hr>
						<gpxtpx:atemp>33</gpxtpx:atemp>
					</gpxtpx:TrackPointExtension>
				</extensions>
			</trkpt>
			<trkpt lat="48.602475" lon="-2.19227">
				<ele>3.6</ele>
				<time>2024-08-18T15:34:59Z</time>
				<extensions>
					<gpxtpx:TrackPointExtension>
						<gpxtpx:hr>89</gpxtpx:hr>
						<gpxtpx:atemp>33</gpxtpx:atemp>
					</gpxtpx:TrackPointExtension>
				</extensions>
			</trkpt>
			<trkpt lat="48.602422" lon="-2.192284">
				<ele>3.4</ele>
				<time>2024-08-18T15:35:04Z</time>
				<extensions>
					<gpxtpx:TrackPointExtension>
						<gpxtpx:hr>86</gpxtpx:hr>
						<gpxtpx:atemp>33</gpxtpx:atemp>
					</gpxtpx:TrackPointExtension>
				</extensions>
			</trkpt>
			<trkpt lat="48.602412" lon="-2.192295">
				<ele>3.4</ele>
				<time>2024-08-18T15:35:05Z</time>
				<extensions>
					<gpxtpx:TrackPointExtension>
						<gpxtpx:hr>85</gpxtpx:hr>
						<gpxtpx:atemp>33</gpxtpx:atemp>
					</gpxtpx:TrackPointExtension>
				</extensions>
			</trkpt>
			<trkpt lat="48.602328" lon="-2.192308">
				<ele>3.2</ele>
				<time>2024-08-18T15:35:12Z</time>
				<extensions>
					<gpxtpx:TrackPointExtension>
						<gpxtpx:hr>84</gpxtpx:hr>
						<gpxtpx:atemp>33</gpxtpx:atemp>
					</gpxtpx:TrackPointExtension>
				</extensions>
			</trkpt>
			<trkpt lat="48.602271" lon="-2.192324">
				<ele>3</ele>
				<time>2024-08-18T15:35:16Z</time>
				<extensions>
					<gpxtpx:TrackPointExtension>
						<gpxtpx:hr>85</gpxtpx:hr>
						<gpxtpx:atemp>33</gpxtpx:atemp>
					</gpxtpx:TrackPointExtension>
				</extensions>
			</trkpt>
			<trkpt lat="48.602246" lon="-2.192341">
				<ele>2.8</ele>
				<time>2024-08-18T15:35:19Z</time>
				<extensions>
					<gpxtpx:TrackPointExtension>
						<gpxtpx:hr>84</gpxtpx:hr>
						<gpxtpx:atemp>33</gpxtpx:atemp>
					</gpxtpx:TrackPointExtension>
				</extensions>
			</trkpt>
			<trkpt lat="48.602143" lon="-2.192399">
				<ele>3.4</ele>
				<time>2024-08-18T15:35:29Z</time>
				<extensions>
					<gpxtpx:TrackPointExtension>
						<gpxtpx:hr>84</gpxtpx:hr>
						<gpxtpx:atemp>33</gpxtpx:atemp>
					</gpxtpx:TrackPointExtension>
				</extensions>
			</trkpt>
			<trkpt lat="48.602098" lon="-2.192427">
				<ele>3</ele>
				<time>2024-08-18T15:35:34Z</time>
				<extensions>
					<gpxtpx:TrackPointExtension>
						<gpxtpx:hr>81</gpxtpx:hr>
						<gpxtpx:atemp>33</gpxtpx:atemp>
					</gpxtpx:TrackPointExtension>
				</extensions>
			</trkpt>
			<trkpt lat="48.602063" lon="-2.192464">
				<ele>3.2</ele>
				<time>2024-08-18T15:35:38Z</time>
				<extensions>
					<gpxtpx:TrackPointExtension>
						<gpxtpx:hr>80</gpxtpx:hr>
						<gpxtpx:atemp>32</gpxtpx:atemp>
					</gpxtpx:TrackPointExtension>
				</extensions>
			</trkpt>
			<trkpt lat="48.60204" lon="-2.192495">
				<ele>3.4</ele>
				<time>2024-08-18T15:35:40Z</time>
				<extensions>
					<gpxtpx:TrackPointExtension>
						<gpxtpx:hr>80</gpxtpx:hr>
						<gpxtpx:atemp>32</gpxtpx:atemp>
					</gpxtpx:TrackPointExtension>
				</extensions>
			</trkpt>
			<trkpt lat="48.60203" lon="-2.192504">
				<ele>3.6</ele>
				<time>2024-08-18T15:35:41Z</time>
				<extensions>
					<gpxtpx:TrackPointExtension>
						<gpxtpx:hr>80</gpxtpx:hr>
						<gpxtpx:atemp>32</gpxtpx:atemp>
					</gpxtpx:TrackPointExtension>
				</extensions>
			</trkpt>
			<trkpt lat="48.602019" lon="-2.192515">
				<ele>4</ele>
				<time>2024-08-18T15:35:43Z</time>
				<extensions>
					<gpxtpx:TrackPointExtension>
						<gpxtpx:hr>79</gpxtpx:hr>
						<gpxtpx:atemp>32</gpxtpx:atemp>
					</gpxtpx:TrackPointExtension>
				</extensions>
			</trkpt>
			<trkpt lat="48.602005" lon="-2.192534">
				<ele>4.2</ele>
				<time>2024-08-18T15:35:45Z</time>
				<extensions>
					<gpxtpx:TrackPointExtension>
						<gpxtpx:hr>81</gpxtpx:hr>
						<gpxtpx:atemp>32</gpxtpx:atemp>
					</gpxtpx:TrackPointExtension>
				</extensions>
			</trkpt>
			<trkpt lat="48.601987" lon="-2.192538">
				<ele>4.4</ele>
				<time>2024-08-18T15:35:48Z</time>
				<extensions>
					<gpxtpx:TrackPointExtension>
						<gpxtpx:hr>84</gpxtpx:hr>
						<gpxtpx:atemp>32</gpxtpx:atemp>
					</gpxtpx:TrackPointExtension>
				</extensions>
			</trkpt>
			<trkpt lat="48.601976" lon="-2.192536">
				<ele>4.6</ele>
				<time>2024-08-18T15:35:49Z</time>
				<extensions>
					<gpxtpx:TrackPointExtension>
						<gpxtpx:hr>85</gpxtpx:hr>
						<gpxtpx:atemp>32</gpxtpx:atemp>
					</gpxtpx:TrackPointExtension>
				</extensions>
			</trkpt>
			<trkpt lat="48.601961" lon="-2.192531">
				<ele>5.2</ele>
				<time>2024-08-18T15:35:51Z</time>
				<extensions>
					<gpxtpx:TrackPointExtension>
						<gpxtpx:hr>87</gpxtpx:hr>
						<gpxtpx:atemp>32</gpxtpx:atemp>
					</gpxtpx:TrackPointExtension>
				</extensions>
			</trkpt>
			<trkpt lat="48.601941" lon="-2.192532">
				<ele>5.4</ele>
				<time>2024-08-18T15:35:53Z</time>
				<extensions>
					<gpxtpx:TrackPointExtension>
						<gpxtpx:hr>90</gpxtpx:hr>
						<gpxtpx:atemp>32</gpxtpx:atemp>
					</gpxtpx:TrackPointExtension>
				</extensions>
			</trkpt>
			<trkpt lat="48.601931" lon="-2.192539">
				<ele>5.4</ele>
				<time>2024-08-18T15:35:54Z</time>
				<extensions>
					<gpxtpx:TrackPointExtension>
						<gpxtpx:hr>96</gpxtpx:hr>
						<gpxtpx:atemp>32</gpxtpx:atemp>
					</gpxtpx:TrackPointExtension>
				</extensions>
			</trkpt>
			<trkpt lat="48.601923" lon="-2.192544">
				<ele>5.4</ele>
				<time>2024-08-18T15:35:55Z</time>
				<extensions>
					<gpxtpx:TrackPointExtension>
						<gpxtpx:hr>99</gpxtpx:hr>
						<gpxtpx:atemp>32</gpxtpx:atemp>
					</gpxtpx:TrackPointExtension>
				</extensions>
			</trkpt>
			<trkpt lat="48.601911" lon="-2.192556">
				<ele>5.2</ele>
				<time>2024-08-18T15:35:57Z</time>
				<extensions>
					<gpxtpx:TrackPointExtension>
						<gpxtpx:hr>102</gpxtpx:hr>
						<gpxtpx:atemp>32</gpxtpx:atemp>
					</gpxtpx:TrackPointExtension>
				</extensions>
			</trkpt>
			<trkpt lat="48.601887" lon="-2.192558">
				<ele>5</ele>
				<time>2024-08-18T15:36:00Z</time>
				<extensions>
					<gpxtpx:TrackPointExtension>
						<gpxtpx:hr>105</gpxtpx:hr>
						<gpxtpx:atemp>32</gpxtpx:atemp>
					</gpxtpx:TrackPointExtension>
				</extensions>
			</trkpt>
			<trkpt lat="48.601834" lon="-2.192575">
				<ele>4.8</ele>
				<time>2024-08-18T15:36:04Z</time>
				<extensions>
					<gpxtpx:TrackPointExtension>
						<gpxtpx:hr>106</gpxtpx:hr>
						<gpxtpx:atemp>32</gpxtpx:atemp>
					</gpxtpx:TrackPointExtension>
				</extensions>
			</trkpt>
			<trkpt lat="48.601746" lon="-2.192579">
				<ele>4.8</ele>
				<time>2024-08-18T15:36:11Z</time>
				<extensions>
					<gpxtpx:TrackPointExtension>
						<gpxtpx:hr>107</gpxtpx:hr>
						<gpxtpx:atemp>32</gpxtpx:atemp>
					</gpxtpx:TrackPointExtension>
				</extensions>
			</trkpt>
			<trkpt lat="48.601675" lon="-2.192605">
				<ele>5.2</ele>
				<time>2024-08-18T15:36:17Z</time>
				<extensions>
					<gpxtpx:TrackPointExtension>
						<gpxtpx:hr>104</gpxtpx:hr>
						<gpxtpx:atemp>32</gpxtpx:atemp>
					</gpxtpx:TrackPointExtension>
				</extensions>
			</trkpt>
			<trkpt lat="48.601666" lon="-2.192605">
				<ele>5.2</ele>
				<time>2024-08-18T15:36:18Z</time>
				<extensions>
					<gpxtpx:TrackPointExtension>
						<gpxtpx:hr>103</gpxtpx:hr>
						<gpxtpx:atemp>32</gpxtpx:atemp>
					</gpxtpx:TrackPointExtension>
				</extensions>
			</trkpt>
			<trkpt lat="48.601654" lon="-2.192617">
				<ele>5.2</ele>
				<time>2024-08-18T15:36:20Z</time>
				<extensions>
					<gpxtpx:TrackPointExtension>
						<gpxtpx:hr>100</gpxtpx:hr>
						<gpxtpx:atemp>32</gpxtpx:atemp>
					</gpxtpx:TrackPointExtension>
				</extensions>
			</trkpt>
			<trkpt lat="48.60165" lon="-2.192624">
				<ele>5.2</ele>
				<time>2024-08-18T15:36:21Z</time>
				<extensions>
					<gpxtpx:TrackPointExtension>
						<gpxtpx:hr>99</gpxtpx:hr>
						<gpxtpx:atemp>32</gpxtpx:atemp>
					</gpxtpx:TrackPointExtension>
				</extensions>
			</trkpt>
			<trkpt lat="48.60164" lon="-2.192648">
				<ele>4</ele>
				<time>2024-08-18T15:36:24Z</time>
				<extensions>
					<gpxtpx:TrackPointExtension>
						<gpxtpx:hr>97</gpxtpx:hr>
						<gpxtpx:atemp>32</gpxtpx:atemp>
					</gpxtpx:TrackPointExtension>
				</extensions>
			</trkpt>
			<trkpt lat="48.601618" lon="-2.19266">
				<ele>4</ele>
				<time>2024-08-18T15:36:30Z</time>
				<extensions>
					<gpxtpx:TrackPointExtension>
						<gpxtpx:hr>98</gpxtpx:hr>
						<gpxtpx:atemp>32</gpxtpx:atemp>
					</gpxtpx:TrackPointExtension>
				</extensions>
			</trkpt>
			<trkpt lat="48.601595" lon="-2.19272">
				<ele>3.6</ele>
				<time>2024-08-18T15:36:36Z</time>
				<extensions>
					<gpxtpx:TrackPointExtension>
						<gpxtpx:hr>99</gpxtpx:hr>
						<gpxtpx:atemp>32</gpxtpx:atemp>
					</gpxtpx:TrackPointExtension>
				</extensions>
			</trkpt>
			<trkpt lat="48.601566" lon="-2.192772">
				<ele>3.4</ele>
				<time>2024-08-18T15:36:40Z</time>
				<extensions>
					<gpxtpx:TrackPointExtension>
						<gpxtpx:hr>96</gpxtpx:hr>
						<gpxtpx:atemp>32</gpxtpx:atemp>
					</gpxtpx:TrackPointExtension>
				</extensions>
			</trkpt>
			<trkpt lat="48.601547" lon="-2.192819">
				<ele>3.4</ele>
				<time>2024-08-18T15:36:43Z</time>
				<extensions>
					<gpxtpx:TrackPointExtension>
						<gpxtpx:hr>94</gpxtpx:hr>
						<gpxtpx:atemp>32</gpxtpx:atemp>
					</gpxtpx:TrackPointExtension>
				</extensions>
			</trkpt>
			<trkpt lat="48.601525" lon="-2.192832">
				<ele>3.4</ele>
				<time>2024-08-18T15:36:45Z</time>
				<extensions>
					<gpxtpx:TrackPointExtension>
						<gpxtpx:hr>93</gpxtpx:hr>
						<gpxtpx:atemp>32</gpxtpx:atemp>
					</gpxtpx:TrackPointExtension>
				</extensions>
			</trkpt>
			<trkpt lat="48.601489" lon="-2.192838">
				<ele>4.2</ele>
				<time>2024-08-18T15:36:48Z</time>
				<extensions>
					<gpxtpx:TrackPointExtension>
						<gpxtpx:hr>93</gpxtpx:hr>
						<gpxtpx:atemp>32</gpxtpx:atemp>
					</gpxtpx:TrackPointExtension>
				</extensions>
			</trkpt>
			<trkpt lat="48.601483" lon="-2.192846">
				<ele>4.2</ele>
				<time>2024-08-18T15:36:51Z</time>
				<extensions>
					<gpxtpx:TrackPointExtension>
						<gpxtpx:hr>90</gpxtpx:hr>
						<gpxtpx:atemp>32</gpxtpx:atemp>
					</gpxtpx:TrackPointExtension>
				</extensions>
			</trkpt>
			<trkpt lat="48.601482" lon="-2.192867">
				<ele>3.4</ele>
				<time>2024-08-18T15:36:53Z</time>
				<extensions>
					<gpxtpx:TrackPointExtension>
						<gpxtpx:hr>90</gpxtpx:hr>
						<gpxtpx:atemp>32</gpxtpx:atemp>
					</gpxtpx:TrackPointExtension>
				</extensions>
			</trkpt>
			<trkpt lat="48.601439" lon="-2.192871">
				<ele>3.8</ele>
				<time>2024-08-18T15:36:59Z</time>
				<extensions>
					<gpxtpx:TrackPointExtension>
						<gpxtpx:hr>88</gpxtpx:hr>
						<gpxtpx:atemp>32</gpxtpx:atemp>
					</gpxtpx:TrackPointExtension>
				</extensions>
			</trkpt>
			<trkpt lat="48.601419" lon="-2.192837">
				<ele>4.4</ele>
				<time>2024-08-18T15:37:02Z</time>
				<extensions>
					<gpxtpx:TrackPointExtension>
						<gpxtpx:hr>91</gpxtpx:hr>
						<gpxtpx:atemp>32</gpxtpx:atemp>
					</gpxtpx:TrackPointExtension>
				</extensions>
			</trkpt>
			<trkpt lat="48.601395" lon="-2.192803">
				<ele>4.6</ele>
				<time>2024-08-18T15:37:05Z</time>
				<extensions>
					<gpxtpx:TrackPointExtension>
						<gpxtpx:hr>94</gpxtpx:hr>
						<gpxtpx:atemp>32</gpxtpx:atemp>
					</gpxtpx:TrackPointExtension>
				</extensions>
			</trkpt>
			<trkpt lat="48.601375" lon="-2.192786">
				<ele>4.8</ele>
				<time>2024-08-18T15:37:07Z</time>
				<extensions>
					<gpxtpx:TrackPointExtension>
						<gpxtpx:hr>96</gpxtpx:hr>
						<gpxtpx:atemp>32</gpxtpx:atemp>
					</gpxtpx:TrackPointExtension>
				</extensions>
			</trkpt>
			<trkpt lat="48.601365" lon="-2.192784">
				<ele>5</ele>
				<time>2024-08-18T15:37:08Z</time>
				<extensions>
					<gpxtpx:TrackPointExtension>
						<gpxtpx:hr>97</gpxtpx:hr>
						<gpxtpx:atemp>32</gpxtpx:atemp>
					</gpxtpx:TrackPointExtension>
				</extensions>
			</trkpt>
			<trkpt lat="48.601339" lon="-2.192776">
				<ele>5.2</ele>
				<time>2024-08-18T15:37:11Z</time>
				<extensions>
					<gpxtpx:TrackPointExtension>
						<gpxtpx:hr>100</gpxtpx:hr>
						<gpxtpx:atemp>32</gpxtpx:atemp>
					</gpxtpx:TrackPointExtension>
				</extensions>
			</trkpt>
			<trkpt lat="48.601304" lon="-2.192764">
				<ele>5.8</ele>
				<time>2024-08-18T15:37:14Z</time>
				<extensions>
					<gpxtpx:TrackPointExtension>
						<gpxtpx:hr>102</gpxtpx:hr>
						<gpxtpx:atemp>32</gpxtpx:atemp>
					</gpxtpx:TrackPointExtension>
				</extensions>
			</trkpt>
			<trkpt lat="48.601289" lon="-2.192762">
				<ele>6</ele>
				<time>2024-08-18T15:37:15Z</time>
				<extensions>
					<gpxtpx:TrackPointExtension>
						<gpxtpx:hr>103</gpxtpx:hr>
						<gpxtpx:atemp>32</gpxtpx:atemp>
					</gpxtpx:TrackPointExtension>
				</extensions>
			</trkpt>
			<trkpt lat="48.601264" lon="-2.192762">
				<ele>6.4</ele>
				<time>2024-08-18T15:37:18Z</time>
				<extensions>
					<gpxtpx:TrackPointExtension>
						<gpxtpx:hr>106</gpxtpx:hr>
						<gpxtpx:atemp>32</gpxtpx:atemp>
					</gpxtpx:TrackPointExtension>
				</extensions>
			</trkpt>
			<trkpt lat="48.601262" lon="-2.192766">
				<ele>6.4</ele>
				<time>2024-08-18T15:37:20Z</time>
				<extensions>
					<gpxtpx:TrackPointExtension>
						<gpxtpx:hr>108</gpxtpx:hr>
						<gpxtpx:atemp>32</gpxtpx:atemp>
					</gpxtpx:TrackPointExtension>
				</extensions>
			</trkpt>
			<trkpt lat="48.601264" lon="-2.19277">
				<ele>6.4</ele>
				<time>2024-08-18T15:37:21Z</time>
				<extensions>
					<gpxtpx:TrackPointExtension>
						<gpxtpx:hr>109</gpxtpx:hr>
						<gpxtpx:atemp>32</gpxtpx:atemp>
					</gpxtpx:TrackPointExtension>
				</extensions>
			</trkpt>
			<trkpt lat="48.601325" lon="-2.192817">
				<ele>6.2</ele>
				<time>2024-08-18T15:37:27Z</time>
				<extensions>
					<gpxtpx:TrackPointExtension>
						<gpxtpx:hr>112</gpxtpx:hr>
						<gpxtpx:atemp>32</gpxtpx:atemp>
					</gpxtpx:TrackPointExtension>
				</extensions>
			</trkpt>
			<trkpt lat="48.601361" lon="-2.192856">
				<ele>6</ele>
				<time>2024-08-18T15:37:30Z</time>
				<extensions>
					<gpxtpx:TrackPointExtension>
						<gpxtpx:hr>116</gpxtpx:hr>
						<gpxtpx:atemp>32</gpxtpx:atemp>
					</gpxtpx:TrackPointExtension>
				</extensions>
			</trkpt>
			<trkpt lat="48.60136" lon="-2.192877">
				<ele>5.8</ele>
				<time>2024-08-18T15:37:33Z</time>
				<extensions>
					<gpxtpx:TrackPointExtension>
						<gpxtpx:hr>115</gpxtpx:hr>
						<gpxtpx:atemp>32</gpxtpx:atemp>
					</gpxtpx:TrackPointExtension>
				</extensions>
			</trkpt>
			<trkpt lat="48.60135" lon="-2.192913">
				<ele>6.4</ele>
				<time>2024-08-18T15:37:39Z</time>
				<extensions>
					<gpxtpx:TrackPointExtension>
						<gpxtpx:hr>114</gpxtpx:hr>
						<gpxtpx:atemp>32</gpxtpx:atemp>
					</gpxtpx:TrackPointExtension>
				</extensions>
			</trkpt>
			<trkpt lat="48.601334" lon="-2.19298">
				<ele>7</ele>
				<time>2024-08-18T15:37:43Z</time>
				<extensions>
					<gpxtpx:TrackPointExtension>
						<gpxtpx:hr>114</gpxtpx:hr>
						<gpxtpx:atemp>32</gpxtpx:atemp>
					</gpxtpx:TrackPointExtension>
				</extensions>
			</trkpt>
			<trkpt lat="48.601316" lon="-2.193022">
				<ele>7.4</ele>
				<time>2024-08-18T15:37:46Z</time>
				<extensions>
					<gpxtpx:TrackPointExtension>
						<gpxtpx:hr>114</gpxtpx:hr>
						<gpxtpx:atemp>32</gpxtpx:atemp>
					</gpxtpx:TrackPointExtension>
				</extensions>
			</trkpt>
			<trkpt lat="48.601305" lon="-2.193048">
				<ele>7</ele>
				<time>2024-08-18T15:37:48Z</time>
				<extensions>
					<gpxtpx:TrackPointExtension>
						<gpxtpx:hr>114</gpxtpx:hr>
						<gpxtpx:atemp>32</gpxtpx:atemp>
					</gpxtpx:TrackPointExtension>
				</extensions>
			</trkpt>
			<trkpt lat="48.601233" lon="-2.193166">
				<ele>7.6</ele>
				<time>2024-08-18T15:37:57Z</time>
				<extensions>
					<gpxtpx:TrackPointExtension>
						<gpxtpx:hr>114</gpxtpx:hr>
						<gpxtpx:atemp>32</gpxtpx:atemp>
					</gpxtpx:TrackPointExtension>
				</extensions>
			</trkpt>
			<trkpt lat="48.601201" lon="-2.193202">
				<ele>7.6</ele>
				<time>2024-08-18T15:38:00Z</time>
				<extensions>
					<gpxtpx:TrackPointExtension>
						<gpxtpx:hr>111</gpxtpx:hr>
						<gpxtpx:atemp>32</gpxtpx:atemp>
					</gpxtpx:TrackPointExtension>
				</extensions>
			</trkpt>
			<trkpt lat="48.60116" lon="-2.193267">
				<ele>7.6</ele>
				<time>2024-08-18T15:38:05Z</time>
				<extensions>
					<gpxtpx:TrackPointExtension>
						<gpxtpx:hr>108</gpxtpx:hr>
						<gpxtpx:atemp>32</gpxtpx:atemp>
					</gpxtpx:TrackPointExtension>
				</extensions>
			</trkpt>
			<trkpt lat="48.601126" lon="-2.193315">
				<ele>7.8</ele>
				<time>2024-08-18T15:38:08Z</time>
				<extensions>
					<gpxtpx:TrackPointExtension>
						<gpxtpx:hr>105</gpxtpx:hr>
						<gpxtpx:atemp>32</gpxtpx:atemp>
					</gpxtpx:TrackPointExtension>
				</extensions>
			</trkpt>
			<trkpt lat="48.601101" lon="-2.193348">
				<ele>7.8</ele>
				<time>2024-08-18T15:38:11Z</time>
				<extensions>
					<gpxtpx:TrackPointExtension>
						<gpxtpx:hr>102</gpxtpx:hr>
						<gpxtpx:atemp>32</gpxtpx:atemp>
					</gpxtpx:TrackPointExtension>
				</extensions>
			</trkpt>
			<trkpt lat="48.601073" lon="-2.193384">
				<ele>8</ele>
				<time>2024-08-18T15:38:14Z</time>
				<extensions>
					<gpxtpx:TrackPointExtension>
						<gpxtpx:hr>101</gpxtpx:hr>
						<gpxtpx:atemp>32</gpxtpx:atemp>
					</gpxtpx:TrackPointExtension>
				</extensions>
			</trkpt>
			<trkpt lat="48.601027" lon="-2.19343">
				<ele>8</ele>
				<time>2024-08-18T15:38:18Z</time>
				<extensions>
					<gpxtpx:TrackPointExtension>
						<gpxtpx:hr>98</gpxtpx:hr>
						<gpxtpx:atemp>32</gpxtpx:atemp>
					</gpxtpx:TrackPointExtension>
				</extensions>
			</trkpt>
			<trkpt lat="48.600989" lon="-2.193445">
				<ele>8.2</ele>
				<time>2024-08-18T15:38:21Z</time>
				<extensions>
					<gpxtpx:TrackPointExtension>
						<gpxtpx:hr>97</gpxtpx:hr>
						<gpxtpx:atemp>32</gpxtpx:atemp>
					</gpxtpx:TrackPointExtension>
				</extensions>
			</trkpt>
			<trkpt lat="48.600965" lon="-2.193466">
				<ele>8.4</ele>
				<time>2024-08-18T15:38:23Z</time>
				<extensions>
					<gpxtpx:TrackPointExtension>
						<gpxtpx:hr>97</gpxtpx:hr>
						<gpxtpx:atemp>32</gpxtpx:atemp>
					</gpxtpx:TrackPointExtension>
				</extensions>
			</trkpt>
			<trkpt lat="48.600888" lon="-2.193558">
				<ele>8.2</ele>
				<time>2024-08-18T15:38:32Z</time>
				<extensions>
					<gpxtpx:TrackPointExtension>
						<gpxtpx:hr>98</gpxtpx:hr>
						<gpxtpx:atemp>32</gpxtpx:atemp>
					</gpxtpx:TrackPointExtension>
				</extensions>
			</trkpt>
			<trkpt lat="48.600882" lon="-2.193573">
				<ele>8.2</ele>
				<time>2024-08-18T15:38:33Z</time>
				<extensions>
					<gpxtpx:TrackPointExtension>
						<gpxtpx:hr>97</gpxtpx:hr>
						<gpxtpx:atemp>32</gpxtpx:atemp>
					</gpxtpx:TrackPointExtension>
				</extensions>
			</trkpt>
			<trkpt lat="48.600807" lon="-2.193684">
				<ele>8.4</ele>
				<time>2024-08-18T15:38:42Z</time>
				<extensions>
					<gpxtpx:TrackPointExtension>
						<gpxtpx:hr>97</gpxtpx:hr>
						<gpxtpx:atemp>32</gpxtpx:atemp>
					</gpxtpx:TrackPointExtension>
				</extensions>
			</trkpt>
			<trkpt lat="48.60076" lon="-2.193755">
				<ele>8.4</ele>
				<time>2024-08-18T15:38:49Z</time>
				<extensions>
					<gpxtpx:TrackPointExtension>
						<gpxtpx:hr>98</gpxtpx:hr>
						<gpxtpx:atemp>32</gpxtpx:atemp>
					</gpxtpx:TrackPointExtension>
				</extensions>
			</trkpt>
			<trkpt lat="48.600754" lon="-2.193773">
				<ele>8.4</ele>
				<time>2024-08-18T15:38:51Z</time>
				<extensions>
					<gpxtpx:TrackPointExtension>
						<gpxtpx:hr>97</gpxtpx:hr>
						<gpxtpx:atemp>32</gpxtpx:atemp>
					</gpxtpx:TrackPointExtension>
				</extensions>
			</trkpt>
			<trkpt lat="48.600733" lon="-2.193842">
				<ele>8</ele>
				<time>2024-08-18T15:38:55Z</time>
				<extensions>
					<gpxtpx:TrackPointExtension>
						<gpxtpx:hr>94</gpxtpx:hr>
						<gpxtpx:atemp>32</gpxtpx:atemp>
					</gpxtpx:TrackPointExtension>
				</extensions>
			</trkpt>
			<trkpt lat="48.600714" lon="-2.193886">
				<ele>7</ele>
				<time>2024-08-18T15:38:58Z</time>
				<extensions>
					<gpxtpx:TrackPointExtension>
						<gpxtpx:hr>94</gpxtpx:hr>
						<gpxtpx:atemp>32</gpxtpx:atemp>
					</gpxtpx:TrackPointExtension>
				</extensions>
			</trkpt>
			<trkpt lat="48.600684" lon="-2.193963">
				<ele>6</ele>
				<time>2024-08-18T15:39:03Z</time>
				<extensions>
					<gpxtpx:TrackPointExtension>
						<gpxtpx:hr>95</gpxtpx:hr>
						<gpxtpx:atemp>32</gpxtpx:atemp>
					</gpxtpx:TrackPointExtension>
				</extensions>
			</trkpt>
			<trkpt lat="48.600657" lon="-2.19403">
				<ele>4.8</ele>
				<time>2024-08-18T15:39:07Z</time>
				<extensions>
					<gpxtpx:TrackPointExtension>
						<gpxtpx:hr>93</gpxtpx:hr>
						<gpxtpx:atemp>32</gpxtpx:atemp>
					</gpxtpx:TrackPointExtension>
				</extensions>
			</trkpt>
			<trkpt lat="48.600644" lon="-2.194043">
				<ele>4.6</ele>
				<time>2024-08-18T15:39:09Z</time>
				<extensions>
					<gpxtpx:TrackPointExtension>
						<gpxtpx:hr>92</gpxtpx:hr>
						<gpxtpx:atemp>32</gpxtpx:atemp>
					</gpxtpx:TrackPointExtension>
				</extensions>
			</trkpt>
			<trkpt lat="48.600627" lon="-2.19406">
				<ele>4.4</ele>
				<time>2024-08-18T15:39:11Z</time>
				<extensions>
					<gpxtpx:TrackPointExtension>
						<gpxtpx:hr>90</gpxtpx:hr>
						<gpxtpx:atemp>32</gpxtpx:atemp>
					</gpxtpx:TrackPointExtension>
				</extensions>
			</trkpt>
			<trkpt lat="48.600614" lon="-2.194086">
				<ele>4.2</ele>
				<time>2024-08-18T15:39:13Z</time>
				<extensions>
					<gpxtpx:TrackPointExtension>
						<gpxtpx:hr>88</gpxtpx:hr>
						<gpxtpx:atemp>32</gpxtpx:atemp>
					</gpxtpx:TrackPointExtension>
				</extensions>
			</trkpt>
			<trkpt lat="48.600622" lon="-2.194119">
				<ele>4</ele>
				<time>2024-08-18T15:39:16Z</time>
				<extensions>
					<gpxtpx:TrackPointExtension>
						<gpxtpx:hr>87</gpxtpx:hr>
						<gpxtpx:atemp>32</gpxtpx:atemp>
					</gpxtpx:TrackPointExtension>
				</extensions>
			</trkpt>
			<trkpt lat="48.600623" lon="-2.194134">
				<ele>3.8</ele>
				<time>2024-08-18T15:39:17Z</time>
				<extensions>
					<gpxtpx:TrackPointExtension>
						<gpxtpx:hr>88</gpxtpx:hr>
						<gpxtpx:atemp>32</gpxtpx:atemp>
					</gpxtpx:TrackPointExtension>
				</extensions>
			</trkpt>
			<trkpt lat="48.600624" lon="-2.194171">
				<ele>3.8</ele>
				<time>2024-08-18T15:39:19Z</time>
				<extensions>
					<gpxtpx:TrackPointExtension>
						<gpxtpx:hr>89</gpxtpx:hr>
						<gpxtpx:atemp>32</gpxtpx:atemp>
					</gpxtpx:TrackPointExtension>
				</extensions>
			</trkpt>
			<trkpt lat="48.60062" lon="-2.194206">
				<ele>4</ele>
				<time>2024-08-18T15:39:22Z</time>
				<extensions>
					<gpxtpx:TrackPointExtension>
						<gpxtpx:hr>90</gpxtpx:hr>
						<gpxtpx:atemp>32</gpxtpx:atemp>
					</gpxtpx:TrackPointExtension>
				</extensions>
			</trkpt>
			<trkpt lat="48.6006" lon="-2.194283">
				<ele>3.8</ele>
				<time>2024-08-18T15:39:28Z</time>
				<extensions>
					<gpxtpx:TrackPointExtension>
						<gpxtpx:hr>93</gpxtpx:hr>
						<gpxtpx:atemp>32</gpxtpx:atemp>
					</gpxtpx:TrackPointExtension>
				</extensions>
			</trkpt>
			<trkpt lat="48.6006" lon="-2.194294">
				<ele>3.6</ele>
				<time>2024-08-18T15:39:29Z</time>
				<extensions>
					<gpxtpx:TrackPointExtension>
						<gpxtpx:hr>94</gpxtpx:hr>
						<gpxtpx:atemp>32</gpxtpx:atemp>
					</gpxtpx:TrackPointExtension>
				</extensions>
			</trkpt>
			<trkpt lat="48.600591" lon="-2.194344">
				<ele>3.6</ele>
				<time>2024-08-18T15:39:33Z</time>
				<extensions>
					<gpxtpx:TrackPointExtension>
						<gpxtpx:hr>96</gpxtpx:hr>
						<gpxtpx:atemp>32</gpxtpx:atemp>
					</gpxtpx:TrackPointExtension>
				</extensions>
			</trkpt>
			<trkpt lat="48.600583" lon="-2.194367">
				<ele>3.6</ele>
				<time>2024-08-18T15:39:35Z</time>
				<extensions>
					<gpxtpx:TrackPointExtension>
						<gpxtpx:hr>98</gpxtpx:hr>
						<gpxtpx:atemp>32</gpxtpx:atemp>
					</gpxtpx:TrackPointExtension>
				</extensions>
			</trkpt>
			<trkpt lat="48.600547" lon="-2.194378">
				<ele>5</ele>
				<time>2024-08-18T15:39:39Z</time>
				<extensions>
					<gpxtpx:TrackPointExtension>
						<gpxtpx:hr>100</gpxtpx:hr>
						<gpxtpx:atemp>32</gpxtpx:atemp>
					</gpxtpx:TrackPointExtension>
				</extensions>
			</trkpt>
			<trkpt lat="48.600531" lon="-2.194376">
				<ele>5.2</ele>
				<time>2024-08-18T15:39:41Z</time>
				<extensions>
					<gpxtpx:TrackPointExtension>
						<gpxtpx:hr>101</gpxtpx:hr>
						<gpxtpx:atemp>32</gpxtpx:atemp>
					</gpxtpx:TrackPointExtension>
				</extensions>
			</trkpt>
			<trkpt lat="48.600504" lon="-2.194365">
				<ele>5.2</ele>
				<time>2024-08-18T15:39:44Z</time>
				<extensions>
					<gpxtpx:TrackPointExtension>
						<gpxtpx:hr>103</gpxtpx:hr>
						<gpxtpx:atemp>32</gpxtpx:atemp>
					</gpxtpx:TrackPointExtension>
				</extensions>
			</trkpt>
			<trkpt lat="48.600501" lon="-2.194355">
				<ele>5.2</ele>
				<time>2024-08-18T15:39:46Z</time>
				<extensions>
					<gpxtpx:TrackPointExtension>
						<gpxtpx:hr>103</gpxtpx:hr>
						<gpxtpx:atemp>32</gpxtpx:atemp>
					</gpxtpx:TrackPointExtension>
				</extensions>
			</trkpt>
			<trkpt lat="48.600475" lon="-2.194372">
				<ele>5.2</ele>
				<time>2024-08-18T15:39:53Z</time>
				<extensions>
					<gpxtpx:TrackPointExtension>
						<gpxtpx:hr>103</gpxtpx:hr>
						<gpxtpx:atemp>32</gpxtpx:atemp>
					</gpxtpx:TrackPointExtension>
				</extensions>
			</trkpt>
			<trkpt lat="48.600466" lon="-2.194378">
				<ele>6</ele>
				<time>2024-08-18T15:39:57Z</time>
				<extensions>
					<gpxtpx:TrackPointExtension>
						<gpxtpx:hr>104</gpxtpx:hr>
						<gpxtpx:atemp>32</gpxtpx:atemp>
					</gpxtpx:TrackPointExtension>
				</extensions>
			</trkpt>
			<trkpt lat="48.600462" lon="-2.194371">
				<ele>6</ele>
				<time>2024-08-18T15:39:58Z</time>
				<extensions>
					<gpxtpx:TrackPointExtension>
						<gpxtpx:hr>103</gpxtpx:hr>
						<gpxtpx:atemp>32</gpxtpx:atemp>
					</gpxtpx:TrackPointExtension>
				</extensions>
			</trkpt>
			<trkpt lat="48.600458" lon="-2.194351">
				<ele>6.6</ele>
				<time>2024-08-18T15:40:02Z</time>
				<extensions>
					<gpxtpx:TrackPointExtension>
						<gpxtpx:hr>102</gpxtpx:hr>
						<gpxtpx:atemp>32</gpxtpx:atemp>
					</gpxtpx:TrackPointExtension>
				</extensions>
			</trkpt>
			<trkpt lat="48.60046" lon="-2.194344">
				<ele>7</ele>
				<time>2024-08-18T15:40:03Z</time>
				<extensions>
					<gpxtpx:TrackPointExtension>
						<gpxtpx:hr>102</gpxtpx:hr>
						<gpxtpx:atemp>32</gpxtpx:atemp>
					</gpxtpx:TrackPointExtension>
				</extensions>
			</trkpt>
			<trkpt lat="48.600438" lon="-2.194348">
				<ele>7.8</ele>
				<time>2024-08-18T15:40:07Z</time>
				<extensions>
					<gpxtpx:TrackPointExtension>
						<gpxtpx:hr>101</gpxtpx:hr>
						<gpxtpx:atemp>32</gpxtpx:atemp>
					</gpxtpx:TrackPointExtension>
				</extensions>
			</trkpt>
			<trkpt lat="48.600431" lon="-2.19435">
				<ele>8.4</ele>
				<time>2024-08-18T15:40:09Z</time>
				<extensions>
					<gpxtpx:TrackPointExtension>
						<gpxtpx:hr>100</gpxtpx:hr>
						<gpxtpx:atemp>32</gpxtpx:atemp>
					</gpxtpx:TrackPointExtension>
				</extensions>
			</trkpt>
			<trkpt lat="48.600412" lon="-2.194361">
				<ele>9.2</ele>
				<time>2024-08-18T15:40:11Z</time>
				<extensions>
					<gpxtpx:TrackPointExtension>
						<gpxtpx:hr>101</gpxtpx:hr>
						<gpxtpx:atemp>32</gpxtpx:atemp>
					</gpxtpx:TrackPointExtension>
				</extensions>
			</trkpt>
			<trkpt lat="48.600403" lon="-2.194364">
				<ele>9.4</ele>
				<time>2024-08-18T15:40:12Z</time>
				<extensions>
					<gpxtpx:TrackPointExtension>
						<gpxtpx:hr>101</gpxtpx:hr>
						<gpxtpx:atemp>32</gpxtpx:atemp>
					</gpxtpx:TrackPointExtension>
				</extensions>
			</trkpt>
			<trkpt lat="48.600394" lon="-2.194363">
				<ele>9.6</ele>
				<time>2024-08-18T15:40:13Z</time>
				<extensions>
					<gpxtpx:TrackPointExtension>
						<gpxtpx:hr>102</gpxtpx:hr>
						<gpxtpx:atemp>32</gpxtpx:atemp>
					</gpxtpx:TrackPointExtension>
				</extensions>
			</trkpt>
			<trkpt lat="48.600354" lon="-2.194344">
				<ele>10.2</ele>
				<time>2024-08-18T15:40:18Z</time>
				<extensions>
					<gpxtpx:TrackPointExtension>
						<gpxtpx:hr>105</gpxtpx:hr>
						<gpxtpx:atemp>32</gpxtpx:atemp>
					</gpxtpx:TrackPointExtension>
				</extensions>
			</trkpt>
			<trkpt lat="48.600339" lon="-2.194331">
				<ele>10.8</ele>
				<time>2024-08-18T15:40:20Z</time>
				<extensions>
					<gpxtpx:TrackPointExtension>
						<gpxtpx:hr>107</gpxtpx:hr>
						<gpxtpx:atemp>32</gpxtpx:atemp>
					</gpxtpx:TrackPointExtension>
				</extensions>
			</trkpt>
			<trkpt lat="48.600322" lon="-2.194332">
				<ele>11</ele>
				<time>2024-08-18T15:40:22Z</time>
				<extensions>
					<gpxtpx:TrackPointExtension>
						<gpxtpx:hr>109</gpxtpx:hr>
						<gpxtpx:atemp>32</gpxtpx:atemp>
					</gpxtpx:TrackPointExtension>
				</extensions>
			</trkpt>
			<trkpt lat="48.600304" lon="-2.194334">
				<ele>11.2</ele>
				<time>2024-08-18T15:40:24Z</time>
				<extensions>
					<gpxtpx:TrackPointExtension>
						<gpxtpx:hr>113</gpxtpx:hr>
						<gpxtpx:atemp>32</gpxtpx:atemp>
					</gpxtpx:TrackPointExtension>
				</extensions>
			</trkpt>
			<trkpt lat="48.600292" lon="-2.194336">
				<ele>11.6</ele>
				<time>2024-08-18T15:40:25Z</time>
				<extensions>
					<gpxtpx:TrackPointExtension>
						<gpxtpx:hr>116</gpxtpx:hr>
						<gpxtpx:atemp>32</gpxtpx:atemp>
					</gpxtpx:TrackPointExtension>
				</extensions>
			</trkpt>
			<trkpt lat="48.600281" lon="-2.194338">
				<ele>11.8</ele>
				<time>2024-08-18T15:40:26Z</time>
				<extensions>
					<gpxtpx:TrackPointExtension>
						<gpxtpx:hr>116</gpxtpx:hr>
						<gpxtpx:atemp>32</gpxtpx:atemp>
					</gpxtpx:TrackPointExtension>
				</extensions>
			</trkpt>
			<trkpt lat="48.600272" lon="-2.194341">
				<ele>12</ele>
				<time>2024-08-18T15:40:27Z</time>
				<extensions>
					<gpxtpx:TrackPointExtension>
						<gpxtpx:hr>118</gpxtpx:hr>
						<gpxtpx:atemp>32</gpxtpx:atemp>
					</gpxtpx:TrackPointExtension>
				</extensions>
			</trkpt>
			<trkpt lat="48.600263" lon="-2.194342">
				<ele>12</ele>
				<time>2024-08-18T15:40:28Z</time>
				<extensions>
					<gpxtpx:TrackPointExtension>
						<gpxtpx:hr>122</gpxtpx:hr>
						<gpxtpx:atemp>32</gpxtpx:atemp>
					</gpxtpx:TrackPointExtension>
				</extensions>
			</trkpt>
			<trkpt lat="48.600252" lon="-2.194342">
				<ele>12</ele>
				<time>2024-08-18T15:40:29Z</time>
				<extensions>
					<gpxtpx:TrackPointExtension>
						<gpxtpx:hr>125</gpxtpx:hr>
						<gpxtpx:atemp>32</gpxtpx:atemp>
					</gpxtpx:TrackPointExtension>
				</extensions>
			</trkpt>
			<trkpt lat="48.60021" lon="-2.194307">
				<ele>12</ele>
				<time>2024-08-18T15:40:33Z</time>
				<extensions>
					<gpxtpx:TrackPointExtension>
						<gpxtpx:hr>127</gpxtpx:hr>
						<gpxtpx:atemp>32</gpxtpx:atemp>
					</gpxtpx:TrackPointExtension>
				</extensions>
			</trkpt>
			<trkpt lat="48.600202" lon="-2.194291">
				<ele>12</ele>
				<time>2024-08-18T15:40:34Z</time>
				<extensions>
					<gpxtpx:TrackPointExtension>
						<gpxtpx:hr>128</gpxtpx:hr>
						<gpxtpx:atemp>32</gpxtpx:atemp>
					</gpxtpx:TrackPointExtension>
				</extensions>
			</trkpt>
			<trkpt lat="48.600199" lon="-2.194277">
				<ele>12</ele>
				<time>2024-08-18T15:40:35Z</time>
				<extensions>
					<gpxtpx:TrackPointExtension>
						<gpxtpx:hr>128</gpxtpx:hr>
						<gpxtpx:atemp>32</gpxtpx:atemp>
					</gpxtpx:TrackPointExtension>
				</extensions>
			</trkpt>
			<trkpt lat="48.600196" lon="-2.194242">
				<ele>12.8</ele>
				<time>2024-08-18T15:40:38Z</time>
				<extensions>
					<gpxtpx:TrackPointExtension>
						<gpxtpx:hr>129</gpxtpx:hr>
						<gpxtpx:atemp>32</gpxtpx:atemp>
					</gpxtpx:TrackPointExtension>
				</extensions>
			</trkpt>
			<trkpt lat="48.600195" lon="-2.19423">
				<ele>13</ele>
				<time>2024-08-18T15:40:39Z</time>
				<extensions>
					<gpxtpx:TrackPointExtension>
						<gpxtpx:hr>129</gpxtpx:hr>
						<gpxtpx:atemp>33</gpxtpx:atemp>
					</gpxtpx:TrackPointExtension>
				</extensions>
			</trkpt>
			<trkpt lat="48.600193" lon="-2.194223">
				<ele>13.4</ele>
				<time>2024-08-18T15:40:40Z</time>
				<extensions>
					<gpxtpx:TrackPointExtension>
						<gpxtpx:hr>129</gpxtpx:hr>
						<gpxtpx:atemp>33</gpxtpx:atemp>
					</gpxtpx:TrackPointExtension>
				</extensions>
			</trkpt>
			<trkpt lat="48.600186" lon="-2.194209">
				<ele>14</ele>
				<time>2024-08-18T15:40:42Z</time>
				<extensions>
					<gpxtpx:TrackPointExtension>
						<gpxtpx:hr>129</gpxtpx:hr>
						<gpxtpx:atemp>33</gpxtpx:atemp>
					</gpxtpx:TrackPointExtension>
				</extensions>
			</trkpt>
			<trkpt lat="48.600162" lon="-2.194188">
				<ele>15.2</ele>
				<time>2024-08-18T15:40:46Z</time>
				<extensions>
					<gpxtpx:TrackPointExtension>
						<gpxtpx:hr>130</gpxtpx:hr>
						<gpxtpx:atemp>33</gpxtpx:atemp>
					</gpxtpx:TrackPointExtension>
				</extensions>
			</trkpt>
			<trkpt lat="48.600151" lon="-2.194181">
				<ele>15.6</ele>
				<time>2024-08-18T15:40:48Z</time>
				<extensions>
					<gpxtpx:TrackPointExtension>
						<gpxtpx:hr>131</gpxtpx:hr>
						<gpxtpx:atemp>33</gpxtpx:atemp>
					</gpxtpx:TrackPointExtension>
				</extensions>
			</trkpt>
			<trkpt lat="48.600142" lon="-2.194179">
				<ele>16</ele>
				<time>2024-08-18T15:40:49Z</time>
				<extensions>
					<gpxtpx:TrackPointExtension>
						<gpxtpx:hr>132</gpxtpx:hr>
						<gpxtpx:atemp>33</gpxtpx:atemp>
					</gpxtpx:TrackPointExtension>
				</extensions>
			</trkpt>
			<trkpt lat="48.600127" lon="-2.194177">
				<ele>16.200001</ele>
				<time>2024-08-18T15:40:51Z</time>
				<extensions>
					<gpxtpx:TrackPointExtension>
						<gpxtpx:hr>134</gpxtpx:hr>
						<gpxtpx:atemp>33</gpxtpx:atemp>
					</gpxtpx:TrackPointExtension>
				</extensions>
			</trkpt>
			<trkpt lat="48.600108" lon="-2.194184">
				<ele>16.4</ele>
				<time>2024-08-18T15:40:53Z</time>
				<extensions>
					<gpxtpx:TrackPointExtension>
						<gpxtpx:hr>134</gpxtpx:hr>
						<gpxtpx:atemp>33</gpxtpx:atemp>
					</gpxtpx:TrackPointExtension>
				</extensions>
			</trkpt>
			<trkpt lat="48.600085" lon="-2.194185">
				<ele>16.4</ele>
				<time>2024-08-18T15:40:55Z</time>
				<extensions>
					<gpxtpx:TrackPointExtension>
						<gpxtpx:hr>134</gpxtpx:hr>
						<gpxtpx:atemp>33</gpxtpx:atemp>
					</gpxtpx:TrackPointExtension>
				</extensions>
			</trkpt>
			<trkpt lat="48.600067" lon="-2.194176">
				<ele>16.4</ele>
				<time>2024-08-18T15:40:57Z</time>
				<extensions>
					<gpxtpx:TrackPointExtension>
						<gpxtpx:hr>134</gpxtpx:hr>
						<gpxtpx:atemp>33</gpxtpx:atemp>
					</gpxtpx:TrackPointExtension>
				</extensions>
			</trkpt>
			<trkpt lat="48.600047" lon="-2.194136">
				<ele>16.799999</ele>
				<time>2024-08-18T15:41:01Z</time>
				<extensions>
					<gpxtpx:TrackPointExtension>
						<gpxtpx:hr>134</gpxtpx:hr>
						<gpxtpx:atemp>33</gpxtpx:atemp>
					</gpxtpx:TrackPointExtension>
				</extensions>
			</trkpt>
			<trkpt lat="48.600039" lon="-2.194132">
				<ele>17</ele>
				<time>2024-08-18T15:41:02Z</time>
				<extensions>
					<gpxtpx:TrackPointExtension>
						<gpxtpx:hr>134</gpxtpx:hr>
						<gpxtpx:atemp>33</gpxtpx:atemp>
					</gpxtpx:TrackPointExtension>
				</extensions>
			</trkpt>
			<trkpt lat="48.600023" lon="-2.194126">
				<ele>17.200001</ele>
				<time>2024-08-18T15:41:04Z</time>
				<extensions>
					<gpxtpx:TrackPointExtension>
						<gpxtpx:hr>134</gpxtpx:hr>
						<gpxtpx:atemp>33</gpxtpx:atemp>
					</gpxtpx:TrackPointExtension>
				</extensions>
			</trkpt>
			<trkpt lat="48.600007" lon="-2.194124">
				<ele>17.200001</ele>
				<time>2024-08-18T15:41:06Z</time>
				<extensions>
					<gpxtpx:TrackPointExtension>
						<gpxtpx:hr>131</gpxtpx:hr>
						<gpxtpx:atemp>33</gpxtpx:atemp>
					</gpxtpx:TrackPointExtension>
				</extensions>
			</trkpt>
			<trkpt lat="48.599995" lon="-2.194122">
				<ele>17.200001</ele>
				<time>2024-08-18T15:41:07Z</time>
				<extensions>
					<gpxtpx:TrackPointExtension>
						<gpxtpx:hr>131</gpxtpx:hr>
						<gpxtpx:atemp>33</gpxtpx:atemp>
					</gpxtpx:TrackPointExtension>
				</extensions>
			</trkpt>
			<trkpt lat="48.599984" lon="-2.194123">
				<ele>17</ele>
				<time>2024-08-18T15:41:08Z</time>
				<extensions>
					<gpxtpx:TrackPointExtension>
						<gpxtpx:hr>130</gpxtpx:hr>
						<gpxtpx:atemp>33</gpxtpx:atemp>
					</gpxtpx:TrackPointExtension>
				</extensions>
			</trkpt>
			<trkpt lat="48.599942" lon="-2.194141">
				<ele>17.200001</ele>
				<time>2024-08-18T15:41:12Z</time>
				<extensions>
					<gpxtpx:TrackPointExtension>
						<gpxtpx:hr>127</gpxtpx:hr>
						<gpxtpx:atemp>33</gpxtpx:atemp>
					</gpxtpx:TrackPointExtension>
				</extensions>
			</trkpt>
			<trkpt lat="48.599915" lon="-2.194135">
				<ele>17.4</ele>
				<time>2024-08-18T15:41:14Z</time>
				<extensions>
					<gpxtpx:TrackPointExtension>
						<gpxtpx:hr>126</gpxtpx:hr>
						<gpxtpx:atemp>33</gpxtpx:atemp>
					</gpxtpx:TrackPointExtension>
				</extensions>
			</trkpt>
			<trkpt lat="48.599905" lon="-2.194129">
				<ele>17.6</ele>
				<time>2024-08-18T15:41:15Z</time>
				<extensions>
					<gpxtpx:TrackPointExtension>
						<gpxtpx:hr>125</gpxtpx:hr>
						<gpxtpx:atemp>33</gpxtpx:atemp>
					</gpxtpx:TrackPointExtension>
				</extensions>
			</trkpt>
			<trkpt lat="48.599892" lon="-2.194121">
				<ele>17.799999</ele>
				<time>2024-08-18T15:41:17Z</time>
				<extensions>
					<gpxtpx:TrackPointExtension>
						<gpxtpx:hr>123</gpxtpx:hr>
						<gpxtpx:atemp>33</gpxtpx:atemp>
					</gpxtpx:TrackPointExtension>
				</extensions>
			</trkpt>
			<trkpt lat="48.59987" lon="-2.194119">
				<ele>17.799999</ele>
				<time>2024-08-18T15:41:19Z</time>
				<extensions>
					<gpxtpx:TrackPointExtension>
						<gpxtpx:hr>119</gpxtpx:hr>
						<gpxtpx:atemp>32</gpxtpx:atemp>
					</gpxtpx:TrackPointExtension>
				</extensions>
			</trkpt>
			<trkpt lat="48.599859" lon="-2.194124">
				<ele>17.799999</ele>
				<time>2024-08-18T15:41:20Z</time>
				<extensions>
					<gpxtpx:TrackPointExtension>
						<gpxtpx:hr>118</gpxtpx:hr>
						<gpxtpx:atemp>32</gpxtpx:atemp>
					</gpxtpx:TrackPointExtension>
				</extensions>
			</trkpt>
			<trkpt lat="48.599851" lon="-2.194134">
				<ele>17.799999</ele>
				<time>2024-08-18T15:41:21Z</time>
				<extensions>
					<gpxtpx:TrackPointExtension>
						<gpxtpx:hr>117</gpxtpx:hr>
						<gpxtpx:atemp>32</gpxtpx:atemp>
					</gpxtpx:TrackPointExtension>
				</extensions>
			</trkpt>
			<trkpt lat="48.599829" lon="-2.194151">
				<ele>17.6</ele>
				<time>2024-08-18T15:41:23Z</time>
				<extensions>
					<gpxtpx:TrackPointExtension>
						<gpxtpx:hr>114</gpxtpx:hr>
						<gpxtpx:atemp>32</gpxtpx:atemp>
					</gpxtpx:TrackPointExtension>
				</extensions>
			</trkpt>
			<trkpt lat="48.599809" lon="-2.194173">
				<ele>17.200001</ele>
				<time>2024-08-18T15:41:26Z</time>
				<extensions>
					<gpxtpx:TrackPointExtension>
						<gpxtpx:hr>111</gpxtpx:hr>
						<gpxtpx:atemp>32</gpxtpx:atemp>
					</gpxtpx:TrackPointExtension>
				</extensions>
			</trkpt>
			<trkpt lat="48.599802" lon="-2.19418">
				<ele>17.200001</ele>
				<time>2024-08-18T15:41:27Z</time>
				<extensions>
					<gpxtpx:TrackPointExtension>
						<gpxtpx:hr>111</gpxtpx:hr>
						<gpxtpx:atemp>32</gpxtpx:atemp>
					</gpxtpx:TrackPointExtension>
				</extensions>
			</trkpt>
			<trkpt lat="48.599753" lon="-2.194253">
				<ele>16.200001</ele>
				<time>2024-08-18T15:41:34Z</time>
				<extensions>
					<gpxtpx:TrackPointExtension>
						<gpxtpx:hr>111</gpxtpx:hr>
						<gpxtpx:atemp>32</gpxtpx:atemp>
					</gpxtpx:TrackPointExtension>
				</extensions>
			</trkpt>
			<trkpt lat="48.599745" lon="-2.194266">
				<ele>15.8</ele>
				<time>2024-08-18T15:41:35Z</time>
				<extensions>
					<gpxtpx:TrackPointExtension>
						<gpxtpx:hr>111</gpxtpx:hr>
						<gpxtpx:atemp>32</gpxtpx:atemp>
					</gpxtpx:TrackPointExtension>
				</extensions>
			</trkpt>
			<trkpt lat="48.599738" lon="-2.194285">
				<ele>15.4</ele>
				<time>2024-08-18T15:41:36Z</time>
				<extensions>
					<gpxtpx:TrackPointExtension>
						<gpxtpx:hr>111</gpxtpx:hr>
						<gpxtpx:atemp>32</gpxtpx:atemp>
					</gpxtpx:TrackPointExtension>
				</extensions>
			</trkpt>
			<trkpt lat="48.59973" lon="-2.194301">
				<ele>14.8</ele>
				<time>2024-08-18T15:41:37Z</time>
				<extensions>
					<gpxtpx:TrackPointExtension>
						<gpxtpx:hr>111</gpxtpx:hr>
						<gpxtpx:atemp>32</gpxtpx:atemp>
					</gpxtpx:TrackPointExtension>
				</extensions>
			</trkpt>
			<trkpt lat="48.599706" lon="-2.194386">
				<ele>13.6</ele>
				<time>2024-08-18T15:41:42Z</time>
				<extensions>
					<gpxtpx:TrackPointExtension>
						<gpxtpx:hr>108</gpxtpx:hr>
						<gpxtpx:atemp>32</gpxtpx:atemp>
					</gpxtpx:TrackPointExtension>
				</extensions>
			</trkpt>
			<trkpt lat="48.599682" lon="-2.19442">
				<ele>13.4</ele>
				<time>2024-08-18T15:41:44Z</time>
				<extensions>
					<gpxtpx:TrackPointExtension>
						<gpxtpx:hr>105</gpxtpx:hr>
						<gpxtpx:atemp>32</gpxtpx:atemp>
					</gpxtpx:TrackPointExtension>
				</extensions>
			</trkpt>
			<trkpt lat="48.599674" lon="-2.194441">
				<ele>13.2</ele>
				<time>2024-08-18T15:41:45Z</time>
				<extensions>
					<gpxtpx:TrackPointExtension>
						<gpxtpx:hr>105</gpxtpx:hr>
						<gpxtpx:atemp>32</gpxtpx:atemp>
					</gpxtpx:TrackPointExtension>
				</extensions>
			</trkpt>
			<trkpt lat="48.59967" lon="-2.194499">
				<ele>12.8</ele>
				<time>2024-08-18T15:41:48Z</time>
				<extensions>
					<gpxtpx:TrackPointExtension>
						<gpxtpx:hr>98</gpxtpx:hr>
						<gpxtpx:atemp>31</gpxtpx:atemp>
					</gpxtpx:TrackPointExtension>
				</extensions>
			</trkpt>
			<trkpt lat="48.599663" lon="-2.194518">
				<ele>12.6</ele>
				<time>2024-08-18T15:41:49Z</time>
				<extensions>
					<gpxtpx:TrackPointExtension>
						<gpxtpx:hr>95</gpxtpx:hr>
						<gpxtpx:atemp>31</gpxtpx:atemp>
					</gpxtpx:TrackPointExtension>
				</extensions>
			</trkpt>
			<trkpt lat="48.599655" lon="-2.194533">
				<ele>12.6</ele>
				<time>2024-08-18T15:41:50Z</time>
				<extensions>
					<gpxtpx:TrackPointExtension>
						<gpxtpx:hr>94</gpxtpx:hr>
						<gpxtpx:atemp>31</gpxtpx:atemp>
					</gpxtpx:TrackPointExtension>
				</extensions>
			</trkpt>
			<trkpt lat="48.599646" lon="-2.19455">
				<ele>12.8</ele>
				<time>2024-08-18T15:41:52Z</time>
				<extensions>
					<gpxtpx:TrackPointExtension>
						<gpxtpx:hr>91</gpxtpx:hr>
						<gpxtpx:atemp>31</gpxtpx:atemp>
					</gpxtpx:TrackPointExtension>
				</extensions>
			</trkpt>
			<trkpt lat="48.599643" lon="-2.194558">
				<ele>12.8</ele>
				<time>2024-08-18T15:41:53Z</time>
				<extensions>
					<gpxtpx:TrackPointExtension>
						<gpxtpx:hr>90</gpxtpx:hr>
						<gpxtpx:atemp>31</gpxtpx:atemp>
					</gpxtpx:TrackPointExtension>
				</extensions>
			</trkpt>
			<trkpt lat="48.599634" lon="-2.19456">
				<ele>13</ele>
				<time>2024-08-18T15:41:56Z</time>
				<extensions>
					<gpxtpx:TrackPointExtension>
						<gpxtpx:hr>87</gpxtpx:hr>
						<gpxtpx:atemp>31</gpxtpx:atemp>
					</gpxtpx:TrackPointExtension>
				</extensions>
			</trkpt>
			<trkpt lat="48.599609" lon="-2.194548">
				<ele>12.6</ele>
				<time>2024-08-18T15:41:59Z</time>
				<extensions>
					<gpxtpx:TrackPointExtension>
						<gpxtpx:hr>87</gpxtpx:hr>
						<gpxtpx:atemp>31</gpxtpx:atemp>
					</gpxtpx:TrackPointExtension>
				</extensions>
			</trkpt>
			<trkpt lat="48.599601" lon="-2.194551">
				<ele>12.6</ele>
				<time>2024-08-18T15:42:00Z</time>
				<extensions>
					<gpxtpx:TrackPointExtension>
						<gpxtpx:hr>87</gpxtpx:hr>
						<gpxtpx:atemp>31</gpxtpx:atemp>
					</gpxtpx:TrackPointExtension>
				</extensions>
			</trkpt>
			<trkpt lat="48.599575" lon="-2.194544">
				<ele>12.4</ele>
				<time>2024-08-18T15:42:02Z</time>
				<extensions>
					<gpxtpx:TrackPointExtension>
						<gpxtpx:hr>87</gpxtpx:hr>
						<gpxtpx:atemp>31</gpxtpx:atemp>
					</gpxtpx:TrackPointExtension>
				</extensions>
			</trkpt>
			<trkpt lat="48.599555" lon="-2.194533">
				<ele>12.4</ele>
				<time>2024-08-18T15:42:06Z</time>
				<extensions>
					<gpxtpx:TrackPointExtension>
						<gpxtpx:hr>87</gpxtpx:hr>
						<gpxtpx:atemp>31</gpxtpx:atemp>
					</gpxtpx:TrackPointExtension>
				</extensions>
			</trkpt>
			<trkpt lat="48.599485" lon="-2.194487">
				<ele>12.2</ele>
				<time>2024-08-18T15:42:13Z</time>
				<extensions>
					<gpxtpx:TrackPointExtension>
						<gpxtpx:hr>87</gpxtpx:hr>
						<gpxtpx:atemp>31</gpxtpx:atemp>
					</gpxtpx:TrackPointExtension>
				</extensions>
			</trkpt>
			<trkpt lat="48.599434" lon="-2.194462">
				<ele>12.4</ele>
				<time>2024-08-18T15:42:17Z</time>
				<extensions>
					<gpxtpx:TrackPointExtension>
						<gpxtpx:hr>90</gpxtpx:hr>
						<gpxtpx:atemp>31</gpxtpx:atemp>
					</gpxtpx:TrackPointExtension>
				</extensions>
			</trkpt>
			<trkpt lat="48.599424" lon="-2.194451">
				<ele>12.6</ele>
				<time>2024-08-18T15:42:18Z</time>
				<extensions>
					<gpxtpx:TrackPointExtension>
						<gpxtpx:hr>91</gpxtpx:hr>
						<gpxtpx:atemp>31</gpxtpx:atemp>
					</gpxtpx:TrackPointExtension>
				</extensions>
			</trkpt>
			<trkpt lat="48.599407" lon="-2.194419">
				<ele>12.6</ele>
				<time>2024-08-18T15:42:20Z</time>
				<extensions>
					<gpxtpx:TrackPointExtension>
						<gpxtpx:hr>92</gpxtpx:hr>
						<gpxtpx:atemp>31</gpxtpx:atemp>
					</gpxtpx:TrackPointExtension>
				</extensions>
			</trkpt>
			<trkpt lat="48.59933" lon="-2.194354">
				<ele>13.6</ele>
				<time>2024-08-18T15:42:27Z</time>
				<extensions>
					<gpxtpx:TrackPointExtension>
						<gpxtpx:hr>94</gpxtpx:hr>
						<gpxtpx:atemp>31</gpxtpx:atemp>
					</gpxtpx:TrackPointExtension>
				</extensions>
			</trkpt>
			<trkpt lat="48.599321" lon="-2.194359">
				<ele>13.8</ele>
				<time>2024-08-18T15:42:28Z</time>
				<extensions>
					<gpxtpx:TrackPointExtension>
						<gpxtpx:hr>94</gpxtpx:hr>
						<gpxtpx:atemp>31</gpxtpx:atemp>
					</gpxtpx:TrackPointExtension>
				</extensions>
			</trkpt>
			<trkpt lat="48.599304" lon="-2.194355">
				<ele>14</ele>
				<time>2024-08-18T15:42:30Z</time>
				<extensions>
					<gpxtpx:TrackPointExtension>
						<gpxtpx:hr>94</gpxtpx:hr>
						<gpxtpx:atemp>31</gpxtpx:atemp>
					</gpxtpx:TrackPointExtension>
				</extensions>
			</trkpt>
			<trkpt lat="48.599273" lon="-2.194362">
				<ele>14.2</ele>
				<time>2024-08-18T15:42:33Z</time>
				<extensions>
					<gpxtpx:TrackPointExtension>
						<gpxtpx:hr>97</gpxtpx:hr>
						<gpxtpx:atemp>31</gpxtpx:atemp>
					</gpxtpx:TrackPointExtension>
				</extensions>
			</trkpt>
			<trkpt lat="48.599259" lon="-2.19437">
				<ele>14.2</ele>
				<time>2024-08-18T15:42:34Z</time>
				<extensions>
					<gpxtpx:TrackPointExtension>
						<gpxtpx:hr>98</gpxtpx:hr>
						<gpxtpx:atemp>31</gpxtpx:atemp>
					</gpxtpx:TrackPointExtension>
				</extensions>
			</trkpt>
			<trkpt lat="48.599254" lon="-2.194376">
				<ele>14.2</ele>
				<time>2024-08-18T15:42:35Z</time>
				<extensions>
					<gpxtpx:TrackPointExtension>
						<gpxtpx:hr>99</gpxtpx:hr>
						<gpxtpx:atemp>31</gpxtpx:atemp>
					</gpxtpx:TrackPointExtension>
				</extensions>
			</trkpt>
			<trkpt lat="48.599235" lon="-2.194389">
				<ele>14</ele>
				<time>2024-08-18T15:42:38Z</time>
				<extensions>
					<gpxtpx:TrackPointExtension>
						<gpxtpx:hr>104</gpxtpx:hr>
						<gpxtpx:atemp>31</gpxtpx:atemp>
					</gpxtpx:TrackPointExtension>
				</extensions>
			</trkpt>
			<trkpt lat="48.599227" lon="-2.194393">
				<ele>13.8</ele>
				<time>2024-08-18T15:42:39Z</time>
				<extensions>
					<gpxtpx:TrackPointExtension>
						<gpxtpx:hr>108</gpxtpx:hr>
						<gpxtpx:atemp>31</gpxtpx:atemp>
					</gpxtpx:TrackPointExtension>
				</extensions>
			</trkpt>
			<trkpt lat="48.599215" lon="-2.194401">
				<ele>13.4</ele>
				<time>2024-08-18T15:42:41Z</time>
				<extensions>
					<gpxtpx:TrackPointExtension>
						<gpxtpx:hr>111</gpxtpx:hr>
						<gpxtpx:atemp>31</gpxtpx:atemp>
					</gpxtpx:TrackPointExtension>
				</extensions>
			</trkpt>
			<trkpt lat="48.599179" lon="-2.194451">
				<ele>12.6</ele>
				<time>2024-08-18T15:42:44Z</time>
				<extensions>
					<gpxtpx:TrackPointExtension>
						<gpxtpx:hr>111</gpxtpx:hr>
						<gpxtpx:atemp>31</gpxtpx:atemp>
					</gpxtpx:TrackPointExtension>
				</extensions>
			</trkpt>
			<trkpt lat="48.599171" lon="-2.194463">
				<ele>12.6</ele>
				<time>2024-08-18T15:42:45Z</time>
				<extensions>
					<gpxtpx:TrackPointExtension>
						<gpxtpx:hr>111</gpxtpx:hr>
						<gpxtpx:atemp>31</gpxtpx:atemp>
					</gpxtpx:TrackPointExtension>
				</extensions>
			</trkpt>
			<trkpt lat="48.599139" lon="-2.194513">
				<ele>12.4</ele>
				<time>2024-08-18T15:42:49Z</time>
				<extensions>
					<gpxtpx:TrackPointExtension>
						<gpxtpx:hr>111</gpxtpx:hr>
						<gpxtpx:atemp>31</gpxtpx:atemp>
					</gpxtpx:TrackPointExtension>
				</extensions>
			</trkpt>
			<trkpt lat="48.599133" lon="-2.194517">
				<ele>12.6</ele>
				<time>2024-08-18T15:42:50Z</time>
				<extensions>
					<gpxtpx:TrackPointExtension>
						<gpxtpx:hr>111</gpxtpx:hr>
						<gpxtpx:atemp>31</gpxtpx:atemp>
					</gpxtpx:TrackPointExtension>
				</extensions>
			</trkpt>
			<trkpt lat="48.599138" lon="-2.194536">
				<ele>12.8</ele>
				<time>2024-08-18T15:42:54Z</time>
				<extensions>
					<gpxtpx:TrackPointExtension>
						<gpxtpx:hr>111</gpxtpx:hr>
						<gpxtpx:atemp>31</gpxtpx:atemp>
					</gpxtpx:TrackPointExtension>
				</extensions>
			</trkpt>
			<trkpt lat="48.599131" lon="-2.194537">
				<ele>12.6</ele>
				<time>2024-08-18T15:42:56Z</time>
				<extensions>
					<gpxtpx:TrackPointExtension>
						<gpxtpx:hr>110</gpxtpx:hr>
						<gpxtpx:atemp>31</gpxtpx:atemp>
					</gpxtpx:TrackPointExtension>
				</extensions>
			</trkpt>
			<trkpt lat="48.599119" lon="-2.194565">
				<ele>11.6</ele>
				<time>2024-08-18T15:42:59Z</time>
				<extensions>
					<gpxtpx:TrackPointExtension>
						<gpxtpx:hr>108</gpxtpx:hr>
						<gpxtpx:atemp>31</gpxtpx:atemp>
					</gpxtpx:TrackPointExtension>
				</extensions>
			</trkpt>
			<trkpt lat="48.599116" lon="-2.19457">
				<ele>11.4</ele>
				<time>2024-08-18T15:43:00Z</time>
				<extensions>
					<gpxtpx:TrackPointExtension>
						<gpxtpx:hr>107</gpxtpx:hr>
						<gpxtpx:atemp>31</gpxtpx:atemp>
					</gpxtpx:TrackPointExtension>
				</extensions>
			</trkpt>
			<trkpt lat="48.599059" lon="-2.194667">
				<ele>10.8</ele>
				<time>2024-08-18T15:43:06Z</time>
				<extensions>
					<gpxtpx:TrackPointExtension>
						<gpxtpx:hr>104</gpxtpx:hr>
						<gpxtpx:atemp>31</gpxtpx:atemp>
					</gpxtpx:TrackPointExtension>
				</extensions>
			</trkpt>
			<trkpt lat="48.599026" lon="-2.194659">
				<ele>11</ele>
				<time>2024-08-18T15:43:08Z</time>
				<extensions>
					<gpxtpx:TrackPointExtension>
						<gpxtpx:hr>103</gpxtpx:hr>
						<gpxtpx:atemp>31</gpxtpx:atemp>
					</gpxtpx:TrackPointExtension>
				</extensions>
			</trkpt>
			<trkpt lat="48.598994" lon="-2.19461">
				<ele>11</ele>
				<time>2024-08-18T15:43:12Z</time>
				<extensions>
					<gpxtpx:TrackPointExtension>
						<gpxtpx:hr>102</gpxtpx:hr>
						<gpxtpx:atemp>31</gpxtpx:atemp>
					</gpxtpx:TrackPointExtension>
				</extensions>
			</trkpt>
			<trkpt lat="48.598982" lon="-2.194598">
				<ele>11</ele>
				<time>2024-08-18T15:43:14Z</time>
				<extensions>
					<gpxtpx:TrackPointExtension>
						<gpxtpx:hr>101</gpxtpx:hr>
						<gpxtpx:atemp>31</gpxtpx:atemp>
					</gpxtpx:TrackPointExtension>
				</extensions>
			</trkpt>
			<trkpt lat="48.598962" lon="-2.194588">
				<ele>11</ele>
				<time>2024-08-18T15:43:18Z</time>
				<extensions>
					<gpxtpx:TrackPointExtension>
						<gpxtpx:hr>101</gpxtpx:hr>
						<gpxtpx:atemp>31</gpxtpx:atemp>
					</gpxtpx:TrackPointExtension>
				</extensions>
			</trkpt>
			<trkpt lat="48.59896" lon="-2.194586">
				<ele>11</ele>
				<time>2024-08-18T15:43:19Z</time>
				<extensions>
					<gpxtpx:TrackPointExtension>
						<gpxtpx:hr>104</gpxtpx:hr>
						<gpxtpx:atemp>31</gpxtpx:atemp>
					</gpxtpx:TrackPointExtension>
				</extensions>
			</trkpt>
			<trkpt lat="48.598961" lon="-2.194585">
				<ele>11</ele>
				<time>2024-08-18T15:43:20Z</time>
				<extensions>
					<gpxtpx:TrackPointExtension>
						<gpxtpx:hr>101</gpxtpx:hr>
						<gpxtpx:atemp>31</gpxtpx:atemp>
					</gpxtpx:TrackPointExtension>
				</extensions>
			</trkpt>
			<trkpt lat="48.598956" lon="-2.194588">
				<ele>10.8</ele>
				<time>2024-08-18T15:43:25Z</time>
				<extensions>
					<gpxtpx:TrackPointExtension>
						<gpxtpx:hr>101</gpxtpx:hr>
						<gpxtpx:atemp>31</gpxtpx:atemp>
					</gpxtpx:TrackPointExtension>
				</extensions>
			</trkpt>
			<trkpt lat="48.598911" lon="-2.194611">
				<ele>10.4</ele>
				<time>2024-08-18T15:43:29Z</time>
				<extensions>
					<gpxtpx:TrackPointExtension>
						<gpxtpx:hr>101</gpxtpx:hr>
						<gpxtpx:atemp>31</gpxtpx:atemp>
					</gpxtpx:TrackPointExtension>
				</extensions>
			</trkpt>
			<trkpt lat="48.598883" lon="-2.194633">
				<ele>10</ele>
				<time>2024-08-18T15:43:31Z</time>
				<extensions>
					<gpxtpx:TrackPointExtension>
						<gpxtpx:hr>102</gpxtpx:hr>
						<gpxtpx:atemp>31</gpxtpx:atemp>
					</gpxtpx:TrackPointExtension>
				</extensions>
			</trkpt>
			<trkpt lat="48.598862" lon="-2.19465">
				<ele>9.4</ele>
				<time>2024-08-18T15:43:33Z</time>
				<extensions>
					<gpxtpx:TrackPointExtension>
						<gpxtpx:hr>102</gpxtpx:hr>
						<gpxtpx:atemp>31</gpxtpx:atemp>
					</gpxtpx:TrackPointExtension>
				</extensions>
			</trkpt>
			<trkpt lat="48.598842" lon="-2.194669">
				<ele>9</ele>
				<time>2024-08-18T15:43:35Z</time>
				<extensions>
					<gpxtpx:TrackPointExtension>
						<gpxtpx:hr>103</gpxtpx:hr>
						<gpxtpx:atemp>31</gpxtpx:atemp>
					</gpxtpx:TrackPointExtension>
				</extensions>
			</trkpt>
			<trkpt lat="48.598816" lon="-2.194704">
				<ele>8.8</ele>
				<time>2024-08-18T15:43:38Z</time>
				<extensions>
					<gpxtpx:TrackPointExtension>
						<gpxtpx:hr>101</gpxtpx:hr>
						<gpxtpx:atemp>31</gpxtpx:atemp>
					</gpxtpx:TrackPointExtension>
				</extensions>
			</trkpt>
			<trkpt lat="48.598783" lon="-2.194749">
				<ele>9.2</ele>
				<time>2024-08-18T15:43:42Z</time>
				<extensions>
					<gpxtpx:TrackPointExtension>
						<gpxtpx:hr>98</gpxtpx:hr>
						<gpxtpx:atemp>31</gpxtpx:atemp>
					</gpxtpx:TrackPointExtension>
				</extensions>
			</trkpt>
			<trkpt lat="48.598762" lon="-2.194772">
				<ele>9.6</ele>
				<time>2024-08-18T15:43:45Z</time>
				<extensions>
					<gpxtpx:TrackPointExtension>
						<gpxtpx:hr>95</gpxtpx:hr>
						<gpxtpx:atemp>31</gpxtpx:atemp>
					</gpxtpx:TrackPointExtension>
				</extensions>
			</trkpt>
			<trkpt lat="48.598751" lon="-2.194797">
				<ele>9.6</ele>
				<time>2024-08-18T15:43:47Z</time>
				<extensions>
					<gpxtpx:TrackPointExtension>
						<gpxtpx:hr>92</gpxtpx:hr>
						<gpxtpx:atemp>30</gpxtpx:atemp>
					</gpxtpx:TrackPointExtension>
				</extensions>
			</trkpt>
			<trkpt lat="48.598745" lon="-2.194821">
				<ele>9.6</ele>
				<time>2024-08-18T15:43:50Z</time>
				<extensions>
					<gpxtpx:TrackPointExtension>
						<gpxtpx:hr>91</gpxtpx:hr>
						<gpxtpx:atemp>30</gpxtpx:atemp>
					</gpxtpx:TrackPointExtension>
				</extensions>
			</trkpt>
			<trkpt lat="48.598738" lon="-2.194852">
				<ele>9</ele>
				<time>2024-08-18T15:43:53Z</time>
				<extensions>
					<gpxtpx:TrackPointExtension>
						<gpxtpx:hr>91</gpxtpx:hr>
						<gpxtpx:atemp>30</gpxtpx:atemp>
					</gpxtpx:TrackPointExtension>
				</extensions>
			</trkpt>
			<trkpt lat="48.598729" lon="-2.194883">
				<ele>8.4</ele>
				<time>2024-08-18T15:43:58Z</time>
				<extensions>
					<gpxtpx:TrackPointExtension>
						<gpxtpx:hr>92</gpxtpx:hr>
						<gpxtpx:atemp>30</gpxtpx:atemp>
					</gpxtpx:TrackPointExtension>
				</extensions>
			</trkpt>
			<trkpt lat="48.598719" lon="-2.194903">
				<ele>7.2</ele>
				<time>2024-08-18T15:44:03Z</time>
				<extensions>
					<gpxtpx:TrackPointExtension>
						<gpxtpx:hr>94</gpxtpx:hr>
						<gpxtpx:atemp>30</gpxtpx:atemp>
					</gpxtpx:TrackPointExtension>
				</extensions>
			</trkpt>
			<trkpt lat="48.598693" lon="-2.194919">
				<ele>6.8</ele>
				<time>2024-08-18T15:44:06Z</time>
				<extensions>
					<gpxtpx:TrackPointExtension>
						<gpxtpx:hr>95</gpxtpx:hr>
						<gpxtpx:atemp>30</gpxtpx:atemp>
					</gpxtpx:TrackPointExtension>
				</extensions>
			</trkpt>
			<trkpt lat="48.598599" lon="-2.194975">
				<ele>6</ele>
				<time>2024-08-18T15:44:16Z</time>
				<extensions>
					<gpxtpx:TrackPointExtension>
						<gpxtpx:hr>95</gpxtpx:hr>
						<gpxtpx:atemp>30</gpxtpx:atemp>
					</gpxtpx:TrackPointExtension>
				</extensions>
			</trkpt>
			<trkpt lat="48.598589" lon="-2.194946">
				<ele>6</ele>
				<time>2024-08-18T15:44:21Z</time>
				<extensions>
					<gpxtpx:TrackPointExtension>
						<gpxtpx:hr>92</gpxtpx:hr>
						<gpxtpx:atemp>30</gpxtpx:atemp>
					</gpxtpx:TrackPointExtension>
				</extensions>
			</trkpt>
			<trkpt lat="48.598568" lon="-2.194876">
				<ele>6</ele>
				<time>2024-08-18T15:44:26Z</time>
				<extensions>
					<gpxtpx:TrackPointExtension>
						<gpxtpx:hr>88</gpxtpx:hr>
						<gpxtpx:atemp>30</gpxtpx:atemp>
					</gpxtpx:TrackPointExtension>
				</extensions>
			</trkpt>
			<trkpt lat="48.598567" lon="-2.194869">
				<ele>6</ele>
				<time>2024-08-18T15:44:27Z</time>
				<extensions>
					<gpxtpx:TrackPointExtension>
						<gpxtpx:hr>88</gpxtpx:hr>
						<gpxtpx:atemp>30</gpxtpx:atemp>
					</gpxtpx:TrackPointExtension>
				</extensions>
			</trkpt>
			<trkpt lat="48.598563" lon="-2.194795">
				<ele>6.2</ele>
				<time>2024-08-18T15:44:35Z</time>
				<extensions>
					<gpxtpx:TrackPointExtension>
						<gpxtpx:hr>88</gpxtpx:hr>
						<gpxtpx:atemp>30</gpxtpx:atemp>
					</gpxtpx:TrackPointExtension>
				</extensions>
			</trkpt>
			<trkpt lat="48.598568" lon="-2.194759">
				<ele>6.2</ele>
				<time>2024-08-18T15:44:38Z</time>
				<extensions>
					<gpxtpx:TrackPointExtension>
						<gpxtpx:hr>91</gpxtpx:hr>
						<gpxtpx:atemp>30</gpxtpx:atemp>
					</gpxtpx:TrackPointExtension>
				</extensions>
			</trkpt>
			<trkpt lat="48.598573" lon="-2.194715">
				<ele>6.6</ele>
				<time>2024-08-18T15:44:41Z</time>
				<extensions>
					<gpxtpx:TrackPointExtension>
						<gpxtpx:hr>92</gpxtpx:hr>
						<gpxtpx:atemp>30</gpxtpx:atemp>
					</gpxtpx:TrackPointExtension>
				</extensions>
			</trkpt>
			<trkpt lat="48.598578" lon="-2.194673">
				<ele>7</ele>
				<time>2024-08-18T15:44:44Z</time>
				<extensions>
					<gpxtpx:TrackPointExtension>
						<gpxtpx:hr>93</gpxtpx:hr>
						<gpxtpx:atemp>30</gpxtpx:atemp>
					</gpxtpx:TrackPointExtension>
				</extensions>
			</trkpt>
			<trkpt lat="48.598583" lon="-2.194625">
				<ele>7.4</ele>
				<time>2024-08-18T15:44:47Z</time>
				<extensions>
					<gpxtpx:TrackPointExtension>
						<gpxtpx:hr>94</gpxtpx:hr>
						<gpxtpx:atemp>30</gpxtpx:atemp>
					</gpxtpx:TrackPointExtension>
				</extensions>
			</trkpt>
			<trkpt lat="48.598584" lon="-2.194613">
				<ele>7.6</ele>
				<time>2024-08-18T15:44:48Z</time>
				<extensions>
					<gpxtpx:TrackPointExtension>
						<gpxtpx:hr>94</gpxtpx:hr>
						<gpxtpx:atemp>30</gpxtpx:atemp>
					</gpxtpx:TrackPointExtension>
				</extensions>
			</trkpt>
			<trkpt lat="48.598593" lon="-2.194581">
				<ele>8.2</ele>
				<time>2024-08-18T15:44:51Z</time>
				<extensions>
					<gpxtpx:TrackPointExtension>
						<gpxtpx:hr>93</gpxtpx:hr>
						<gpxtpx:atemp>30</gpxtpx:atemp>
					</gpxtpx:TrackPointExtension>
				</extensions>
			</trkpt>
			<trkpt lat="48.59859" lon="-2.194553">
				<ele>8.8</ele>
				<time>2024-08-18T15:44:54Z</time>
				<extensions>
					<gpxtpx:TrackPointExtension>
						<gpxtpx:hr>93</gpxtpx:hr>
						<gpxtpx:atemp>30</gpxtpx:atemp>
					</gpxtpx:TrackPointExtension>
				</extensions>
			</trkpt>
			<trkpt lat="48.598596" lon="-2.194527">
				<ele>9</ele>
				<time>2024-08-18T15:44:56Z</time>
				<extensions>
					<gpxtpx:TrackPointExtension>
						<gpxtpx:hr>96</gpxtpx:hr>
						<gpxtpx:atemp>30</gpxtpx:atemp>
					</gpxtpx:TrackPointExtension>
				</extensions>
			</trkpt>
			<trkpt lat="48.598596" lon="-2.194466">
				<ele>9.2</ele>
				<time>2024-08-18T15:44:59Z</time>
				<extensions>
					<gpxtpx:TrackPointExtension>
						<gpxtpx:hr>97</gpxtpx:hr>
						<gpxtpx:atemp>30</gpxtpx:atemp>
					</gpxtpx:TrackPointExtension>
				</extensions>
			</trkpt>
			<trkpt lat="48.598589" lon="-2.194447">
				<ele>9.2</ele>
				<time>2024-08-18T15:45:00Z</time>
				<extensions>
					<gpxtpx:TrackPointExtension>
						<gpxtpx:hr>100</gpxtpx:hr>
						<gpxtpx:atemp>30</gpxtpx:atemp>
					</gpxtpx:TrackPointExtension>
				</extensions>
			</trkpt>
			<trkpt lat="48.598583" lon="-2.194435">
				<ele>9.4</ele>
				<time>2024-08-18T15:45:01Z</time>
				<extensions>
					<gpxtpx:TrackPointExtension>
						<gpxtpx:hr>100</gpxtpx:hr>
						<gpxtpx:atemp>30</gpxtpx:atemp>
					</gpxtpx:TrackPointExtension>
				</extensions>
			</trkpt>
			<trkpt lat="48.598569" lon="-2.194406">
				<ele>9.4</ele>
				<time>2024-08-18T15:45:03Z</time>
				<extensions>
					<gpxtpx:TrackPointExtension>
						<gpxtpx:hr>104</gpxtpx:hr>
						<gpxtpx:atemp>30</gpxtpx:atemp>
					</gpxtpx:TrackPointExtension>
				</extensions>
			</trkpt>
			<trkpt lat="48.598559" lon="-2.194379">
				<ele>9.8</ele>
				<time>2024-08-18T15:45:05Z</time>
				<extensions>
					<gpxtpx:TrackPointExtension>
						<gpxtpx:hr>107</gpxtpx:hr>
						<gpxtpx:atemp>30</gpxtpx:atemp>
					</gpxtpx:TrackPointExtension>
				</extensions>
			</trkpt>
			<trkpt lat="48.598554" lon="-2.194369">
				<ele>9.8</ele>
				<time>2024-08-18T15:45:06Z</time>
				<extensions>
					<gpxtpx:TrackPointExtension>
						<gpxtpx:hr>111</gpxtpx:hr>
						<gpxtpx:atemp>30</gpxtpx:atemp>
					</gpxtpx:TrackPointExtension>
				</extensions>
			</trkpt>
			<trkpt lat="48.598548" lon="-2.194357">
				<ele>10</ele>
				<time>2024-08-18T15:45:07Z</time>
				<extensions>
					<gpxtpx:TrackPointExtension>
						<gpxtpx:hr>115</gpxtpx:hr>
						<gpxtpx:atemp>30</gpxtpx:atemp>
					</gpxtpx:TrackPointExtension>
				</extensions>
			</trkpt>
			<trkpt lat="48.59854" lon="-2.194349">
				<ele>10.2</ele>
				<time>2024-08-18T15:45:08Z</time>
				<extensions>
					<gpxtpx:TrackPointExtension>
						<gpxtpx:hr>117</gpxtpx:hr>
						<gpxtpx:atemp>30</gpxtpx:atemp>
					</gpxtpx:TrackPointExtension>
				</extensions>
			</trkpt>
			<trkpt lat="48.598523" lon="-2.194337">
				<ele>10.4</ele>
				<time>2024-08-18T15:45:10Z</time>
				<extensions>
					<gpxtpx:TrackPointExtension>
						<gpxtpx:hr>118</gpxtpx:hr>
						<gpxtpx:atemp>30</gpxtpx:atemp>
					</gpxtpx:TrackPointExtension>
				</extensions>
			</trkpt>
			<trkpt lat="48.598504" lon="-2.194333">
				<ele>10.4</ele>
				<time>2024-08-18T15:45:12Z</time>
				<extensions>
					<gpxtpx:TrackPointExtension>
						<gpxtpx:hr>119</gpxtpx:hr>
						<gpxtpx:atemp>30</gpxtpx:atemp>
					</gpxtpx:TrackPointExtension>
				</extensions>
			</trkpt>
			<trkpt lat="48.598472" lon="-2.194332">
				<ele>10.6</ele>
				<time>2024-08-18T15:45:17Z</time>
				<extensions>
					<gpxtpx:TrackPointExtension>
						<gpxtpx:hr>121</gpxtpx:hr>
						<gpxtpx:atemp>30</gpxtpx:atemp>
					</gpxtpx:TrackPointExtension>
				</extensions>
			</trkpt>
			<trkpt lat="48.598433" lon="-2.194369">
				<ele>10.2</ele>
				<time>2024-08-18T15:45:22Z</time>
				<extensions>
					<gpxtpx:TrackPointExtension>
						<gpxtpx:hr>123</gpxtpx:hr>
						<gpxtpx:atemp>31</gpxtpx:atemp>
					</gpxtpx:TrackPointExtension>
				</extensions>
			</trkpt>
			<trkpt lat="48.598411" lon="-2.194389">
				<ele>9.8</ele>
				<time>2024-08-18T15:45:24Z</time>
				<extensions>
					<gpxtpx:TrackPointExtension>
						<gpxtpx:hr>123</gpxtpx:hr>
						<gpxtpx:atemp>31</gpxtpx:atemp>
					</gpxtpx:TrackPointExtension>
				</extensions>
			</trkpt>
			<trkpt lat="48.59837" lon="-2.194384">
				<ele>9.4</ele>
				<time>2024-08-18T15:45:28Z</time>
				<extensions>
					<gpxtpx:TrackPointExtension>
						<gpxtpx:hr>121</gpxtpx:hr>
						<gpxtpx:atemp>31</gpxtpx:atemp>
					</gpxtpx:TrackPointExtension>
				</extensions>
			</trkpt>
			<trkpt lat="48.59836" lon="-2.194352">
				<ele>9.4</ele>
				<time>2024-08-18T15:45:30Z</time>
				<extensions>
					<gpxtpx:TrackPointExtension>
						<gpxtpx:hr>119</gpxtpx:hr>
						<gpxtpx:atemp>31</gpxtpx:atemp>
					</gpxtpx:TrackPointExtension>
				</extensions>
			</trkpt>
			<trkpt lat="48.598359" lon="-2.194333">
				<ele>9.4</ele>
				<time>2024-08-18T15:45:31Z</time>
				<extensions>
					<gpxtpx:TrackPointExtension>
						<gpxtpx:hr>116</gpxtpx:hr>
						<gpxtpx:atemp>31</gpxtpx:atemp>
					</gpxtpx:TrackPointExtension>
				</extensions>
			</trkpt>
			<trkpt lat="48.59836" lon="-2.194319">
				<ele>9.4</ele>
				<time>2024-08-18T15:45:32Z</time>
				<extensions>
					<gpxtpx:TrackPointExtension>
						<gpxtpx:hr>113</gpxtpx:hr>
						<gpxtpx:atemp>31</gpxtpx:atemp>
					</gpxtpx:TrackPointExtension>
				</extensions>
			</trkpt>
			<trkpt lat="48.598363" lon="-2.194282">
				<ele>9.4</ele>
				<time>2024-08-18T15:45:35Z</time>
				<extensions>
					<gpxtpx:TrackPointExtension>
						<gpxtpx:hr>110</gpxtpx:hr>
						<gpxtpx:atemp>31</gpxtpx:atemp>
					</gpxtpx:TrackPointExtension>
				</extensions>
			</trkpt>
			<trkpt lat="48.598364" lon="-2.194268">
				<ele>9.6</ele>
				<time>2024-08-18T15:45:36Z</time>
				<extensions>
					<gpxtpx:TrackPointExtension>
						<gpxtpx:hr>109</gpxtpx:hr>
						<gpxtpx:atemp>31</gpxtpx:atemp>
					</gpxtpx:TrackPointExtension>
				</extensions>
			</trkpt>
			<trkpt lat="48.598386" lon="-2.194196">
				<ele>10.4</ele>
				<time>2024-08-18T15:45:43Z</time>
				<extensions>
					<gpxtpx:TrackPointExtension>
						<gpxtpx:hr>110</gpxtpx:hr>
						<gpxtpx:atemp>31</gpxtpx:atemp>
					</gpxtpx:TrackPointExtension>
				</extensions>
			</trkpt>
			<trkpt lat="48.598393" lon="-2.194157">
				<ele>11.4</ele>
				<time>2024-08-18T15:45:47Z</time>
				<extensions>
					<gpxtpx:TrackPointExtension>
						<gpxtpx:hr>109</gpxtpx:hr>
						<gpxtpx:atemp>31</gpxtpx:atemp>
					</gpxtpx:TrackPointExtension>
				</extensions>
			</trkpt>
			<trkpt lat="48.598385" lon="-2.194124">
				<ele>12</ele>
				<time>2024-08-18T15:45:50Z</time>
				<extensions>
					<gpxtpx:TrackPointExtension>
						<gpxtpx:hr>110</gpxtpx:hr>
						<gpxtpx:atemp>31</gpxtpx:atemp>
					</gpxtpx:TrackPointExtension>
				</extensions>
			</trkpt>
			<trkpt lat="48.598385" lon="-2.194111">
				<ele>12.4</ele>
				<time>2024-08-18T15:45:53Z</time>
				<extensions>
					<gpxtpx:TrackPointExtension>
						<gpxtpx:hr>114</gpxtpx:hr>
						<gpxtpx:atemp>31</gpxtpx:atemp>
					</gpxtpx:TrackPointExtension>
				</extensions>
			</trkpt>
			<trkpt lat="48.598389" lon="-2.194104">
				<ele>12.4</ele>
				<time>2024-08-18T15:45:54Z</time>
				<extensions>
					<gpxtpx:TrackPointExtension>
						<gpxtpx:hr>115</gpxtpx:hr>
						<gpxtpx:atemp>31</gpxtpx:atemp>
					</gpxtpx:TrackPointExtension>
				</extensions>
			</trkpt>
			<trkpt lat="48.598392" lon="-2.194093">
				<ele>12.6</ele>
				<time>2024-08-18T15:45:55Z</time>
				<extensions>
					<gpxtpx:TrackPointExtension>
						<gpxtpx:hr>117</gpxtpx:hr>
						<gpxtpx:atemp>31</gpxtpx:atemp>
					</gpxtpx:TrackPointExtension>
				</extensions>
			</trkpt>
			<trkpt lat="48.59839" lon="-2.194071">
				<ele>12.8</ele>
				<time>2024-08-18T15:45:57Z</time>
				<extensions>
					<gpxtpx:TrackPointExtension>
						<gpxtpx:hr>121</gpxtpx:hr>
						<gpxtpx:atemp>31</gpxtpx:atemp>
					</gpxtpx:TrackPointExtension>
				</extensions>
			</trkpt>
			<trkpt lat="48.59837" lon="-2.19404">
				<ele>13.2</ele>
				<time>2024-08-18T15:46:00Z</time>
				<extensions>
					<gpxtpx:TrackPointExtension>
						<gpxtpx:hr>124</gpxtpx:hr>
						<gpxtpx:atemp>31</gpxtpx:atemp>
					</gpxtpx:TrackPointExtension>
				</extensions>
			</trkpt>
			<trkpt lat="48.598336" lon="-2.193986">
				<ele>13.6</ele>
				<time>2024-08-18T15:46:04Z</time>
				<extensions>
					<gpxtpx:TrackPointExtension>
						<gpxtpx:hr>126</gpxtpx:hr>
						<gpxtpx:atemp>31</gpxtpx:atemp>
					</gpxtpx:TrackPointExtension>
				</extensions>
			</trkpt>
			<trkpt lat="48.598315" lon="-2.193968">
				<ele>14</ele>
				<time>2024-08-18T15:46:06Z</time>
				<extensions>
					<gpxtpx:TrackPointExtension>
						<gpxtpx:hr>125</gpxtpx:hr>
						<gpxtpx:atemp>31</gpxtpx:atemp>
					</gpxtpx:TrackPointExtension>
				</extensions>
			</trkpt>
			<trkpt lat="48.598295" lon="-2.193949">
				<ele>14.4</ele>
				<time>2024-08-18T15:46:08Z</time>
				<extensions>
					<gpxtpx:TrackPointExtension>
						<gpxtpx:hr>126</gpxtpx:hr>
						<gpxtpx:atemp>31</gpxtpx:atemp>
					</gpxtpx:TrackPointExtension>
				</extensions>
			</trkpt>
			<trkpt lat="48.598264" lon="-2.193923">
				<ele>14.6</ele>
				<time>2024-08-18T15:46:13Z</time>
				<extensions>
					<gpxtpx:TrackPointExtension>
						<gpxtpx:hr>122</gpxtpx:hr>
						<gpxtpx:atemp>31</gpxtpx:atemp>
					</gpxtpx:TrackPointExtension>
				</extensions>
			</trkpt>
			<trkpt lat="48.598244" lon="-2.193925">
				<ele>13.8</ele>
				<time>2024-08-18T15:46:16Z</time>
				<extensions>
					<gpxtpx:TrackPointExtension>
						<gpxtpx:hr>121</gpxtpx:hr>
						<gpxtpx:atemp>31</gpxtpx:atemp>
					</gpxtpx:TrackPointExtension>
				</extensions>
			</trkpt>
			<trkpt lat="48.598228" lon="-2.193897">
				<ele>13</ele>
				<time>2024-08-18T15:46:23Z</time>
				<extensions>
					<gpxtpx:TrackPointExtension>
						<gpxtpx:hr>120</gpxtpx:hr>
						<gpxtpx:atemp>31</gpxtpx:atemp>
					</gpxtpx:TrackPointExtension>
				</extensions>
			</trkpt>
			<trkpt lat="48.59823" lon="-2.193868">
				<ele>14.6</ele>
				<time>2024-08-18T15:46:29Z</time>
				<extensions>
					<gpxtpx:TrackPointExtension>
						<gpxtpx:hr>119</gpxtpx:hr>
						<gpxtpx:atemp>31</gpxtpx:atemp>
					</gpxtpx:TrackPointExtension>
				</extensions>
			</trkpt>
			<trkpt lat="48.598225" lon="-2.193859">
				<ele>15</ele>
				<time>2024-08-18T15:46:30Z</time>
				<extensions>
					<gpxtpx:TrackPointExtension>
						<gpxtpx:hr>118</gpxtpx:hr>
						<gpxtpx:atemp>31</gpxtpx:atemp>
					</gpxtpx:TrackPointExtension>
				</extensions>
			</trkpt>
			<trkpt lat="48.59818" lon="-2.193817">
				<ele>15.6</ele>
				<time>2024-08-18T15:46:36Z</time>
				<extensions>
					<gpxtpx:TrackPointExtension>
						<gpxtpx:hr>118</gpxtpx:hr>
						<gpxtpx:atemp>31</gpxtpx:atemp>
					</gpxtpx:TrackPointExtension>
				</extensions>
			</trkpt>
			<trkpt lat="48.598155" lon="-2.193824">
				<ele>15.6</ele>
				<time>2024-08-18T15:46:39Z</time>
				<extensions>
					<gpxtpx:TrackPointExtension>
						<gpxtpx:hr>119</gpxtpx:hr>
						<gpxtpx:atemp>31</gpxtpx:atemp>
					</gpxtpx:TrackPointExtension>
				</extensions>
			</trkpt>
			<trkpt lat="48.598136" lon="-2.193834">
				<ele>15.2</ele>
				<time>2024-08-18T15:46:41Z</time>
				<extensions>
					<gpxtpx:TrackPointExtension>
						<gpxtpx:hr>120</gpxtpx:hr>
						<gpxtpx:atemp>32</gpxtpx:atemp>
					</gpxtpx:TrackPointExtension>
				</extensions>
			</trkpt>
			<trkpt lat="48.598092" lon="-2.193858">
				<ele>14.4</ele>
				<time>2024-08-18T15:46:46Z</time>
				<extensions>
					<gpxtpx:TrackPointExtension>
						<gpxtpx:hr>119</gpxtpx:hr>
						<gpxtpx:atemp>32</gpxtpx:atemp>
					</gpxtpx:TrackPointExtension>
				</extensions>
			</trkpt>
			<trkpt lat="48.59808" lon="-2.193873">
				<ele>14</ele>
				<time>2024-08-18T15:46:48Z</time>
				<extensions>
					<gpxtpx:TrackPointExtension>
						<gpxtpx:hr>119</gpxtpx:hr>
						<gpxtpx:atemp>32</gpxtpx:atemp>
					</gpxtpx:TrackPointExtension>
				</extensions>
			</trkpt>
			<trkpt lat="48.598066" lon="-2.193876">
				<ele>13.6</ele>
				<time>2024-08-18T15:46:50Z</time>
				<extensions>
					<gpxtpx:TrackPointExtension>
						<gpxtpx:hr>118</gpxtpx:hr>
						<gpxtpx:atemp>32</gpxtpx:atemp>
					</gpxtpx:TrackPointExtension>
				</extensions>
			</trkpt>
			<trkpt lat="48.598022" lon="-2.193897">
				<ele>13</ele>
				<time>2024-08-18T15:46:54Z</time>
				<extensions>
					<gpxtpx:TrackPointExtension>
						<gpxtpx:hr>113</gpxtpx:hr>
						<gpxtpx:atemp>32</gpxtpx:atemp>
					</gpxtpx:TrackPointExtension>
				</extensions>
			</trkpt>
			<trkpt lat="48.598" lon="-2.193902">
				<ele>12.6</ele>
				<time>2024-08-18T15:46:56Z</time>
				<extensions>
					<gpxtpx:TrackPointExtension>
						<gpxtpx:hr>109</gpxtpx:hr>
						<gpxtpx:atemp>32</gpxtpx:atemp>
					</gpxtpx:TrackPointExtension>
				</extensions>
			</trkpt>
			<trkpt lat="48.59799" lon="-2.193908">
				<ele>12.4</ele>
				<time>2024-08-18T15:46:57Z</time>
				<extensions>
					<gpxtpx:TrackPointExtension>
						<gpxtpx:hr>110</gpxtpx:hr>
						<gpxtpx:atemp>32</gpxtpx:atemp>
					</gpxtpx:TrackPointExtension>
				</extensions>
			</trkpt>
			<trkpt lat="48.597942" lon="-2.193929">
				<ele>11.2</ele>
				<time>2024-08-18T15:47:02Z</time>
				<extensions>
					<gpxtpx:TrackPointExtension>
						<gpxtpx:hr>112</gpxtpx:hr>
						<gpxtpx:atemp>32</gpxtpx:atemp>
					</gpxtpx:TrackPointExtension>
				</extensions>
			</trkpt>
			<trkpt lat="48.597899" lon="-2.193972">
				<ele>10.4</ele>
				<time>2024-08-18T15:47:06Z</time>
				<extensions>
					<gpxtpx:TrackPointExtension>
						<gpxtpx:hr>110</gpxtpx:hr>
						<gpxtpx:atemp>32</gpxtpx:atemp>
					</gpxtpx:TrackPointExtension>
				</extensions>
			</trkpt>
			<trkpt lat="48.597891" lon="-2.193985">
				<ele>10.2</ele>
				<time>2024-08-18T15:47:07Z</time>
				<extensions>
					<gpxtpx:TrackPointExtension>
						<gpxtpx:hr>109</gpxtpx:hr>
						<gpxtpx:atemp>32</gpxtpx:atemp>
					</gpxtpx:TrackPointExtension>
				</extensions>
			</trkpt>
			<trkpt lat="48.59786" lon="-2.194017">
				<ele>9.2</ele>
				<time>2024-08-18T15:47:13Z</time>
				<extensions>
					<gpxtpx:TrackPointExtension>
						<gpxtpx:hr>107</gpxtpx:hr>
						<gpxtpx:atemp>32</gpxtpx:atemp>
					</gpxtpx:TrackPointExtension>
				</extensions>
			</trkpt>
			<trkpt lat="48.597852" lon="-2.194028">
				<ele>9</ele>
				<time>2024-08-18T15:47:14Z</time>
				<extensions>
					<gpxtpx:TrackPointExtension>
						<gpxtpx:hr>106</gpxtpx:hr>
						<gpxtpx:atemp>32</gpxtpx:atemp>
					</gpxtpx:TrackPointExtension>
				</extensions>
			</trkpt>
			<trkpt lat="48.597826" lon="-2.194061">
				<ele>8.8</ele>
				<time>2024-08-18T15:47:16Z</time>
				<extensions>
					<gpxtpx:TrackPointExtension>
						<gpxtpx:hr>103</gpxtpx:hr>
						<gpxtpx:atemp>32</gpxtpx:atemp>
					</gpxtpx:TrackPointExtension>
				</extensions>
			</trkpt>
			<trkpt lat="48.597808" lon="-2.19405">
				<ele>8.6</ele>
				<time>2024-08-18T15:47:18Z</time>
				<extensions>
					<gpxtpx:TrackPointExtension>
						<gpxtpx:hr>100</gpxtpx:hr>
						<gpxtpx:atemp>32</gpxtpx:atemp>
					</gpxtpx:TrackPointExtension>
				</extensions>
			</trkpt>
			<trkpt lat="48.597797" lon="-2.194036">
				<ele>8.4</ele>
				<time>2024-08-18T15:47:20Z</time>
				<extensions>
					<gpxtpx:TrackPointExtension>
						<gpxtpx:hr>98</gpxtpx:hr>
						<gpxtpx:atemp>32</gpxtpx:atemp>
					</gpxtpx:TrackPointExtension>
				</extensions>
			</trkpt>
			<trkpt lat="48.597773" lon="-2.19403">
				<ele>8.4</ele>
				<time>2024-08-18T15:47:24Z</time>
				<extensions>
					<gpxtpx:TrackPointExtension>
						<gpxtpx:hr>95</gpxtpx:hr>
						<gpxtpx:atemp>32</gpxtpx:atemp>
					</gpxtpx:TrackPointExtension>
				</extensions>
			</trkpt>
			<trkpt lat="48.59776" lon="-2.194027">
				<ele>8.4</ele>
				<time>2024-08-18T15:47:25Z</time>
				<extensions>
					<gpxtpx:TrackPointExtension>
						<gpxtpx:hr>95</gpxtpx:hr>
						<gpxtpx:atemp>32</gpxtpx:atemp>
					</gpxtpx:TrackPointExtension>
				</extensions>
			</trkpt>
			<trkpt lat="48.597731" lon="-2.193994">
				<ele>8.4</ele>
				<time>2024-08-18T15:47:27Z</time>
				<extensions>
					<gpxtpx:TrackPointExtension>
						<gpxtpx:hr>96</gpxtpx:hr>
						<gpxtpx:atemp>32</gpxtpx:atemp>
					</gpxtpx:TrackPointExtension>
				</extensions>
			</trkpt>
			<trkpt lat="48.597704" lon="-2.193939">
				<ele>8.6</ele>
				<time>2024-08-18T15:47:31Z</time>
				<extensions>
					<gpxtpx:TrackPointExtension>
						<gpxtpx:hr>99</gpxtpx:hr>
						<gpxtpx:atemp>32</gpxtpx:atemp>
					</gpxtpx:TrackPointExtension>
				</extensions>
			</trkpt>
			<trkpt lat="48.597699" lon="-2.193924">
				<ele>8.8</ele>
				<time>2024-08-18T15:47:32Z</time>
				<extensions>
					<gpxtpx:TrackPointExtension>
						<gpxtpx:hr>99</gpxtpx:hr>
						<gpxtpx:atemp>32</gpxtpx:atemp>
					</gpxtpx:TrackPointExtension>
				</extensions>
			</trkpt>
			<trkpt lat="48.597686" lon="-2.193893">
				<ele>9.2</ele>
				<time>2024-08-18T15:47:34Z</time>
				<extensions>
					<gpxtpx:TrackPointExtension>
						<gpxtpx:hr>101</gpxtpx:hr>
						<gpxtpx:atemp>32</gpxtpx:atemp>
					</gpxtpx:TrackPointExtension>
				</extensions>
			</trkpt>
			<trkpt lat="48.597658" lon="-2.193812">
				<ele>10.2</ele>
				<time>2024-08-18T15:47:40Z</time>
				<extensions>
					<gpxtpx:TrackPointExtension>
						<gpxtpx:hr>101</gpxtpx:hr>
						<gpxtpx:atemp>32</gpxtpx:atemp>
					</gpxtpx:TrackPointExtension>
				</extensions>
			</trkpt>
			<trkpt lat="48.597645" lon="-2.193782">
				<ele>11</ele>
				<time>2024-08-18T15:47:42Z</time>
				<extensions>
					<gpxtpx:TrackPointExtension>
						<gpxtpx:hr>104</gpxtpx:hr>
						<gpxtpx:atemp>32</gpxtpx:atemp>
					</gpxtpx:TrackPointExtension>
				</extensions>
			</trkpt>
			<trkpt lat="48.597635" lon="-2.193753">
				<ele>11.2</ele>
				<time>2024-08-18T15:47:44Z</time>
				<extensions>
					<gpxtpx:TrackPointExtension>
						<gpxtpx:hr>108</gpxtpx:hr>
						<gpxtpx:atemp>32</gpxtpx:atemp>
					</gpxtpx:TrackPointExtension>
				</extensions>
			</trkpt>
			<trkpt lat="48.597629" lon="-2.193742">
				<ele>11.4</ele>
				<time>2024-08-18T15:47:45Z</time>
				<extensions>
					<gpxtpx:TrackPointExtension>
						<gpxtpx:hr>110</gpxtpx:hr>
						<gpxtpx:atemp>32</gpxtpx:atemp>
					</gpxtpx:TrackPointExtension>
				</extensions>
			</trkpt>
			<trkpt lat="48.597617" lon="-2.193723">
				<ele>11.8</ele>
				<time>2024-08-18T15:47:47Z</time>
				<extensions>
					<gpxtpx:TrackPointExtension>
						<gpxtpx:hr>114</gpxtpx:hr>
						<gpxtpx:atemp>32</gpxtpx:atemp>
					</gpxtpx:TrackPointExtension>
				</extensions>
			</trkpt>
			<trkpt lat="48.597602" lon="-2.193696">
				<ele>12</ele>
				<time>2024-08-18T15:47:49Z</time>
				<extensions>
					<gpxtpx:TrackPointExtension>
						<gpxtpx:hr>118</gpxtpx:hr>
						<gpxtpx:atemp>32</gpxtpx:atemp>
					</gpxtpx:TrackPointExtension>
				</extensions>
			</trkpt>
			<trkpt lat="48.597593" lon="-2.193687">
				<ele>12.2</ele>
				<time>2024-08-18T15:47:50Z</time>
				<extensions>
					<gpxtpx:TrackPointExtension>
						<gpxtpx:hr>121</gpxtpx:hr>
						<gpxtpx:atemp>32</gpxtpx:atemp>
					</gpxtpx:TrackPointExtension>
				</extensions>
			</trkpt>
			<trkpt lat="48.597587" lon="-2.193679">
				<ele>12.4</ele>
				<time>2024-08-18T15:47:51Z</time>
				<extensions>
					<gpxtpx:TrackPointExtension>
						<gpxtpx:hr>122</gpxtpx:hr>
						<gpxtpx:atemp>32</gpxtpx:atemp>
					</gpxtpx:TrackPointExtension>
				</extensions>
			</trkpt>
			<trkpt lat="48.59757" lon="-2.193656">
				<ele>12.8</ele>
				<time>2024-08-18T15:47:53Z</time>
				<extensions>
					<gpxtpx:TrackPointExtension>
						<gpxtpx:hr>123</gpxtpx:hr>
						<gpxtpx:atemp>32</gpxtpx:atemp>
					</gpxtpx:TrackPointExtension>
				</extensions>
			</trkpt>
			<trkpt lat="48.597482" lon="-2.193628">
				<ele>13.2</ele>
				<time>2024-08-18T15:48:01Z</time>
				<extensions>
					<gpxtpx:TrackPointExtension>
						<gpxtpx:hr>121</gpxtpx:hr>
						<gpxtpx:atemp>32</gpxtpx:atemp>
					</gpxtpx:TrackPointExtension>
				</extensions>
			</trkpt>
			<trkpt lat="48.597462" lon="-2.193641">
				<ele>13</ele>
				<time>2024-08-18T15:48:03Z</time>
				<extensions>
					<gpxtpx:TrackPointExtension>
						<gpxtpx:hr>122</gpxtpx:hr>
						<gpxtpx:atemp>32</gpxtpx:atemp>
					</gpxtpx:TrackPointExtension>
				</extensions>
			</trkpt>
			<trkpt lat="48.597429" lon="-2.193649">
				<ele>12.4</ele>
				<time>2024-08-18T15:48:06Z</time>
				<extensions>
					<gpxtpx:TrackPointExtension>
						<gpxtpx:hr>122</gpxtpx:hr>
						<gpxtpx:atemp>32</gpxtpx:atemp>
					</gpxtpx:TrackPointExtension>
				</extensions>
			</trkpt>
			<trkpt lat="48.597408" lon="-2.193653">
				<ele>12.4</ele>
				<time>2024-08-18T15:48:08Z</time>
				<extensions>
					<gpxtpx:TrackPointExtension>
						<gpxtpx:hr>121</gpxtpx:hr>
						<gpxtpx:atemp>32</gpxtpx:atemp>
					</gpxtpx:TrackPointExtension>
				</extensions>
			</trkpt>
			<trkpt lat="48.597392" lon="-2.193659">
				<ele>12.2</ele>
				<time>2024-08-18T15:48:10Z</time>
				<extensions>
					<gpxtpx:TrackPointExtension>
						<gpxtpx:hr>120</gpxtpx:hr>
						<gpxtpx:atemp>32</gpxtpx:atemp>
					</gpxtpx:TrackPointExtension>
				</extensions>
			</trkpt>
			<trkpt lat="48.597382" lon="-2.193658">
				<ele>12</ele>
				<time>2024-08-18T15:48:11Z</time>
				<extensions>
					<gpxtpx:TrackPointExtension>
						<gpxtpx:hr>119</gpxtpx:hr>
						<gpxtpx:atemp>32</gpxtpx:atemp>
					</gpxtpx:TrackPointExtension>
				</extensions>
			</trkpt>
			<trkpt lat="48.597323" lon="-2.193683">
				<ele>11.4</ele>
				<time>2024-08-18T15:48:17Z</time>
				<extensions>
					<gpxtpx:TrackPointExtension>
						<gpxtpx:hr>119</gpxtpx:hr>
						<gpxtpx:atemp>32</gpxtpx:atemp>
					</gpxtpx:TrackPointExtension>
				</extensions>
			</trkpt>
			<trkpt lat="48.597304" lon="-2.193706">
				<ele>11</ele>
				<time>2024-08-18T15:48:19Z</time>
				<extensions>
					<gpxtpx:TrackPointExtension>
						<gpxtpx:hr>120</gpxtpx:hr>
						<gpxtpx:atemp>32</gpxtpx:atemp>
					</gpxtpx:TrackPointExtension>
				</extensions>
			</trkpt>
			<trkpt lat="48.597258" lon="-2.193727">
				<ele>10.4</ele>
				<time>2024-08-18T15:48:23Z</time>
				<extensions>
					<gpxtpx:TrackPointExtension>
						<gpxtpx:hr>120</gpxtpx:hr>
						<gpxtpx:atemp>32</gpxtpx:atemp>
					</gpxtpx:TrackPointExtension>
				</extensions>
			</trkpt>
			<trkpt lat="48.597231" lon="-2.19374">
				<ele>9.8</ele>
				<time>2024-08-18T15:48:25Z</time>
				<extensions>
					<gpxtpx:TrackPointExtension>
						<gpxtpx:hr>120</gpxtpx:hr>
						<gpxtpx:atemp>32</gpxtpx:atemp>
					</gpxtpx:TrackPointExtension>
				</extensions>
			</trkpt>
			<trkpt lat="48.597205" lon="-2.193749">
				<ele>9.8</ele>
				<time>2024-08-18T15:48:29Z</time>
				<extensions>
					<gpxtpx:TrackPointExtension>
						<gpxtpx:hr>116</gpxtpx:hr>
						<gpxtpx:atemp>32</gpxtpx:atemp>
					</gpxtpx:TrackPointExtension>
				</extensions>
			</trkpt>
			<trkpt lat="48.597201" lon="-2.193749">
				<ele>9.6</ele>
				<time>2024-08-18T15:48:31Z</time>
				<extensions>
					<gpxtpx:TrackPointExtension>
						<gpxtpx:hr>116</gpxtpx:hr>
						<gpxtpx:atemp>32</gpxtpx:atemp>
					</gpxtpx:TrackPointExtension>
				</extensions>
			</trkpt>
			<trkpt lat="48.597172" lon="-2.19373">
				<ele>9.4</ele>
				<time>2024-08-18T15:48:35Z</time>
				<extensions>
					<gpxtpx:TrackPointExtension>
						<gpxtpx:hr>115</gpxtpx:hr>
						<gpxtpx:atemp>32</gpxtpx:atemp>
					</gpxtpx:TrackPointExtension>
				</extensions>
			</trkpt>
			<trkpt lat="48.597142" lon="-2.193707">
				<ele>9.2</ele>
				<time>2024-08-18T15:48:38Z</time>
				<extensions>
					<gpxtpx:TrackPointExtension>
						<gpxtpx:hr>114</gpxtpx:hr>
						<gpxtpx:atemp>32</gpxtpx:atemp>
					</gpxtpx:TrackPointExtension>
				</extensions>
			</trkpt>
			<trkpt lat="48.597089" lon="-2.193644">
				<ele>8.8</ele>
				<time>2024-08-18T15:48:44Z</time>
				<extensions>
					<gpxtpx:TrackPointExtension>
						<gpxtpx:hr>111</gpxtpx:hr>
						<gpxtpx:atemp>32</gpxtpx:atemp>
					</gpxtpx:TrackPointExtension>
				</extensions>
			</trkpt>
			<trkpt lat="48.597081" lon="-2.193626">
				<ele>8.8</ele>
				<time>2024-08-18T15:48:45Z</time>
				<extensions>
					<gpxtpx:TrackPointExtension>
						<gpxtpx:hr>110</gpxtpx:hr>
						<gpxtpx:atemp>32</gpxtpx:atemp>
					</gpxtpx:TrackPointExtension>
				</extensions>
			</trkpt>
			<trkpt lat="48.597065" lon="-2.193578">
				<ele>9</ele>
				<time>2024-08-18T15:48:49Z</time>
				<extensions>
					<gpxtpx:TrackPointExtension>
						<gpxtpx:hr>106</gpxtpx:hr>
						<gpxtpx:atemp>32</gpxtpx:atemp>
					</gpxtpx:TrackPointExtension>
				</extensions>
			</trkpt>
			<trkpt lat="48.597026" lon="-2.193524">
				<ele>9.2</ele>
				<time>2024-08-18T15:48:54Z</time>
				<extensions>
					<gpxtpx:TrackPointExtension>
						<gpxtpx:hr>103</gpxtpx:hr>
						<gpxtpx:atemp>32</gpxtpx:atemp>
					</gpxtpx:TrackPointExtension>
				</extensions>
			</trkpt>
			<trkpt lat="48.597014" lon="-2.193497">
				<ele>9.2</ele>
				<time>2024-08-18T15:48:56Z</time>
				<extensions>
					<gpxtpx:TrackPointExtension>
						<gpxtpx:hr>100</gpxtpx:hr>
						<gpxtpx:atemp>32</gpxtpx:atemp>
					</gpxtpx:TrackPointExtension>
				</extensions>
			</trkpt>
			<trkpt lat="48.597011" lon="-2.193485">
				<ele>9.2</ele>
				<time>2024-08-18T15:48:57Z</time>
				<extensions>
					<gpxtpx:TrackPointExtension>
						<gpxtpx:hr>99</gpxtpx:hr>
						<gpxtpx:atemp>32</gpxtpx:atemp>
					</gpxtpx:TrackPointExtension>
				</extensions>
			</trkpt>
			<trkpt lat="48.597024" lon="-2.193468">
				<ele>9.4</ele>
				<time>2024-08-18T15:49:00Z</time>
				<extensions>
					<gpxtpx:TrackPointExtension>
						<gpxtpx:hr>97</gpxtpx:hr>
						<gpxtpx:atemp>32</gpxtpx:atemp>
					</gpxtpx:TrackPointExtension>
				</extensions>
			</trkpt>
			<trkpt lat="48.597027" lon="-2.193458">
				<ele>9.4</ele>
				<time>2024-08-18T15:49:01Z</time>
				<extensions>
					<gpxtpx:TrackPointExtension>
						<gpxtpx:hr>96</gpxtpx:hr>
						<gpxtpx:atemp>32</gpxtpx:atemp>
					</gpxtpx:TrackPointExtension>
				</extensions>
			</trkpt>
			<trkpt lat="48.597056" lon="-2.1934">
				<ele>10.2</ele>
				<time>2024-08-18T15:49:06Z</time>
				<extensions>
					<gpxtpx:TrackPointExtension>
						<gpxtpx:hr>97</gpxtpx:hr>
						<gpxtpx:atemp>32</gpxtpx:atemp>
					</gpxtpx:TrackPointExtension>
				</extensions>
			</trkpt>
			<trkpt lat="48.597058" lon="-2.193387">
				<ele>10.4</ele>
				<time>2024-08-18T15:49:07Z</time>
				<extensions>
					<gpxtpx:TrackPointExtension>
						<gpxtpx:hr>98</gpxtpx:hr>
						<gpxtpx:atemp>32</gpxtpx:atemp>
					</gpxtpx:TrackPointExtension>
				</extensions>
			</trkpt>
			<trkpt lat="48.597056" lon="-2.193363">
				<ele>10.8</ele>
				<time>2024-08-18T15:49:09Z</time>
				<extensions>
					<gpxtpx:TrackPointExtension>
						<gpxtpx:hr>101</gpxtpx:hr>
						<gpxtpx:atemp>32</gpxtpx:atemp>
					</gpxtpx:TrackPointExtension>
				</extensions>
			</trkpt>
			<trkpt lat="48.597045" lon="-2.19334">
				<ele>11</ele>
				<time>2024-08-18T15:49:11Z</time>
				<extensions>
					<gpxtpx:TrackPointExtension>
						<gpxtpx:hr>104</gpxtpx:hr>
						<gpxtpx:atemp>32</gpxtpx:atemp>
					</gpxtpx:TrackPointExtension>
				</extensions>
			</trkpt>
			<trkpt lat="48.597035" lon="-2.193317">
				<ele>11</ele>
				<time>2024-08-18T15:49:13Z</time>
				<extensions>
					<gpxtpx:TrackPointExtension>
						<gpxtpx:hr>107</gpxtpx:hr>
						<gpxtpx:atemp>32</gpxtpx:atemp>
					</gpxtpx:TrackPointExtension>
				</extensions>
			</trkpt>
			<trkpt lat="48.596971" lon="-2.193284">
				<ele>10.4</ele>
				<time>2024-08-18T15:49:21Z</time>
				<extensions>
					<gpxtpx:TrackPointExtension>
						<gpxtpx:hr>108</gpxtpx:hr>
						<gpxtpx:atemp>32</gpxtpx:atemp>
					</gpxtpx:TrackPointExtension>
				</extensions>
			</trkpt>
			<trkpt lat="48.596913" lon="-2.19328">
				<ele>9.6</ele>
				<time>2024-08-18T15:49:28Z</time>
				<extensions>
					<gpxtpx:TrackPointExtension>
						<gpxtpx:hr>105</gpxtpx:hr>
						<gpxtpx:atemp>32</gpxtpx:atemp>
					</gpxtpx:TrackPointExtension>
				</extensions>
			</trkpt>
			<trkpt lat="48.596904" lon="-2.193276">
				<ele>9.4</ele>
				<time>2024-08-18T15:49:29Z</time>
				<extensions>
					<gpxtpx:TrackPointExtension>
						<gpxtpx:hr>104</gpxtpx:hr>
						<gpxtpx:atemp>32</gpxtpx:atemp>
					</gpxtpx:TrackPointExtension>
				</extensions>
			</trkpt>
			<trkpt lat="48.596896" lon="-2.193273">
				<ele>9.2</ele>
				<time>2024-08-18T15:49:30Z</time>
				<extensions>
					<gpxtpx:TrackPointExtension>
						<gpxtpx:hr>104</gpxtpx:hr>
						<gpxtpx:atemp>32</gpxtpx:atemp>
					</gpxtpx:TrackPointExtension>
				</extensions>
			</trkpt>
			<trkpt lat="48.596868" lon="-2.193236">
				<ele>8.8</ele>
				<time>2024-08-18T15:49:34Z</time>
				<extensions>
					<gpxtpx:TrackPointExtension>
						<gpxtpx:hr>101</gpxtpx:hr>
						<gpxtpx:atemp>32</gpxtpx:atemp>
					</gpxtpx:TrackPointExtension>
				</extensions>
			</trkpt>
			<trkpt lat="48.596839" lon="-2.19319">
				<ele>8.6</ele>
				<time>2024-08-18T15:49:37Z</time>
				<extensions>
					<gpxtpx:TrackPointExtension>
						<gpxtpx:hr>101</gpxtpx:hr>
						<gpxtpx:atemp>32</gpxtpx:atemp>
					</gpxtpx:TrackPointExtension>
				</extensions>
			</trkpt>
			<trkpt lat="48.596825" lon="-2.193164">
				<ele>8.4</ele>
				<time>2024-08-18T15:49:39Z</time>
				<extensions>
					<gpxtpx:TrackPointExtension>
						<gpxtpx:hr>101</gpxtpx:hr>
						<gpxtpx:atemp>33</gpxtpx:atemp>
					</gpxtpx:TrackPointExtension>
				</extensions>
			</trkpt>
			<trkpt lat="48.59682" lon="-2.193154">
				<ele>8.2</ele>
				<time>2024-08-18T15:49:40Z</time>
				<extensions>
					<gpxtpx:TrackPointExtension>
						<gpxtpx:hr>101</gpxtpx:hr>
						<gpxtpx:atemp>33</gpxtpx:atemp>
					</gpxtpx:TrackPointExtension>
				</extensions>
			</trkpt>
			<trkpt lat="48.596797" lon="-2.19311">
				<ele>8</ele>
				<time>2024-08-18T15:49:43Z</time>
				<extensions>
					<gpxtpx:TrackPointExtension>
						<gpxtpx:hr>101</gpxtpx:hr>
						<gpxtpx:atemp>33</gpxtpx:atemp>
					</gpxtpx:TrackPointExtension>
				</extensions>
			</trkpt>
			<trkpt lat="48.59679" lon="-2.193089">
				<ele>8</ele>
				<time>2024-08-18T15:49:46Z</time>
				<extensions>
					<gpxtpx:TrackPointExtension>
						<gpxtpx:hr>101</gpxtpx:hr>
						<gpxtpx:atemp>33</gpxtpx:atemp>
					</gpxtpx:TrackPointExtension>
				</extensions>
			</trkpt>
			<trkpt lat="48.596784" lon="-2.193078">
				<ele>8</ele>
				<time>2024-08-18T15:49:47Z</time>
				<extensions>
					<gpxtpx:TrackPointExtension>
						<gpxtpx:hr>101</gpxtpx:hr>
						<gpxtpx:atemp>33</gpxtpx:atemp>
					</gpxtpx:TrackPointExtension>
				</extensions>
			</trkpt>
			<trkpt lat="48.596762" lon="-2.193041">
				<ele>8.2</ele>
				<time>2024-08-18T15:49:50Z</time>
				<extensions>
					<gpxtpx:TrackPointExtension>
						<gpxtpx:hr>101</gpxtpx:hr>
						<gpxtpx:atemp>33</gpxtpx:atemp>
					</gpxtpx:TrackPointExtension>
				</extensions>
			</trkpt>
			<trkpt lat="48.596748" lon="-2.193013">
				<ele>8.4</ele>
				<time>2024-08-18T15:49:52Z</time>
				<extensions>
					<gpxtpx:TrackPointExtension>
						<gpxtpx:hr>100</gpxtpx:hr>
						<gpxtpx:atemp>33</gpxtpx:atemp>
					</gpxtpx:TrackPointExtension>
				</extensions>
			</trkpt>
			<trkpt lat="48.596739" lon="-2.192958">
				<ele>8.4</ele>
				<time>2024-08-18T15:49:55Z</time>
				<extensions>
					<gpxtpx:TrackPointExtension>
						<gpxtpx:hr>97</gpxtpx:hr>
						<gpxtpx:atemp>33</gpxtpx:atemp>
					</gpxtpx:TrackPointExtension>
				</extensions>
			</trkpt>
			<trkpt lat="48.596736" lon="-2.192925">
				<ele>8.4</ele>
				<time>2024-08-18T15:49:57Z</time>
				<extensions>
					<gpxtpx:TrackPointExtension>
						<gpxtpx:hr>94</gpxtpx:hr>
						<gpxtpx:atemp>33</gpxtpx:atemp>
					</gpxtpx:TrackPointExtension>
				</extensions>
			</trkpt>
			<trkpt lat="48.596733" lon="-2.192908">
				<ele>8.4</ele>
				<time>2024-08-18T15:49:58Z</time>
				<extensions>
					<gpxtpx:TrackPointExtension>
						<gpxtpx:hr>92</gpxtpx:hr>
						<gpxtpx:atemp>33</gpxtpx:atemp>
					</gpxtpx:TrackPointExtension>
				</extensions>
			</trkpt>
			<trkpt lat="48.596719" lon="-2.192731">
				<ele>8</ele>
				<time>2024-08-18T15:50:08Z</time>
				<extensions>
					<gpxtpx:TrackPointExtension>
						<gpxtpx:hr>92</gpxtpx:hr>
						<gpxtpx:atemp>33</gpxtpx:atemp>
					</gpxtpx:TrackPointExtension>
				</extensions>
			</trkpt>
			<trkpt lat="48.596719" lon="-2.19272">
				<ele>8</ele>
				<time>2024-08-18T15:50:09Z</time>
				<extensions>
					<gpxtpx:TrackPointExtension>
						<gpxtpx:hr>92</gpxtpx:hr>
						<gpxtpx:atemp>33</gpxtpx:atemp>
					</gpxtpx:TrackPointExtension>
				</extensions>
			</trkpt>
			<trkpt lat="48.596719" lon="-2.19265">
				<ele>7.8</ele>
				<time>2024-08-18T15:50:14Z</time>
				<extensions>
					<gpxtpx:TrackPointExtension>
						<gpxtpx:hr>92</gpxtpx:hr>
						<gpxtpx:atemp>32</gpxtpx:atemp>
					</gpxtpx:TrackPointExtension>
				</extensions>
			</trkpt>
			<trkpt lat="48.596715" lon="-2.192601">
				<ele>7.8</ele>
				<time>2024-08-18T15:50:17Z</time>
				<extensions>
					<gpxtpx:TrackPointExtension>
						<gpxtpx:hr>94</gpxtpx:hr>
						<gpxtpx:atemp>33</gpxtpx:atemp>
					</gpxtpx:TrackPointExtension>
				</extensions>
			</trkpt>
			<trkpt lat="48.596704" lon="-2.192572">
				<ele>7.4</ele>
				<time>2024-08-18T15:50:19Z</time>
				<extensions>
					<gpxtpx:TrackPointExtension>
						<gpxtpx:hr>93</gpxtpx:hr>
						<gpxtpx:atemp>32</gpxtpx:atemp>
					</gpxtpx:TrackPointExtension>
				</extensions>
			</trkpt>
			<trkpt lat="48.596694" lon="-2.192549">
				<ele>7</ele>
				<time>2024-08-18T15:50:22Z</time>
				<extensions>
					<gpxtpx:TrackPointExtension>
						<gpxtpx:hr>94</gpxtpx:hr>
						<gpxtpx:atemp>33</gpxtpx:atemp>
					</gpxtpx:TrackPointExtension>
				</extensions>
			</trkpt>
			<trkpt lat="48.596692" lon="-2.192531">
				<ele>6.8</ele>
				<time>2024-08-18T15:50:25Z</time>
				<extensions>
					<gpxtpx:TrackPointExtension>
						<gpxtpx:hr>93</gpxtpx:hr>
						<gpxtpx:atemp>32</gpxtpx:atemp>
					</gpxtpx:TrackPointExtension>
				</extensions>
			</trkpt>
			<trkpt lat="48.596684" lon="-2.192516">
				<ele>6</ele>
				<time>2024-08-18T15:50:28Z</time>
				<extensions>
					<gpxtpx:TrackPointExtension>
						<gpxtpx:hr>92</gpxtpx:hr>
						<gpxtpx:atemp>32</gpxtpx:atemp>
					</gpxtpx:TrackPointExtension>
				</extensions>
			</trkpt>
			<trkpt lat="48.596675" lon="-2.192501">
				<ele>5.4</ele>
				<time>2024-08-18T15:50:31Z</time>
				<extensions>
					<gpxtpx:TrackPointExtension>
						<gpxtpx:hr>94</gpxtpx:hr>
						<gpxtpx:atemp>32</gpxtpx:atemp>
					</gpxtpx:TrackPointExtension>
				</extensions>
			</trkpt>
			<trkpt lat="48.59667" lon="-2.192492">
				<ele>4.8</ele>
				<time>2024-08-18T15:50:33Z</time>
				<extensions>
					<gpxtpx:TrackPointExtension>
						<gpxtpx:hr>97</gpxtpx:hr>
						<gpxtpx:atemp>32</gpxtpx:atemp>
					</gpxtpx:TrackPointExtension>
				</extensions>
			</trkpt>
			<trkpt lat="48.596645" lon="-2.192493">
				<ele>3.6</ele>
				<time>2024-08-18T15:50:36Z</time>
				<extensions>
					<gpxtpx:TrackPointExtension>
						<gpxtpx:hr>99</gpxtpx:hr>
						<gpxtpx:atemp>32</gpxtpx:atemp>
					</gpxtpx:TrackPointExtension>
				</extensions>
			</trkpt>
			<trkpt lat="48.596614" lon="-2.192485">
				<ele>3.6</ele>
				<time>2024-08-18T15:50:39Z</time>
				<extensions>
					<gpxtpx:TrackPointExtension>
						<gpxtpx:hr>98</gpxtpx:hr>
						<gpxtpx:atemp>32</gpxtpx:atemp>
					</gpxtpx:TrackPointExtension>
				</extensions>
			</trkpt>
			<trkpt lat="48.59658" lon="-2.192447">
				<ele>4</ele>
				<time>2024-08-18T15:50:46Z</time>
				<extensions>
					<gpxtpx:TrackPointExtension>
						<gpxtpx:hr>97</gpxtpx:hr>
						<gpxtpx:atemp>33</gpxtpx:atemp>
					</gpxtpx:TrackPointExtension>
				</extensions>
			</trkpt>
			<trkpt lat="48.596499" lon="-2.192376">
				<ele>3.6</ele>
				<time>2024-08-18T15:50:55Z</time>
				<extensions>
					<gpxtpx:TrackPointExtension>
						<gpxtpx:hr>96</gpxtpx:hr>
						<gpxtpx:atemp>33</gpxtpx:atemp>
					</gpxtpx:TrackPointExtension>
				</extensions>
			</trkpt>
			<trkpt lat="48.596395" lon="-2.192294">
				<ele>3.4</ele>
				<time>2024-08-18T15:51:05Z</time>
				<extensions>
					<gpxtpx:TrackPointExtension>
						<gpxtpx:hr>93</gpxtpx:hr>
						<gpxtpx:atemp>33</gpxtpx:atemp>
					</gpxtpx:TrackPointExtension>
				</extensions>
			</trkpt>
			<trkpt lat="48.596323" lon="-2.192235">
				<ele>4</ele>
				<time>2024-08-18T15:51:12Z</time>
				<extensions>
					<gpxtpx:TrackPointExtension>
						<gpxtpx:hr>90</gpxtpx:hr>
						<gpxtpx:atemp>33</gpxtpx:atemp>
					</gpxtpx:TrackPointExtension>
				</extensions>
			</trkpt>
			<trkpt lat="48.596271" lon="-2.192197">
				<ele>3.8</ele>
				<time>2024-08-18T15:51:17Z</time>
				<extensions>
					<gpxtpx:TrackPointExtension>
						<gpxtpx:hr>90</gpxtpx:hr>
						<gpxtpx:atemp>33</gpxtpx:atemp>
					</gpxtpx:TrackPointExtension>
				</extensions>
			</trkpt>
			<trkpt lat="48.596176" lon="-2.192131">
				<ele>4</ele>
				<time>2024-08-18T15:51:25Z</time>
				<extensions>
					<gpxtpx:TrackPointExtension>
						<gpxtpx:hr>93</gpxtpx:hr>
						<gpxtpx:atemp>33</gpxtpx:atemp>
					</gpxtpx:TrackPointExtension>
				</extensions>
			</trkpt>
			<trkpt lat="48.596164" lon="-2.19212">
				<ele>4</ele>
				<time>2024-08-18T15:51:26Z</time>
				<extensions>
					<gpxtpx:TrackPointExtension>
						<gpxtpx:hr>93</gpxtpx:hr>
						<gpxtpx:atemp>33</gpxtpx:atemp>
					</gpxtpx:TrackPointExtension>
				</extensions>
			</trkpt>
			<trkpt lat="48.596108" lon="-2.19208">
				<ele>3.8</ele>
				<time>2024-08-18T15:51:31Z</time>
				<extensions>
					<gpxtpx:TrackPointExtension>
						<gpxtpx:hr>93</gpxtpx:hr>
						<gpxtpx:atemp>33</gpxtpx:atemp>
					</gpxtpx:TrackPointExtension>
				</extensions>
			</trkpt>
			<trkpt lat="48.59604" lon="-2.192028">
				<ele>4.2</ele>
				<time>2024-08-18T15:51:37Z</time>
				<extensions>
					<gpxtpx:TrackPointExtension>
						<gpxtpx:hr>93</gpxtpx:hr>
						<gpxtpx:atemp>33</gpxtpx:atemp>
					</gpxtpx:TrackPointExtension>
				</extensions>
			</trkpt>
			<trkpt lat="48.595974" lon="-2.191978">
				<ele>4.2</ele>
				<time>2024-08-18T15:51:43Z</time>
				<extensions>
					<gpxtpx:TrackPointExtension>
						<gpxtpx:hr>96</gpxtpx:hr>
						<gpxtpx:atemp>33</gpxtpx:atemp>
					</gpxtpx:TrackPointExtension>
				</extensions>
			</trkpt>
			<trkpt lat="48.595895" lon="-2.191925">
				<ele>4</ele>
				<time>2024-08-18T15:51:50Z</time>
				<extensions>
					<gpxtpx:TrackPointExtension>
						<gpxtpx:hr>98</gpxtpx:hr>
						<gpxtpx:atemp>33</gpxtpx:atemp>
					</gpxtpx:TrackPointExtension>
				</extensions>
			</trkpt>
			<trkpt lat="48.595823" lon="-2.191883">
				<ele>4</ele>
				<time>2024-08-18T15:51:57Z</time>
				<extensions>
					<gpxtpx:TrackPointExtension>
						<gpxtpx:hr>95</gpxtpx:hr>
						<gpxtpx:atemp>33</gpxtpx:atemp>
					</gpxtpx:TrackPointExtension>
				</extensions>
			</trkpt>
			<trkpt lat="48.595788" lon="-2.191856">
				<ele>4.2</ele>
				<time>2024-08-18T15:52:01Z</time>
				<extensions>
					<gpxtpx:TrackPointExtension>
						<gpxtpx:hr>92</gpxtpx:hr>
						<gpxtpx:atemp>33</gpxtpx:atemp>
					</gpxtpx:TrackPointExtension>
				</extensions>
			</trkpt>
			<trkpt lat="48.595773" lon="-2.191841">
				<ele>4.2</ele>
				<time>2024-08-18T15:52:05Z</time>
				<extensions>
					<gpxtpx:TrackPointExtension>
						<gpxtpx:hr>89</gpxtpx:hr>
						<gpxtpx:atemp>33</gpxtpx:atemp>
					</gpxtpx:TrackPointExtension>
				</extensions>
			</trkpt>
			<trkpt lat="48.59577" lon="-2.191841">
				<ele>4.2</ele>
				<time>2024-08-18T15:52:07Z</time>
				<extensions>
					<gpxtpx:TrackPointExtension>
						<gpxtpx:hr>88</gpxtpx:hr>
						<gpxtpx:atemp>33</gpxtpx:atemp>
					</gpxtpx:TrackPointExtension>
				</extensions>
			</trkpt>
			<trkpt lat="48.595738" lon="-2.191813">
				<ele>4.2</ele>
				<time>2024-08-18T15:52:11Z</time>
				<extensions>
					<gpxtpx:TrackPointExtension>
						<gpxtpx:hr>90</gpxtpx:hr>
						<gpxtpx:atemp>34</gpxtpx:atemp>
					</gpxtpx:TrackPointExtension>
				</extensions>
			</trkpt>
			<trkpt lat="48.59571" lon="-2.191778">
				<ele>4.6</ele>
				<time>2024-08-18T15:52:14Z</time>
				<extensions>
					<gpxtpx:TrackPointExtension>
						<gpxtpx:hr>91</gpxtpx:hr>
						<gpxtpx:atemp>34</gpxtpx:atemp>
					</gpxtpx:TrackPointExtension>
				</extensions>
			</trkpt>
			<trkpt lat="48.595702" lon="-2.191766">
				<ele>5</ele>
				<time>2024-08-18T15:52:15Z</time>
				<extensions>
					<gpxtpx:TrackPointExtension>
						<gpxtpx:hr>91</gpxtpx:hr>
						<gpxtpx:atemp>34</gpxtpx:atemp>
					</gpxtpx:TrackPointExtension>
				</extensions>
			</trkpt>
			<trkpt lat="48.595648" lon="-2.191674">
				<ele>6.2</ele>
				<time>2024-08-18T15:52:22Z</time>
				<extensions>
					<gpxtpx:TrackPointExtension>
						<gpxtpx:hr>94</gpxtpx:hr>
						<gpxtpx:atemp>34</gpxtpx:atemp>
					</gpxtpx:TrackPointExtension>
				</extensions>
			</trkpt>
			<trkpt lat="48.595632" lon="-2.191648">
				<ele>6.2</ele>
				<time>2024-08-18T15:52:24Z</time>
				<extensions>
					<gpxtpx:TrackPointExtension>
						<gpxtpx:hr>94</gpxtpx:hr>
						<gpxtpx:atemp>34</gpxtpx:atemp>
					</gpxtpx:TrackPointExtension>
				</extensions>
			</trkpt>
			<trkpt lat="48.595578" lon="-2.19161">
				<ele>7.2</ele>
				<time>2024-08-18T15:52:29Z</time>
				<extensions>
					<gpxtpx:TrackPointExtension>
						<gpxtpx:hr>95</gpxtpx:hr>
						<gpxtpx:atemp>34</gpxtpx:atemp>
					</gpxtpx:TrackPointExtension>
				</extensions>
			</trkpt>
			<trkpt lat="48.595539" lon="-2.191598">
				<ele>7.2</ele>
				<time>2024-08-18T15:52:32Z</time>
				<extensions>
					<gpxtpx:TrackPointExtension>
						<gpxtpx:hr>94</gpxtpx:hr>
						<gpxtpx:atemp>34</gpxtpx:atemp>
					</gpxtpx:TrackPointExtension>
				</extensions>
			</trkpt>
			<trkpt lat="48.595515" lon="-2.191585">
				<ele>7.2</ele>
				<time>2024-08-18T15:52:34Z</time>
				<extensions>
					<gpxtpx:TrackPointExtension>
						<gpxtpx:hr>97</gpxtpx:hr>
						<gpxtpx:atemp>34</gpxtpx:atemp>
					</gpxtpx:TrackPointExtension>
				</extensions>
			</trkpt>
			<trkpt lat="48.595483" lon="-2.191559">
				<ele>7.4</ele>
				<time>2024-08-18T15:52:37Z</time>
				<extensions>
					<gpxtpx:TrackPointExtension>
						<gpxtpx:hr>100</gpxtpx:hr>
						<gpxtpx:atemp>34</gpxtpx:atemp>
					</gpxtpx:TrackPointExtension>
				</extensions>
			</trkpt>
			<trkpt lat="48.595453" lon="-2.191547">
				<ele>7.4</ele>
				<time>2024-08-18T15:52:40Z</time>
				<extensions>
					<gpxtpx:TrackPointExtension>
						<gpxtpx:hr>103</gpxtpx:hr>
						<gpxtpx:atemp>34</gpxtpx:atemp>
					</gpxtpx:TrackPointExtension>
				</extensions>
			</trkpt>
			<trkpt lat="48.595434" lon="-2.191535">
				<ele>7.2</ele>
				<time>2024-08-18T15:52:42Z</time>
				<extensions>
					<gpxtpx:TrackPointExtension>
						<gpxtpx:hr>107</gpxtpx:hr>
						<gpxtpx:atemp>34</gpxtpx:atemp>
					</gpxtpx:TrackPointExtension>
				</extensions>
			</trkpt>
			<trkpt lat="48.59541" lon="-2.191518">
				<ele>7</ele>
				<time>2024-08-18T15:52:44Z</time>
				<extensions>
					<gpxtpx:TrackPointExtension>
						<gpxtpx:hr>111</gpxtpx:hr>
						<gpxtpx:atemp>34</gpxtpx:atemp>
					</gpxtpx:TrackPointExtension>
				</extensions>
			</trkpt>
			<trkpt lat="48.595372" lon="-2.191498">
				<ele>7</ele>
				<time>2024-08-18T15:52:47Z</time>
				<extensions>
					<gpxtpx:TrackPointExtension>
						<gpxtpx:hr>114</gpxtpx:hr>
						<gpxtpx:atemp>34</gpxtpx:atemp>
					</gpxtpx:TrackPointExtension>
				</extensions>
			</trkpt>
			<trkpt lat="48.595316" lon="-2.191472">
				<ele>6.8</ele>
				<time>2024-08-18T15:52:52Z</time>
				<extensions>
					<gpxtpx:TrackPointExtension>
						<gpxtpx:hr>115</gpxtpx:hr>
						<gpxtpx:atemp>34</gpxtpx:atemp>
					</gpxtpx:TrackPointExtension>
				</extensions>
			</trkpt>
			<trkpt lat="48.595208" lon="-2.19141">
				<ele>7</ele>
				<time>2024-08-18T15:53:01Z</time>
				<extensions>
					<gpxtpx:TrackPointExtension>
						<gpxtpx:hr>116</gpxtpx:hr>
						<gpxtpx:atemp>34</gpxtpx:atemp>
					</gpxtpx:TrackPointExtension>
				</extensions>
			</trkpt>
			<trkpt lat="48.595136" lon="-2.191373">
				<ele>7</ele>
				<time>2024-08-18T15:53:07Z</time>
				<extensions>
					<gpxtpx:TrackPointExtension>
						<gpxtpx:hr>113</gpxtpx:hr>
						<gpxtpx:atemp>34</gpxtpx:atemp>
					</gpxtpx:TrackPointExtension>
				</extensions>
			</trkpt>
			<trkpt lat="48.595101" lon="-2.191346">
				<ele>6.8</ele>
				<time>2024-08-18T15:53:10Z</time>
				<extensions>
					<gpxtpx:TrackPointExtension>
						<gpxtpx:hr>110</gpxtpx:hr>
						<gpxtpx:atemp>34</gpxtpx:atemp>
					</gpxtpx:TrackPointExtension>
				</extensions>
			</trkpt>
			<trkpt lat="48.59509" lon="-2.191342">
				<ele>6.8</ele>
				<time>2024-08-18T15:53:11Z</time>
				<extensions>
					<gpxtpx:TrackPointExtension>
						<gpxtpx:hr>108</gpxtpx:hr>
						<gpxtpx:atemp>34</gpxtpx:atemp>
					</gpxtpx:TrackPointExtension>
				</extensions>
			</trkpt>
			<trkpt lat="48.595083" lon="-2.191338">
				<ele>6.8</ele>
				<time>2024-08-18T15:53:12Z</time>
				<extensions>
					<gpxtpx:TrackPointExtension>
						<gpxtpx:hr>107</gpxtpx:hr>
						<gpxtpx:atemp>34</gpxtpx:atemp>
					</gpxtpx:TrackPointExtension>
				</extensions>
			</trkpt>
			<trkpt lat="48.595064" lon="-2.191334">
				<ele>6.8</ele>
				<time>2024-08-18T15:53:15Z</time>
				<extensions>
					<gpxtpx:TrackPointExtension>
						<gpxtpx:hr>105</gpxtpx:hr>
						<gpxtpx:atemp>34</gpxtpx:atemp>
					</gpxtpx:TrackPointExtension>
				</extensions>
			</trkpt>
			<trkpt lat="48.595058" lon="-2.191334">
				<ele>6.8</ele>
				<time>2024-08-18T15:53:16Z</time>
				<extensions>
					<gpxtpx:TrackPointExtension>
						<gpxtpx:hr>103</gpxtpx:hr>
						<gpxtpx:atemp>34</gpxtpx:atemp>
					</gpxtpx:TrackPointExtension>
				</extensions>
			</trkpt>
			<trkpt lat="48.595043" lon="-2.19133">
				<ele>7</ele>
				<time>2024-08-18T15:53:18Z</time>
				<extensions>
					<gpxtpx:TrackPointExtension>
						<gpxtpx:hr>99</gpxtpx:hr>
						<gpxtpx:atemp>34</gpxtpx:atemp>
					</gpxtpx:TrackPointExtension>
				</extensions>
			</trkpt>
			<trkpt lat="48.594962" lon="-2.191287">
				<ele>6.8</ele>
				<time>2024-08-18T15:53:25Z</time>
				<extensions>
					<gpxtpx:TrackPointExtension>
						<gpxtpx:hr>97</gpxtpx:hr>
						<gpxtpx:atemp>34</gpxtpx:atemp>
					</gpxtpx:TrackPointExtension>
				</extensions>
			</trkpt>
			<trkpt lat="48.594939" lon="-2.191267">
				<ele>6.6</ele>
				<time>2024-08-18T15:53:27Z</time>
				<extensions>
					<gpxtpx:TrackPointExtension>
						<gpxtpx:hr>97</gpxtpx:hr>
						<gpxtpx:atemp>34</gpxtpx:atemp>
					</gpxtpx:TrackPointExtension>
				</extensions>
			</trkpt>
			<trkpt lat="48.594911" lon="-2.19123">
				<ele>6.4</ele>
				<time>2024-08-18T15:53:30Z</time>
				<extensions>
					<gpxtpx:TrackPointExtension>
						<gpxtpx:hr>95</gpxtpx:hr>
						<gpxtpx:atemp>34</gpxtpx:atemp>
					</gpxtpx:TrackPointExtension>
				</extensions>
			</trkpt>
			<trkpt lat="48.594859" lon="-2.191089">
				<ele>6.6</ele>
				<time>2024-08-18T15:53:39Z</time>
				<extensions>
					<gpxtpx:TrackPointExtension>
						<gpxtpx:hr>93</gpxtpx:hr>
						<gpxtpx:atemp>34</gpxtpx:atemp>
					</gpxtpx:TrackPointExtension>
				</extensions>
			</trkpt>
			<trkpt lat="48.594855" lon="-2.191061">
				<ele>6.6</ele>
				<time>2024-08-18T15:53:41Z</time>
				<extensions>
					<gpxtpx:TrackPointExtension>
						<gpxtpx:hr>90</gpxtpx:hr>
						<gpxtpx:atemp>34</gpxtpx:atemp>
					</gpxtpx:TrackPointExtension>
				</extensions>
			</trkpt>
			<trkpt lat="48.594844" lon="-2.190972">
				<ele>6.6</ele>
				<time>2024-08-18T15:53:46Z</time>
				<extensions>
					<gpxtpx:TrackPointExtension>
						<gpxtpx:hr>90</gpxtpx:hr>
						<gpxtpx:atemp>34</gpxtpx:atemp>
					</gpxtpx:TrackPointExtension>
				</extensions>
			</trkpt>
			<trkpt lat="48.594837" lon="-2.190923">
				<ele>6.8</ele>
				<time>2024-08-18T15:53:49Z</time>
				<extensions>
					<gpxtpx:TrackPointExtension>
						<gpxtpx:hr>87</gpxtpx:hr>
						<gpxtpx:atemp>34</gpxtpx:atemp>
					</gpxtpx:TrackPointExtension>
				</extensions>
			</trkpt>
			<trkpt lat="48.594823" lon="-2.190866">
				<ele>6.8</ele>
				<time>2024-08-18T15:53:52Z</time>
				<extensions>
					<gpxtpx:TrackPointExtension>
						<gpxtpx:hr>84</gpxtpx:hr>
						<gpxtpx:atemp>34</gpxtpx:atemp>
					</gpxtpx:TrackPointExtension>
				</extensions>
			</trkpt>
			<trkpt lat="48.594807" lon="-2.190802">
				<ele>6.6</ele>
				<time>2024-08-18T15:53:56Z</time>
				<extensions>
					<gpxtpx:TrackPointExtension>
						<gpxtpx:hr>83</gpxtpx:hr>
						<gpxtpx:atemp>34</gpxtpx:atemp>
					</gpxtpx:TrackPointExtension>
				</extensions>
			</trkpt>
			<trkpt lat="48.594797" lon="-2.190749">
				<ele>6.6</ele>
				<time>2024-08-18T15:53:59Z</time>
				<extensions>
					<gpxtpx:TrackPointExtension>
						<gpxtpx:hr>86</gpxtpx:hr>
						<gpxtpx:atemp>34</gpxtpx:atemp>
					</gpxtpx:TrackPointExtension>
				</extensions>
			</trkpt>
			<trkpt lat="48.594781" lon="-2.190685">
				<ele>6.6</ele>
				<time>2024-08-18T15:54:03Z</time>
				<extensions>
					<gpxtpx:TrackPointExtension>
						<gpxtpx:hr>89</gpxtpx:hr>
						<gpxtpx:atemp>34</gpxtpx:atemp>
					</gpxtpx:TrackPointExtension>
				</extensions>
			</trkpt>
			<trkpt lat="48.594773" lon="-2.190653">
				<ele>6.4</ele>
				<time>2024-08-18T15:54:05Z</time>
				<extensions>
					<gpxtpx:TrackPointExtension>
						<gpxtpx:hr>91</gpxtpx:hr>
						<gpxtpx:atemp>34</gpxtpx:atemp>
					</gpxtpx:TrackPointExtension>
				</extensions>
			</trkpt>
			<trkpt lat="48.594776" lon="-2.190611">
				<ele>6.2</ele>
				<time>2024-08-18T15:54:10Z</time>
				<extensions>
					<gpxtpx:TrackPointExtension>
						<gpxtpx:hr>90</gpxtpx:hr>
						<gpxtpx:atemp>34</gpxtpx:atemp>
					</gpxtpx:TrackPointExtension>
				</extensions>
			</trkpt>
			<trkpt lat="48.594771" lon="-2.1906">
				<ele>6.2</ele>
				<time>2024-08-18T15:54:11Z</time>
				<extensions>
					<gpxtpx:TrackPointExtension>
						<gpxtpx:hr>90</gpxtpx:hr>
						<gpxtpx:atemp>34</gpxtpx:atemp>
					</gpxtpx:TrackPointExtension>
				</extensions>
			</trkpt>
			<trkpt lat="48.594723" lon="-2.190529">
				<ele>6.2</ele>
				<time>2024-08-18T15:54:16Z</time>
				<extensions>
					<gpxtpx:TrackPointExtension>
						<gpxtpx:hr>92</gpxtpx:hr>
						<gpxtpx:atemp>34</gpxtpx:atemp>
					</gpxtpx:TrackPointExtension>
				</extensions>
			</trkpt>
			<trkpt lat="48.594676" lon="-2.190451">
				<ele>6.4</ele>
				<time>2024-08-18T15:54:22Z</time>
				<extensions>
					<gpxtpx:TrackPointExtension>
						<gpxtpx:hr>94</gpxtpx:hr>
						<gpxtpx:atemp>34</gpxtpx:atemp>
					</gpxtpx:TrackPointExtension>
				</extensions>
			</trkpt>
			<trkpt lat="48.59466" lon="-2.190417">
				<ele>6.2</ele>
				<time>2024-08-18T15:54:24Z</time>
				<extensions>
					<gpxtpx:TrackPointExtension>
						<gpxtpx:hr>94</gpxtpx:hr>
						<gpxtpx:atemp>33</gpxtpx:atemp>
					</gpxtpx:TrackPointExtension>
				</extensions>
			</trkpt>
			<trkpt lat="48.59465" lon="-2.1904">
				<ele>6</ele>
				<time>2024-08-18T15:54:25Z</time>
				<extensions>
					<gpxtpx:TrackPointExtension>
						<gpxtpx:hr>94</gpxtpx:hr>
						<gpxtpx:atemp>33</gpxtpx:atemp>
					</gpxtpx:TrackPointExtension>
				</extensions>
			</trkpt>
			<trkpt lat="48.594611" lon="-2.190286">
				<ele>5.6</ele>
				<time>2024-08-18T15:54:32Z</time>
				<extensions>
					<gpxtpx:TrackPointExtension>
						<gpxtpx:hr>95</gpxtpx:hr>
						<gpxtpx:atemp>33</gpxtpx:atemp>
					</gpxtpx:TrackPointExtension>
				</extensions>
			</trkpt>
			<trkpt lat="48.594585" lon="-2.190205">
				<ele>5.4</ele>
				<time>2024-08-18T15:54:37Z</time>
				<extensions>
					<gpxtpx:TrackPointExtension>
						<gpxtpx:hr>95</gpxtpx:hr>
						<gpxtpx:atemp>33</gpxtpx:atemp>
					</gpxtpx:TrackPointExtension>
				</extensions>
			</trkpt>
			<trkpt lat="48.594585" lon="-2.190189">
				<ele>5.4</ele>
				<time>2024-08-18T15:54:38Z</time>
				<extensions>
					<gpxtpx:TrackPointExtension>
						<gpxtpx:hr>93</gpxtpx:hr>
						<gpxtpx:atemp>33</gpxtpx:atemp>
					</gpxtpx:TrackPointExtension>
				</extensions>
			</trkpt>
			<trkpt lat="48.594562" lon="-2.190132">
				<ele>5.2</ele>
				<time>2024-08-18T15:54:43Z</time>
				<extensions>
					<gpxtpx:TrackPointExtension>
						<gpxtpx:hr>90</gpxtpx:hr>
						<gpxtpx:atemp>33</gpxtpx:atemp>
					</gpxtpx:TrackPointExtension>
				</extensions>
			</trkpt>
			<trkpt lat="48.594553" lon="-2.190131">
				<ele>5.2</ele>
				<time>2024-08-18T15:54:44Z</time>
				<extensions>
					<gpxtpx:TrackPointExtension>
						<gpxtpx:hr>90</gpxtpx:hr>
						<gpxtpx:atemp>33</gpxtpx:atemp>
					</gpxtpx:TrackPointExtension>
				</extensions>
			</trkpt>
			<trkpt lat="48.594542" lon="-2.190134">
				<ele>5.2</ele>
				<time>2024-08-18T15:54:45Z</time>
				<extensions>
					<gpxtpx:TrackPointExtension>
						<gpxtpx:hr>90</gpxtpx:hr>
						<gpxtpx:atemp>33</gpxtpx:atemp>
					</gpxtpx:TrackPointExtension>
				</extensions>
			</trkpt>
			<trkpt lat="48.594497" lon="-2.190163">
				<ele>5.2</ele>
				<time>2024-08-18T15:54:49Z</time>
				<extensions>
					<gpxtpx:TrackPointExtension>
						<gpxtpx:hr>89</gpxtpx:hr>
						<gpxtpx:atemp>33</gpxtpx:atemp>
					</gpxtpx:TrackPointExtension>
				</extensions>
			</trkpt>
			<trkpt lat="48.594488" lon="-2.190168">
				<ele>5.2</ele>
				<time>2024-08-18T15:54:50Z</time>
				<extensions>
					<gpxtpx:TrackPointExtension>
						<gpxtpx:hr>88</gpxtpx:hr>
						<gpxtpx:atemp>33</gpxtpx:atemp>
					</gpxtpx:TrackPointExtension>
				</extensions>
			</trkpt>
			<trkpt lat="48.594472" lon="-2.190164">
				<ele>5.2</ele>
				<time>2024-08-18T15:54:51Z</time>
				<extensions>
					<gpxtpx:TrackPointExtension>
						<gpxtpx:hr>88</gpxtpx:hr>
						<gpxtpx:atemp>33</gpxtpx:atemp>
					</gpxtpx:TrackPointExtension>
				</extensions>
			</trkpt>
			<trkpt lat="48.594445" lon="-2.190129">
				<ele>5.2</ele>
				<time>2024-08-18T15:54:55Z</time>
				<extensions>
					<gpxtpx:TrackPointExtension>
						<gpxtpx:hr>88</gpxtpx:hr>
						<gpxtpx:atemp>33</gpxtpx:atemp>
					</gpxtpx:TrackPointExtension>
				</extensions>
			</trkpt>
			<trkpt lat="48.594442" lon="-2.190118">
				<ele>5.2</ele>
				<time>2024-08-18T15:54:56Z</time>
				<extensions>
					<gpxtpx:TrackPointExtension>
						<gpxtpx:hr>88</gpxtpx:hr>
						<gpxtpx:atemp>33</gpxtpx:atemp>
					</gpxtpx:TrackPointExtension>
				</extensions>
			</trkpt>
			<trkpt lat="48.594438" lon="-2.190092">
				<ele>5.4</ele>
				<time>2024-08-18T15:54:58Z</time>
				<extensions>
					<gpxtpx:TrackPointExtension>
						<gpxtpx:hr>88</gpxtpx:hr>
						<gpxtpx:atemp>33</gpxtpx:atemp>
					</gpxtpx:TrackPointExtension>
				</extensions>
			</trkpt>
			<trkpt lat="48.594433" lon="-2.190058">
				<ele>5.4</ele>
				<time>2024-08-18T15:55:00Z</time>
				<extensions>
					<gpxtpx:TrackPointExtension>
						<gpxtpx:hr>88</gpxtpx:hr>
						<gpxtpx:atemp>33</gpxtpx:atemp>
					</gpxtpx:TrackPointExtension>
				</extensions>
			</trkpt>
			<trkpt lat="48.594423" lon="-2.190034">
				<ele>5.4</ele>
				<time>2024-08-18T15:55:01Z</time>
				<extensions>
					<gpxtpx:TrackPointExtension>
						<gpxtpx:hr>88</gpxtpx:hr>
						<gpxtpx:atemp>33</gpxtpx:atemp>
					</gpxtpx:TrackPointExtension>
				</extensions>
			</trkpt>
			<trkpt lat="48.594434" lon="-2.190011">
				<ele>5.6</ele>
				<time>2024-08-18T15:55:06Z</time>
				<extensions>
					<gpxtpx:TrackPointExtension>
						<gpxtpx:hr>86</gpxtpx:hr>
						<gpxtpx:atemp>33</gpxtpx:atemp>
					</gpxtpx:TrackPointExtension>
				</extensions>
			</trkpt>
			<trkpt lat="48.594439" lon="-2.190026">
				<ele>5.6</ele>
				<time>2024-08-18T15:55:08Z</time>
				<extensions>
					<gpxtpx:TrackPointExtension>
						<gpxtpx:hr>86</gpxtpx:hr>
						<gpxtpx:atemp>33</gpxtpx:atemp>
					</gpxtpx:TrackPointExtension>
				</extensions>
			</trkpt>
			<trkpt lat="48.594446" lon="-2.19004">
				<ele>5</ele>
				<time>2024-08-18T15:55:12Z</time>
				<extensions>
					<gpxtpx:TrackPointExtension>
						<gpxtpx:hr>86</gpxtpx:hr>
						<gpxtpx:atemp>33</gpxtpx:atemp>
					</gpxtpx:TrackPointExtension>
				</extensions>
			</trkpt>
			<trkpt lat="48.594446" lon="-2.190026">
				<ele>5.2</ele>
				<time>2024-08-18T15:55:18Z</time>
				<extensions>
					<gpxtpx:TrackPointExtension>
						<gpxtpx:hr>90</gpxtpx:hr>
						<gpxtpx:atemp>33</gpxtpx:atemp>
					</gpxtpx:TrackPointExtension>
				</extensions>
			</trkpt>
			<trkpt lat="48.594438" lon="-2.190008">
				<ele>5.4</ele>
				<time>2024-08-18T15:55:20Z</time>
				<extensions>
					<gpxtpx:TrackPointExtension>
						<gpxtpx:hr>93</gpxtpx:hr>
						<gpxtpx:atemp>33</gpxtpx:atemp>
					</gpxtpx:TrackPointExtension>
				</extensions>
			</trkpt>
			<trkpt lat="48.594433" lon="-2.189974">
				<ele>5.6</ele>
				<time>2024-08-18T15:55:23Z</time>
				<extensions>
					<gpxtpx:TrackPointExtension>
						<gpxtpx:hr>94</gpxtpx:hr>
						<gpxtpx:atemp>33</gpxtpx:atemp>
					</gpxtpx:TrackPointExtension>
				</extensions>
			</trkpt>
			<trkpt lat="48.59443" lon="-2.189892">
				<ele>5.6</ele>
				<time>2024-08-18T15:55:29Z</time>
				<extensions>
					<gpxtpx:TrackPointExtension>
						<gpxtpx:hr>92</gpxtpx:hr>
						<gpxtpx:atemp>33</gpxtpx:atemp>
					</gpxtpx:TrackPointExtension>
				</extensions>
			</trkpt>
			<trkpt lat="48.59442" lon="-2.189876">
				<ele>5.4</ele>
				<time>2024-08-18T15:55:30Z</time>
				<extensions>
					<gpxtpx:TrackPointExtension>
						<gpxtpx:hr>90</gpxtpx:hr>
						<gpxtpx:atemp>32</gpxtpx:atemp>
					</gpxtpx:TrackPointExtension>
				</extensions>
			</trkpt>
			<trkpt lat="48.594368" lon="-2.189804">
				<ele>5.2</ele>
				<time>2024-08-18T15:55:36Z</time>
				<extensions>
					<gpxtpx:TrackPointExtension>
						<gpxtpx:hr>91</gpxtpx:hr>
						<gpxtpx:atemp>32</gpxtpx:atemp>
					</gpxtpx:TrackPointExtension>
				</extensions>
			</trkpt>
			<trkpt lat="48.594336" lon="-2.189752">
				<ele>5.4</ele>
				<time>2024-08-18T15:55:39Z</time>
				<extensions>
					<gpxtpx:TrackPointExtension>
						<gpxtpx:hr>94</gpxtpx:hr>
						<gpxtpx:atemp>32</gpxtpx:atemp>
					</gpxtpx:TrackPointExtension>
				</extensions>
			</trkpt>
			<trkpt lat="48.594289" lon="-2.189701">
				<ele>5.2</ele>
				<time>2024-08-18T15:55:44Z</time>
				<extensions>
					<gpxtpx:TrackPointExtension>
						<gpxtpx:hr>94</gpxtpx:hr>
						<gpxtpx:atemp>32</gpxtpx:atemp>
					</gpxtpx:TrackPointExtension>
				</extensions>
			</trkpt>
			<trkpt lat="48.594279" lon="-2.189685">
				<ele>5.2</ele>
				<time>2024-08-18T15:55:45Z</time>
				<extensions>
					<gpxtpx:TrackPointExtension>
						<gpxtpx:hr>93</gpxtpx:hr>
						<gpxtpx:atemp>32</gpxtpx:atemp>
					</gpxtpx:TrackPointExtension>
				</extensions>
			</trkpt>
			<trkpt lat="48.594244" lon="-2.189638">
				<ele>5.2</ele>
				<time>2024-08-18T15:55:48Z</time>
				<extensions>
					<gpxtpx:TrackPointExtension>
						<gpxtpx:hr>90</gpxtpx:hr>
						<gpxtpx:atemp>32</gpxtpx:atemp>
					</gpxtpx:TrackPointExtension>
				</extensions>
			</trkpt>
			<trkpt lat="48.594191" lon="-2.189567">
				<ele>5.2</ele>
				<time>2024-08-18T15:55:54Z</time>
				<extensions>
					<gpxtpx:TrackPointExtension>
						<gpxtpx:hr>91</gpxtpx:hr>
						<gpxtpx:atemp>32</gpxtpx:atemp>
					</gpxtpx:TrackPointExtension>
				</extensions>
			</trkpt>
			<trkpt lat="48.594158" lon="-2.189528">
				<ele>5.2</ele>
				<time>2024-08-18T15:55:57Z</time>
				<extensions>
					<gpxtpx:TrackPointExtension>
						<gpxtpx:hr>94</gpxtpx:hr>
						<gpxtpx:atemp>32</gpxtpx:atemp>
					</gpxtpx:TrackPointExtension>
				</extensions>
			</trkpt>
			<trkpt lat="48.594122" lon="-2.189481">
				<ele>5</ele>
				<time>2024-08-18T15:56:01Z</time>
				<extensions>
					<gpxtpx:TrackPointExtension>
						<gpxtpx:hr>96</gpxtpx:hr>
						<gpxtpx:atemp>32</gpxtpx:atemp>
					</gpxtpx:TrackPointExtension>
				</extensions>
			</trkpt>
			<trkpt lat="48.594078" lon="-2.189419">
				<ele>4.8</ele>
				<time>2024-08-18T15:56:05Z</time>
				<extensions>
					<gpxtpx:TrackPointExtension>
						<gpxtpx:hr>95</gpxtpx:hr>
						<gpxtpx:atemp>32</gpxtpx:atemp>
					</gpxtpx:TrackPointExtension>
				</extensions>
			</trkpt>
			<trkpt lat="48.593998" lon="-2.189332">
				<ele>5</ele>
				<time>2024-08-18T15:56:13Z</time>
				<extensions>
					<gpxtpx:TrackPointExtension>
						<gpxtpx:hr>92</gpxtpx:hr>
						<gpxtpx:atemp>32</gpxtpx:atemp>
					</gpxtpx:TrackPointExtension>
				</extensions>
			</trkpt>
			<trkpt lat="48.593971" lon="-2.189305">
				<ele>4.8</ele>
				<time>2024-08-18T15:56:16Z</time>
				<extensions>
					<gpxtpx:TrackPointExtension>
						<gpxtpx:hr>89</gpxtpx:hr>
						<gpxtpx:atemp>32</gpxtpx:atemp>
					</gpxtpx:TrackPointExtension>
				</extensions>
			</trkpt>
			<trkpt lat="48.59389" lon="-2.189197">
				<ele>4.6</ele>
				<time>2024-08-18T15:56:26Z</time>
				<extensions>
					<gpxtpx:TrackPointExtension>
						<gpxtpx:hr>88</gpxtpx:hr>
						<gpxtpx:atemp>32</gpxtpx:atemp>
					</gpxtpx:TrackPointExtension>
				</extensions>
			</trkpt>
			<trkpt lat="48.593844" lon="-2.189101">
				<ele>4.8</ele>
				<time>2024-08-18T15:56:33Z</time>
				<extensions>
					<gpxtpx:TrackPointExtension>
						<gpxtpx:hr>86</gpxtpx:hr>
						<gpxtpx:atemp>32</gpxtpx:atemp>
					</gpxtpx:TrackPointExtension>
				</extensions>
			</trkpt>
			<trkpt lat="48.593833" lon="-2.189054">
				<ele>5</ele>
				<time>2024-08-18T15:56:36Z</time>
				<extensions>
					<gpxtpx:TrackPointExtension>
						<gpxtpx:hr>82</gpxtpx:hr>
						<gpxtpx:atemp>32</gpxtpx:atemp>
					</gpxtpx:TrackPointExtension>
				</extensions>
			</trkpt>
			<trkpt lat="48.59384" lon="-2.188992">
				<ele>4.8</ele>
				<time>2024-08-18T15:56:40Z</time>
				<extensions>
					<gpxtpx:TrackPointExtension>
						<gpxtpx:hr>81</gpxtpx:hr>
						<gpxtpx:atemp>32</gpxtpx:atemp>
					</gpxtpx:TrackPointExtension>
				</extensions>
			</trkpt>
			<trkpt lat="48.593838" lon="-2.188962">
				<ele>4.8</ele>
				<time>2024-08-18T15:56:45Z</time>
				<extensions>
					<gpxtpx:TrackPointExtension>
						<gpxtpx:hr>83</gpxtpx:hr>
						<gpxtpx:atemp>32</gpxtpx:atemp>
					</gpxtpx:TrackPointExtension>
				</extensions>
			</trkpt>
			<trkpt lat="48.59382" lon="-2.188916">
				<ele>4.8</ele>
				<time>2024-08-18T15:56:48Z</time>
				<extensions>
					<gpxtpx:TrackPointExtension>
						<gpxtpx:hr>87</gpxtpx:hr>
						<gpxtpx:atemp>32</gpxtpx:atemp>
					</gpxtpx:TrackPointExtension>
				</extensions>
			</trkpt>
			<trkpt lat="48.593802" lon="-2.188902">
				<ele>5</ele>
				<time>2024-08-18T15:56:50Z</time>
				<extensions>
					<gpxtpx:TrackPointExtension>
						<gpxtpx:hr>92</gpxtpx:hr>
						<gpxtpx:atemp>32</gpxtpx:atemp>
					</gpxtpx:TrackPointExtension>
				</extensions>
			</trkpt>
			<trkpt lat="48.593792" lon="-2.1889">
				<ele>5</ele>
				<time>2024-08-18T15:56:51Z</time>
				<extensions>
					<gpxtpx:TrackPointExtension>
						<gpxtpx:hr>93</gpxtpx:hr>
						<gpxtpx:atemp>32</gpxtpx:atemp>
					</gpxtpx:TrackPointExtension>
				</extensions>
			</trkpt>
			<trkpt lat="48.593765" lon="-2.1889">
				<ele>5</ele>
				<time>2024-08-18T15:56:53Z</time>
				<extensions>
					<gpxtpx:TrackPointExtension>
						<gpxtpx:hr>96</gpxtpx:hr>
						<gpxtpx:atemp>32</gpxtpx:atemp>
					</gpxtpx:TrackPointExtension>
				</extensions>
			</trkpt>
			<trkpt lat="48.593673" lon="-2.18887">
				<ele>5</ele>
				<time>2024-08-18T15:57:01Z</time>
				<extensions>
					<gpxtpx:TrackPointExtension>
						<gpxtpx:hr>96</gpxtpx:hr>
						<gpxtpx:atemp>33</gpxtpx:atemp>
					</gpxtpx:TrackPointExtension>
				</extensions>
			</trkpt>
			<trkpt lat="48.593614" lon="-2.188807">
				<ele>5</ele>
				<time>2024-08-18T15:57:07Z</time>
				<extensions>
					<gpxtpx:TrackPointExtension>
						<gpxtpx:hr>93</gpxtpx:hr>
						<gpxtpx:atemp>33</gpxtpx:atemp>
					</gpxtpx:TrackPointExtension>
				</extensions>
			</trkpt>
			<trkpt lat="48.593598" lon="-2.18878">
				<ele>5</ele>
				<time>2024-08-18T15:57:09Z</time>
				<extensions>
					<gpxtpx:TrackPointExtension>
						<gpxtpx:hr>91</gpxtpx:hr>
						<gpxtpx:atemp>33</gpxtpx:atemp>
					</gpxtpx:TrackPointExtension>
				</extensions>
			</trkpt>
			<trkpt lat="48.593547" lon="-2.188696">
				<ele>4.8</ele>
				<time>2024-08-18T15:57:16Z</time>
				<extensions>
					<gpxtpx:TrackPointExtension>
						<gpxtpx:hr>94</gpxtpx:hr>
						<gpxtpx:atemp>33</gpxtpx:atemp>
					</gpxtpx:TrackPointExtension>
				</extensions>
			</trkpt>
			<trkpt lat="48.593508" lon="-2.188635">
				<ele>5</ele>
				<time>2024-08-18T15:57:21Z</time>
				<extensions>
					<gpxtpx:TrackPointExtension>
						<gpxtpx:hr>93</gpxtpx:hr>
						<gpxtpx:atemp>33</gpxtpx:atemp>
					</gpxtpx:TrackPointExtension>
				</extensions>
			</trkpt>
			<trkpt lat="48.59345" lon="-2.18854">
				<ele>5.2</ele>
				<time>2024-08-18T15:57:28Z</time>
				<extensions>
					<gpxtpx:TrackPointExtension>
						<gpxtpx:hr>96</gpxtpx:hr>
						<gpxtpx:atemp>33</gpxtpx:atemp>
					</gpxtpx:TrackPointExtension>
				</extensions>
			</trkpt>
			<trkpt lat="48.593437" lon="-2.188501">
				<ele>5.2</ele>
				<time>2024-08-18T15:57:30Z</time>
				<extensions>
					<gpxtpx:TrackPointExtension>
						<gpxtpx:hr>99</gpxtpx:hr>
						<gpxtpx:atemp>33</gpxtpx:atemp>
					</gpxtpx:TrackPointExtension>
				</extensions>
			</trkpt>
			<trkpt lat="48.59343" lon="-2.188482">
				<ele>5</ele>
				<time>2024-08-18T15:57:31Z</time>
				<extensions>
					<gpxtpx:TrackPointExtension>
						<gpxtpx:hr>99</gpxtpx:hr>
						<gpxtpx:atemp>33</gpxtpx:atemp>
					</gpxtpx:TrackPointExtension>
				</extensions>
			</trkpt>
			<trkpt lat="48.593415" lon="-2.188427">
				<ele>5</ele>
				<time>2024-08-18T15:57:35Z</time>
				<extensions>
					<gpxtpx:TrackPointExtension>
						<gpxtpx:hr>96</gpxtpx:hr>
						<gpxtpx:atemp>33</gpxtpx:atemp>
					</gpxtpx:TrackPointExtension>
				</extensions>
			</trkpt>
			<trkpt lat="48.593414" lon="-2.188388">
				<ele>5.2</ele>
				<time>2024-08-18T15:57:37Z</time>
				<extensions>
					<gpxtpx:TrackPointExtension>
						<gpxtpx:hr>93</gpxtpx:hr>
						<gpxtpx:atemp>33</gpxtpx:atemp>
					</gpxtpx:TrackPointExtension>
				</extensions>
			</trkpt>
			<trkpt lat="48.593409" lon="-2.188354">
				<ele>5.4</ele>
				<time>2024-08-18T15:57:39Z</time>
				<extensions>
					<gpxtpx:TrackPointExtension>
						<gpxtpx:hr>93</gpxtpx:hr>
						<gpxtpx:atemp>33</gpxtpx:atemp>
					</gpxtpx:TrackPointExtension>
				</extensions>
			</trkpt>
			<trkpt lat="48.593419" lon="-2.188211">
				<ele>5.6</ele>
				<time>2024-08-18T15:57:49Z</time>
				<extensions>
					<gpxtpx:TrackPointExtension>
						<gpxtpx:hr>93</gpxtpx:hr>
						<gpxtpx:atemp>33</gpxtpx:atemp>
					</gpxtpx:TrackPointExtension>
				</extensions>
			</trkpt>
			<trkpt lat="48.593414" lon="-2.188115">
				<ele>6</ele>
				<time>2024-08-18T15:57:54Z</time>
				<extensions>
					<gpxtpx:TrackPointExtension>
						<gpxtpx:hr>96</gpxtpx:hr>
						<gpxtpx:atemp>33</gpxtpx:atemp>
					</gpxtpx:TrackPointExtension>
				</extensions>
			</trkpt>
			<trkpt lat="48.593415" lon="-2.188097">
				<ele>6.2</ele>
				<time>2024-08-18T15:57:55Z</time>
				<extensions>
					<gpxtpx:TrackPointExtension>
						<gpxtpx:hr>98</gpxtpx:hr>
						<gpxtpx:atemp>33</gpxtpx:atemp>
					</gpxtpx:TrackPointExtension>
				</extensions>
			</trkpt>
			<trkpt lat="48.593426" lon="-2.187919">
				<ele>6.2</ele>
				<time>2024-08-18T15:58:05Z</time>
				<extensions>
					<gpxtpx:TrackPointExtension>
						<gpxtpx:hr>97</gpxtpx:hr>
						<gpxtpx:atemp>33</gpxtpx:atemp>
					</gpxtpx:TrackPointExtension>
				</extensions>
			</trkpt>
			<trkpt lat="48.593437" lon="-2.187766">
				<ele>6.2</ele>
				<time>2024-08-18T15:58:14Z</time>
				<extensions>
					<gpxtpx:TrackPointExtension>
						<gpxtpx:hr>99</gpxtpx:hr>
						<gpxtpx:atemp>33</gpxtpx:atemp>
					</gpxtpx:TrackPointExtension>
				</extensions>
			</trkpt>
			<trkpt lat="48.593444" lon="-2.187642">
				<ele>6.2</ele>
				<time>2024-08-18T15:58:21Z</time>
				<extensions>
					<gpxtpx:TrackPointExtension>
						<gpxtpx:hr>102</gpxtpx:hr>
						<gpxtpx:atemp>33</gpxtpx:atemp>
					</gpxtpx:TrackPointExtension>
				</extensions>
			</trkpt>
			<trkpt lat="48.593461" lon="-2.187489">
				<ele>6.2</ele>
				<time>2024-08-18T15:58:29Z</time>
				<extensions>
					<gpxtpx:TrackPointExtension>
						<gpxtpx:hr>99</gpxtpx:hr>
						<gpxtpx:atemp>32</gpxtpx:atemp>
					</gpxtpx:TrackPointExtension>
				</extensions>
			</trkpt>
			<trkpt lat="48.593465" lon="-2.187449">
				<ele>6.2</ele>
				<time>2024-08-18T15:58:31Z</time>
				<extensions>
					<gpxtpx:TrackPointExtension>
						<gpxtpx:hr>96</gpxtpx:hr>
						<gpxtpx:atemp>32</gpxtpx:atemp>
					</gpxtpx:TrackPointExtension>
				</extensions>
			</trkpt>
			<trkpt lat="48.593474" lon="-2.187316">
				<ele>6.2</ele>
				<time>2024-08-18T15:58:38Z</time>
				<extensions>
					<gpxtpx:TrackPointExtension>
						<gpxtpx:hr>95</gpxtpx:hr>
						<gpxtpx:atemp>32</gpxtpx:atemp>
					</gpxtpx:TrackPointExtension>
				</extensions>
			</trkpt>
			<trkpt lat="48.593482" lon="-2.187194">
				<ele>6.2</ele>
				<time>2024-08-18T15:58:45Z</time>
				<extensions>
					<gpxtpx:TrackPointExtension>
						<gpxtpx:hr>95</gpxtpx:hr>
						<gpxtpx:atemp>32</gpxtpx:atemp>
					</gpxtpx:TrackPointExtension>
				</extensions>
			</trkpt>
			<trkpt lat="48.593486" lon="-2.18716">
				<ele>6.4</ele>
				<time>2024-08-18T15:58:47Z</time>
				<extensions>
					<gpxtpx:TrackPointExtension>
						<gpxtpx:hr>92</gpxtpx:hr>
						<gpxtpx:atemp>32</gpxtpx:atemp>
					</gpxtpx:TrackPointExtension>
				</extensions>
			</trkpt>
			<trkpt lat="48.593489" lon="-2.187042">
				<ele>6</ele>
				<time>2024-08-18T15:58:53Z</time>
				<extensions>
					<gpxtpx:TrackPointExtension>
						<gpxtpx:hr>92</gpxtpx:hr>
						<gpxtpx:atemp>32</gpxtpx:atemp>
					</gpxtpx:TrackPointExtension>
				</extensions>
			</trkpt>
			<trkpt lat="48.593501" lon="-2.18691">
				<ele>6.2</ele>
				<time>2024-08-18T15:59:01Z</time>
				<extensions>
					<gpxtpx:TrackPointExtension>
						<gpxtpx:hr>91</gpxtpx:hr>
						<gpxtpx:atemp>32</gpxtpx:atemp>
					</gpxtpx:TrackPointExtension>
				</extensions>
			</trkpt>
			<trkpt lat="48.593504" lon="-2.186878">
				<ele>6.2</ele>
				<time>2024-08-18T15:59:03Z</time>
				<extensions>
					<gpxtpx:TrackPointExtension>
						<gpxtpx:hr>91</gpxtpx:hr>
						<gpxtpx:atemp>32</gpxtpx:atemp>
					</gpxtpx:TrackPointExtension>
				</extensions>
			</trkpt>
			<trkpt lat="48.593526" lon="-2.186756">
				<ele>6.2</ele>
				<time>2024-08-18T15:59:10Z</time>
				<extensions>
					<gpxtpx:TrackPointExtension>
						<gpxtpx:hr>95</gpxtpx:hr>
						<gpxtpx:atemp>32</gpxtpx:atemp>
					</gpxtpx:TrackPointExtension>
				</extensions>
			</trkpt>
			<trkpt lat="48.593533" lon="-2.186713">
				<ele>6.2</ele>
				<time>2024-08-18T15:59:13Z</time>
				<extensions>
					<gpxtpx:TrackPointExtension>
						<gpxtpx:hr>96</gpxtpx:hr>
						<gpxtpx:atemp>32</gpxtpx:atemp>
					</gpxtpx:TrackPointExtension>
				</extensions>
			</trkpt>
			<trkpt lat="48.593536" lon="-2.186702">
				<ele>6.2</ele>
				<time>2024-08-18T15:59:14Z</time>
				<extensions>
					<gpxtpx:TrackPointExtension>
						<gpxtpx:hr>97</gpxtpx:hr>
						<gpxtpx:atemp>32</gpxtpx:atemp>
					</gpxtpx:TrackPointExtension>
				</extensions>
			</trkpt>
			<trkpt lat="48.593543" lon="-2.186669">
				<ele>6.2</ele>
				<time>2024-08-18T15:59:16Z</time>
				<extensions>
					<gpxtpx:TrackPointExtension>
						<gpxtpx:hr>97</gpxtpx:hr>
						<gpxtpx:atemp>32</gpxtpx:atemp>
					</gpxtpx:TrackPointExtension>
				</extensions>
			</trkpt>
			<trkpt lat="48.593554" lon="-2.18659">
				<ele>6.2</ele>
				<time>2024-08-18T15:59:21Z</time>
				<extensions>
					<gpxtpx:TrackPointExtension>
						<gpxtpx:hr>98</gpxtpx:hr>
						<gpxtpx:atemp>32</gpxtpx:atemp>
					</gpxtpx:TrackPointExtension>
				</extensions>
			</trkpt>
			<trkpt lat="48.593556" lon="-2.186569">
				<ele>6.2</ele>
				<time>2024-08-18T15:59:22Z</time>
				<extensions>
					<gpxtpx:TrackPointExtension>
						<gpxtpx:hr>98</gpxtpx:hr>
						<gpxtpx:atemp>32</gpxtpx:atemp>
					</gpxtpx:TrackPointExtension>
				</extensions>
			</trkpt>
			<trkpt lat="48.593573" lon="-2.186469">
				<ele>6.2</ele>
				<time>2024-08-18T15:59:27Z</time>
				<extensions>
					<gpxtpx:TrackPointExtension>
						<gpxtpx:hr>94</gpxtpx:hr>
						<gpxtpx:atemp>32</gpxtpx:atemp>
					</gpxtpx:TrackPointExtension>
				</extensions>
			</trkpt>
			<trkpt lat="48.593577" lon="-2.186411">
				<ele>6.2</ele>
				<time>2024-08-18T15:59:30Z</time>
				<extensions>
					<gpxtpx:TrackPointExtension>
						<gpxtpx:hr>92</gpxtpx:hr>
						<gpxtpx:atemp>32</gpxtpx:atemp>
					</gpxtpx:TrackPointExtension>
				</extensions>
			</trkpt>
			<trkpt lat="48.593585" lon="-2.186374">
				<ele>6.4</ele>
				<time>2024-08-18T15:59:32Z</time>
				<extensions>
					<gpxtpx:TrackPointExtension>
						<gpxtpx:hr>93</gpxtpx:hr>
						<gpxtpx:atemp>32</gpxtpx:atemp>
					</gpxtpx:TrackPointExtension>
				</extensions>
			</trkpt>
			<trkpt lat="48.593595" lon="-2.186314">
				<ele>6.4</ele>
				<time>2024-08-18T15:59:35Z</time>
				<extensions>
					<gpxtpx:TrackPointExtension>
						<gpxtpx:hr>96</gpxtpx:hr>
						<gpxtpx:atemp>32</gpxtpx:atemp>
					</gpxtpx:TrackPointExtension>
				</extensions>
			</trkpt>
			<trkpt lat="48.593601" lon="-2.186275">
				<ele>6.6</ele>
				<time>2024-08-18T15:59:37Z</time>
				<extensions>
					<gpxtpx:TrackPointExtension>
						<gpxtpx:hr>96</gpxtpx:hr>
						<gpxtpx:atemp>32</gpxtpx:atemp>
					</gpxtpx:TrackPointExtension>
				</extensions>
			</trkpt>
			<trkpt lat="48.593615" lon="-2.186143">
				<ele>6.8</ele>
				<time>2024-08-18T15:59:44Z</time>
				<extensions>
					<gpxtpx:TrackPointExtension>
						<gpxtpx:hr>96</gpxtpx:hr>
						<gpxtpx:atemp>32</gpxtpx:atemp>
					</gpxtpx:TrackPointExtension>
				</extensions>
			</trkpt>
			<trkpt lat="48.593624" lon="-2.186112">
				<ele>6.8</ele>
				<time>2024-08-18T15:59:46Z</time>
				<extensions>
					<gpxtpx:TrackPointExtension>
						<gpxtpx:hr>96</gpxtpx:hr>
						<gpxtpx:atemp>32</gpxtpx:atemp>
					</gpxtpx:TrackPointExtension>
				</extensions>
			</trkpt>
			<trkpt lat="48.593636" lon="-2.186075">
				<ele>6.8</ele>
				<time>2024-08-18T15:59:48Z</time>
				<extensions>
					<gpxtpx:TrackPointExtension>
						<gpxtpx:hr>95</gpxtpx:hr>
						<gpxtpx:atemp>32</gpxtpx:atemp>
					</gpxtpx:TrackPointExtension>
				</extensions>
			</trkpt>
			<trkpt lat="48.593646" lon="-2.186049">
				<ele>6.8</ele>
				<time>2024-08-18T15:59:50Z</time>
				<extensions>
					<gpxtpx:TrackPointExtension>
						<gpxtpx:hr>97</gpxtpx:hr>
						<gpxtpx:atemp>32</gpxtpx:atemp>
					</gpxtpx:TrackPointExtension>
				</extensions>
			</trkpt>
			<trkpt lat="48.593655" lon="-2.186021">
				<ele>6.8</ele>
				<time>2024-08-18T15:59:52Z</time>
				<extensions>
					<gpxtpx:TrackPointExtension>
						<gpxtpx:hr>96</gpxtpx:hr>
						<gpxtpx:atemp>32</gpxtpx:atemp>
					</gpxtpx:TrackPointExtension>
				</extensions>
			</trkpt>
			<trkpt lat="48.593675" lon="-2.185935">
				<ele>6.8</ele>
				<time>2024-08-18T15:59:57Z</time>
				<extensions>
					<gpxtpx:TrackPointExtension>
						<gpxtpx:hr>94</gpxtpx:hr>
						<gpxtpx:atemp>32</gpxtpx:atemp>
					</gpxtpx:TrackPointExtension>
				</extensions>
			</trkpt>
			<trkpt lat="48.593688" lon="-2.185923">
				<ele>6.8</ele>
				<time>2024-08-18T15:59:58Z</time>
				<extensions>
					<gpxtpx:TrackPointExtension>
						<gpxtpx:hr>92</gpxtpx:hr>
						<gpxtpx:atemp>32</gpxtpx:atemp>
					</gpxtpx:TrackPointExtension>
				</extensions>
			</trkpt>
			<trkpt lat="48.593735" lon="-2.185897">
				<ele>7</ele>
				<time>2024-08-18T16:00:03Z</time>
				<extensions>
					<gpxtpx:TrackPointExtension>
						<gpxtpx:hr>92</gpxtpx:hr>
						<gpxtpx:atemp>32</gpxtpx:atemp>
					</gpxtpx:TrackPointExtension>
				</extensions>
			</trkpt>
			<trkpt lat="48.593742" lon="-2.185884">
				<ele>7</ele>
				<time>2024-08-18T16:00:04Z</time>
				<extensions>
					<gpxtpx:TrackPointExtension>
						<gpxtpx:hr>92</gpxtpx:hr>
						<gpxtpx:atemp>32</gpxtpx:atemp>
					</gpxtpx:TrackPointExtension>
				</extensions>
			</trkpt>
			<trkpt lat="48.593762" lon="-2.185735">
				<ele>6.8</ele>
				<time>2024-08-18T16:00:14Z</time>
				<extensions>
					<gpxtpx:TrackPointExtension>
						<gpxtpx:hr>94</gpxtpx:hr>
						<gpxtpx:atemp>31</gpxtpx:atemp>
					</gpxtpx:TrackPointExtension>
				</extensions>
			</trkpt>
			<trkpt lat="48.593766" lon="-2.185724">
				<ele>6.8</ele>
				<time>2024-08-18T16:00:16Z</time>
				<extensions>
					<gpxtpx:TrackPointExtension>
						<gpxtpx:hr>94</gpxtpx:hr>
						<gpxtpx:atemp>31</gpxtpx:atemp>
					</gpxtpx:TrackPointExtension>
				</extensions>
			</trkpt>
			<trkpt lat="48.593765" lon="-2.185657">
				<ele>6.6</ele>
				<time>2024-08-18T16:00:21Z</time>
				<extensions>
					<gpxtpx:TrackPointExtension>
						<gpxtpx:hr>96</gpxtpx:hr>
						<gpxtpx:atemp>31</gpxtpx:atemp>
					</gpxtpx:TrackPointExtension>
				</extensions>
			</trkpt>
			<trkpt lat="48.593756" lon="-2.185571">
				<ele>6.6</ele>
				<time>2024-08-18T16:00:25Z</time>
				<extensions>
					<gpxtpx:TrackPointExtension>
						<gpxtpx:hr>99</gpxtpx:hr>
						<gpxtpx:atemp>31</gpxtpx:atemp>
					</gpxtpx:TrackPointExtension>
				</extensions>
			</trkpt>
			<trkpt lat="48.593756" lon="-2.185544">
				<ele>6.4</ele>
				<time>2024-08-18T16:00:27Z</time>
				<extensions>
					<gpxtpx:TrackPointExtension>
						<gpxtpx:hr>99</gpxtpx:hr>
						<gpxtpx:atemp>31</gpxtpx:atemp>
					</gpxtpx:TrackPointExtension>
				</extensions>
			</trkpt>
			<trkpt lat="48.59374" lon="-2.185495">
				<ele>6.4</ele>
				<time>2024-08-18T16:00:31Z</time>
				<extensions>
					<gpxtpx:TrackPointExtension>
						<gpxtpx:hr>98</gpxtpx:hr>
						<gpxtpx:atemp>31</gpxtpx:atemp>
					</gpxtpx:TrackPointExtension>
				</extensions>
			</trkpt>
			<trkpt lat="48.59372" lon="-2.185477">
				<ele>6</ele>
				<time>2024-08-18T16:00:34Z</time>
				<extensions>
					<gpxtpx:TrackPointExtension>
						<gpxtpx:hr>100</gpxtpx:hr>
						<gpxtpx:atemp>31</gpxtpx:atemp>
					</gpxtpx:TrackPointExtension>
				</extensions>
			</trkpt>
			<trkpt lat="48.593707" lon="-2.185469">
				<ele>6</ele>
				<time>2024-08-18T16:00:35Z</time>
				<extensions>
					<gpxtpx:TrackPointExtension>
						<gpxtpx:hr>100</gpxtpx:hr>
						<gpxtpx:atemp>31</gpxtpx:atemp>
					</gpxtpx:TrackPointExtension>
				</extensions>
			</trkpt>
			<trkpt lat="48.593649" lon="-2.185405">
				<ele>5.8</ele>
				<time>2024-08-18T16:00:41Z</time>
				<extensions>
					<gpxtpx:TrackPointExtension>
						<gpxtpx:hr>96</gpxtpx:hr>
						<gpxtpx:atemp>32</gpxtpx:atemp>
					</gpxtpx:TrackPointExtension>
				</extensions>
			</trkpt>
			<trkpt lat="48.59363" lon="-2.185384">
				<ele>5.8</ele>
				<time>2024-08-18T16:00:43Z</time>
				<extensions>
					<gpxtpx:TrackPointExtension>
						<gpxtpx:hr>95</gpxtpx:hr>
						<gpxtpx:atemp>32</gpxtpx:atemp>
					</gpxtpx:TrackPointExtension>
				</extensions>
			</trkpt>
			<trkpt lat="48.59358" lon="-2.185344">
				<ele>5.8</ele>
				<time>2024-08-18T16:00:47Z</time>
				<extensions>
					<gpxtpx:TrackPointExtension>
						<gpxtpx:hr>94</gpxtpx:hr>
						<gpxtpx:atemp>32</gpxtpx:atemp>
					</gpxtpx:TrackPointExtension>
				</extensions>
			</trkpt>
			<trkpt lat="48.593543" lon="-2.185314">
				<ele>5.8</ele>
				<time>2024-08-18T16:00:51Z</time>
				<extensions>
					<gpxtpx:TrackPointExtension>
						<gpxtpx:hr>91</gpxtpx:hr>
						<gpxtpx:atemp>32</gpxtpx:atemp>
					</gpxtpx:TrackPointExtension>
				</extensions>
			</trkpt>
			<trkpt lat="48.593525" lon="-2.185289">
				<ele>5.8</ele>
				<time>2024-08-18T16:00:53Z</time>
				<extensions>
					<gpxtpx:TrackPointExtension>
						<gpxtpx:hr>88</gpxtpx:hr>
						<gpxtpx:atemp>32</gpxtpx:atemp>
					</gpxtpx:TrackPointExtension>
				</extensions>
			</trkpt>
			<trkpt lat="48.593515" lon="-2.185283">
				<ele>5.8</ele>
				<time>2024-08-18T16:00:54Z</time>
				<extensions>
					<gpxtpx:TrackPointExtension>
						<gpxtpx:hr>88</gpxtpx:hr>
						<gpxtpx:atemp>32</gpxtpx:atemp>
					</gpxtpx:TrackPointExtension>
				</extensions>
			</trkpt>
			<trkpt lat="48.593489" lon="-2.185273">
				<ele>5.8</ele>
				<time>2024-08-18T16:00:57Z</time>
				<extensions>
					<gpxtpx:TrackPointExtension>
						<gpxtpx:hr>89</gpxtpx:hr>
						<gpxtpx:atemp>32</gpxtpx:atemp>
					</gpxtpx:TrackPointExtension>
				</extensions>
			</trkpt>
			<trkpt lat="48.593409" lon="-2.185243">
				<ele>5.8</ele>
				<time>2024-08-18T16:01:04Z</time>
				<extensions>
					<gpxtpx:TrackPointExtension>
						<gpxtpx:hr>91</gpxtpx:hr>
						<gpxtpx:atemp>32</gpxtpx:atemp>
					</gpxtpx:TrackPointExtension>
				</extensions>
			</trkpt>
			<trkpt lat="48.593381" lon="-2.185212">
				<ele>5.6</ele>
				<time>2024-08-18T16:01:07Z</time>
				<extensions>
					<gpxtpx:TrackPointExtension>
						<gpxtpx:hr>95</gpxtpx:hr>
						<gpxtpx:atemp>32</gpxtpx:atemp>
					</gpxtpx:TrackPointExtension>
				</extensions>
			</trkpt>
			<trkpt lat="48.593357" lon="-2.185201">
				<ele>5.8</ele>
				<time>2024-08-18T16:01:10Z</time>
				<extensions>
					<gpxtpx:TrackPointExtension>
						<gpxtpx:hr>97</gpxtpx:hr>
						<gpxtpx:atemp>32</gpxtpx:atemp>
					</gpxtpx:TrackPointExtension>
				</extensions>
			</trkpt>
		</trkseg>
	</trk>
</gpx>
